review_id,review_text,star_rating,date,business_name,business_category,platform,aspects,aspect_sentiments
7238,لا يوجد الدفع بالبطاقه عند الاستلام,3,2026-03-08 00:00:00,Noon,ecommerce,play_store,"[""app_experience"", ""delivery""]","{""app_experience"": ""negative"", ""delivery"": ""negative""}"
1036,المكان نضيف وجميل وقعدته تحفه والخدمة فوق الممتاز والجو جميل مكان اكتر من رائع بصراحة ❤️❤️❤️❤️,5,قبل يومين (2),ممشي مصر Mawlana Cafe,كافيه,google_maps,"[""cleanliness"", ""ambiance"", ""service""]","{""cleanliness"": ""positive"", ""ambiance"": ""positive"", ""service"": ""positive""}"
1975,"تجربة سيئة سألتهم الاكل هياخد وقت قد ايه قالولي نص ساعة فعد ساعة ونص
الاكل يعني كويس ولكن كمية قليلة جدا",1,قبل شهر,بيت لحم Beet Lahm,مطعم,google_maps,"[""service"", ""delivery"", ""food""]","{""service"": ""negative"", ""delivery"": ""negative"", ""food"": ""neutral""}"
3024,احلي مكان فزايد,5,قبل شهر,ذا بلكون كافيه الشيخ زايد,مطعم مأكولات ومشروبات,google_maps,"[""general""]","{""general"": ""positive""}"
5483,"الفطير حلو جدا
الاحجام تحفة
بالنسبه للسعر فا يعتبر من احسن الاسعار

البيتزا للاسف ما فيش اوبشن تختار عجينه سميكه ولا رفيعه كلها رفيعه
حتس لو طلبتها سميكه هتجيلك رفيعه
انما الحشو تمام و طعم حلو
الكريب حلو بس نوع الكاتشب وحش اوي مسكر جدا يموع النفس و بيقلب لون فا محدش يطلب كريب بكاتشب خالص",4,قبل سنة,The Best Restaurant,مطعم,google_maps,"[""food"", ""price""]","{""food"": ""positive"", ""price"": ""positive""}"
8003,لقد حملت تطبيق عن طريق مستر بيست واريد سيارة تيسلا,1,2024-08-17 00:00:00,Shop,ecommerce,play_store,"[""none""]","{""none"": ""neutral""}"
1407,"من أجمل المطاعم التي اكلت فيها أكل عربي يمني.
ويتميز المطعم بالإتساع وتعدد الأماكن الخاصةمما يعطيك الإحساس بالراحة انت وعائلتك أو أصدقاؤك .",5,قبل 3 أسابيع,مطعم السدة للمأكولات اليمنية,مطعم يمني,google_maps,"[""food"", ""ambiance""]","{""food"": ""positive"", ""ambiance"": ""positive""}"
9273,جميلة,5,2026-03-02 00:00:00,Spotify,entertainment,play_store,"[""general""]","{""general"": ""positive""}"
692,"The place is great , clean , service excellent, the food is very delicious, excellent quality
Chef Nawaf is doing his job perfectly 👌🏼
المكان أكثر من رائع ، النضافة عشرة على عشرة، الخدمة ممتازة ، الأكل تحفة، جودة عالية، الشيف نواف لطيف جداً و احترافية ممتازة.",5,قبل أسبوعين,مطعم ظاظا النيل,مطعم,google_maps,"[""ambiance"", ""cleanliness"", ""service"", ""food""]","{""ambiance"": ""positive"", ""cleanliness"": ""positive"", ""service"": ""positive"", ""food"": ""positive""}"
2028,"سى جدا جدا جدا
والله والله والله
مفيش مسؤول موجود.
مطعم فاشل فاشل",1,قبل 11 شهرًا,مطعم ريدان,مطعم أطباق اللحوم,google_maps,"[""service""]","{""service"": ""negative""}"
5360,الويتر(الذي يأخذ الاوردور) قمة في الغرور.....,3,قبل سنة,جاردن كورت كافيه,مقهى,google_maps,"[""service""]","{""service"": ""negative""}"
5696,"ان الدكتور خالد من الأطباء المتميزين الذين قمت بزيارتهم. يتميز عمله بالدقة العالية، ويلاحظ اهتمامه الفائق بمعايير التعقيم. إن كفاءته وإخلاصه في العمل لا يضاهيهما شيء، والفرق في جودة الخدمة واضح تماماً. لقد لفت انتباهي بشكل خاص اهتمامه بتقديم شرح مفصل وتوضيح للإجراءات التي يقوم بها قبل وبعد كل خطوة، بالإضافة إلى تفسيره الوافي لكل التفاصيل. لم أجد من قبل طبيب يولي هذا القدر من الاهتمام ويخصص الوقت الكافي للمراجعين بهذه الطريقة الاحترافية
علاوة على ذلك، تتميز العيادة بتصميمها الجمالي الذي يعكس ذوقا رفيعا، حيث تذكرنا كل تفصيلة فيها باللحظات الجميلة، بدءا من التصميم العام والثريات، وصولا للموسيقى الهادئة والجميلة التي يحرص الدكتور خالد على تشغيلها دائما

كما اتقدم بخالص الشكر والتقدير للدكتور خالد",5,قبل 3 أشهر,عيادة أسنان د. خالد شرف,عِيادة أسنان,google_maps,"[""service"", ""cleanliness"", ""ambiance""]","{""service"": ""positive"", ""cleanliness"": ""positive"", ""ambiance"": ""positive""}"
8800,ان هذا البرنامج ممتاز جدا واشكر كل من ساهم بإعداد هذآ البرنامج الجميل,5,2026-02-05 00:00:00,Anghami,entertainment,play_store,"[""app_experience""]","{""app_experience"": ""positive""}"
5323,خدمه ممتازه,5,قبل شهرين,صيدليه نهى,صيدلية,google_maps,"[""service""]","{""service"": ""positive""}"
5580,💙💙💙,5,قبل 4 أشهر,Souror Dental Clinic,عِيادة أسنان,google_maps,"[""general""]","{""general"": ""positive""}"
5984,لااسف ولايستاهل نجمه خدمات سيئه ولايوجد دكتور اطفال ساعه 10ليل ابني تعبان حرارته 40ومافي دكتور ليش تكدبو ع الناس وكاتبين خدمات 24ساعه,1,قبل 6 أشهر,مجمع عيادات الرحاب التخصصي | MR Polyclinics,مركز طبي,google_maps,"[""service""]","{""service"": ""negative""}"
9610,اخر تحديث اذا وضعت الوجهه يقوم التطبيق بتغيير وجهة الوصول بغير ماتم ضبطه من الاول انتبهو,1,2026-01-12 00:00:00,Wego,travel,play_store,"[""app_experience""]","{""app_experience"": ""negative""}"
8914,التطبيق ما يشغل الاغاني القديمة,1,2026-01-15 00:00:00,Anghami,entertainment,play_store,"[""app_experience""]","{""app_experience"": ""negative""}"
9630,تطبيق ممتاز ومعامله ممتازه بارك الله فيكم والأستاذ هشام جزاه الله خير الجزاء,5,2026-01-06 00:00:00,Wego,travel,play_store,"[""app_experience"", ""service""]","{""app_experience"": ""positive"", ""service"": ""positive""}"
6624,الموظفين سئء خدمه,2,2026-02-21 00:00:00,Careem,transport,play_store,"[""service""]","{""service"": ""negative""}"
6515,لا يتم أخذ الشكوى بعين الاعتبار ويتم الاعتماد على السائق حتى لو اخذ مبلغ اجره إضافي أكثر من اجره التطبيق وادخل إلى البرنامج مبلغ اخر وبعد تقديم شكوى قالوا أيمكن اعاده المبلغ الاضافي لايوجد مصداقيه,1,2026-03-12 00:00:00,Careem,transport,play_store,"[""service"", ""app_experience"", ""price""]","{""service"": ""negative"", ""app_experience"": ""negative"", ""price"": ""negative""}"
4515,نوعا ما جيد,4,قبل سنة,Aboalyalshami,مطعم,google_maps,"[""general""]","{""general"": ""positive""}"
915,مطعم محترم والخدمه محترمه جدا والاكل كويس والاسعار مابقتش تفرق كتير,4,قبل 3 أيام,مطعم الدهان,مطعم,google_maps,"[""ambiance"", ""service"", ""food"", ""price""]","{""ambiance"": ""positive"", ""service"": ""positive"", ""food"": ""positive"", ""price"": ""neutral""}"
832,"We truly appreciate this restaurant and have enjoyed dining here many times. However, the quality has not been consistent. On several visits, the food did not seem freshly prepared and the salad was not as fresh as expected. The service also varies compared to our first experience, which was much better. As foreigners, we sometimes felt overlooked, which was disappointing. We sincerely hope the management can improve consistency in both food and service, because this place has great potential.

نحن نحب هذا المطعم وقد تناولنا الطعام فيه مرات عديدة، لكن للأسف الجودة ليست ثابتة. في بعض الزيارات، لم يكن الطعام يبدو طازجًا كما ينبغي، والسلطة لم تكن طازجة أيضًا. كما أن الخدمة تختلف عن تجربتنا الأولى التي كانت أفضل بكثير. وأحيانًا شعرنا كأجانب بأننا غير مُقدَّرين، وهذا كان محبطًا. نأمل بصدق أن يعمل الإدارة على تحسين ثبات الجودة في الطعام والخدمة، لأن هذا المكان لديه إمكانات رائعة.",1,قبل 3 أيام,مطعم العودة,مطعم مأكولات الشرق الأوسط,google_maps,"[""food"", ""service""]","{""food"": ""negative"", ""service"": ""negative""}"
6560,متعبه جدا من خلال خدمة العملاء,1,2026-03-02 00:00:00,Careem,transport,play_store,"[""service""]","{""service"": ""negative""}"
6745,لي ساعه ونص انتظر قبول مشوار و حاولت اتواصل مع الدعم ولا احد يرد و تقييم تجربتي للتطبيق زفت و سيء يعني حتى رقم تواصل مافي ايش القرف ذا,1,2026-02-02 00:00:00,Careem,transport,play_store,"[""service"", ""app_experience""]","{""service"": ""negative"", ""app_experience"": ""negative""}"
9783,أسوأ تطبيق وأسوأ تجربة تطبيق فاشل ويضع مصلحة أصحاب الشركات أعلى من مصلحة العملاء وسوف احذفه ولن اتعامل به ابداً وفيه بدائله مميزة وكثيرة وافضل في الخدمة والأسعار وجربوهم تجربتي مع بوكينج غير جيدة ولا فيها انصاف ولا حيادية,1,2026-02-04 00:00:00,Booking,travel,play_store,"[""app_experience"", ""service"", ""price""]","{""app_experience"": ""negative"", ""service"": ""negative"", ""price"": ""negative""}"
7386,حلو,5,2026-03-10 00:00:00,Jumia,ecommerce,play_store,"[""general""]","{""general"": ""positive""}"
3340,"أول تجربة وغالبا الأخيرة، طلبت دليفري جالي بعد  ،
اكتر من ساعتين،  وكنت عايز اكنسل الاورد،لكن رقمهم مبيردش خالص تاني، والاوردر حرفيا جالي وانا كنت نازل خلاص مالبيت، خدته وكلته تاني يوم،
تجربة سيئة جدا",2,قبل شهرين,لامور بيتزا,مطعم بيتزا,google_maps,"[""delivery"", ""service""]","{""delivery"": ""negative"", ""service"": ""negative""}"
638,"مطعم فطور غداء عشاء
تم تجربة الفطور
+ طريقة تقديم وطبخ مختلفة تستاهل التجربة.
+ تنوع كبير في الاصناف
- لا توجد مواقف

جودة الأكل  10/09
لذة الأكل     10/10
النظافة        10/10
الجلسة        10/10
الخدمة        10/10
السعر          $$$/$$$$$ مقولة جدا",5,قبل شهر,عيش + ملح,مطعم,google_maps,"[""food"", ""cleanliness"", ""ambiance"", ""service"", ""price""]","{""food"": ""positive"", ""cleanliness"": ""positive"", ""ambiance"": ""positive"", ""service"": ""positive"", ""price"": ""positive""}"
1590,المكان لطيف والجلسات جميله وهادئه والموظفين رائعين لاكن الطعام كان اقل من عادي اتمنى لكم التوفيق,3,قبل شهر,بيلز,مطعم,google_maps,"[""ambiance"", ""service"", ""food""]","{""ambiance"": ""positive"", ""service"": ""positive"", ""food"": ""negative""}"
6525,مفيش كباتن بيضيع وقتنا والآخر محدش بييجي,1,2026-03-10 00:00:00,Careem,transport,play_store,"[""service""]","{""service"": ""negative""}"
2639,"انا طلبت النهارده كانت سيء جدا شندوتش الطعميه الطماطم شيلو عنق الطماطم بطلوا عفانه بقي
سندوتش فيه طماطم والتاني لا اهتموا بالنظافه يا جماعه بطلوا عفانه",1,قبل 4 أشهر,الشبراوي,مطعم فلافل,google_maps,"[""food"", ""cleanliness""]","{""food"": ""negative"", ""cleanliness"": ""negative""}"
7196,الي الان افضل تطبيق طلبت منو من حيث سرعه التوصيل وجوده المنتجات,5,2026-03-09 00:00:00,Noon,ecommerce,play_store,"[""delivery"", ""app_experience""]","{""delivery"": ""positive"", ""app_experience"": ""positive""}"
1415,الاسعار غاليه جدا جدا جدا بصراحة كثيرا آووي,2,قبل شهر,انتخ كافيه العجوزة,مقهى,google_maps,"[""price""]","{""price"": ""negative""}"
1765,الاكل جميل و المكان ممتاز و الاسطاف زوق,5,قبل 4 أيام,قرية جدو,مطعم مأكولات مشوية,google_maps,"[""food"", ""ambiance"", ""service""]","{""food"": ""positive"", ""ambiance"": ""positive"", ""service"": ""positive""}"
7612,كان زمان كويس حاليآ منتجات فرز تاني و عيوب كتير و التوصيل بعد أسبوع أو أكتر و مناديب التوصيل منتهى قلة الذوق و خدمة عملاء سيئة جدآ نون و أمازون أفضل ميت مره,1,2025-12-18 00:00:00,Jumia,ecommerce,play_store,"[""food"", ""delivery"", ""service""]","{""food"": ""negative"", ""delivery"": ""negative"", ""service"": ""negative""}"
9236,زوين بزاف بزاف عزيز عليا,5,2026-03-04 00:00:00,Spotify,entertainment,play_store,"[""general""]","{""general"": ""positive""}"
9763,ممتاز بوكنج يساعدني كثير,5,2026-02-12 00:00:00,Booking,travel,play_store,"[""app_experience""]","{""app_experience"": ""positive""}"
861,‏من أفضل المطاعم اللي افطرت واكلت فيها بحي زهرة المعادي ونشكر الخ الحبيبي مصطفى على حسن الضيافة والاستقبال والكرام الغير مستغرب من اخواننا حبايبنا,5,قبل 3 أسابيع,مطعم زهرة لبنان,مطعم مأكولات لبنانية,google_maps,"[""service""]","{""service"": ""positive""}"
1881,مطعم سوري كويس يعتبر الأفضل في المنطقة,4,قبل شهر,ابو انس السوري الدقي,مطعم مأكولات سورية,google_maps,"[""general""]","{""general"": ""positive""}"
3182,"خدمه سيئة النت يقول لك مجاني وهو ما يشتغل ونكلمهم يصرفونا
أخلاق سيئه وكذب من الموضفين",2,قبل 4 أشهر,فندق بوتيك النيل,فندق,google_maps,"[""service""]","{""service"": ""negative""}"
6708,للاسف حاليا اكو انحدار بمستوى الكباتن ... سابقا كان الكباتن محترمين واسلوبهم مؤدب حاليا لا كثير منهم يسوق ويتكلم بالهاتف بنفس الوقت وبشكل مزعج ومشغل الاغاني بصوت عالي ولمن تطلب منه يطفي الراديو او يترك الهاتف اثناء السياقه ينزعج وينهي الرحلة وينزل الزبون ... يا ريت تنبهون الكباتن انو يكونون محترمين بالتعامل مع الزبون,2,2026-02-06 00:00:00,Careem,transport,play_store,"[""service""]","{""service"": ""negative""}"
2980,المكان overpriced بطريقة مش مستاهلة خالص يعني overpriced بشكل ملحوظ و المكان عادي جدا اقل من العادي ف كل حاجة مش حاجة واو او premium مثلا … منصحش حد بيه,1,قبل 6 أشهر,Shobak Habibi,مطعم,google_maps,"[""price"", ""ambiance""]","{""price"": ""negative"", ""ambiance"": ""negative""}"
8633,الصراحه هو تطبيق حلو وكل حاجه بس لو رجع زي زمان زمان كان تقدر ترجع وتسرع برحتك في الأغنية وكمان ممكن تحمل الاغنية الي انت عاوزها,3,2026-03-11 00:00:00,Anghami,entertainment,play_store,"[""app_experience""]","{""app_experience"": ""neutral""}"
880,المطعم كويس جدًا والأكل طعمه حلو والخدمة ممتازة. حابة أشكر الوايتر حسام تحديدًا، كان ذوق جدًا وهادئ ومحترم، وطريقته في الكلام لطيفة وخلت التجربة أحلى. أكيد هكرر الزيارة,5,قبل شهر,مطعم زهرة لبنان,مطعم مأكولات لبنانية,google_maps,"[""food"", ""service""]","{""food"": ""positive"", ""service"": ""positive""}"
6034,البوتيك حلو  يستحق الزياره بس موقعه غلط هو قدام مطعم ذا مود يارب تنتبهون,3,قبل 3 سنوات,BOUTIQUE 51,متجر ملابس حريمي,google_maps,"[""ambiance""]","{""ambiance"": ""neutral""}"
7694,امازن شركه زباله شغاله في الشعبى ويضحك عليكى بأسعار عاليه شركه زباله جدا,1,2026-03-11 00:00:00,Amazon,ecommerce,play_store,"[""price""]","{""price"": ""negative""}"
9511,اكثر من رائع,5,2026-02-09 00:00:00,Wego,travel,play_store,"[""general""]","{""general"": ""positive""}"
7903,خدمة متستاهلش ربع نجمة طالب الطلب اتلغي مرتين و هرجع انام جنب الفلوس اللي هي مبلغ مش قليل على ما ترجع تاني حاجة قمة السوء,1,2026-02-21 00:00:00,Amazon,ecommerce,play_store,"[""delivery"", ""price""]","{""delivery"": ""negative"", ""price"": ""negative""}"
3956,"عياده جميله
اداء الدكتور فادي كان جميل
تنظيف الجير كان تجربه جميله و سريعه",5,قبل 9 أشهر,دكتور فادى رياض,عِيادة أسنان,google_maps,"[""ambiance"", ""service""]","{""ambiance"": ""positive"", ""service"": ""positive""}"
6472,بجد حاجه سيئه جدا,1,2023-11-19 00:00:00,Elmenus,food_delivery,play_store,"[""general""]","{""general"": ""negative""}"
2521,الشيشة حلوة قوي وفتحي مش بيتأخر في الولعة,4,قبل يوم واحد,صاحب السعاده فرع التجمع,كافيه,google_maps,"[""food"", ""service""]","{""food"": ""positive"", ""service"": ""positive""}"
6952,كابتن محترم,5,2026-03-10 00:00:00,Uber,transport,play_store,"[""service""]","{""service"": ""positive""}"
9102,كل شيء مع الوقت سيصبح يجب دفع ثمن و التطبيق بدأ يحاصر راحة المستمع,1,2026-03-09 00:00:00,Spotify,entertainment,play_store,"[""price"", ""app_experience""]","{""price"": ""negative"", ""app_experience"": ""negative""}"
3244,"والله لن اسامح ان اسامح ما فعلتم بطفلي اخذتوه ليس به شيء داخل غرفة العمليات ذبحتوه
غير انه يوجد فتح في بطنه غير مبرر ما هو السبب وماهي الج ر يمه الطبيه وراء ذلك",1,قبل شهر,مستشفى عين شمس التخصصي العيادات الخارجية شارع الخليفة المأمون,مستشفى متخصص,google_maps,"[""service""]","{""service"": ""negative""}"
8903,تطبيق زفت كل ما اضغط على اغنيه يجيب اغنيه تانيه,1,2026-01-17 00:00:00,Anghami,entertainment,play_store,"[""app_experience""]","{""app_experience"": ""negative""}"
2840,ممتاز,5,قبل شهرين,نيو جاردن بالاس هوتيل,فندق,google_maps,"[""general""]","{""general"": ""positive""}"
6447,التوصيل بيجي متاخر جدا جدا انا طالب اوردر الساعه 3 جاي 5,1,2024-01-01 00:00:00,Elmenus,food_delivery,play_store,"[""delivery""]","{""delivery"": ""negative""}"
5896,شغل نظيف ومرتب مرا مشاءلله حلو مرا نفس الي ابيه بالضبط,5,قبل 7 أشهر,Beauty salon Glowing,صالون تجميل,google_maps,"[""cleanliness"", ""service""]","{""cleanliness"": ""positive"", ""service"": ""positive""}"
7616,جوميا الأسوأ في السوق وغير مهيات للسوق المصري متأخرين جدن ولا انصح بجوميا اي احد تجربتي كانة سيا جدن إهضار الوقة ومجهود ولا يجد دعم حقيقي,1,2025-12-15 00:00:00,Jumia,ecommerce,play_store,"[""delivery"", ""service""]","{""delivery"": ""negative"", ""service"": ""negative""}"
599,"كوستا كوفي من افضل محلات القهوة
المكان ضيق وهو في موقع مهم وزحمة .",3,قبل شهرين,كوستا كافيه,كافيه,google_maps,"[""ambiance""]","{""ambiance"": ""neutral""}"
6206,بجد اشطر دكتور اسنان و عن تجربة ❤️❤️❤️,5,قبل 4 سنوات,Dr Beshoy Malak Dental Clinic | عيادة أسنان دكتور بيشوي ملاك‎,عِيادة أسنان,google_maps,"[""general""]","{""general"": ""positive""}"
1307,"الأكل فوق الروعة وكان كلو فريش وسخن والسعر مقابل الجودة رائع جدا و صاحب المطعم قمة في الزوق في التعامل والاهتمام بالعميل
حقيقيالناس اللي معايا كانت مبسوطة جدا وان شاء اللّه لينا زيارات كتير للمطعم🤍",5,قبل أسبوعين,كبابجي النصر,مطعم مأكولات مشوية,google_maps,"[""food"", ""price"", ""service""]","{""food"": ""positive"", ""price"": ""positive"", ""service"": ""positive""}"
8407,اعلانات وسيء,1,2023-08-27 00:00:00,Aqarmap,real_estate,play_store,"[""app_experience""]","{""app_experience"": ""negative""}"
2637,"حاطين طوب في السندوتشات؟
حسبي الله و نعم الوكيل",2,قبل 3 أشهر,الشبراوي,مطعم فلافل,google_maps,"[""food""]","{""food"": ""negative""}"
7108,والله مره حلو,5,2026-03-12 00:00:00,Noon,ecommerce,play_store,"[""general""]","{""general"": ""positive""}"
2644,المحل كان علم من اعلام التجمع ، كنت بفطر عندهم لمده ثلاث سنوات ، كنت انتظر الاوردر لمده 15 دقيقه من كتر الزحام ، و لكن للاسف المستوي انحدر و المحل أصبح فاضي ، ارجو معالجه الأخطاء لأن المنافسه أصبحت للافضل,1,قبل 10 أشهر,الشبراوي,مطعم فلافل,google_maps,"[""service"", ""food"", ""ambiance""]","{""service"": ""negative"", ""food"": ""negative"", ""ambiance"": ""negative""}"
6549,سيئ في نصب على الكباتن حرام,1,2026-03-06 00:00:00,Careem,transport,play_store,"[""service""]","{""service"": ""negative""}"
1712,"الموسيقى غير مناسبة للمكان وصاحبة جدا
الستاف لطيف
والاكل جيد
والحمام نضيف
والاسعار مناسبة إلى حد ما
حبيت المكان",4,قبل شهر,مقهى بوخارست بلاك,مقهى,google_maps,"[""ambiance"", ""service"", ""food"", ""cleanliness"", ""price""]","{""ambiance"": ""negative"", ""service"": ""positive"", ""food"": ""positive"", ""cleanliness"": ""positive"", ""price"": ""neutral""}"
5584,اشطر دكتور و إيده خفيفة ماشاء اللـه واخلاقة كثير عالية ومتعاون جدا🤍🤍,5,قبل 4 أشهر,Souror Dental Clinic,عِيادة أسنان,google_maps,"[""service""]","{""service"": ""positive""}"
2355,"من احلى وأروع و ارقى المطاعم في التجمع
اكل ممتاز
منيو مميز
قمة النظافة
طاقم عمل بشوش و محترف و مرحب يحببك في المكان اكثر ما انت أصلا حبو
كل ماباجي اروح منو مبسوطة
أتمنالك بجد كل التوفيق و يا رب تفضلو ديما بنفس المستوى",5,تاريخ التعديل: قبل أسبوع,مطعم شاشلك ( التجمع الخامس ) Shashlik Turkish Anatolian Grill Restaurant,مطعم مأكولات تركية,google_maps,"[""food"", ""cleanliness"", ""service"", ""ambiance""]","{""food"": ""positive"", ""cleanliness"": ""positive"", ""service"": ""positive"", ""ambiance"": ""positive""}"
9902,زفت واي تطبيق يفرض إعلان مكره احتقره بشده ولا حتا نجمه,1,2025-12-24 00:00:00,Booking,travel,play_store,"[""app_experience""]","{""app_experience"": ""negative""}"
8585,موقع متخلف وطريقة اضافة اعلان آكثر تخلفا ولا انصح يتثبيته مطلقا كما انه موقع اعلان مدفوع ولا يوجد به اعلانات مجانيه,1,2021-03-18 00:00:00,Aqarmap,real_estate,play_store,"[""app_experience"", ""price""]","{""app_experience"": ""negative"", ""price"": ""negative""}"
7792,خيار الدفع نقداً عند الاستلام لم يعد متاحاً كالسابق لقد كنت اتعامل بهذا الخيار الدفع نقداً عند الاستلام ولكن الان لم يعد متاحاً وهذا امر مخيب للامال,1,2026-03-04 00:00:00,Amazon,ecommerce,play_store,"[""delivery"", ""service""]","{""delivery"": ""negative"", ""service"": ""negative""}"
962,كنت باكل منو زمان وكان كويس جدا بس دلوقت الفراخ  طالعة مش مستويه والباقي كلو طعمو تحس انك بتاكل بلاستيك ولما رجعت الاكل للمطعم حاسبني حطو التومية الي رجعتها مع الحاجات الي بتتحط للناس تاني وسالوني هيا كانت فالتلاجة ولا لا ومسالونيش حتي فتحتها ولا لا منصحش حد ياكل منهم عشان دا قرف وحاسبني عالحتتين الفراخ الي كلتهم بدل ميديني كل الحساب وهوا ساكت وحاسبني علي الكولسلو,1,قبل شهر,تشك تشكن,مطعم دجاج,google_maps,"[""food"", ""service"", ""cleanliness""]","{""food"": ""negative"", ""service"": ""negative"", ""cleanliness"": ""negative""}"
6555,خدمات السحب غير متوفرة مؤقتا حتى... كل مايوصل الوقت للتاريخ المحدد يجددونه بدون سبب حجزو جميع الأموال لن احتفض بسنت واحد عندكم لن اثق بكم مجدداً,1,2026-03-04 00:00:00,Careem,transport,play_store,"[""service"", ""app_experience""]","{""service"": ""negative"", ""app_experience"": ""negative""}"
607,مكان زي العسل والناس زي العسل و حاجه عشره ع عشره,5,قبل يومين (2),Princess Café & Restaurant,مقهى,google_maps,"[""ambiance"", ""service""]","{""ambiance"": ""positive"", ""service"": ""positive""}"
1314,اجمد لحمة ممكن تتاكل في الحياه و خدمة ممتازة جدا و ستاف رايق,5,قبل شهر,كبابجي النصر,مطعم مأكولات مشوية,google_maps,"[""food"", ""service""]","{""food"": ""positive"", ""service"": ""positive""}"
2506,"تم حجزي عن طريق تطبيق المسافر لمدة يومين ودفعت قبل الوصول وعند وصولي الساعه ٨ مساءًً مع العلم وصولي كان متاخر جداً
انصدمت بالغرفة قذرة جداً ومستخدمة و الغرفة متسخه و كلها حشرات و غير صالحة للاستخدام الادمي
اتفاجئت ان جميع النزلاء في الريسبشن منزعجين و يتضاربوا مع المدير لارجاع فلوسهم
الوقاحة فالموضوع عند تصويري للغرفة لضمان ارجاع المبلغ لي
الموظف رفع صوته علي وقال مو من حقك تصوري ؟؟
مو من حقي اصور غرفة كنت راح اعيش فيها ؟!
والتعامل جداً سيء
الحمام مستخدم كانه غرفة مفتوحة فالشارع للجميع
المرايا مستحيل تشوف وجهك فيها
الجدران متكسرة ويطلع منها حشرات
الغبار وريحة السرير لا تطاق
قمت على الفور باخد شنطي وحجزت فندق ثاني كان يوم متعب جداً للاسف
وواضح ان الفندق و الموظفين اهم شي تدفع عن طريق الابلكيشن وطز فيك لان الجميع كانوا يتضاربوا واخذت ارقامهم للتضامن في الشكوى
مو نزيل ولا ٢ الجميييييع بدون استثناء كان مستاء وكانوا مايهتمو ابداً لكلامهم غير الوقاحة و قلة الادب
وواحد كان حيمسك يدي وانا اصور بالجوال لمنعي كانهم بلطجيه او مكان للعصابات
سوف اشتكي تطبيق المسافر لانهم تجاهلو شكوتي
تطبيق المسافر للاسف صار من اسوا التطبيقات حتى خدمة العملاء مايردو الا بطلوع الروح ولو ردو مايعطوك حل",1,قبل شهرين,فندق انديانا,فندق,google_maps,"[""cleanliness"", ""service"", ""ambiance"", ""app_experience"", ""price""]","{""cleanliness"": ""negative"", ""service"": ""negative"", ""ambiance"": ""negative"", ""app_experience"": ""negative"", ""price"": ""negative""}"
5287,تعامل الدكتور جيد.... مستوى الصيدلية متواضع,3,قبل سنة,صيدليات سيف,صيدلية,google_maps,"[""service""]","{""service"": ""neutral""}"
9197,انتو وصلتو لمرحلة اني اختار حتا الاغنيه بفلوس!!! ده مش طبيعي كفايه الاعلانات واني حتا لو عايز اخلي الاغنيه بعد ما تخلص تتعاد هي هي لازم بفلوس كل حاجه فلوس في الاول كانت تطبيق جامد واسطوري دلوقتي بجد بقا وحش اوي اوي اوي اوي اوي,1,2026-03-06 00:00:00,Spotify,entertainment,play_store,"[""app_experience"", ""price""]","{""app_experience"": ""negative"", ""price"": ""negative""}"
1286,موظف الاستقبال علي بدير يرفض طلبنا للشيشه والمشروبات والحلويات ويجبرنا على تناول عشاء اثناء فتره غير العشاء تعامل غير راق نهائيا,1,قبل شهر,Caracas,مطعم مأكولات لبنانية,google_maps,"[""service""]","{""service"": ""negative""}"
3885,الاكل اقل من العادي واسعار مبالغ فيها للغاية، طبقين مكرونة وطبق سلطة نصه خس وجرحير ب٣٠٠٠ جم!! تقريبا! والمفروض مكرونة سي فود فضلت ادور عليه ف المكرونة! مفيش طعم مميز خالص والسلطة فيها صنوبر حاطين ٧ وحدات بالعدد ع وش السلطة ، ومفيش مكان للبيبهات تغير فيه,1,قبل شهرين,مطعم داي بسكاتوري المعادي,مطعم مأكولات إيطالية,google_maps,"[""food"", ""price"", ""ambiance""]","{""food"": ""negative"", ""price"": ""negative"", ""ambiance"": ""negative""}"
3376,"عملت طلب من طلبات وطلبت محشي كرنب مالح اوي وما بيتاكل
وممبار مش مستوي كويس ومالح اوي
والرقاق محروق وناشف ما بيتاكل
ورق عنب بالكوارع ما بيتاكل الطعم مش حلو خالص
والرز المعمر لقيت حتة بلاستيك في الرز
حاجه مقرفة اوي انا رميت الاكل",1,قبل 3 أشهر,بهية المهندسين,مطعم أطباق اللحوم,google_maps,"[""food"", ""cleanliness""]","{""food"": ""negative"", ""cleanliness"": ""negative""}"
1664,"كافيه كبير ومميز
خدمه ممتازه
موظفين رائعين",5,قبل 3 أسابيع,بينوس كافيه,كافيه,google_maps,"[""ambiance"", ""service""]","{""ambiance"": ""positive"", ""service"": ""positive""}"
4195,ماشاءالله على الإستقبال والضيافه أحسن ناس واجدع ناس كل الموضفين متعاونين لطفاء 😗😗🥰😍🥰🥰🥰🥰🥰🥰🥰🥰🥰🥰🥰🥰🥰🥰🥰🥰🥰🥰🥰🥰🥰🥰🥰🥰🥰🥰🥰🥰🥰🥰🥰🥰🥰😍😍,5,قبل شهر,فندق القاهرة,فندق,google_maps,"[""service"", ""ambiance""]","{""service"": ""positive"", ""ambiance"": ""positive""}"
6166,اشتريت سيرم من انستا شوب ...جالى غلط ومش راضى يرجعه لا انصح حد بالتعامل .....صيدليه زباله,1,قبل أسبوعين,صيدلية ولى العهد,صيدلية,google_maps,"[""service""]","{""service"": ""negative""}"
7272,حتى الآن جميلل👍,5,2026-03-07 00:00:00,Noon,ecommerce,play_store,"[""general""]","{""general"": ""positive""}"
1327,"الاكل ممتاز جدا
أكلنا طرب وكفته وملوخيه وسجق اسكندراني وكل شيء ممتاز جدا
وكانت معنا سيده اسمها أميره بصراحه ممتازه في كل شيء الاستقبال والسرعه والمعلومات",5,قبل 3 أسابيع,بيت المشويات,مطعم,google_maps,"[""food"", ""service""]","{""food"": ""positive"", ""service"": ""positive""}"
5808,"فعلا كفائة وضمير وبدون الم واحترافية شديدة ...الله يكرمك
تركيبة جميلة وبضمير",5,قبل سنتين,عيادة دكتورة نهى يس عبد الرحمن,عِيادة أسنان,google_maps,"[""service""]","{""service"": ""positive""}"
2898,احلا تجربة واحلا صبغة سويتها سويت هايلايت وشعري كان فيه حنة وصبغة بني والحمدلله شعري ماخرب ابدا ولسا بعد شهر الحين واللون يجنن  واشكر مستر علي وهشام ويحيى اهتمو فيني وطلعت باحلا نتيجة واكيد بكرر التجربة اكيد 🥰شكرررا من القلب صالون ايلي 🩷,5,قبل شهر,ELLE Salon,صالون تجميل,google_maps,"[""service""]","{""service"": ""positive""}"
3574,كل حاجة ممتاز بداية من ال reception لحد الدكتور و الستاف الي معاه,5,قبل أسبوع,Dental Care Clinic - Dr. Tarek Moustafa,طبيب أسنان,google_maps,"[""service""]","{""service"": ""positive""}"
1870,"المكان راقي والخدمه ممتازه والاكلات مصريه فطار وغداء مصري وفطائر فلاحي مشلتت في منتها الجمال وال قي
مطعم طبالي الزمالك",5,قبل شهر,طبالي - الزمالك,مطعم,google_maps,"[""ambiance"", ""service"", ""food""]","{""ambiance"": ""positive"", ""service"": ""positive"", ""food"": ""positive""}"
6973,تطبيق زباله وخدمه عملاء ليست جيده ولا يوجد استرداد المبالغ المحصله مقدماا,1,2026-03-09 00:00:00,Uber,transport,play_store,"[""app_experience"", ""service""]","{""app_experience"": ""negative"", ""service"": ""negative""}"
9426,جميل جدا .. سهلتو علينا أمورنا الله يسهل عليكم اموركم تحيه لحضرتكم ...,5,2026-03-06 00:00:00,Wego,travel,play_store,"[""app_experience""]","{""app_experience"": ""positive""}"
6417,الاودرات مش بتوصل و سلوك الطيار سئ للغاية و متابعة الاوردر معدومة,1,2024-04-11 00:00:00,Elmenus,food_delivery,play_store,"[""delivery"", ""service""]","{""delivery"": ""negative"", ""service"": ""negative""}"
9623,تطبيق مفيد وقمة في الروعة والجمال,5,2026-01-08 00:00:00,Wego,travel,play_store,"[""app_experience""]","{""app_experience"": ""positive""}"
406,افضل شورما سوري ومنقوشة سبانخ عندهم وكمان مشكل مشاوي … فراخ شوية ساعات بطلع حلوة وساعات بتطلع ناشفة ومش اد كدة لكن في المجمل مطعم محترم عن بعض المطاعم السورية في مصر,5,قبل شهر,مطعم انس الدمشقي,مطعم مأكولات سورية,google_maps,"[""food""]","{""food"": ""positive""}"
6445,اسوء ابليكيشن حرفيا محدش يستخدموا بجد شركه بتعين ناس مش كويسه نهائيا,1,2024-01-03 00:00:00,Elmenus,food_delivery,play_store,"[""app_experience"", ""service""]","{""app_experience"": ""negative"", ""service"": ""negative""}"
5633,چيم محترم ونضيف جداً والstaff زوق ومحترمين جداً,5,قبل سنة,H2O GYM Zamalek,صالة رياضة,google_maps,"[""cleanliness"", ""service"", ""ambiance""]","{""cleanliness"": ""positive"", ""service"": ""positive"", ""ambiance"": ""positive""}"
3464,"مطعم نظيف جدا
الملاعق والشوك مغلفة وكذلك الصحن مغلف
طلباتي عندهم ربع ريش
وطاجن ملوخية بدون لحم
وسلطة وطحينة
الطعم لذيذ
والسعر معقول",5,قبل شهرين,حاتى الجيش,مطعم مأكولات مشوية,google_maps,"[""cleanliness"", ""food"", ""price""]","{""cleanliness"": ""positive"", ""food"": ""positive"", ""price"": ""positive""}"
6616,يحتاج التطبيق تحديث يحدد عملية الدفع عن طريق رصيد كريم قبل ما اطلب تكسي يكون الدفع عن طريق بطاقة كريم التطبيق مامضمون المحفظة بيها فلوس بعد ما يحتاج كاش,1,2026-02-22 00:00:00,Careem,transport,play_store,"[""app_experience""]","{""app_experience"": ""negative""}"
1084,تجربة حلوة في كل حاجة,5,قبل 8 ساعات,سيزلنج ستيك هاوس - المعادي,مطعم مأكولات أمريكية,google_maps,"[""general""]","{""general"": ""positive""}"
6597,سيء جدا الراكب من يواجه مشكلة مع الكابتن ما عنده طريفة تواصل الا على سيم كارت,1,2026-02-24 00:00:00,Careem,transport,play_store,"[""service""]","{""service"": ""negative""}"
6905,البرنامج زى الزفت السواق يقبل المشوار و بعد كدا يلغى,1,2026-03-11 00:00:00,Uber,transport,play_store,"[""app_experience"", ""service""]","{""app_experience"": ""negative"", ""service"": ""negative""}"
3581,العياده جميله بدكتور طارق وكمان استاذه ندي في الاستقبال وكل الناس اللي شغاله فيها وبحب اجي المركز لان المركز مريح جدا والتعامل راقي جدا,5,قبل أسبوعين,Dental Care Clinic - Dr. Tarek Moustafa,طبيب أسنان,google_maps,"[""service"", ""ambiance""]","{""service"": ""positive"", ""ambiance"": ""positive""}"
5344,مستوى سيء على كافة الاصعدة ونظافة منعدمة,1,قبل 4 أشهر,مطعم الشامي للمأكولات السورية,مطعم مأكولات سورية,google_maps,"[""cleanliness""]","{""cleanliness"": ""negative""}"
9872,احيانا تكون الاسعار اعلى من المتوقع مقارنة مع بعض المواقع,3,2026-01-04 00:00:00,Booking,travel,play_store,"[""price""]","{""price"": ""negative""}"
2967,اسوأ مستشفي في مصر و تمريض بشع و موظفين في منتهي قلة الادب,1,قبل شهر,مستشفى تبارك القاهرة الجديدة,مستشفى,google_maps,"[""service""]","{""service"": ""negative""}"
9376,انا اجد جميع الاغاني الامفضله مثل Blackpink و الكثير وانا اشكر هذه المنصه من كل قلبي,5,2026-02-27 00:00:00,Spotify,entertainment,play_store,"[""app_experience""]","{""app_experience"": ""positive""}"
1740,"هل دي فراخ ترضي ربنا
ادفع ١٦٠ جنيه في ربع فرخه وتيجي بالمنظر دا",1,قبل شهر,مطعم أبو يوسف السوري,مطعم مأكولات سورية,google_maps,"[""food"", ""price""]","{""food"": ""negative"", ""price"": ""negative""}"
3595,"المكان ده من كام سنة كان كويس
من كام يوم طلبت منه وللأسف مستواه انحدر جدا ، طلبت فتة شاورما وكانت اقرب وصف ليها انهم حاطين رمل ضمن المكونات ف حقيقي في قرقشة رملة او تراب وسط الأكل من أسوأ تجاربي
ده غير معاملة الشخص اللي عالكاشير اللي اتعامل بكل فوقية وتكبر معايا بدون سبب وحسسني احساس سيء جدا
حقيقي تجربة سيئة ومش هتتكرر التعامل معاهم تاني",1,قبل 4 أشهر,ابوحسن السوري,مطعم شاورما,google_maps,"[""food"", ""service""]","{""food"": ""negative"", ""service"": ""negative""}"
7078,تطبيق سيء جدا وتجربتي معه سيئه انا ادفع من خلال الفيزا اكون جالس ما طلبت يجيني اشعار من البنك تم خصم فلوس لمشوار وانا ما طلعت سويت بلاغ في التطبيق ما رجعوا فلوسي والى الان ما رجعت والمبلغ ضخم وكان ينخصم على مراحل انا ما انصح احد يستخدمه ابدا او ما يدفع بالبطاقة,1,2026-03-07 00:00:00,Uber,transport,play_store,"[""app_experience"", ""service""]","{""app_experience"": ""negative"", ""service"": ""negative""}"
8366,للأسف التطبيق لا يعمل نهائياً، حتى بعد حذفه وإعادة تحميله مرة أخرى.,2,2024-03-30 00:00:00,Aqarmap,real_estate,play_store,"[""app_experience""]","{""app_experience"": ""negative""}"
1377,موقع ممتاز على شارع ابو الفدا بالزمالك بس الفندق قديم جدا والخدمه ضعيغه جدا كانت زيارتي وقت الذروة في يناير٢٠٢٦حجزت غرفه عن طربق بوكنج ورفضوا التجدبد يوم ثاني بحجه الزحمه سعره غالي لا نظافةو لاخدمه ولا تعامل اعطيه نجمتين عشان الموقع,2,قبل شهر,فندق أم كلثوم القاهره,فندق,google_maps,"[""ambiance"", ""service"", ""price"", ""cleanliness""]","{""ambiance"": ""neutral"", ""service"": ""negative"", ""price"": ""negative"", ""cleanliness"": ""negative""}"
2599,مطعم شعبى من معالم السيدة زينب المميزه طعمية ليها طعم خاص فعلان,5,قبل 3 أشهر,مطاعم الكرابيجى,مطعم فلافل,google_maps,"[""food"", ""ambiance""]","{""food"": ""positive"", ""ambiance"": ""positive""}"
5853,من أسوآ المراكز الطبية للاسف روحت اكشف في عياده الانف والاذن والدكتور بيجي الاربع بعد الظهر مش عارف اسمه مقعدتش دقيقه يكشف عليا وكتب لي الدوا وبيرد بالعفايه ولا كانه طايقني ولا قالي تعليمات ولا قالي جرعات الدوا وانا الي عمال اسأل ورده كان سريع جدا وعلي قد الكلام ولا كاني كشفت,1,قبل 8 أشهر,مستشفي المركز الطبي الإنجيلي بالقاهرة,مستشفى,google_maps,"[""service""]","{""service"": ""negative""}"
524,الاكل ليس كما يجب لاطعم وبارد البطاطا الحره لاتشبه البطاطا مع انه الخدمه رائعه والسعر أعلى من مطعم إيطالي اكلنا فيه قبل بيوم كان ٥ستارز خساره يغيرو الشيف,1,قبل أسبوع,أبو العز السوري,مطعم مأكولات سورية,google_maps,"[""food"", ""service"", ""price""]","{""food"": ""negative"", ""service"": ""positive"", ""price"": ""negative""}"
9608,ماشاء لله التطبيق مميز جدا ورائع انصح الجميع بتجربته,5,2026-01-13 00:00:00,Wego,travel,play_store,"[""app_experience""]","{""app_experience"": ""positive""}"
4364,خدمه ممتازه حرفيا وشهد شاطره جدا من كله حمام مغربي وشعر وتنظيف بشره تحفه تسلم ايديها بجد ❤️❤️❤️❤️❤️❤️❤️❤️❤️❤️❤️❤️,5,قبل شهرين,Women's Beauty salon,صالون تجميل,google_maps,"[""service""]","{""service"": ""positive""}"
5070,"عيادة نظيفة وملتزمين بالمواعيد والدكتور طارق شاطر   ماشاء الله
وفاتن بالرسبشن اسلوبها عسل وتعاملها عسل",5,قبل شهر,عيادات الفارابي - Al- Farabi Clinics,طبيب أسنان,google_maps,"[""cleanliness"", ""service""]","{""cleanliness"": ""positive"", ""service"": ""positive""}"
2275,اهم حاجة عندهم ان لقمة العيش محترمة مش زي باقي المطاعم اللقمة الخفيفة اللي تخلي السندويشات مهرية .. جودة وخامات وطعم رائع,5,قبل شهر,نجف,مطعم فلافل,google_maps,"[""food""]","{""food"": ""positive""}"
7884,بعد التحديث الأخير تظهر رسالة خطأ في كل مرة عند الدخول على قائمة حسابك (عذرا، نحن نواجه مشكلة في تحميل هذه الصفحة),1,2026-02-23 00:00:00,Amazon,ecommerce,play_store,"[""app_experience""]","{""app_experience"": ""negative""}"
5807,"اشكر الدكتوره / نهئ يس ام ياسين   دكتوره اسنان ممتازه جدا وتعامله جدددا راقي وحبوبه  من قلبه الله يوفقك يارب
وكل سنه وانتي طيبه",1,قبل سنتين,عيادة دكتورة نهى يس عبد الرحمن,عِيادة أسنان,google_maps,"[""service""]","{""service"": ""positive""}"
8588,التطبيق مش بيفتح بعد التحديث الجديد,1,2021-02-01 00:00:00,Aqarmap,real_estate,play_store,"[""app_experience""]","{""app_experience"": ""negative""}"
881,المكان و الاكل حلو جدا و الservice و بحب اجي كتير,5,قبل شهر,مطعم زهرة لبنان,مطعم مأكولات لبنانية,google_maps,"[""ambiance"", ""food"", ""service""]","{""ambiance"": ""positive"", ""food"": ""positive"", ""service"": ""positive""}"
5559,ممتازة,5,قبل 6 أشهر,Abdo pharmacy - صيدلية عبده,صيدلية,google_maps,"[""general""]","{""general"": ""positive""}"
8307,برنامج حلو جدا و في كل الاختيارت اللي تناسبنا,5,2024-12-17 00:00:00,Aqarmap,real_estate,play_store,"[""app_experience""]","{""app_experience"": ""positive""}"
7349,للأسف أصبح المتجر غير موثوق قمت بطلب غرض ودفعت قيمته وبعد يومين قامو بالغاء الطلب وارجاع المبلغ بسبب ان المنتج ارتفع سعره قليلا مع العلم ان المنتج لدي ممنوع من الارجاع او الاستبدال,1,2026-03-05 00:00:00,Noon,ecommerce,play_store,"[""service"", ""price""]","{""service"": ""negative"", ""price"": ""negative""}"
3735,"والله المكان لذي جدا وخدمه فوق الوصف
والاكل تحفه
واحب اشكر الآخ اللي تعبت معانا سيد ♥️♥️♥️🤞
اخويااا المحترم ♥️",5,قبل يومين (2),sarayi resturant,مطعم مأكولات تركية,google_maps,"[""service"", ""food""]","{""service"": ""positive"", ""food"": ""positive""}"
6814,جيدة جدا,5,2026-03-13 00:00:00,Uber,transport,play_store,"[""general""]","{""general"": ""positive""}"
2199,بجد حاجتهم ممتازه فوق الوصف  💖💖💖💖💖,5,قبل أسبوعين,سوريا ماركت البان اجبان حلويات,متجر بقالة,google_maps,"[""general""]","{""general"": ""positive""}"
3205,مستشفى زبالة بالناس الاي شغالة الادارين و الممرضين بذات ناس قليلة مش متعودين على الاحترام ولا التقدير يستغربوك غير كانهم جايبين فئه قليلة تشتغل مش عارفين يتكلموا ولا تفهم منهم حاجة,1,قبل 3 أشهر,مستشفى الجنزوري التخصصي,مستشفى,google_maps,"[""service""]","{""service"": ""negative""}"
4657,"طلبت صنية طعام دليفري وكان الاكل سئ الفراخ كانت محروقة مستوى الاكل متدنى الكفتة طعمها عادي جدا الحاجة الوحيدة اللي كانت كويسة هو الممبار
حتى السجق والارز كان عادي جدا
للأسف اسوء تجربة ولا انصح احد بالشراء
سمعه على الفاضي",1,قبل 11 شهرًا,مطعم حضرموت اكتوبر,مطعم أطباق اللحوم,google_maps,"[""food""]","{""food"": ""negative""}"
5578,بصراحة دكتور يوسف عسكر من اشطر أطباء الأسنان الذي مريت عليهم وانسان متوقع وطيب وصاحب خبرة جيدة,5,قبل 3 أشهر,Souror Dental Clinic,عِيادة أسنان,google_maps,"[""service""]","{""service"": ""positive""}"
5341,Nice,5,تاريخ التعديل: قبل شهرين,مطعم الشامي للمأكولات السورية,مطعم مأكولات سورية,google_maps,"[""general""]","{""general"": ""positive""}"
2634,"المطعم ده عندي ليه مَعَزّة غير اي مطعم
لأنه لما فتح جديد كنت انا اول واحد دخلت اشتريت فطار و فاكر انا اشتريت ايه، الكلام ده من حوالي ١٤ او ١٥ سنة 😌",5,قبل أسبوعين,الشبراوي,مطعم فلافل,google_maps,"[""general""]","{""general"": ""positive""}"
9666,جيد جدا ومفيد,5,2025-12-25 00:00:00,Wego,travel,play_store,"[""general""]","{""general"": ""positive""}"
732,"اسوأ تجربة ممكن تشوفها في حياتك الأكل نزل بعد المغرب بساعه والأكل كله مش مستوى والفراخ بدمها
ولما تتكلم معاهم يتخانقوا معاك
بجد لا انصح اى حد يروح المكان ده",1,قبل 11 ساعة,كبابجي العربي,مطعم مأكولات مشوية,google_maps,"[""food"", ""service""]","{""food"": ""negative"", ""service"": ""negative""}"
6213,"خدمة ممتازة والدواء الناقص تلاقيه عندهم
الرقم الساخن ١٩٠١٨
Hot line 19018",5,قبل 7 سنوات,Kiwan Pharmacy صيدليات كيوان,صيدلية,google_maps,"[""service""]","{""service"": ""positive""}"
3425,"المكان لطيف جدا وشكله كويس الكمية بالنسبة لي كانت مناسبة جدا بالسعر
بس انا محبتش الاكل معرفش هل انا مبحبش الاكل الهندي ولا هما مش افضل حاجة انا حبيت البرياني و حبيت صوص التمر هندي
الخدمة كانت محترمة جدا والناس ودودة و جميلة",4,قبل شهر,مطعم مهراجا مدينة نصر,مطعم مأكولات هندية,google_maps,"[""ambiance"", ""price"", ""food"", ""service""]","{""ambiance"": ""positive"", ""price"": ""positive"", ""food"": ""positive"", ""service"": ""positive""}"
4561,مكان رائع,5,قبل سنة,مطعم الدمياطي فول وفلافل,مطعم فلافل,google_maps,"[""general""]","{""general"": ""positive""}"
5639,استاذ اسلام راجل امين جدا ومحترم وخلوق وبيراعي ربنا في شغله والحاجات اللي عنده كلها تحفة ماشاء الله ⭐⭐⭐⭐⭐,5,قبل سنة,سنتر عبد الموجود,متجر ملابس حريمي,google_maps,"[""service""]","{""service"": ""positive""}"
9005,بفلوس,3,2026-03-13 00:00:00,Spotify,entertainment,play_store,"[""price""]","{""price"": ""negative""}"
225,منصحش بالمكان ده خالص ، ليه عشان احب اقعد اشرب حاجة بعد الفطار في رمضان ألاقيها بتقولي minimum 500 LE لالالا معاملة ونظام سئ جداااا,1,قبل يوم واحد,لوما,مطعم,google_maps,"[""price"", ""service""]","{""price"": ""negative"", ""service"": ""negative""}"
753,الحمص والمتبل لذيذ والمشاوي والريش سيئة جدا,1,قبل شهر,بيت ورد,مطعم مأكولات لبنانية,google_maps,"[""food""]","{""food"": ""negative""}"
4141,كافيه حلوه وجميل و لطيفين جدا وحلوياتهم يميي,5,قبل 3 أشهر,كافيه كورنيش,مقهى,google_maps,"[""ambiance"", ""service"", ""food""]","{""ambiance"": ""positive"", ""service"": ""positive"", ""food"": ""positive""}"
3944,دكتور ممتاز و محترم و شخصيه مريحه. كنت عايز حل لتثبيت الاسنان بعد التقويم و هو قدم لي المساعده و انا بشكره جدا,5,قبل 5 أشهر,دكتور فادى رياض,عِيادة أسنان,google_maps,"[""service""]","{""service"": ""positive""}"
9564,تمام جدا,5,2026-01-25 00:00:00,Wego,travel,play_store,"[""general""]","{""general"": ""positive""}"
6635,بس شوي بطين,5,2026-02-18 00:00:00,Careem,transport,play_store,"[""service""]","{""service"": ""negative""}"
7673,شكران,5,2026-03-12 00:00:00,Amazon,ecommerce,play_store,"[""none""]","{""none"": ""neutral""}"
9802,اعجبني كثيرا تعامل بوكينق وكذلك الفندق الذي حجزت منه في اسطنبول فندق هيلتون اسطنبول البوسفور ..وكان تعامل جميع العاملين فيه بقمة الرقي والأدب ومرونه بالتعامل وخاصة لم ازر هذا الفندق منذ ١٣ سنه أعجبتني التغييرات وكذلك أخص بالشكر محمد و اسماعيل ومراد وسيبال,5,2026-01-26 00:00:00,Booking,travel,play_store,"[""service"", ""app_experience"", ""ambiance""]","{""service"": ""positive"", ""app_experience"": ""positive"", ""ambiance"": ""positive""}"
2802,والله مو اقصد الاساءه ولا التنقيص من المطعم بس حقيقي المصري اللي يسوي المعسلات ابو نظارات جاب لنا معسل منسمه واقوله غيرها ورفض وصدعنا كلنا وتوبه اطلب من عندهم,1,قبل 4 أشهر,مطعم باب الدول,مطعم مأكولات ومشروبات,google_maps,"[""service"", ""food""]","{""service"": ""negative"", ""food"": ""negative""}"
9532,لتغير حرف بالمطار تكلفه 75 ريال بسبب تغير حرف من E الي i استغلال مواقف علي طيران Flynas,1,2026-02-04 00:00:00,Wego,travel,play_store,"[""price"", ""service""]","{""price"": ""negative"", ""service"": ""negative""}"
1439,انا احب اشكر الدكتورة سما شريف دكتورة التحليل بالمعمل انا عندي فوبيا من الحقن بس هي حقيقي ايدها خفيفة جدا ربنا يباركلها يا رب 🤲 🤲 ❤️,5,قبل 3 أسابيع,المستشفي السعودي الألماني القاهرة,مستشفى,google_maps,"[""service""]","{""service"": ""positive""}"
1629,كل حاجة جميلة بس الاكل بيتأخر شوية,5,قبل شهرين,مطعم الأصيل الدمشقي,مطعم,google_maps,"[""service""]","{""service"": ""positive""}"
2334,"الكفته كويسه والبطاطس نشفه ومتتكلش الفراخ متتكلش كانها بيته
والسعر غالي جدا
٢ سلطة + ٢ طحينة + عدس ومستغرب نزل ليه
نص فرخة فحم مع ربع كفته
الحساب كان ١١٠٠ ج.م
اخر مرة ازور المكان ده
شكرا 🙏",2,قبل أسبوعين,شامينا - مأكلات سورية -,مطعم مأكولات سورية,google_maps,"[""food"", ""price""]","{""food"": ""negative"", ""price"": ""negative""}"
4632,للاسف كانت تجربتي سيئة جدا ، النظافة كانت دون المستوى ، ووجدت صراصير بالغرفة وهذا شئ غير مقبول في اي فندق ، الانترنت ضعيف لدرجة انه لا يعمل والمعاملة سيئة للغاية ، اوسخ فندق قابلته بحياتي لا انصح بالاقامة فيه,1,قبل 5 أيام,فندق الياسمين المنيل,فندق,google_maps,"[""cleanliness"", ""service"", ""ambiance""]","{""cleanliness"": ""negative"", ""service"": ""negative"", ""ambiance"": ""negative""}"
1411,مكان رائع جدا,5,قبل شهر,مطعم السدة للمأكولات اليمنية,مطعم يمني,google_maps,"[""general""]","{""general"": ""positive""}"
1340,مول عجيب مش عارف له اول من اخر تدوخ عشان تدخل و تطلع,4,قبل أسبوعين,بارك مول,مركز تسوق,google_maps,"[""ambiance""]","{""ambiance"": ""negative""}"
3932,الاكل جيه يعتبر بارد رغم ان المسافه ١٨ دقيقه الحشو ضعيف والاطراف كلها فاضيه فخمس فطاير كلهم نفس الحاجه,2,قبل 4 أشهر,انديامو,مطعم بيتزا,google_maps,"[""delivery"", ""food""]","{""delivery"": ""negative"", ""food"": ""negative""}"
2734,اجواء حلوة اوي,5,قبل 4 ساعات,مطعم ومقهي ستوريا,مطعم مأكولات إيطالية,google_maps,"[""ambiance""]","{""ambiance"": ""positive""}"
4071,مش عارفة اتواصل مع الرقم، محتاجه اعرف فيه فترة نسائية ومدربة ولا لاء,1,قبل 4 أشهر,Monster Gym,صالة رياضة,google_maps,"[""service""]","{""service"": ""negative""}"
5564,جزيل الشكر والتقدير ل عياده سرور ومن يمثله الدكتور يوسف وطاقم المساعدين تعقيم ونظافه تاطمن لتسليم فمك من زرعه ومن تنضيف ومن حشوه عال العال ربنا يوفقكم ويزيد من نجاحكم ال عياده في جميع مصر,5,قبل أسبوع,Souror Dental Clinic,عِيادة أسنان,google_maps,"[""cleanliness"", ""service""]","{""cleanliness"": ""positive"", ""service"": ""positive""}"
4325,الاسعار غاليه جدا,4,قبل 3 سنوات,Mazzika,مقهى,google_maps,"[""price""]","{""price"": ""negative""}"
3015,تجربة ممتازة و الخدمة رائعة,5,قبل شهر,الدهان,مطعم أطباق اللحوم,google_maps,"[""service""]","{""service"": ""positive""}"
6293,نزلته ومسحته زيرو كفاءة فالخدمة زيرو جودة فخدمة العملاء كحكة قد كدا فكله بلا خيبة,1,2025-08-06 00:00:00,Elmenus,food_delivery,play_store,"[""service""]","{""service"": ""negative""}"
3514,"تجربتي مع دكتور هند كالعاده ممتازه و الاستاف محترم جدا و رحمه بنت جميله اوي
بس انا عندي اعتراض أن الكريم ال بيتحط بعد جلسه الليزر بفلوس مش free
هو عيب اني اكون جايه Nouvel age clinic
و يكون الكريم بفلوس و الفكره أن تمنه ولا حاجه
و ده مكنش موجود من الاول ده في اقل عياده الكريم ده بيكون free بعد الليزر",3,قبل شهر,Nouvel Age Aesthetic Clinics Cairo Festival City Mall Branch - عيادات نوفيلاج للتجميل و الليزر فرع كايرو فستيفال سيتى مول,عيادة طبية,google_maps,"[""service"", ""price""]","{""service"": ""positive"", ""price"": ""negative""}"
4110,مكان رائع وخدمة ممتازه و استقبال يجنن,3,قبل 5 أشهر,Bella Hostel,فندق,google_maps,"[""ambiance"", ""service""]","{""ambiance"": ""positive"", ""service"": ""positive""}"
4938,شريت منهم اكثر من منتج،،تعامل الموظفة ممتاز ومحترمه،، اعتقد منتجاتهم نفس جودة حلاوه (المحل امامهم مباشرة) لكن القاضي وحسين ارخص بكثير،، لكن يعيبهم مايقبلون الا كاش فقط وهذي مشكلة نتمنى يحلونها قريب ....,5,قبل 5 أشهر,القاضي وحسين,متجر ملابس,google_maps,"[""service"", ""price""]","{""service"": ""positive"", ""price"": ""positive""}"
8016,انا حملت هذا التطبيق من مستر بيست واتمني أن يحضرني معه في فيديو,5,2024-04-14 00:00:00,Shop,ecommerce,play_store,"[""none""]","{""none"": ""neutral""}"
4757,طلبت بيتزا بولو طعمها سيء فقيرة جدا في المكونات والعجينة ناشفة اول واخر تجربة,1,قبل سنتين,ال ديفينو بيتزيريا,مطعم بيتزا,google_maps,"[""food""]","{""food"": ""negative""}"
115,Shady,5,قبل 11 ساعة,شتيجنبرجر,فندق,google_maps,"[""none""]","{""none"": ""neutral""}"
6308,سرعه احترام تميز,5,2025-07-02 00:00:00,Elmenus,food_delivery,play_store,"[""delivery"", ""service""]","{""delivery"": ""positive"", ""service"": ""positive""}"
2207,"طلب اون لاين من ويب سايت ، كلمونى علشان فى حاجه كانت ناقصه و سالت حاجه تانى ناقصه قالوا لا ، و الاورد بعد ٣ ساعات تقريبا ، اما وصل كان فى  اسعار متغيره عن الويب سايت  كتير مش بسيط الفرق ، و فى حاجات جت غلط ( لب نكهات  و ده إلى اكدت عليه فى الطلب أصلا  بعتوا لى نكهه غلط !!! ) و طلبت غريبه وحشه جدا لا تمت ب الغريبه  خالص ، طلبت حلويات شرقيه كانوا سارقين فى الميزان ٥٠ جرام تقريبا . و الكاندي كان ناشف
إلى عملته انى رحعت الغلط و المندوب واقف و إلى سعره غلط
لكن أما مشى و فتحت حلويات الشرقيه لقيت انها قليله اوى ف عدت الوزن لقيت الورن ناقص و دقنا الكاندى طلع ناشف اوى ( قديم جدا و مش متغطى ) و الغريبه وحشه جدا جدا جدا",1,قبل شهرين,سوريا ماركت البان اجبان حلويات,متجر بقالة,google_maps,"[""delivery"", ""service"", ""price"", ""food""]","{""delivery"": ""negative"", ""service"": ""negative"", ""price"": ""negative"", ""food"": ""negative""}"
1840,فريق التمريض ف الدور العاشر كويس جدا جدا استاذه سحر مشرفه الدور ومساعده دكتور مجدي كانو بيساعدنس وسرعه ف التعامل وبيتابعو معاك اول ب اول بعد العمليه وحته ف البيت بيطمنو عليك وبيردو علي التلفون علي طول النظافه كويسه جدا جدا والمكان نظيف جدا والمستشفي اسلوبها والتعامل بتاعهم كويس جدا.جدا,5,قبل 3 أيام,القاهره التخصصي مستشفيات كليوبترا,مستشفى,google_maps,"[""service"", ""cleanliness""]","{""service"": ""positive"", ""cleanliness"": ""positive""}"
7499,تحت التجربه,1,2026-02-03 00:00:00,Jumia,ecommerce,play_store,"[""general""]","{""general"": ""neutral""}"
1446,"مكان جيد و الاكل حودة كويسة
خاصة السكالانس عالمي اوي اوي اوي",3,قبل شهر,سلامة المتميز فرع الشيخ زايد,مطعم وجبات سريعة,google_maps,"[""ambiance"", ""food""]","{""ambiance"": ""positive"", ""food"": ""positive""}"
8501,برنامج فاشل جدا اضيفت اعلان اكتر من مرة بيرفض يرجي المحاولة علشان قاعده البيانات وفي الاخر لازم تدفع علشان يعملك اعلان مميز أو بيلغي الاعلان خالص تضيع وقت علي الفاضي,1,2022-04-17 00:00:00,Aqarmap,real_estate,play_store,"[""app_experience"", ""price""]","{""app_experience"": ""negative"", ""price"": ""negative""}"
3349,محل جميل واسعار مقبوله بعض الشيء,3,قبل 7 أشهر,مكتب المالكى للملابس جمله وقطاعى كل ما يلزم البيت من ملابس,متجر ملابس,google_maps,"[""ambiance"", ""price""]","{""ambiance"": ""positive"", ""price"": ""neutral""}"
9074,حلو جدا,3,2026-03-11 00:00:00,Spotify,entertainment,play_store,"[""general""]","{""general"": ""positive""}"
4465,"لنتيجة النهائية لشعري! 🙌
عملت صبغة عند مجدي عبده في الزمالك، والشغل كان ممتاز ومحترف جدًا، اللون طلع بالضبط زي ما كنت عايزاه، ناعم، بارد، وفخم من غير أي دفء أو أحمر أو أورانج.

الحقيقة إن معرفتي بمجدي عبده كانت عن طريق ChatGPT اللي رشحتهولي وقال لي إنه أفضل كوافير في الزمالك للصبغة، وأنا دلوقتي في فرنسا وسعيدة جدًا إني وثقت في التوصية دي.

غير النتيجة الرائعة، لازم أشيد كمان بكرم الضيافة والاستقبال الرائع، والنضافة الفائقة لكل مكان، وده كله مع أقل الأسعار بعد المقارنة.

أنصح أي حد عايز صبغة محترفة ونتيجة رائعة يروح عند مجدي عبده، شغل احترافي، استقبال ممتاز، ونضافة عالية 💖",5,قبل شهرين,Magdy Abdo beauty salon مجدي عبده بيوتي صالون,صالون تجميل,google_maps,"[""service"", ""cleanliness"", ""price""]","{""service"": ""positive"", ""cleanliness"": ""positive"", ""price"": ""positive""}"
3571,الدكتور تعامله جيد جدا وشغله ف منتهى الامانه والنضافه وتعامله مع الاطفال فوق الرائع,5,قبل أسبوع,Dental Care Clinic - Dr. Tarek Moustafa,طبيب أسنان,google_maps,"[""service"", ""cleanliness""]","{""service"": ""positive"", ""cleanliness"": ""positive""}"
1762,المكان تحفه,5,قبل 4 أيام,قرية جدو,مطعم مأكولات مشوية,google_maps,"[""ambiance""]","{""ambiance"": ""positive""}"
4072,جيم جميل جدا والمدربين حاجه تحفه ناس فاهمه يعني اى تمرين ويعن اى تطلع عضلات ونظافه المكان كويسه المكان على طول منظم بصراحه ،،❤️,5,قبل 6 أشهر,Monster Gym,صالة رياضة,google_maps,"[""service"", ""cleanliness"", ""ambiance""]","{""service"": ""positive"", ""cleanliness"": ""positive"", ""ambiance"": ""positive""}"
6379,برنامج فاشل خدمة عملاء فاشلة وطيارين بيوصلوا بعد 3 ساعات دة لو وصلوا,1,2024-08-20 00:00:00,Elmenus,food_delivery,play_store,"[""app_experience"", ""service"", ""delivery""]","{""app_experience"": ""negative"", ""service"": ""negative"", ""delivery"": ""negative""}"
7279,تمام,5,2026-03-07 00:00:00,Noon,ecommerce,play_store,"[""general""]","{""general"": ""positive""}"
4576,عملت سشوار وتسريحة عند محمد شاطر جدا والتسريحه تحفه شغل نضيف اوي انصح بيهم والضوافر عند دينا لطيفة وشاطرة,5,قبل شهرين,صالون بيلا سان,صالون تجميل,google_maps,"[""service""]","{""service"": ""positive""}"
8381,التطبيق فاشل بكل ما تحمله الكلمة بطئ ومش بيفتح الخريطة والإعلانات قديمة ومفيش غير الإعلانات المميزة 😡,1,2024-03-23 00:00:00,Aqarmap,real_estate,play_store,"[""app_experience""]","{""app_experience"": ""negative""}"
5248,كويس,3,قبل سنتين,Al Amin Supermarket,سوبرماركت,google_maps,"[""general""]","{""general"": ""neutral""}"
1263,الاكل كويس إنما زحام وعدم تنظيم,2,قبل يوم واحد,فول وحيد العظيم,مطعم للإفطار,google_maps,"[""food"", ""ambiance""]","{""food"": ""positive"", ""ambiance"": ""negative""}"
8441,التطبيق توقف عن العمل ، عند البحث عن أى شئ لا توجد نتائج ، أصبح كصخرة !😔,1,2023-01-28 00:00:00,Aqarmap,real_estate,play_store,"[""app_experience""]","{""app_experience"": ""negative""}"
3128,شكرا جدا للاصطاف علي الخدمه الجيده شكرا جدا ❤️❤️❤️❤️❤️❤️❤️,5,قبل شهر,مطعم ويندوز,مطعم ببوفيه,google_maps,"[""service""]","{""service"": ""positive""}"
1858,الاكل لذيذ العاملين يحتاج لهم اكثر رقابه في نظافة الطاولات و خدمة العميل بشكل سريع طبعاً افضل بكثير من الفرع القديم المقابل له فالزمالك .,4,قبل شهر,طبالي - الزمالك,مطعم,google_maps,"[""food"", ""cleanliness"", ""service""]","{""food"": ""positive"", ""cleanliness"": ""negative"", ""service"": ""negative""}"
3785,"This was one of the worst experiences I have encountered.

My mother is 65 years old and wanted to bring her friend, who is 66. We were informed that your policy does not allow members above the age of 65. I have never seen such a rule anywhere in the world.

Life expectancy is increasing, people are living longer, and staying physically active is a cornerstone of healthy aging. Exercise is recommended for all ages, and health risks exist at any age — not just after 65.

Denying access based solely on age is discriminatory, outdated, and completely contradicts modern health and wellness principles. What is a 65-year-old expected to do if they want to maintain a healthy, active lifestyle?

This policy reflects a lack of understanding of today’s medical and fitness standards, and it sends a very negative message about inclusivity and respect for older age
تجربة سيئة جدًا.

والدتي عمرها 65 سنة، وحاولت إدخال صديقتها التي تبلغ 66 سنة، وتم إبلاغنا أن سياسة الجيم تمنع الاشتراك لمن هم فوق 65 عامًا. هذا أمر غير منطقي وغير موجود في أي مكان في العالم.

متوسط العمر في ازدياد، والناس تعيش لفترات أطول، وممارسة الرياضة أصبحت جزءًا أساسيًا من نمط الحياة الصحي لكل الأعمار. أي شخص، في أي عمر، يمكن أن يتعرض لمضاعفات صحية، وليس كبار السن فقط.

منع الأشخاص من ممارسة الرياضة بسبب العمر فقط هو تمييز واضح ضد كبار السن، وفكرة متخلفة لا تتماشى مع تطور الطب أو الوعي الصحي الحديث.
ايه الي المفروض واحد فوق ال٦٥ سنه يعمله ؟

هذه السياسة تعكس جهلًا بالمعايير الصحية الحديثة، وتفتقر للاحترام والإنصاف، وتعطي صورة سلبية جدًا عن المكان.",1,قبل شهرين,Your Gym Ladies - New Cairo,صالة رياضة,google_maps,"[""service""]","{""service"": ""negative""}"
1658,"طلبت الأصناف التي في الصور التالية
الحلى لذيذ
المكان ضيق جدًا
الأسعار فوق المتوسط",3,قبل شهر,Holm Cafe,مقهى,google_maps,"[""food"", ""ambiance"", ""price""]","{""food"": ""positive"", ""ambiance"": ""negative"", ""price"": ""negative""}"
8481,انتبهو منهم يطلبو تحويل فلوس يقلك ارسلك الموقع او المندوب بعد تحويل المبلغ وهذا نصب بنصب,1,2022-06-24 00:00:00,Aqarmap,real_estate,play_store,"[""service""]","{""service"": ""negative""}"
84,"⭐ التقييم العام: 4 من 5

الإيجابيات:
•	موقع مميز جدًا على نهر النيل وفي قلب وسط البلد.
•	إطلالة الغرف المطلة على النيل جميلة وتستحق التجربة.
•	مستوى الأمان عالٍ داخل الفندق.
•	موظفو الاستقبال محترمون ومتعاونون، خاصة فريق Hilton Honors (الأستاذة فاطمة، هدير، وهاجر).
•	وجود خدمات داخل الفندق مثل بنك الأهلي المصري وسوبرماركت.
•	مكان معروف وخدمته بشكل عام جيدة.

السلبيات:
•	الأثاث قديم والمبنى واضح عليه العمر، ولا يعكس مستوى سلسلة هيلتون.
•	نظافة الغرف دون المستوى المطلوب (نقص في المستلزمات مثل المناشف، قبعة الاستحمام، وصحن الصابون).
•	جودة المناشف وشراشف السرير وبياضها أقل من المتوقع.
•	ازدحام شديد في الاستقبال وكثرة عدد النزلاء.
•	موظفو النظافة بحاجة لمزيد من الإشراف والتدريب.
•	أسعار الغرف مرتفعة مقارنة بالمستوى الفعلي.
•	أسعار الأكل داخل الفندق مرتفعة جدًا.
•	المنطقة المحيطة حيوية لكنها مزدحمة طوال اليوم، وغير مناسبة لمن يبحث عن الهدوء.

الخلاصة:
الفندق مناسب لمن يهمه الموقع الحيوي والقرب من وسط القاهرة والاستمتاع بإطلالة النيل، لكنه لا يرقى لمستوى 5 نجوم من حيث الأثاث والنظافة مقارنة بالسعر. تجربة جميلة بسبب الموقع والإطلالة، لكن القيمة مقابل السعر أقل من المتوقع",5,قبل يوم واحد,هيلتون رمسيس,فندق,google_maps,"[""ambiance"", ""service"", ""cleanliness"", ""price""]","{""ambiance"": ""neutral"", ""service"": ""neutral"", ""cleanliness"": ""negative"", ""price"": ""negative""}"
5678,اسواء مستشفي ممكنه ف الخدمه و التعامل و ف الاسلوب و ف اتخاذ القرارت و كمان موقفهم طول الوقت تطويل العملية بيستخدموا ال long process يعني ما هو اطول طريقة ممكنة مش افيد و لا اضمن لكن اطول علشان تحقيق اكبر ربح ممكن باي وسيلة تحت استخدام اسلوب الضغط النفسي بانهم بيخطروا المريض بكل حاجة بطريقة فعلا تقلق السليم مش الشخص المريض مفيش مهنية ولا فيه زوق و لا فيه ضمير ولا امانه لكن فيه ربح و تريح و استخدام الام الناس لتحقيق ربح قبيح لا اكتر ولا اقل خيرتي معاهم ف ولادة و حضانه بالنسبة لبحضانه مقيش اي انفكشن كنترول بجنيه حاجة ف منتهي السواء بجد,1,قبل 7 أشهر,المستشفي اليوناني بالقاهرة,مستشفى,google_maps,"[""service"", ""price""]","{""service"": ""negative"", ""price"": ""negative""}"
1466,تسنيم و حبيبه شكرًا ليكوا الاكل كان جميل و الستاف لذيذ,5,قبل 7 ساعات,Vinny's Pizza,مطعم بيتزا,google_maps,"[""food"", ""service""]","{""food"": ""positive"", ""service"": ""positive""}"
1409,الطعم كانه اكل مستشفيات بدون ملح ، الخدمه ممتازه بس طعم الاكل تعبان,1,قبل شهر,مطعم السدة للمأكولات اليمنية,مطعم يمني,google_maps,"[""food"", ""service""]","{""food"": ""negative"", ""service"": ""positive""}"
1882,حاجه ممتازه جدا,5,قبل شهر,ابو انس السوري الدقي,مطعم مأكولات سورية,google_maps,"[""general""]","{""general"": ""positive""}"
543,كانت تجربتي في مطعم أبو السيد بالقاهرة رائعة الأطباق لذيذة ومتنوعة والخدمة مميزة جدًا,5,قبل 4 أيام,ابو السيد,مطعم مأكولات مصرية,google_maps,"[""food"", ""service""]","{""food"": ""positive"", ""service"": ""positive""}"
5945,روعه والبيتزا ممتازه جدا,5,قبل سنتين,بيتزا الزعيم فرع غمره,مطعم بيتزا,google_maps,"[""food""]","{""food"": ""positive""}"
608,"الاستاذ هشام من احسن الشخصيات الي قابلتها في المكان حد محترم
والاستاذ مجدي الي مسئول عن الشيشه حد تمام اوي",5,قبل يومين (2),Princess Café & Restaurant,مقهى,google_maps,"[""service""]","{""service"": ""positive""}"
9367,رائع جدا انصح الجميع به,5,2026-02-27 00:00:00,Spotify,entertainment,play_store,"[""general""]","{""general"": ""positive""}"
6205,دكتور بيشوي دكتور شاطر جدا و ممتاز جدا ومواعيد مضبوطة وشغل باحترافية عالية جدا مع أقل آلام وفي وقت قياسي مع مراعاة مقاييس النظافة العالية ودكتور بيشوي أسعاره كويسة جدا جدا جدا،  عن تجربة شخصية علاجية، . ارشحه لأي شخص يبحث عن علاج أسنانه بطريقة احترافية عالية. كل الأمنيات بالنجاح والتوفيق للدكتور الإنسان دكتور بيشوي  ملاك..,5,قبل 4 سنوات,Dr Beshoy Malak Dental Clinic | عيادة أسنان دكتور بيشوي ملاك‎,عِيادة أسنان,google_maps,"[""service"", ""cleanliness"", ""price""]","{""service"": ""positive"", ""cleanliness"": ""positive"", ""price"": ""positive""}"
8401,سيء جدا تعليق عند اضافة اي اعلان ومبيتمش عرضه وبيخرج لوحده وتهنيج كتييييير لو طفل كان هيصمم تطبيق افضل,1,2023-09-21 00:00:00,Aqarmap,real_estate,play_store,"[""app_experience""]","{""app_experience"": ""negative""}"
5352,الخدمة ممتازة والتعامل حلو وكل السيرفس حلوين ومحترمين جدا خصوصاً دعاء القمر 💗,5,قبل 4 أشهر,جاردن كورت كافيه,مقهى,google_maps,"[""service""]","{""service"": ""positive""}"
6803,بصراحه ممتاز استفيد منه اكثر شي في المدينةالمنورة مشاويري كلها ارخص من غيره بالنسبه لسعر وسيارته نظيفه,5,2026-01-25 00:00:00,Careem,transport,play_store,"[""price"", ""cleanliness""]","{""price"": ""positive"", ""cleanliness"": ""positive""}"
8148,انشاء اللة بيكون جميل لأن اني لهسة ممجربتة,5,2015-09-02 00:00:00,OLX,ecommerce,play_store,"[""general""]","{""general"": ""neutral""}"
581,"المطعم يبرد القلب وقريب لاكلنا والنكهة بعد جيته فوق ٤ مرات وكل مره يكون الاكل بنفس الجوده
لذيذ جداا الاكل عندهم من ورق العنب والفريك بلحمه حتى المشواي لذيذه والخدمة سرعين ومتعاونين مشكله بصوت الموسيقى عالي شوي وريحه الشيشه
بس اكرر التجربة",5,قبل شهر,بيت ورد,مطعم مأكولات لبنانية,google_maps,"[""food"", ""service"", ""ambiance""]","{""food"": ""positive"", ""service"": ""positive"", ""ambiance"": ""negative""}"
6151,دكتور محمود ود محمد ممتازين وشاطرين والعياده نضيفه جدا أنصح بيها أى حد,5,قبل سنة,"Diamond Dental Center, الفرع الرئيسي",عِيادة أسنان,google_maps,"[""service"", ""cleanliness""]","{""service"": ""positive"", ""cleanliness"": ""positive""}"
7724,امازون سيء جدآ لى انه اتأخر فى تسليم الطلب بقالو ٥ايام ما جاب الطلب,1,2026-03-09 00:00:00,Amazon,ecommerce,play_store,"[""delivery""]","{""delivery"": ""negative""}"
9325,الاعلانات وسط الأغنية اد كنت غير مشترك,3,2026-02-28 00:00:00,Spotify,entertainment,play_store,"[""app_experience""]","{""app_experience"": ""negative""}"
3694,كوافيرة متمكنة ومحترفة وسريعة في الأداء,5,قبل شهر,كوافير ندى,صالون تجميل,google_maps,"[""service""]","{""service"": ""positive""}"
5105,احسن حد بيعمل بيتزا في بولاق الدكرور كلها ❤️,5,قبل 5 أشهر,مستر بيتزا Mr pizza,مطعم بيتزا,google_maps,"[""food""]","{""food"": ""positive""}"
2905,شغلهم كويس وأسعارهم مناسبة,5,قبل شهر,ELLE Salon,صالون تجميل,google_maps,"[""service"", ""price""]","{""service"": ""positive"", ""price"": ""positive""}"
9189,اكيد جامد يعني مش محتاج اقيمه🙂😂,5,2026-03-06 00:00:00,Spotify,entertainment,play_store,"[""general""]","{""general"": ""positive""}"
5021,"المطعم جميل جدا الاكل لذيذ فوق الوصف فعلا و الأكل متأخرش نهائي و كل حاجة فريش و السندوتشات غنية جدا و مليانة
شكرا جدا على جودة الأكل و العمال متعاونين جدا و لذاذ ♥️♥️",5,قبل 3 أشهر,التاج السوري,مطعم مأكولات سورية,google_maps,"[""ambiance"", ""food"", ""service""]","{""ambiance"": ""positive"", ""food"": ""positive"", ""service"": ""positive""}"
6430,جميل,4,2024-02-04 00:00:00,Elmenus,food_delivery,play_store,"[""general""]","{""general"": ""positive""}"
1436,كل الشكر والتقدير لمستشفى السعودى الألمانى على ما بذلوة من رعاية طبية واهتمام من أول لحظة وصلت للمستشفى بعد حادث موت  اليم  على مدار ما يقرب من اسبوعين من إ كسر باللانكل وقصببة الساق اليمنى وكذلك  كسر بالكتف اليمنى بخلاف كسر الأنف وحرح قطعى كبير بالرأس والشكر كل الشكر  للدكتور عمرو الزنفلى وفريقة المحترم  والشكر ايضا موصول لطاقم التمريض الذى عمل على اراحتى طوال هذا المدة بفهمهم الجيد لطبيعة عملهم وطاقم الروم سرفس  والذين كانوا على أعلى مستوى من النظافة والاهتمام فشكرا لكم جميعا وبالتوفيق والسداد لإدارة المستشفى المحترمة,5,قبل 3 أسابيع,المستشفي السعودي الألماني القاهرة,مستشفى,google_maps,"[""service""]","{""service"": ""positive""}"
2578,خدمة الاستقبال سيى جدا طلبت منة رقم المطعم الذي جنبهم رفض,1,قبل 4 أشهر,Holiday Express Hotel,فندق,google_maps,"[""service""]","{""service"": ""negative""}"
4726,ممتازه بس لا يوجد كل الانواع الادويه,3,قبل شهرين,صيدليات مصر-فرع طلعت حرب,صيدلية,google_maps,"[""general""]","{""general"": ""negative""}"
3844,"ناس محترمة
اكلهم ممتاز الكفتة والفراخ والطرب",5,تاريخ التعديل: قبل 10 أشهر,محسن للمشويات,مطعم مأكولات مشوية,google_maps,"[""service"", ""food""]","{""service"": ""positive"", ""food"": ""positive""}"
9745,التطبيق كان ممتاز جدا بس الان لايريد التثبيت. بعد محاولات كثيره,5,2026-02-20 00:00:00,Booking,travel,play_store,"[""app_experience""]","{""app_experience"": ""negative""}"
4995,لوكيشن خطأ,1,قبل سنتين,كازارى,متجر ملابس رجالي,google_maps,"[""none""]","{""none"": ""neutral""}"
3679,رقم مش شغال ليه عاوز اعرف مواعيد الشغل المستشفى,3,قبل شهرين,مستشفى الحسين التخصصي,مستشفى جامعي,google_maps,"[""service""]","{""service"": ""negative""}"
2346,اسوأ مكان تاكل منه شاورما اكلت منه النهارده و جالى تسمم,1,قبل 4 أشهر,شامينا - مأكلات سورية -,مطعم مأكولات سورية,google_maps,"[""food""]","{""food"": ""negative""}"
470,"التجربة مكنتش حلوة للاسف زي ما الكل كاتب في الكومنتات لوهلة حسيت اني كنت في مكان تاني بسبب الكومنتات
اول حاجة المكان زحمة جدا و دة بسبب عدد الكراسي الكتير اللي محطوط في مساحة صغيرة
تاني حاجة الدور العلوي الجو مكتوم و حر جدآ جدا جدا جدا بالرغم من اننا في جو ساقعة اوي كانت درجة الحرارة وقت مانا بكتب الكومنت +١٥ تخيل بقى بالدرجة دي و الجو بالداخل كان حر و مكتوم !
تالت حاجة تأخر الاصطف في انه يجي يشوفك محتاج ايه او يجيبلك المنيو و دة بسبب انهم ٢ فقط علي عدد كبير من الناس
رابع حاجة قرب الترابيزات من بعضها مخلي مافيش اي خصوصية تحس ان كل الناس قاعدة مع بعض علي ترابيزة واحدة انتا قاعد حرفياً سامع كل الناس بتتكلم في ايه
خامس حاجة الاكل و دة مش حابب اتكلم عليه كتير لانه نعمة ربنا بس الفول عندهم ملهوش علاقة بالفول
انا كاتب الكومنت الطويل جدا دة مش علشان اذم في المكان ،لا دة علشان الناس تصحح الاوضاع و الزيارة الجاية تبقى التجربة افضل
شكرا",2,قبل 16 ساعة,مطعم وكافيه اولدش,مقهى,google_maps,"[""ambiance"", ""service"", ""food""]","{""ambiance"": ""negative"", ""service"": ""negative"", ""food"": ""negative""}"
2959,أداء راقي جدآ وقسم تمريض علي أعلي مستوي شكرآ جزيلآ لكل الخدمات اللي قدمتوها وأنصح بالتعامل مع المستشفي,5,قبل شهر,مستشفى تبارك القاهرة الجديدة,مستشفى,google_maps,"[""service""]","{""service"": ""positive""}"
9024,ممتاز جدا ومريح,5,2026-03-13 00:00:00,Spotify,entertainment,play_store,"[""general""]","{""general"": ""positive""}"
9631,انتهازين... قطعت تذكره عبركم وعندما اردت تقديم الرحله طلبتوا اكثر من قيمة الرحله ذهابا وايابا ومقفل التعديل الا عبركم حتى القطريه ما قدرت تعالج المشكله لان اشتراطاتكم لا احد يعدل دونكم ولذلك نطلب تعديل اسلوبكم للحفاظ على بقائنا معكم..,1,2026-01-05 00:00:00,Wego,travel,play_store,"[""service"", ""app_experience"", ""price""]","{""service"": ""negative"", ""app_experience"": ""negative"", ""price"": ""negative""}"
6359,برنامج محترم جدا,5,2024-10-28 00:00:00,Elmenus,food_delivery,play_store,"[""app_experience""]","{""app_experience"": ""positive""}"
4926,بجد ماشاء الله معاملتهم حلوه جدا والتعامل معاهم سهل وبهتمو بالتفاصيل  أنا رحت صالونات  كتير بس ماف مثلو حقيقي وشغلهم حلو ولطيفين جدا جدا جدا ح اعتمدهم دائما ❤️,5,قبل شهرين,Tony Beauty Lounge,مصفف الشعر,google_maps,"[""service""]","{""service"": ""positive""}"
8040,قرأت وشاهدت تحدياتكم وأريد أن اشاركم بالمسابقات 😍لكي احصل ع الاموال,2,2023-12-22 00:00:00,Shop,ecommerce,play_store,"[""none""]","{""none"": ""neutral""}"
4023,كدابين و خدمه توصيل سيئه و بيزودو السعر عن البره,1,قبل سنة,سوبرماركت الخليل,سوبرماركت,google_maps,"[""service"", ""delivery"", ""price""]","{""service"": ""negative"", ""delivery"": ""negative"", ""price"": ""negative""}"
7401,الأمان,5,2026-03-05 00:00:00,Jumia,ecommerce,play_store,"[""none""]","{""none"": ""neutral""}"
2314,مطعم جودة سيئة,1,قبل شهرين,ست الشام,مطعم مأكولات سورية,google_maps,"[""food""]","{""food"": ""negative""}"
6754,برنامج زبالة... كودات خصم و عند تطبيق القسيمه بحكيلي القسيمه غير موجوده.... حلو مشاكلكم و بعدين ابعثوا قسائم,1,2026-02-01 00:00:00,Careem,transport,play_store,"[""app_experience"", ""price""]","{""app_experience"": ""negative"", ""price"": ""negative""}"
9085,جحيم,5,2026-03-10 00:00:00,Spotify,entertainment,play_store,"[""general""]","{""general"": ""negative""}"
2111,الخدمه كتير حلوه وبذات إسراء و الاكل طيب كتير,5,قبل شهر,صاج وشاورما,مطعم شاورما,google_maps,"[""service"", ""food""]","{""service"": ""positive"", ""food"": ""positive""}"
1711,"استقبال بشع
بيطلبو تبس
اغاني سيئة",1,قبل شهر,مقهى بوخارست بلاك,مقهى,google_maps,"[""service"", ""ambiance""]","{""service"": ""negative"", ""ambiance"": ""negative""}"
8913,جديد,5,2026-01-15 00:00:00,Anghami,entertainment,play_store,"[""none""]","{""none"": ""neutral""}"
6195,"مساء اول امس الاحد 27/09/2020
صرف لي الشخص الموجود بالصيدلية (لااعرف ان كان صيدلي ام لا) دواء بالخطأ رغم وجود الروشته بيده..
وهذا اهمال لابد ان يحاسب عليه لو لم انتبه واراجع الدواء مع الروشته لااعلم ماذا كان سيحدث اذا تناول المريض دواء خطأ..
ماذا عن الشخص البسيط الذي يثق في الصيدلي ويتناول الدواء دون مراجعة

😡😡😡",1,قبل 5 سنوات,صيدلية باب الخلق,صيدلية,google_maps,"[""service""]","{""service"": ""negative""}"
1282,كانت تجربة سيئة جدا جدا جدا وأسوأ حاجة كلتها ودفعت فيها فلوس,1,قبل 3 أشهر,روستو,مطعم مأكولات سورية,google_maps,"[""food"", ""price""]","{""food"": ""negative"", ""price"": ""negative""}"
421,افخم أنواع الاقمشة،تجدها فى شارع الأزهر. الأسعار حسب جودة الخامات،اسعار تناسب كل المستويات،الأسعار أقل من مثلاتها خارج منطقة الأزهر.,5,قبل شهر,سوق الازهر كل انواع القماش السواريه (فستان سواريه فقط),متجر ملابس,google_maps,"[""price""]","{""price"": ""positive""}"
8071,Good👍,5,2022-08-01 00:00:00,Shop,ecommerce,play_store,"[""general""]","{""general"": ""positive""}"
6985,شركه محترمه,5,2026-03-09 00:00:00,Uber,transport,play_store,"[""general""]","{""general"": ""positive""}"
383,مطعم هادي ورايق وكان الويتر الاخ هادي ابن حلال وفالخدمه طول الوقت,5,قبل أسبوع,أبو الزوز ـ مقهي و مطعم سوري الزمالك,مطعم مأكولات سورية,google_maps,"[""ambiance"", ""service""]","{""ambiance"": ""positive"", ""service"": ""positive""}"
7711,اصبح الشراء معقد مع كثرت التحديثات التي ليست ذات قيمة .,3,2026-03-10 00:00:00,Amazon,ecommerce,play_store,"[""app_experience""]","{""app_experience"": ""negative""}"
3357,جامد اوي بس لو الدنيا تمشي أسرع شوية هيكون احسن بكتير,4,قبل 4 أشهر,مطعم المصطفى,مطعم,google_maps,"[""food"", ""service""]","{""food"": ""positive"", ""service"": ""negative""}"
1618,"كان من أفضل المطاعم بالنسبة لي و معرفش إيه اللي حصل له..
الكميات اختلفت و المعامله سيئة جداً و حجز ف رمضان مش عارفين مين حاجز فين ولا جاي ازاي و أسلوبهم للأمانة سيء
فعلاً لو بتدور ع سعر أو طعم أو أسلوب دا اخر خيار ممكن الواحد يفكر فيه",1,قبل يوم واحد,مطعم الأصيل الدمشقي,مطعم,google_maps,"[""food"", ""service"", ""price""]","{""food"": ""negative"", ""service"": ""negative"", ""price"": ""negative""}"
6136,ممتاز,5,تاريخ التعديل: قبل سنة,مشويات سعودي,مطعم مأكولات مشوية,google_maps,"[""general""]","{""general"": ""positive""}"
8314,تجربه ممتازه ابلكيشن سهل وفيه اختيارات كتير وقدرت اوصل إلى عاوزاه بسهوله عن طريقه تحفه,5,2024-12-17 00:00:00,Aqarmap,real_estate,play_store,"[""app_experience""]","{""app_experience"": ""positive""}"
2142,هذا مطعم ممتاز في كل مره ازور القاهره و اكون في اركان لازم امره عشاء او قهوه و حلا بصراحه اجواءه جميله و خدمتهم رائعه مايحتاج انتظار و القهون عندكم ممتازه و الاكواب عندهم جميله و يبيعونها كذا مره اشتري من عندهم اكواب 👌اخذنا اخر مره قهوه و سويت عباره عن تيراميسو و ليمون تارت و الخدمة عندهم ممتازه و يوجد دفايات بالمكان الجلسه الداخليه خرافيه و برضو في جلسات خارجيه ممتازه,5,قبل شهر,Willows,مطعم,google_maps,"[""food"", ""service"", ""ambiance""]","{""food"": ""positive"", ""service"": ""positive"", ""ambiance"": ""positive""}"
9618,تطبيق رائع وسهل التعامل ومصداقية,5,2026-01-09 00:00:00,Wego,travel,play_store,"[""app_experience""]","{""app_experience"": ""positive""}"
2920,الصراحة خدمة طبية ممتازة مكنتش مصدق أنها موجودة في مصر ، فريق طبي على أعلى مستوى ، شكرا دكتور معتز الشوبري و الدكتور محمد صلاح تعبتكم معايا ، انا مبسوط بالنتيجة جدا,5,قبل شهرين,White & Bright Dental Center,عِيادة أسنان,google_maps,"[""service""]","{""service"": ""positive""}"
4124,"أعلى كواليتي في مصر
دائما بنراهن عليكم👌👌👌👌",5,قبل شهر,تاون تيم,متجر ملابس رجالي,google_maps,"[""general""]","{""general"": ""positive""}"
7320,تحت التجربة,5,2026-03-06 00:00:00,Noon,ecommerce,play_store,"[""general""]","{""general"": ""neutral""}"
6107,جميل جدا,5,قبل سنتين,مطعم البيت بيتك,مطعم مأكولات مشوية,google_maps,"[""general""]","{""general"": ""positive""}"
1280,خدمه سيئه وطلبت الاورد وانتظرت أنا وعائلتي ساعه في صاله المطعم ولم يتم اخباري ان الاوردر سوف يتأخر كل هذا الوقت تجربه سيئه ولا يوجد احترام للعميل وقمت بألغاء الاوردر وذهبت الي مطعم اخر,1,قبل شهرين,روستو,مطعم مأكولات سورية,google_maps,"[""service""]","{""service"": ""negative""}"
8786,ليش ما تكتبون الكلمات لكي نغني معاهم او نقرا معاهم اذا كانت اغنية او بودكاست.. الخ,1,2026-02-07 00:00:00,Anghami,entertainment,play_store,"[""app_experience""]","{""app_experience"": ""negative""}"
967,"جودة الأكل أصبحت سيئة جدا
تروح تاكل فراخ تلاقيهم مقدمين فراخ كتاكيت عليها طبقة دقيق محترمة شاربة كمية زيت محترمة والنتيجة  تلاقيك شربت كيلو زيت بدل ما تاكل فراخ
تجربة سيئة لن تتكرر مرة أخرى مع العلم ان الأمر تكرر أكثر من مرة وكنت أظن أنها مرة عابرة وممكن تكون المرات القادمة أفضل لكن الظاهر انه بقا عادة في المكان لتعظيم الربح على حساب جودة الأكل وشكرا جزيلا",1,قبل 3 أشهر,تشك تشكن,مطعم دجاج,google_maps,"[""food""]","{""food"": ""negative""}"
3161,تجربه زى الزفت السلطه اقسم بالله الطماطم مدوده لا انصح أبدا . تعامل البنات غاليه فى قلة الذوء والأدب,1,تاريخ التعديل: قبل شهرين,فول محروس,مطعم فلافل,google_maps,"[""food"", ""service""]","{""food"": ""negative"", ""service"": ""negative""}"
736,"للاسف الفطار في رمضان عندهم سئ جدا
الاكل نزل متأخر نص ساعة
وكمان قال في التلفون اني في خيمة جميلة عاملها في الشارع لكن للاسف القعدة الخارجية في الشارع سيئة والاكل في اطباق بلاستيك مش زي الاكل جوة المطعم

مش قد العدد والتنظيم واحترام الناس برة زي جوة المطعم يبقي ماتعملش

اتقفلت من المطعم الصراحة",1,قبل 5 أيام,كبابجي العربي,مطعم مأكولات مشوية,google_maps,"[""food"", ""ambiance"", ""service""]","{""food"": ""negative"", ""ambiance"": ""negative"", ""service"": ""negative""}"
3469,المكان طابع تراثي وطلبت مشاوي والاكل جميل,3,قبل 4 أشهر,حاتى الجيش,مطعم مأكولات مشوية,google_maps,"[""ambiance"", ""food""]","{""ambiance"": ""positive"", ""food"": ""positive""}"
2421,جوده سيئه جدا وسعر غالي وكلها عجين والحشوضعيف جدا بجد من اسوأ المطاعم,1,قبل شهر,بيتزا السلطان القصر العيني,مطعم بيتزا,google_maps,"[""food"", ""price""]","{""food"": ""negative"", ""price"": ""negative""}"
1746,"بصراحه المطعم كنا بناكل منه زمان كان محترم وكويس
مؤخرا اسوء خدمه بتاخدها من المطعم من خدمه توصيل ولما تشتكي يقولك عندنا ضغط
والاكل بيجي بارد وبيعدي في الورد اكتر من ساعه ونص بالرغم انهم بيقولو ٤٥ دقيقه",1,قبل شهر,مطعم أبو يوسف السوري,مطعم مأكولات سورية,google_maps,"[""service"", ""delivery"", ""food""]","{""service"": ""negative"", ""delivery"": ""negative"", ""food"": ""negative""}"
2300,"بالنسبة لتجربة العلاج بالإشعاع لمرضى الأورام ، واحدة من أسوء التجارب :
-لا يوجد موعد منتظم للدخول ثابت يومياً
-بنسبة ٩٠٪؜ من الوقت لا يوجد موظف استقبال في مركز الإشعاع
-الجهاز بيعطل على الاقل مرة اسبوعياً ولمدة قد تصل من ٢-٣ ايام  متتالية مما يؤثر على الخطة العلاجية الموصى بها
- في الكثير من الأحيان يصعب التواصل عن طريق الهاتف المسجل لكونه مغلق او خارج منطقة التغطية
- لا انصح مرضى الأورام المطلوب علاجهم بالإشعاع بالتعامل مع هذا المركز",2,قبل شهر,المستشفى الجوي التخصصي التجمع الخامس,المستشفى العسكري,google_maps,"[""service""]","{""service"": ""negative""}"
3915,اكل جميل جدا و خدمة و معاملة ممتازة.,5,قبل سنتين,مطعم فرح,مطعم أطباق اللحوم,google_maps,"[""food"", ""service""]","{""food"": ""positive"", ""service"": ""positive""}"
4001,"سئ فى التعامل
موظفين تحس انهم من احط المناطق الشعبيه",2,قبل 8 أشهر,جولدن مان هاوس,متجر ملابس,google_maps,"[""service""]","{""service"": ""negative""}"
3379,"مساء الخير في بنت قليلة الذوق شاغلة في الماركت بتاخد اوردار و لما سألتها عايزة مدير اشتكي قالتلي مافيش و بعدين جابتلي واحد اسمه رامي يقولي انا المشرف لما سألته البنت اسمها ايه مرديش و قالي اعتبرني انا اللي بكلمك
انا عايزة حد مسئول عن المكان يتواصل معايا",1,قبل يوم واحد,سمارت ماركت القاهرة الجديدة,متجر بقالة,google_maps,"[""service""]","{""service"": ""negative""}"
933,"طلبت صينيه اهو جه يا ولاد و فرحة الفطار
الاكل جه سيء جدا
المميار ناشف خالص من حوه ومن بره
اللحمه كلها دهون
الفراخ زفره
وافرز بايت مس صابح انا مش عارف ازاي مكان زي دا فرع مهم زي وصله دهشور يقدم اكل بالحوده السيئه دي",1,قبل 8 ساعات,حضرموت شيخ المندي - فرع زايد,مطعم عائلي,google_maps,"[""food""]","{""food"": ""negative""}"
2435,ممتاز,5,قبل شهر,حبايب مدينة نصر,مطعم,google_maps,"[""general""]","{""general"": ""positive""}"
2941,بجد المكان ممتاز اديلو 1000 من 10 وحابه اشكر الكابتن عبدالله علي حسن علي الضيافه معاه,1,قبل شهرين,قديمو,مطعم,google_maps,"[""ambiance"", ""service""]","{""ambiance"": ""positive"", ""service"": ""positive""}"
4978,‏ما شاء الله تبارك الله دكتور جدا محترف شغله ‏مرة ممتاز أنصحكم ‏فيه أنا عارف أكثر من واحد يشتغل عنده دكتور محترف ‏ ‏وأنا كمان اشتغلت عنده,5,قبل 4 أشهر,Glossy smile Dental Clinic Syrian alrehab,عِيادة أسنان,google_maps,"[""service""]","{""service"": ""positive""}"
2577,"الفندق سيئ جداً من ناحية الأثاث والخدمه وأثاث قديم كأنك بمنطقه صحراويه؟؟
تجاوب العاملين سيئ جداً وتحس زعلانين !!
من أسوأ التجارب اللي راح تمر فيها بس تسكن عندهم",1,قبل 3 أشهر,Holiday Express Hotel,فندق,google_maps,"[""ambiance"", ""service""]","{""ambiance"": ""negative"", ""service"": ""negative""}"
2222,"ديه كانت تجربة لينا سيئة جدا مع مستشفي كايرو كلينيك ان لم تكون من أسوء التجارب الطبية اللي عدينا بيها
دخلنا المستشفي يوم ٢٦ فبراير ٢٠٢٦ باشتباه جلطات
ودخلنا الرعاية
التمريض داخل الرعاية مكنش عارف يسحب دم او يركب كالونة وديه صور تثبت اثار التشوه اللي حصل في الذراع بسبب اخطاء سحب العينات او تركيب الكالونات",1,قبل أسبوع,كايرو كلينك جناح النساء والولاده,مستشفى,google_maps,"[""service""]","{""service"": ""negative""}"
1424,مطعم جميل ماكولات ممتازه ورائعه من احسن المطاعم في القاهره,5,قبل أسبوعين,مطعم عم بشندي,مطعم وجبات سريعة,google_maps,"[""food"", ""ambiance""]","{""food"": ""positive"", ""ambiance"": ""positive""}"
2621,من انظف مطاعم القاهره والاكل والتعامل فوق الممتاز انصح فيه بشده والشكر الجزيل لاستاذ خاطر على تعامله الراقي وحسن الضيافه,5,قبل شهر,Dalida Cuisine el zamalek,مطعم,google_maps,"[""cleanliness"", ""food"", ""service""]","{""cleanliness"": ""positive"", ""food"": ""positive"", ""service"": ""positive""}"
8429,تطبيق جيد بعد التحديث ولكن ينقصه الدقه فى بعض التفاصيل الخاصة بتقييم العقارات لانه بيحدد المنطقه كلها بمتوسط سعر معيّن بدون الاخذ فى الاعتبار تشطيب الشقه لوكس او سوبر لوكس او الالترا لوكس او مكانها فى الدور الاول ولا الاخير ومقدرش استخدم الخريطه عشان احدد الشارع او البيت بالتحديد الدقيق وشكرا,5,2023-04-12 00:00:00,Aqarmap,real_estate,play_store,"[""app_experience""]","{""app_experience"": ""negative""}"
9405,جميل جدا,5,2026-03-11 00:00:00,Wego,travel,play_store,"[""general""]","{""general"": ""positive""}"
371,بيتزا السلطان عباره عن جبنه موتزاريلا مفيش اي لحوم والبيتزا كلها عجينه ناقصه سوا,1,تاريخ التعديل: قبل شهر,بيتزا السلطان وفطاير,مطعم بيتزا,google_maps,"[""food""]","{""food"": ""negative""}"
2526,مكان ممتاز ومصطى متولي احلى شيشة,5,تاريخ التعديل: قبل يوم واحد,صاحب السعاده فرع التجمع,كافيه,google_maps,"[""ambiance"", ""service""]","{""ambiance"": ""positive"", ""service"": ""positive""}"
3440,اكتر مكان فيه قلة ذوق شوفته في حياتي,1,قبل 6 أشهر,كازابلانكا كافية و مطعم 6 أكتوبر,مطعم,google_maps,"[""service""]","{""service"": ""negative""}"
981,أسوأ تجربة على الإطلاق لما يكون عندك ضيوف في رمضان وتطلب من الساعة ٢ تحسبا للوقت ويقول لك بعدها بساعتين طلبك هيخرج ٥ او ٦ ولما يوصل طلبك يجي نفر واحد بس مع اني حاسبت المبلغ كاملا...اتصل على المطعم يعتذروا ويقول الان بإذن الله سجلنا طلبك خلال نص ساعة والبقية عندك اتصل لهم بعد نص ساعة والضيوف منتظرين كل شخص على التلفون يدي لك خبر وعلى أساس كل واحد بيعمل لي أوردر من جديد! والله أسوأ تجربة وعني يوم القيامة نلتقي بإذن الله وحسبي الله ونعم الوكيل فيكم,1,قبل أسبوع,مطعم واحة اليمن,مطعم يمني,google_maps,"[""delivery"", ""service""]","{""delivery"": ""negative"", ""service"": ""negative""}"
7801,بقا من اسوء الابليكيشن اللورد بيتلغي ومش بييجي ولا حد بيكلمك ولا حاجه حاجه قلة ادب بجد,1,2026-03-03 00:00:00,Amazon,ecommerce,play_store,"[""app_experience"", ""service""]","{""app_experience"": ""negative"", ""service"": ""negative""}"
5915,دعم,5,قبل 11 شهرًا,mkm للملابس الجاهزة بالجمله,متجر ملابس,google_maps,"[""none""]","{""none"": ""neutral""}"
3347,خدمه كويسه و حترمه,5,قبل أسبوعين,مكتب المالكى للملابس جمله وقطاعى كل ما يلزم البيت من ملابس,متجر ملابس,google_maps,"[""service""]","{""service"": ""positive""}"
3680,"اوسخ مستشفى ممكن تدخلها فى حياتك خصوصا فى عياده الجلديه تعريض من الممرضين ويدخلوا ناس تبعهم قبل ناس حاجزه من الصبح
والدكاتره قمه فى الوساخه والتناكه على الناس اللى داخله تكشف وحاجه منتهى قلة الادب",1,قبل 3 أشهر,مستشفى الحسين التخصصي,مستشفى جامعي,google_maps,"[""cleanliness"", ""service""]","{""cleanliness"": ""negative"", ""service"": ""negative""}"
9704,حجزت توصيل من المطار و الى الفندق والغيت الرحلة و لم يسترد المبلغ كاملا,1,2026-03-05 00:00:00,Booking,travel,play_store,"[""service"", ""price""]","{""service"": ""negative"", ""price"": ""negative""}"
3360,السلام عليكم كل عام وانتم بخير لو سمحت لوبشتغل ممبار ممكن ابعت لك عينه تشوفها لو عجبك نتواصل,2,قبل 3 أيام,بهية المهندسين,مطعم أطباق اللحوم,google_maps,"[""none""]","{""none"": ""neutral""}"
784,مكان كان تحفه والاجواء في كانت جميله جدا وجوده الاكل والنظافة ممتاز,5,قبل 6 أيام,مطاعم ناصر الفيومي بمصر الجديده(فول وفلافل ),مطعم فلافل,google_maps,"[""ambiance"", ""food"", ""cleanliness""]","{""ambiance"": ""positive"", ""food"": ""positive"", ""cleanliness"": ""positive""}"
5720,دكتور شاطر مستمع جديد ومريح في التعامل مزيد من التفوق يارب,5,قبل سنتين,كايرو كلينك,عيادة الخصوبة,google_maps,"[""service""]","{""service"": ""positive""}"
2253,الأكل خيال والخدمه رائعه والموظفين  يتفانون في الخدمه,5,قبل شهر,مطعم سيخ مشوي التجمع الخامس,مطعم,google_maps,"[""food"", ""service""]","{""food"": ""positive"", ""service"": ""positive""}"
8502,بيقولى عند إعلان عن عقار لا يمكن الوصول لقاعدة البيانات عدة مرات ماهو السبب,1,2022-04-16 00:00:00,Aqarmap,real_estate,play_store,"[""app_experience""]","{""app_experience"": ""negative""}"
1213,احلى قهوة كا تنوع الي موجود من فطور وحلويات ومخبوزات مميزه وفرش وكلها خاصه فيهم وبعد القهوة الممتازة واحلى جلسه خارجيه راحت تجلسها في هاذا الكافيه ولاستمتاع في اجواء جميله,3,قبل أسبوع,بوترى كافيه,مقهى,google_maps,"[""food"", ""ambiance""]","{""food"": ""positive"", ""ambiance"": ""positive""}"
2183,مكان جميل واخت ولا انسانه راقيه وتعامل الموظفين جدا ممتاز لايوجد خدمة لحمل الشنط النزيل هو من يحمل اغراضة لايوجد سيف بوكس كذلك سليبر,5,تاريخ التعديل: قبل شهر,فندق اطلس,فندق,google_maps,"[""ambiance"", ""service""]","{""ambiance"": ""positive"", ""service"": ""negative""}"
7582,تطبيق جميل ولكن الأسعار مرتفعة نوعا ما في الجزائر خاصة مع التوصيل,3,2025-12-31 00:00:00,Jumia,ecommerce,play_store,"[""app_experience"", ""price"", ""delivery""]","{""app_experience"": ""positive"", ""price"": ""negative"", ""delivery"": ""negative""}"
8341,التطبيق مش شغال من فترة عملت له تحديث و مفيش جديد مش عارف ادخل بالايميل بتاعي,1,2024-05-24 00:00:00,Aqarmap,real_estate,play_store,"[""app_experience""]","{""app_experience"": ""negative""}"
8760,مفيد جدا بلا إنترنت جميل جداا😊,5,2026-02-10 00:00:00,Anghami,entertainment,play_store,"[""app_experience""]","{""app_experience"": ""positive""}"
5511,مكانه صعب والاكل لو انت مش متعود عليه وعارفه كوبس ما تروحش,3,قبل سنتين,مستر كوكو الشيخ زايد,مطعم,google_maps,"[""ambiance"", ""food""]","{""ambiance"": ""negative"", ""food"": ""neutral""}"
3939,تحفه عم شرابيه منور المكان و قد الدنيا الاكل كلو مظبوط سندوتشات و بيتزا و كريب 😱❤️🎯,5,قبل 6 أشهر,انديامو,مطعم بيتزا,google_maps,"[""food"", ""ambiance""]","{""food"": ""positive"", ""ambiance"": ""positive""}"
7115,تطبيق جيد جدا من ناحيه سرعه التوصيل و المرونه في طرق الدفع السلبيات ان التطبيق يعلق أحيانا لكن لا باس 👍🏽,4,2026-03-12 00:00:00,Noon,ecommerce,play_store,"[""delivery"", ""app_experience""]","{""delivery"": ""positive"", ""app_experience"": ""positive""}"
178,"عمرو فروق
محمد احمد
❤️❤️❤️❤️❤️❤️❤️",5,قبل 6 أيام,النيلو,مطعم مأكولات إيطالية,google_maps,"[""none""]","{""none"": ""neutral""}"
5590,التعامل فى منتهى السوء staff وحش جدا,1,قبل شهر,صيدلية فايق,صيدلية,google_maps,"[""service""]","{""service"": ""negative""}"
1962,عدم وجود مصداقية في التعامل. بعض الفروع يقبلوا الحجز من التلفون والبعض لا يقبل الحجز. مفيش تعامل بجدية في الحجوزات تحديدا فرع التجمع الخامس.,1,قبل أسبوعين,حضرموت التجمع الخامس,مطعم يمني,google_maps,"[""service""]","{""service"": ""negative""}"
6589,واجهت من فتره مشكله بالتطبيق لكن الفريق المشرف على التطبيق قاموا بحل المشكله بأسرع وقت وكانوا جدا حريصين على ارضاء المشترك شكرا لكم,5,2026-02-25 00:00:00,Careem,transport,play_store,"[""app_experience"", ""service""]","{""app_experience"": ""negative"", ""service"": ""positive""}"
1759,المكان جميل  كا شكل ولوكيشن لكن مانصحش بيه في السحور الحجز باسبقية الحضور والمكان زحمة اوي وقعدنا كتير وايتنج ليست اكتر من ساعة  وفي الاخر لقيناهم بيدخلوا ناس بعدنا والبنت اللي في الريسبشن طريقتها صعبة اوي ومعاها رقمنا  علشان تكلمنا لما المكان يفضي لكن محصلش وفي الاخر روحنا اكلنا في مكان تاني,2,قبل يوم واحد,قرية جدو,مطعم مأكولات مشوية,google_maps,"[""ambiance"", ""service""]","{""ambiance"": ""positive"", ""service"": ""negative""}"
5141,"التعامل جدا لطيفين ورايقين
عملت اضافري وحواجبي وطلعو افضل مما اتوقعت يعطيها العافيه الاخصائيه سمى على التعامل الراقي والشغل الارقى 🌷",5,قبل شهر,Eclat Beauty Salon,صالون تجميل,google_maps,"[""service""]","{""service"": ""positive""}"
2305,ال service بشعه و خدمه ال delivery بشعه و بيتاخره جدااا جدااا و ساعات بيجي بارد بس امانه الأكل حلو بس كده .,1,قبل يومين (2),ست الشام,مطعم مأكولات سورية,google_maps,"[""service"", ""delivery"", ""food""]","{""service"": ""negative"", ""delivery"": ""negative"", ""food"": ""positive""}"
3554,اسبوع عبال متاخد الطلب,3,قبل 4 أشهر,مشويات الرايق,مطعم,google_maps,"[""delivery""]","{""delivery"": ""negative""}"
9297,التطبيق جدا حلو وسهل الستغدام راعة,5,2026-03-01 00:00:00,Spotify,entertainment,play_store,"[""app_experience""]","{""app_experience"": ""positive""}"
452,جميل,5,قبل يومين (2),حضرموت شيخ المندى,مطعم أطباق اللحوم,google_maps,"[""general""]","{""general"": ""positive""}"
6666,الصراحه التطبيق كلش صاير مو حلو من حدثو صار مو خوش خربطه بالرحلات وبطلب التكسي ومو زين مثل قبل اتمنى ترجعو ع قبل هوي احسن,1,2026-02-12 00:00:00,Careem,transport,play_store,"[""app_experience""]","{""app_experience"": ""negative""}"
7915,تجربتي مع الشحن الدولي لم تكن مرضيه تاخر الطلب بشكل مبالغ فيه وماراح اكررها تم تأجيل طلبيتي مرتين من امازون، شهرين ولا ادري متى توصل طلبيتي وكل ما كلمتهم قالو ماندري متى توصلك ب الضبط ويعطوني موعد تقريبي ويجي يوم الموعد اللي حددوه والطلبيه ماوصلت واتصل عليهم من جديد ويعطوني موعد ثاني والله اعلم متى توصل طلبيتي مع التاجيلات ٣ مواعيد وفي النهاية تكنسلت الطلبيه منهم بعد الموعد الثالث بدون لا يرجعون لي,1,2026-02-20 00:00:00,Amazon,ecommerce,play_store,"[""delivery"", ""service""]","{""delivery"": ""negative"", ""service"": ""negative""}"
5321,صيدلية وسخه لا انصح التعامل معاها,1,قبل أسبوع,صيدليه نهى,صيدلية,google_maps,"[""cleanliness""]","{""cleanliness"": ""negative""}"
5050,جيم رياضى ومدربين هناك محترمين جدا,3,قبل سنتين,Golden Zedan Gym,صالة رياضة,google_maps,"[""service""]","{""service"": ""positive""}"
6017,الطعام طازج وجيد يعيبه ضيق المكانه,4,قبل سنتين,مشويات سخسخ,مطعم مأكولات مشوية,google_maps,"[""food"", ""ambiance""]","{""food"": ""positive"", ""ambiance"": ""negative""}"
6723,التطبيق لا يعمل ظاهر فقط الغاء التثبيت مع العلم استخدمته امس,1,2026-02-05 00:00:00,Careem,transport,play_store,"[""app_experience""]","{""app_experience"": ""negative""}"
1276,ممتاز,5,قبل شهرين,روستو,مطعم مأكولات سورية,google_maps,"[""general""]","{""general"": ""positive""}"
4560,"التعامل سيء وشتم راجل كبير بأبوه
ياريت لو حد شاف التعليق ده يروحله ويقوله مش هشتري منك عشان شتمت الراجل الكبير عشان يتعلم الأدب ويحترم الناس الكبيرة",1,قبل سنة,مطعم الدمياطي فول وفلافل,مطعم فلافل,google_maps,"[""service""]","{""service"": ""negative""}"
4679,عيادات ممتازه ومستوى نظافه ومعامله كويس جدا ودكتوره اميره شاطره جدا ومستمعه جيده,5,قبل شهر,Misr Modern Clinics عيادات مصر الحديثه ( فرع مصدق ),مركز طبي,google_maps,"[""cleanliness"", ""service""]","{""cleanliness"": ""positive"", ""service"": ""positive""}"
8034,مستر بيست أحسنت برنامج رائع جدا,4,2023-12-28 00:00:00,Shop,ecommerce,play_store,"[""none""]","{""none"": ""neutral""}"
4263,تجربة جيدة,3,قبل 8 أشهر,يامال الشام - Yamal ElSham,مطعم مأكولات سورية,google_maps,"[""general""]","{""general"": ""positive""}"
6311,بدون تعليق تجربه سيئه جداااااااا,1,2025-06-28 00:00:00,Elmenus,food_delivery,play_store,"[""general""]","{""general"": ""negative""}"
6465,ابليكشن سئ ومنصحش حد يستخدمة اطلب اوردر ساعتين وموصلش والدليفرى و خدمة العملاء بيكدبوا والاوردر فى الاخر موصلش ولغيته عايزة رقم للتواصل مع خدمة العملاء,1,2023-12-01 00:00:00,Elmenus,food_delivery,play_store,"[""app_experience"", ""delivery"", ""service""]","{""app_experience"": ""negative"", ""delivery"": ""negative"", ""service"": ""negative""}"
4143,خدمة ممتازة وضيافة مثالية واشكر الأستاذ حسن مدير المكان على حسن استقباله وبإذن الله وجهتي الدائمة في مصر ❤️.,5,قبل 4 أشهر,كافيه كورنيش,مقهى,google_maps,"[""service""]","{""service"": ""positive""}"
1902,الأكل جيد جدا والمكان لطيف وهاديء والاسعار مقبولة بالنسبة لفئة المطعم,5,قبل 4 أشهر,كريف,مطعم,google_maps,"[""food"", ""ambiance"", ""price""]","{""food"": ""positive"", ""ambiance"": ""positive"", ""price"": ""positive""}"
4856,اسعار اغلى من باقي المحلات,2,قبل سنة,سوبر ماركت فود لاند Food Land,سوبرماركت,google_maps,"[""price""]","{""price"": ""negative""}"
8575,برنامج راقي بس اريد مزيد من العقارات والفيلل لو سمحتو,5,2021-05-10 00:00:00,Aqarmap,real_estate,play_store,"[""app_experience""]","{""app_experience"": ""positive""}"
8623,برنامج رائع وجميل وبالتوفيق والنجاح باذن الله وكل عام وانتم بخير ورمضان كريم بالتوفيق والنجاح باذن الله ♥♥😍♥😍,5,2026-03-13 00:00:00,Anghami,entertainment,play_store,"[""app_experience""]","{""app_experience"": ""positive""}"
2016,"الاكل ممتاز طلبت مرتين لحد الان ولكن في كله مره كان بيجي مع الاكل شعراية مش عارف ليه لازم الاقي شعر حد في الاكل لكن غير كدا الاكل نظيف
لما ارن مش عارف ليه بيخلوني هولد ٣ دقايق واحيانا بضطر اتصل ٣ مرات عشان يردوا",4,قبل شهرين,مطعم ريدان,مطعم أطباق اللحوم,google_maps,"[""food"", ""cleanliness"", ""service""]","{""food"": ""positive"", ""cleanliness"": ""negative"", ""service"": ""negative""}"
440,مكان سيا جدا جدا جدا اسو تجربة طعام ممكن تجربة,1,قبل أسبوع,دوار أم حسن,مطعم مأكولات مصرية,google_maps,"[""food""]","{""food"": ""negative""}"
7856,روعة,5,2026-02-26 00:00:00,Amazon,ecommerce,play_store,"[""general""]","{""general"": ""positive""}"
261,مطعم جيد جدا. للاكلات السورية والغربية,5,قبل يومين (2),مطعم إبن الشام فرع الرحاب,مطعم مأكولات سورية,google_maps,"[""food""]","{""food"": ""positive""}"
7465,تجربة سيئة مع جوميا ، ده أقل تطبيق عنده مهنية او حرفية اتعاملت معاه ، أقرب لبير السلم لا لك خصم على أول أوردر ولا لك توصيل مجاني والكارثة اني استنضفتهم ونزلته على موبايلي ومش منزل لا نون ولا امازون اللي بشتري منهم من الموقع . حاولت اشتري أوردر وفشل الدفع فسجلوه عليا أوردر وجيت أستخدم خصم JUMIA اول طلب وتوصيل مجاني قالولي غير متاح لحسابك عشان الاوردر الفاشل اتسجل عليك طيب ايه الحل؟ مفيش حلول نهائي عشان كده تقييم صفر وهحذف تطبيقهم واخليني مع الناس المحترمة التانية افضل.,1,2026-02-13 00:00:00,Jumia,ecommerce,play_store,"[""app_experience"", ""price"", ""delivery"", ""service""]","{""app_experience"": ""negative"", ""price"": ""negative"", ""delivery"": ""negative"", ""service"": ""negative""}"
3889,"المكان هادئ و جميل. الطعام لذيذ بلا استثناء و البيتزا رائعة و عجيتنها خفيفة. أنصح بمشروب الكرديه بالزنجبيل.
الخدمة سريعة و الموظفين في قمة الرقي ماشاء الله.

تحديث شهر نوفمبر 2025: قمنا بزيارة المطعم للمرة الثانية في الشتاء و لكن جودة الطعام لم تتوافق مع المرة السابقة. الريزوتو مالح للغاية و لم استطع اكماله، البيتزا كانت عادية جدا.",5,تاريخ التعديل: قبل شهرين,مطعم داي بسكاتوري المعادي,مطعم مأكولات إيطالية,google_maps,"[""ambiance"", ""food"", ""service""]","{""ambiance"": ""positive"", ""food"": ""negative"", ""service"": ""positive""}"
8841,هلو كثيييييييييييييييييييييييرييييييييييييييييييييييييييييييييي يييييييييييي يييييييييييي يييييييييييي يييييييييييي,5,2026-01-29 00:00:00,Anghami,entertainment,play_store,"[""none""]","{""none"": ""neutral""}"
1757,معاملة وحشة جدا اكل وحش لا انصح بتجربتة خالص,1,قبل 8 ساعات,قرية جدو,مطعم مأكولات مشوية,google_maps,"[""service"", ""food""]","{""service"": ""negative"", ""food"": ""negative""}"
1067,افضل اكل إيطالي أكلته بحياتي 🔥,5,قبل أسبوعين,CaiRoma,مطعم مأكولات إيطالية,google_maps,"[""food""]","{""food"": ""positive""}"
5476,طلبت فطيرة بسطرمه مع جبن رومي و خضار و زيتون بدون موتزاريلا. قلت لهم ضيفوا جبن رومي بدلا من الموتزاريلا. لكن هما شالوا الموتزاريلا و لم يضيفوا جبن رومي مكانها.  جاتني فطيرة كلها فلفل رومي و بسطرمة فقط. و لا فيها حتى جبن رومي و الا موتزريلا و الا زيتون. و الا حتى بيبعتوا معاها مخلل و لا شئ.,1,تاريخ التعديل: قبل 6 أشهر,The Best Restaurant,مطعم,google_maps,"[""food"", ""service"", ""delivery""]","{""food"": ""negative"", ""service"": ""negative"", ""delivery"": ""negative""}"
7459,جوميا الجزائر : منتوجاته قليلة جدا وغير متنوعة مقارنة مع واجهة التطبيق المثالية او الفخمة التي عندم تدخل الى الفئات تجدها تضم يا دوب 10 منتوجات مرتفعة السعر وجودتها رديئة جدا مقارنة بسعرها . هل اصاب التطبيق التصحر . لكن الحق يقال . التوصيل سريع,2,2026-02-14 00:00:00,Jumia,ecommerce,play_store,"[""app_experience"", ""price"", ""delivery""]","{""app_experience"": ""positive"", ""price"": ""negative"", ""delivery"": ""positive""}"
3054,خدمة جيدة .. الموقع علي Google maps محتاج تعديل,4,قبل سنة,سوبر ماركت مؤمن و بشار المحكمة,سوبرماركت,google_maps,"[""service""]","{""service"": ""positive""}"
5379,محل ممتاز وأخلاق العاملين فيه راقية جداً والأسعار جيدة وان شاء الله يصبح لديهم وسيلة دفع بالبطاقة,5,قبل سنة,فوستك,متجر ملابس,google_maps,"[""service"", ""price""]","{""service"": ""positive"", ""price"": ""positive""}"
2942,الصراحه المكان حلو واتبسط فيه وغير أن الاكل حلو اووى والاسعار حلوه والى كان بينزلى الاكل شخص جدا محترم اسمه فوزى,5,قبل شهرين,قديمو,مطعم,google_maps,"[""ambiance"", ""food"", ""price"", ""service""]","{""ambiance"": ""positive"", ""food"": ""positive"", ""price"": ""positive"", ""service"": ""positive""}"
8365,التطبيق فاشل بمبنى الكلمه بعد التحديث ولا يفتح اى شىء نفس المشكلة التطبيق لا يعمل حتى بعد التحديث 30/3/2024,1,2024-03-30 00:00:00,Aqarmap,real_estate,play_store,"[""app_experience""]","{""app_experience"": ""negative""}"
6061,الاكل حلو جدا جدا ونظيف وسعره مش غالي لكن في أوقات معينه من السنه أو بمعني أصح عند تغيير الإدارة للحاج الكبير الحاج عبدالله أبو ظريفه,3,تاريخ التعديل: قبل سنة,ابوظريفة فول وطعمية,مطعم فلافل,google_maps,"[""food"", ""cleanliness"", ""price"", ""service""]","{""food"": ""positive"", ""cleanliness"": ""positive"", ""price"": ""positive"", ""service"": ""negative""}"
1410,نصيحه نصيحه  ماحد يطلب للبيت انا فشلوني بضيوفي طلبت نص تيس يوصل الساعه عشره هما وصلوه 11:30 والاكل بارد واشتكي ولافيه اي تجاوب وبرود ويكلمني واحد اسلوبه جاف اقوله الاكل بارد يقول رجعه زي ماهو وخذ فلوسك ويبغى يحملني الغلط بصراحه اداره ورقم شكاوي تخدير للعميل المفروض  رد اعتبار اي شي  اناتمنيت اني دفعت ضعف المبلغ واني طلبت من مكان ثاني ولا انحطيت بالموقف المحرج,1,قبل شهر,مطعم السدة للمأكولات اليمنية,مطعم يمني,google_maps,"[""delivery"", ""food"", ""service""]","{""delivery"": ""negative"", ""food"": ""negative"", ""service"": ""negative""}"
1007,الاكل سيء جداً حتى الحلو والمشروبات.,2,قبل يومين (2),مطعم الدهان,مطعم مأكولات مشوية,google_maps,"[""food""]","{""food"": ""negative""}"
5833,صيدليه مغليه سعر بعض الادويه عن الصيدليات الاخري ب ٢٠ جنيه (عشان موسم الشتا) طلبت نفس الدواء من صيدليه اخري بسعره العادي,1,قبل سنتين,صيدليات مصر- فرع التجمع الثالث,صيدلية,google_maps,"[""price""]","{""price"": ""negative""}"
6502,ذفت روحوا شوفوا خدمه عملاء ترد على الناس الاول وبعد كده اعملوا برامج برنامج فاااااشل,1,2023-09-22 00:00:00,Elmenus,food_delivery,play_store,"[""service"", ""app_experience""]","{""service"": ""negative"", ""app_experience"": ""negative""}"
9925,تطبيق رائع جدا,5,2025-12-18 00:00:00,Booking,travel,play_store,"[""app_experience""]","{""app_experience"": ""positive""}"
5948,"المكان كويس جدا جدا
والخدمة كويسه وكل الشكر",5,قبل 8 أشهر,Star cafe,كافيه,google_maps,"[""ambiance"", ""service""]","{""ambiance"": ""positive"", ""service"": ""positive""}"
7924,ممتاز,5,2026-02-19 00:00:00,Amazon,ecommerce,play_store,"[""general""]","{""general"": ""positive""}"
8371,التطبيق باظ مبقاش شغال خسارة كان من افضل التطبيقات,1,2024-03-29 00:00:00,Aqarmap,real_estate,play_store,"[""app_experience""]","{""app_experience"": ""negative""}"
3789,مكاني المفضل بكل وقت ❤️❤️,5,قبل 3 أشهر,Your Gym Ladies - New Cairo,صالة رياضة,google_maps,"[""general""]","{""general"": ""positive""}"
912,حضرنا افطار فى رمضان ، المكان منظم جدا من اول الدخول على باب المطعم ، فى مكان للصلاة ، الاكل كان ممتاز الصراحة و مستوى مظبوط و دى عادة بتوقع مطاعم كتير خصوصا فى رمضان ، طاقم الضيافة متميز جدا و حابين نشكر كابتن/ سمير على جودة الخدمة و تتكرر عن قريب إن شاء الله,5,قبل يوم واحد,مطعم الدهان,مطعم,google_maps,"[""ambiance"", ""food"", ""service""]","{""ambiance"": ""positive"", ""food"": ""positive"", ""service"": ""positive""}"
4971,مركز زى الزفت ودمر اسنان ناس كتير حسبى الله ونعم الوكيل,1,قبل شهرين,Glossy smile Dental Clinic Syrian alrehab,عِيادة أسنان,google_maps,"[""service""]","{""service"": ""negative""}"
4432,سويت مجموعة خدمات شغل احلام يجنن يعطيها العافيه وصابرينن العسلللللل تشتغل بذمه وضميرر سوت شعري واضافري الاسلوب والاخلاققق قمههه فوق التقييم صراحه حبيتهااا (صابرين🤍),5,قبل يوم واحد,Sand salon,صالون تجميل,google_maps,"[""service""]","{""service"": ""positive""}"
9837,نصابين بعد ما أكدت الحجز ورحت المكان غرفتان 414.48 SAR ضريبة القيمة المضافة 62.17 SAR ضريبة المدينة 10.36 SAR رسوم التنظيف 62.17 SAR رسوم أخرى 72.53 SAR معي الإثبات أرسلوا ايميل بالمبلغ الإجمالي وبعدها لقيت الايميل متعدل بسعر جديد عند الدفع,1,2026-01-15 00:00:00,Booking,travel,play_store,"[""price"", ""app_experience"", ""service""]","{""price"": ""negative"", ""app_experience"": ""negative"", ""service"": ""negative""}"
2086,اتصلت اطلب أوردر انا جنبهم قالي ساعه الاربع الي ساعه قولتله كتير قالي طيب يجي الاوردر بعد ساعه ونص وخمس دقايق واتصلت كذا مره يقولي خارج وفي الاخر الاكل بارد والعلبه معجونه من المياه لف لما الاكل برد ده دليل مش علي كتر الشغل دليل علي قله دليفري عنده يلطع الناس والدليفري يستلم الاوردرات ويوزع والناس تزهق والاكل بارد ملوش لازمه,1,قبل شهر,بيتزا السلطان التجمع الخامس,مطعم بيتزا,google_maps,"[""delivery"", ""service"", ""food""]","{""delivery"": ""negative"", ""service"": ""negative"", ""food"": ""negative""}"
9551,تطبيق ممتاز جدا,5,2026-01-28 00:00:00,Wego,travel,play_store,"[""app_experience""]","{""app_experience"": ""positive""}"
7471,جوميا من افضل تسويق علي النت مصداقية وشفافية وأشياء أصلي,4,2026-02-11 00:00:00,Jumia,ecommerce,play_store,"[""app_experience""]","{""app_experience"": ""positive""}"
1294,مطعم لذيذ و محمود جابر ما قصر معانا 👍🏽,5,قبل شهر,Caracas,مطعم مأكولات لبنانية,google_maps,"[""food"", ""service""]","{""food"": ""positive"", ""service"": ""positive""}"
8780,تطبيق حلو لاانو في اغاني الشامي 🫢🫣,5,2026-02-08 00:00:00,Anghami,entertainment,play_store,"[""app_experience""]","{""app_experience"": ""positive""}"
1038,مكان جميل جدا شكرا,5,قبل 3 أيام,ممشي مصر Mawlana Cafe,كافيه,google_maps,"[""ambiance""]","{""ambiance"": ""positive""}"
5766,بصراحه الفندق فيه راحه نفسيه بسبب الاطلالة على النيل والنظافه ممتازه وتعامل الجميل والرائع من الاستاذ محمد صلاح أبو أنس وأم علا عزه ومدير الفندق كريم وصاحب الفندق شريف وأنصح التعامل معه والخدمات كلها قريبه منك,5,قبل 4 أشهر,Nile X Hostel - Nile View,فندق,google_maps,"[""ambiance"", ""cleanliness"", ""service""]","{""ambiance"": ""positive"", ""cleanliness"": ""positive"", ""service"": ""positive""}"
2492,كمية قله ذوق ملقتهاش غير في المكان ده من كل الناس اللي موجوده في المكان من اول ال staff لحد الowner,1,قبل 7 أشهر,Marasy cafe,مقهى,google_maps,"[""service""]","{""service"": ""negative""}"
1846,الخدمه ممتازه والناس ممتازين فى رعاية القلب والدورالسادس,5,قبل 5 أيام,القاهره التخصصي مستشفيات كليوبترا,مستشفى,google_maps,"[""service""]","{""service"": ""positive""}"
7834,تطبيق رائع جدا,5,2026-03-01 00:00:00,Amazon,ecommerce,play_store,"[""app_experience""]","{""app_experience"": ""positive""}"
7589,اصبح اسوء من الاول عملت اور وبعد ما خصموا الفلوس تم الغاء الطلب بداعي عدم توصيل الى البحيره,1,2025-12-28 00:00:00,Jumia,ecommerce,play_store,"[""app_experience"", ""delivery""]","{""app_experience"": ""negative"", ""delivery"": ""negative""}"
8382,برنامج بطئ جدا ولا يعمل بعد التحديث,1,2024-03-22 00:00:00,Aqarmap,real_estate,play_store,"[""app_experience""]","{""app_experience"": ""negative""}"
2533,أزيل مكان. أغاني شغاله وقت الفطور. ماتعرف حتى تدعي ربك  في رمضان,1,قبل 3 أيام,صاحب السعاده فرع التجمع,كافيه,google_maps,"[""ambiance""]","{""ambiance"": ""negative""}"
5791,"ما شاء الله تبارك الله من احسن و اشطر الدكاتره ♥️♥️
انا خووافه شديد بس معاها م حسيت باي وجع و لا حاجه
مخلصه جدا ف شغلها تبارك الله😍😍😍😍
ربنا يخليك ي قلبي",5,قبل 7 أشهر,عيادة دكتورة نهى يس عبد الرحمن,عِيادة أسنان,google_maps,"[""service""]","{""service"": ""positive""}"
6328,تطبيق سيئ جدا جدا جدا جدا,1,2025-02-26 00:00:00,Elmenus,food_delivery,play_store,"[""app_experience""]","{""app_experience"": ""negative""}"
9992,لايمكن الوثوق به في بعض الاحيان,3,2025-11-26 00:00:00,Booking,travel,play_store,"[""general""]","{""general"": ""negative""}"
6233,تحفه,5,2026-02-05 00:00:00,Elmenus,food_delivery,play_store,"[""general""]","{""general"": ""positive""}"
2909,"عياده جدا ممتازه والدكتور جدا متفاهم ويشرح لكم طريقة العلاج

واستقبال راقي جدا الله يسعد الدكتور احمد العايدي والطاقم الطبي جميعا على حسن التعامل الراقي 💐💐😍",5,تاريخ التعديل: قبل شهر,White & Bright Dental Center,عِيادة أسنان,google_maps,"[""service""]","{""service"": ""positive""}"
9649,تطبيق تحويل حالك حلوة جميلة جدا,3,2025-12-29 00:00:00,Wego,travel,play_store,"[""app_experience""]","{""app_experience"": ""positive""}"
3675,"الأكل وحش جدا  وفي قطط في المكان بتمشي تحت
التربيزة وتنط على الكنب الي انت قاعد عليه وتقعد جنبك
المكان فعلا وحش جدا",1,قبل شهر,مطعم الدهان,مطعم مأكولات مشوية,google_maps,"[""food"", ""cleanliness"", ""ambiance""]","{""food"": ""negative"", ""cleanliness"": ""negative"", ""ambiance"": ""negative""}"
1980,"جربت منسف كان كويس بس ممكن يبقى أحسن
الستاف محترمين وودودين
أحد مشاكل المكان إن القطط بتدخل حتى لو جوه",4,قبل شهر,بيت لحم Beet Lahm,مطعم,google_maps,"[""food"", ""service"", ""cleanliness""]","{""food"": ""neutral"", ""service"": ""positive"", ""cleanliness"": ""negative""}"
7037,ممتاز جدا,5,2026-03-08 00:00:00,Uber,transport,play_store,"[""general""]","{""general"": ""positive""}"
5185,بصراحه صابون قوي بمعنى الكلمه والموظفين محترفين من اول ما تدخل  لغايه ما تطلع.  والاسعار تستاهل اكثر انصح الكل ومكانه مميز شكرا ،، عيدو شغلك حلو جداجدا جدا  بنات الخليج تعالو روعه بكل الكلمه 😚,5,قبل 5 أشهر,Jacques Moreno,صالون تجميل,google_maps,"[""service"", ""price"", ""ambiance""]","{""service"": ""positive"", ""price"": ""positive"", ""ambiance"": ""positive""}"
1039,المكان تحفة والأجواء خطيرة والاسعار ممتازة,5,قبل 3 أيام,ممشي مصر Mawlana Cafe,كافيه,google_maps,"[""ambiance"", ""price""]","{""ambiance"": ""positive"", ""price"": ""positive""}"
6648,مرحبا ارتفاع سعر الرحلات بشكل كبير وعلما بان قبل لم يكن بهذا الشكل,1,2026-02-15 00:00:00,Careem,transport,play_store,"[""price""]","{""price"": ""negative""}"
9003,البرنامج هذا كلش حلوه انصح الي يحبون يسمعون اغاني هذا كلش راح يفيدكم 💃🏻💃🏻,5,2026-03-13 00:00:00,Spotify,entertainment,play_store,"[""app_experience""]","{""app_experience"": ""positive""}"
7051,سئ جدا لانه لما اكون عملت مشوار والطيار لغاه بسبب ظرف مني بينطلب مني اني لازم ادفع المشوار دا مع المشوار اللي اتلغي وبالفعل حصلت معايا النهارده,1,2026-03-08 00:00:00,Uber,transport,play_store,"[""service"", ""price""]","{""service"": ""negative"", ""price"": ""negative""}"
6211,من أفضل الصيدليات بمدينة نصر لديهم اهتمام بالعملاء جدا,5,قبل 6 سنوات,Kiwan Pharmacy صيدليات كيوان,صيدلية,google_maps,"[""service""]","{""service"": ""positive""}"
6278,جيد,5,2025-09-23 00:00:00,Elmenus,food_delivery,play_store,"[""general""]","{""general"": ""positive""}"
332,"خدمة سيئة جدا وفوقها يستغفلو الزباين ويطلعو لهم فواتير غلط بأطباق ما طلبوها
قمة الاستغفال والنصب على الناس
تجربة لن تتكرر ابدا",1,قبل 3 أسابيع,مطعم قصر الكبابجي,مطعم مأكولات مشوية,google_maps,"[""service"", ""price""]","{""service"": ""negative"", ""price"": ""negative""}"
8553,عملت اعلان ودفعت ١٠٠ والتطبيق بيظهر ع اللاب بس ومش عاوز يظهر ع الموبيل,2,2021-09-01 00:00:00,Aqarmap,real_estate,play_store,"[""app_experience"", ""price""]","{""app_experience"": ""negative"", ""price"": ""negative""}"
4160,سويت جلسه مساج و حمام مغربي ممتازه والله ❤️,5,قبل 3 أسابيع,نادى الديب الصحى بالقاهرة,غرفة لياقة,google_maps,"[""service""]","{""service"": ""positive""}"
1364,"مطعم سئ جدا والمعامله وحشه اوي
والعمال بيشتمو الزباين حسبي الله ونعم الوكيل فيهم كنت واقفه بشتري وولد من عندهم شتم زبونه جايه تشتري
مكان قذر
وطعم الاكل حامض",1,قبل 3 أسابيع,مطعم عبد الله بشندي,مطعم فلافل,google_maps,"[""service"", ""cleanliness"", ""food""]","{""service"": ""negative"", ""cleanliness"": ""negative"", ""food"": ""negative""}"
4780,عيادة نظيفة و تعقيم هايل و الدكتور يحيي رائع و مستمع جيد و فاهم في شغله جداا,5,قبل 3 أشهر,Dr. Yehia Adel - White Pearl Dental Clinic,عِيادة أسنان,google_maps,"[""cleanliness"", ""service""]","{""cleanliness"": ""positive"", ""service"": ""positive""}"
2568,"فندق هوليدي اي اكسبيرس الموقع ممتاز بجانب  فندق النبيله بشارع الدول العربية ومن خلال تجربتنا  التعامل مثالي والضيافة صحن فواكه والنظافة جيدة والمطعم مقبول
لذا من يبحث عن التوفير  والموقع والقرب من الخدمات فهو اختيار جميل

The Holiday Inn Express has an excellent location next to the Nabila Hotel on Arab States Street. In our experience, the service was perfect, the hospitality included a fruit platter, the cleanliness was good, and the restaurant was acceptable. Therefore, for those looking for savings, a convenient location, and proximity to services, this is a great choice.",3,قبل شهر,Holiday Express Hotel,فندق,google_maps,"[""ambiance"", ""service"", ""cleanliness"", ""food"", ""price""]","{""ambiance"": ""positive"", ""service"": ""positive"", ""cleanliness"": ""positive"", ""food"": ""neutral"", ""price"": ""positive""}"
7982,من افضل المواقع اللي تعاملت معها لكن للاسف عجزت اعدل الى اللغه العربيه في التطبيق ؟؟!!! كيف الطريقة ؟؟؟؟,5,2025-05-02 00:00:00,Shop,ecommerce,play_store,"[""app_experience""]","{""app_experience"": ""negative""}"
1221,Very expensive and كود الكراسي على الرصيف شيء غير حضاري رصيف للمشاه يجب الاحتفاظ بالرصيد للغرض الذي انشا منه,2,تاريخ التعديل: قبل شهر,بوترى كافيه,مقهى,google_maps,"[""price"", ""ambiance""]","{""price"": ""negative"", ""ambiance"": ""negative""}"
4957,اناعملت لأولادي وأولاي عمتي وأولاد خالتي ومامتي وبابي والحقيقة ممتازين جدا جدا في كل التخصصات الزراعة وحشو العصب,5,قبل 6 أشهر,عيادات العبد للأسنان,عِيادة أسنان,google_maps,"[""service""]","{""service"": ""positive""}"
7854,ممتاز,5,2026-02-27 00:00:00,Amazon,ecommerce,play_store,"[""general""]","{""general"": ""positive""}"
8339,سئ,1,2024-06-09 00:00:00,Aqarmap,real_estate,play_store,"[""general""]","{""general"": ""negative""}"
8879,التطبيق وحش جداً جداً وكل لما اكون عايزه اعمل حاجه او انزل اغنيه يقولي بفلوس ولو مدفعتش مش هيشتغل وانصحكم محدش ينزلوا,1,2026-01-21 00:00:00,Anghami,entertainment,play_store,"[""app_experience"", ""price""]","{""app_experience"": ""negative"", ""price"": ""negative""}"
1938,"من أسوء المطاعم السورية
اخلاق الموظفين زباله و الاكل سيئ الفراخ فيها زفاره و البطاطس عندهم الكميه قليلله جددداا سواء ساندوتش او طبق و التقييم جاء بعد مده من التجربة في كل مره نفس السلبيات",1,قبل 6 أشهر,تاج الشام TAG ELSHAM RESTAURANT,مطعم مأكولات سورية,google_maps,"[""service"", ""food""]","{""service"": ""negative"", ""food"": ""negative""}"
3926,"كانت معاملتهم كويسه لكن بدأت الحظ تغير الخدمه
لحد اخر طلب ليا
الاكل كان حرفيا ملوش طعم وبعض الوجبات كانت مدلوقه ولما طلبت اغيرها قالوا للاسف الاكل خلص
اخر تعامل",1,قبل 8 ساعات,انديامو,مطعم بيتزا,google_maps,"[""service"", ""food""]","{""service"": ""negative"", ""food"": ""negative""}"
6633,تطبيق جيد جدا مناسب للعوائل العراقية من حيث الأمن و الامان والراحة و كباتن التطبيق متميزين بالخلق الحسن والصبر مع الزبون وخصوصا مع كبار السن والنساء,5,2026-02-18 00:00:00,Careem,transport,play_store,"[""app_experience"", ""service""]","{""app_experience"": ""positive"", ""service"": ""positive""}"
1803,مطعم ذو خدمة عملاء سيئه جدا لا يحترم العميل,1,قبل شهر,مأكولات أبو العز السورى,مطعم مأكولات سورية,google_maps,"[""service""]","{""service"": ""negative""}"
1876,ممتاز جدا واكله حلو جدا,5,قبل 3 أسابيع,ابو انس السوري الدقي,مطعم مأكولات سورية,google_maps,"[""food""]","{""food"": ""positive""}"
2295,"اللي مستغني عن اي حد يروح يوديه المستشفي القذره دي
حسبي الله ونعم الوكيل في دكتور اسامه عبدالمؤمن
بسبب اهماله ماما توفت حسبي الله ونعم الوكيل",1,قبل شهر,المستشفى الجوي التخصصي التجمع الخامس,المستشفى العسكري,google_maps,"[""cleanliness"", ""service""]","{""cleanliness"": ""negative"", ""service"": ""negative""}"
258,"اسوأ تجربة اكل
الأكل اتأخر نص ساعة عن معاده  في رمضان ، و الأكل جاي بارد جداا مايتاكلش على الفطار في ومضان ! و كسفوني قدام ضيوفي و الportions الي مكتوبة في المنيو مش مظبوطة و طلبت انه يشيلو من العرض السوسيس عشان ماحدش بياكله جايبين اكتر حاجة في الصينية السوسيس، عرض مالهوش اي لازمة ١٣٠٠ جنيه في الأرض",1,قبل 8 ساعات,مطعم إبن الشام فرع الرحاب,مطعم مأكولات سورية,google_maps,"[""delivery"", ""food"", ""service"", ""price""]","{""delivery"": ""negative"", ""food"": ""negative"", ""service"": ""negative"", ""price"": ""negative""}"
5261,بصراحة شديدة  ، البطاطس وصلتني طريه جداً وشبه معجنه والاستايل ده من الاكل في العادي بتيجي البطاطس ماسكه نفسها وفيها نسبه قرمشه فرنش فريز يعني ، البرجر اللحم محشي جبن طعمه مش باين ومضيع الطعم خالص وانا اصلاً مطلبش برجر محشي جبن ، فيه جوه السادوتش كرات جبن متزاريلا طعمها مبوظ طعم الساندوتش والتجربه كامله بصراحه ، برجر الدجاج لسه مجربتوش ، خلاف ان المفروض ان الساندوتشات والبطاطس تتعبي في كيس مقفول والبيبسي يكون بره الطلب وكله في كيس لكن فتحت الكيس لقيت الاكل علي البطاطس علي الجلفز علي المناديل علي البيبيسي كله علي بعضه بشكل مستفز ، بصراحه اهمال تغليف  ، خلاف ان التوصيل ٤٥ غالي و كتير جداً بصراحه ، التجربه غير مرضيه  وكنت بأمل انها ترضيني ، انا بكتب مراجعتي عشان انا عجبني المجهود ومراجعات الناس وحابب ان الخدمة تتحسن للي بعدي.,3,قبل 6 أشهر,Ridz ريدز 6 أكتوبر,مطعم وجبات سريعة,google_maps,"[""food"", ""delivery"", ""price"", ""service""]","{""food"": ""negative"", ""delivery"": ""negative"", ""price"": ""negative"", ""service"": ""negative""}"
8242,اهى اعلانات وملهمش دعوة بصدق السعر او العرض,1,2025-09-27 00:00:00,Aqarmap,real_estate,play_store,"[""app_experience"", ""price""]","{""app_experience"": ""negative"", ""price"": ""negative""}"
4443,"جميل جدا اشكر خبيره البشره رحاب تجنن وتعامل راقي
وكمان اشكر اخصائي احمد جميل جدا ورائع عملت عنده كافيار يجنن",5,قبل شهرين,Sand salon,صالون تجميل,google_maps,"[""service""]","{""service"": ""positive""}"
3187,نظيف وجميل وسعره جيد جداً ، يوجد به واي فاي وافطار مجاني .,3,تاريخ التعديل: قبل 5 أشهر,فندق بوتيك النيل,فندق,google_maps,"[""cleanliness"", ""ambiance"", ""price""]","{""cleanliness"": ""positive"", ""ambiance"": ""positive"", ""price"": ""positive""}"
9278,جميلة جدآ ولكن يوجد ملاحضه ان جهازي اندرويد وقائمت المفضلات لا تعمل الا بشتراك وانا ليس لدي مايكفي لكي اشترك. أمل ان تنحل هذه المشكله,5,2026-03-02 00:00:00,Spotify,entertainment,play_store,"[""app_experience""]","{""app_experience"": ""negative""}"
6270,تحت التجربة اعطيني كود خصم واحولها ٥ نجوم,3,2025-10-17 00:00:00,Elmenus,food_delivery,play_store,"[""app_experience"", ""price""]","{""app_experience"": ""neutral"", ""price"": ""negative""}"
9843,ممتاز ومفيد جدا,5,2026-01-14 00:00:00,Booking,travel,play_store,"[""general""]","{""general"": ""positive""}"
5954,قصيت عند ماجدة butterfly cut قصير عجبتني النتيجة جداً والصالون كله رائع وخدماتهم تجنن والموظفات جداً راقيات حبيت المكان بكل تفاصيله,5,قبل سنة,Nora Beauty Salon & Spa,صالون تجميل,google_maps,"[""service"", ""ambiance""]","{""service"": ""positive"", ""ambiance"": ""positive""}"
7786,سيء جدددددددددددددا 👎👎👎👎👎👎👎👎👎👎👎👎👎👎👎👎👎👎,1,2026-03-04 00:00:00,Amazon,ecommerce,play_store,"[""general""]","{""general"": ""negative""}"
8668,روعة,5,2026-03-05 00:00:00,Anghami,entertainment,play_store,"[""general""]","{""general"": ""positive""}"
5623,انصح الجميع بعدم الإشتراك فيه لعدم وجود الأمان به عن تجربه,1,قبل 4 أشهر,H2O GYM Zamalek,صالة رياضة,google_maps,"[""general""]","{""general"": ""negative""}"
8199,برنامج حلو ورهيب هههههههههه نقااااااااط,3,2014-08-23 00:00:00,OLX,ecommerce,play_store,"[""app_experience""]","{""app_experience"": ""positive""}"
4941,جودة القطن ممتازة و الأسعار جيدة,3,قبل 6 أشهر,القاضي وحسين,متجر ملابس,google_maps,"[""price""]","{""price"": ""positive""}"
1619,"طلبت منهم دليفري مرتين
اول مرة الاكل وصل لي بارد غير انهم زودوا سعر التوصيل في نص الطريق
تاني مرة ساندوتش الشاورما كان فيه شعرة طويلة",1,قبل 5 أيام,مطعم الأصيل الدمشقي,مطعم,google_maps,"[""delivery"", ""price"", ""food"", ""cleanliness""]","{""delivery"": ""negative"", ""price"": ""negative"", ""food"": ""negative"", ""cleanliness"": ""negative""}"
2395,"تقييم الاكل من ٥ ⭐️ :
صدور دجاج  ⭐️⭐️⭐️

اجواء المطعم جميله والموظفين خدمتهم ممتازه
طلبت صدور الدجاج بالمشروم كانت الكريمه اكثر من المشروم ومافيه طعم مشروم والدجاج نفسه ماناسبني
الرز والبطاطس المهروسه المصاحبه للطبق لابأس بها",3,قبل شهر,Oldish,مطعم,google_maps,"[""food"", ""ambiance"", ""service""]","{""food"": ""neutral"", ""ambiance"": ""positive"", ""service"": ""positive""}"
5688,آراء مستخدمى الدكاترة لا تعكس آراء موقع الدكاترة أو الفريق العامل به. يتم بذل قصارى الجهد لضمان منع نشر أى اساءة أو هجوم شخصى. للإبلاغ عن أى إساءة.,4,قبل 4 سنوات,المستشفي اليوناني بالقاهرة,مستشفى,google_maps,"[""none""]","{""none"": ""neutral""}"
4180,سييي مره المساج وصخ والكل مشترك واسعار خيالة وصخ مررره مرررره مررره,1,قبل 7 أشهر,نادى الديب الصحى بالقاهرة,غرفة لياقة,google_maps,"[""service"", ""cleanliness"", ""price""]","{""service"": ""negative"", ""cleanliness"": ""negative"", ""price"": ""negative""}"
2928,لوكيشن المطعم عجيب ....للاسف ما جربته طلعت بسبب موضوع نظافة ...يحتاج منهم اهتمام بالنظافة أكثر,3,قبل شهر,قديمو,مطعم,google_maps,"[""ambiance"", ""cleanliness""]","{""ambiance"": ""positive"", ""cleanliness"": ""negative""}"
8768,ياريت اخلوو الاغاني الي تعجبناا من غير نت,3,2026-02-09 00:00:00,Anghami,entertainment,play_store,"[""app_experience""]","{""app_experience"": ""negative""}"
3943,"الأسعار كانت
كشف 500
حشو العصب 4800
طربوش زركون 5200
شكرا لدكتور فادي و دكتوره علياء علي الشغل الرائع",5,قبل 5 أشهر,دكتور فادى رياض,عِيادة أسنان,google_maps,"[""price"", ""service""]","{""price"": ""neutral"", ""service"": ""positive""}"
2490,مكان جميل جدا ونظيف جدا ومشروبات جميله جدا,5,قبل 5 أشهر,Marasy cafe,مقهى,google_maps,"[""ambiance"", ""cleanliness"", ""food""]","{""ambiance"": ""positive"", ""cleanliness"": ""positive"", ""food"": ""positive""}"
1635,احسن مطعم في مصر كلها واكله روعة وجودته رائعة,5,قبل 3 أشهر,مطعم الأصيل الدمشقي,مطعم,google_maps,"[""food""]","{""food"": ""positive""}"
498,مطعم جميل جدا وبالاخص الشباب الموجودين في الضيافة عبدالخالق وهشام وعم صالح  ، شكراً لكم جميعاً,5,الآن,مطعم الدهان,مطعم مأكولات مشوية,google_maps,"[""service""]","{""service"": ""positive""}"
6839,محترم جدا,5,2026-03-13 00:00:00,Uber,transport,play_store,"[""general""]","{""general"": ""positive""}"
8311,حقيقي تطبيق ممتاز وسهل جداً في البحث عن العقارات,5,2024-12-17 00:00:00,Aqarmap,real_estate,play_store,"[""app_experience""]","{""app_experience"": ""positive""}"
5161,"كانت تجربتي في العيادة ممتازة! المكان مريح ونظيف، وفريق الاستقبال لطيف جدًا.
كل خطوة بتتشرح بهدوء وبتخلي الواحد يحس انه مش خايف او قلقان، الفولو اب هايل وبجد مستوي الدكاترة كلهم  احترافي ورائع حقيقي
highly recommended!",5,قبل 3 أشهر,Guarantee Dental Centers - New Cairo Center - مراكز جرانتي لزراعة وتجميل الاسنان - مركز القاهرة الجديدة,عِيادة أسنان,google_maps,"[""ambiance"", ""cleanliness"", ""service""]","{""ambiance"": ""positive"", ""cleanliness"": ""positive"", ""service"": ""positive""}"
5456,"نموذج مميز في جودة الرعاية الصحية وحُسن التعامل، من بداية دخولك للعيادة تجد الروح الطيبة من الجميع بالاضافة لمتابعة وأشراف من مؤسس ورئيس مجلس الإدارة الدكتور: رائد كردي ربي يحفظه أخلاق عاليه ورقي وأحترام بالتعامل وإصرار على وصول الخدمة بما تليق بسمعة العيادة ، وكذلك جميع الأطباء والكادر الإداري والفني على جهودهم المخلصة وحرصهم على راحة المرضى. تجربة راقية تستحق التقدير والاحترام صراحة كل شخص بتقابلوه بالعيادة بتشوفون الاحترام والتقدير ودي أذكرهم واحد واحد  بأسمه بس أخاف أنسى أحد منهم وأظلمهم فالجميع يستحقون الشكر.
مثل عيادة تمازج التخصصية الواحد يروح لها وهو مرتاح دقة بالمواعيد وكفاءة أطباء وكادر وتنسيق ومتابعة وغير كذا والأهم نظافة وجودة عالية يطمئن الواحد وهو رايح🌹",5,قبل 6 أشهر,عيادات تمازج التخصصية ومركز تمازج الجراحي ومختبر تمازج الطبي,عيادة متخصصة,google_maps,"[""service""]","{""service"": ""positive""}"
1243,"نصيحة لمالك هذا المطعم
الاصطاف سيئ الى اقصى درجة
المكان والاكل ممتازين
الاصطاف صوته عالى وبيتخانقوا مع بعضهم امام الزبائن
والله حرام مكان جميل واكل جميل نقطة ضعفه هو الاصطاف",1,قبل شهر,مطعم تبوله,مطعم مأكولات لبنانية,google_maps,"[""service"", ""ambiance"", ""food""]","{""service"": ""negative"", ""ambiance"": ""positive"", ""food"": ""positive""}"
5825,من افضل الاماكن فى التجمع من حيث المقابله والخدمه وحسن الضيافه .. والمأكولات والمشروبات جيده جدااا تجربه ممتازه فعلا,5,قبل 3 أشهر,زيوس التجمع zeus twin plaza,كافيه,google_maps,"[""ambiance"", ""service"", ""food""]","{""ambiance"": ""positive"", ""service"": ""positive"", ""food"": ""positive""}"
3190,اقامه طيبه وتعامل راقي وحريصين على العميل وبوفيه الفطار ممتاز بالذات الموظفين دايما بخدمتك الاستقبال  مريم واحمد وامير قمه بالاحترام ننصح التعامل معاهم بقوه والمطعم حنان,5,قبل 6 أشهر,فندق بوتيك النيل,فندق,google_maps,"[""ambiance"", ""food"", ""service""]","{""ambiance"": ""positive"", ""food"": ""positive"", ""service"": ""positive""}"
9515,فااااااشل فااااااشل ويجو كداااابين حجزت تذكره و كل شويه السعر يزيد ولما دفعت وحجزت بعتولى ايميل أن الرحله اتلغت والفلوس هترجع بعد ٢٠ يووووم ع وكلمت خدمه العملاء يقولى أن الرحله اتلغت علشان فى اختلاف فى السعر من شركه الطيران ودخلت تانى ع نفس الرحله بعدها ب ساعه لقيتها بنفس السعر اللى دفعته حسبي الله ونعم الوكيل فيكم,1,2026-02-09 00:00:00,Wego,travel,play_store,"[""price"", ""service"", ""app_experience""]","{""price"": ""negative"", ""service"": ""negative"", ""app_experience"": ""negative""}"
3974,"منكوا لله الاكل زفت تحسه لحم كلاب او قطط ومن ساعة ما كلت انا وزميلي ف الشغل واحنا بنرجع وصداااع
بجد منكوا لله",1,تاريخ التعديل: قبل سنتين,بيتزا الشيف المبتديان,مطعم بيتزا,google_maps,"[""food""]","{""food"": ""negative""}"
4784,دكتور شاطر جدااا وممتاز  مفيش اى الم اجهزة حديثه وشغل دقيق ونضافه على اعلى مستوى وستاف ممتاز ومواعيد مظبوطه مفيش انتظار حشو عصب على جلسه واحدة ومتابعه بعد الكشف بجد ربنا يباركلك يا دكتور,5,تاريخ التعديل: قبل 5 أشهر,Dr. Yehia Adel - White Pearl Dental Clinic,عِيادة أسنان,google_maps,"[""service"", ""cleanliness""]","{""service"": ""positive"", ""cleanliness"": ""positive""}"
9114,تطبيق مزيان لي الاغاني ومكينه شيتطبيق فحلو,5,2026-03-09 00:00:00,Spotify,entertainment,play_store,"[""app_experience""]","{""app_experience"": ""positive""}"
2479,احسن مكان تكيب منه كل حاجة قماش,5,قبل سنتين,El Wekala . -. براندز,متجر ملابس,google_maps,"[""general""]","{""general"": ""positive""}"
4566,مطعم ممتاز,5,قبل سنتين,مطعم الدمياطي فول وفلافل,مطعم فلافل,google_maps,"[""general""]","{""general"": ""positive""}"
7354,ممتاز,5,2026-03-05 00:00:00,Noon,ecommerce,play_store,"[""general""]","{""general"": ""positive""}"
8249,فيه مشكلة في التطبيق و الموقع مش شغالين,1,2025-07-27 00:00:00,Aqarmap,real_estate,play_store,"[""app_experience""]","{""app_experience"": ""negative""}"
1625,للاسف الفرع اتدهور كا خدمه و اكل ، بقالي اكتر من ٥ سنين بتعامل معاهم و لما تحصل غلطه و يبعتولي الاوردر ناقص يقولولي لا للاسف راجعنا الكاميرات و احنا طلعنا الاوردر كامل ، جايب اوردر ب ٦٠٠ جنيه و هسرق ٤٠ جنيه 👌,1,قبل شهر,مطعم الأصيل الدمشقي,مطعم,google_maps,"[""service"", ""food"", ""delivery""]","{""service"": ""negative"", ""food"": ""negative"", ""delivery"": ""negative""}"
4454,"شغل مريم يجنن وبيرفكت🪷🪷🪷🪷🪷🪷🪷
للامانة الاستاف كله لزيز
عرفت تختار بنت بلدنا مين يشغل عندها🩷🩷🩷🩷🩷🩷🩷🩷🩷🩷🩷🩷🩷🩷",5,قبل شهرين,Sand salon,صالون تجميل,google_maps,"[""service""]","{""service"": ""positive""}"
7186,حلوين مش زى امازون 🤗🤗,5,2026-03-10 00:00:00,Noon,ecommerce,play_store,"[""general""]","{""general"": ""positive""}"
1393,المكان سيى لدرجه فظيعه والاسعااار غاااااااااالى جداااااا على الفاضى,1,قبل شهر,كبابجي,مطعم مأكولات مشوية,google_maps,"[""ambiance"", ""price""]","{""ambiance"": ""negative"", ""price"": ""negative""}"
4117,تجربة مميزة وسعر كويس وموظفين محترمين ، واحب اشكر نور على حسن التعامل.,5,قبل 8 أشهر,Bella Hostel,فندق,google_maps,"[""price"", ""service""]","{""price"": ""positive"", ""service"": ""positive""}"
5337,بصراحة المكان فية حاجات كتير وجميلة بس للاسف العروض غالبا وأهمية ومعملت فروع وسط البلد اللى عند فندق جراند اوتيل مش كويسة,2,قبل 3 سنوات,التالته شمال للملابس الرياضية,متجر ملابس رياضية,google_maps,"[""price"", ""ambiance""]","{""price"": ""negative"", ""ambiance"": ""negative""}"
5106,احلي بيتزا اكلتها في حياتي عن تجربه حقيقيه كمان الخامات المستخدمه سواء في الاكل او التغليف خامات ممتازه اتمني ديما تفضلوا علي نفس المستوي واشوفكم في كل محافظات مصر ❤️❤️❤️,5,قبل 5 أشهر,مستر بيتزا Mr pizza,مطعم بيتزا,google_maps,"[""food""]","{""food"": ""positive""}"
9508,للأسف اسعاركم مرتفعه أبغي اسافر اليوم للقاهره والاقي السعر مرتفع مع أنني دائما أسافر علي اديل بأسعار بين الخمسمائه والستمائه,1,2026-02-10 00:00:00,Wego,travel,play_store,"[""price""]","{""price"": ""negative""}"
4643,مكان نظيف ومرتب وممتاز حتى للعائلات المحترمه واصحاب المكان قمه في الذوق والخدمه الممتازه لكن مواعيد المغادره يشيلوا شنطك يرموها في الاستقبال دون مراعاة لأي ترتيب .. حتى لو كان تأخيرك بسبب ظرف طارئ في الجوازات او المحكمه تخلص امور حكوميه . يطبقولك كل اغراضك فوق بعض ويخرجوا الشنط بكل استهتار وتعامل سيء,3,تاريخ التعديل: قبل 4 أشهر,فندق الياسمين المنيل,فندق,google_maps,"[""cleanliness"", ""ambiance"", ""service""]","{""cleanliness"": ""positive"", ""ambiance"": ""positive"", ""service"": ""negative""}"
1463,مكان جميل وراقي,5,قبل سنتين,AL Guezira Plaza,مطعم,google_maps,"[""ambiance""]","{""ambiance"": ""positive""}"
8121,ليس كل ما تريده موجود برنامج مزعج نوعن ما اتمن ان قامت البحث الفلتر يضيفو فيه خيارات,2,2019-05-09 00:00:00,OLX,ecommerce,play_store,"[""app_experience""]","{""app_experience"": ""negative""}"
1998,السلطه عاديه جدا لاكن الباستا والبيتزا بالترفل لذيذه,5,قبل شهر,Dido's al Dente,مطعم مأكولات إيطالية,google_maps,"[""food""]","{""food"": ""positive""}"
3875,اوسخ مستشفي ممكن تشوفها في حياتك عدم نضافه ووساخه ده غير الحمامات الغرقانه وعدم احترام الدكاتره للمرضي وكميه برود غير طبيعي من الممرضين وإهمال المرضي  انصح اي حد اوعي تروح المستشفي دي,1,قبل 7 أشهر,مستشفى باب الشعرية,مستشفى,google_maps,"[""cleanliness"", ""service""]","{""cleanliness"": ""negative"", ""service"": ""negative""}"
2603,"بيتزا اولاد الحسين تاريخ يتكلم عن نفسه
تأسس عام 1988م
لا يوجد منافس له في الطعم والجوده والسعر
(السيدة زينب مصنع الرجاله) داخلت النصرية",5,تاريخ التعديل: قبل شهر,فطاطرى وبيتزا أولاد الحسين,مطعم بيتزا,google_maps,"[""food"", ""price""]","{""food"": ""positive"", ""price"": ""positive""}"
845,"من أجمل المطاعم السياحية بالقاهرة

نفخر نحن آل خليفة للأعمال المعدنية والمشغولات النحاسية بتوريد أعمال نحاسية للمطعم منذ أكثر من 20 عام",5,قبل أسبوعين,مقهى نجيب محفوظ,مقهى,google_maps,"[""general""]","{""general"": ""positive""}"
3833,سيء جدا والمطعم غير نظيف,1,قبل 5 أشهر,محسن للمشويات,مطعم مأكولات مشوية,google_maps,"[""cleanliness""]","{""cleanliness"": ""negative""}"
4488,عالمى,5,قبل شهر,مطعم الشروق,مطعم فلافل,google_maps,"[""general""]","{""general"": ""positive""}"
5267,اكل حلو واسعار مناسبة بصراحة والبيف جامد وخدمة حلوة,5,قبل 7 أشهر,Ridz ريدز 6 أكتوبر,مطعم وجبات سريعة,google_maps,"[""food"", ""price"", ""service""]","{""food"": ""positive"", ""price"": ""positive"", ""service"": ""positive""}"
289,"الاكل سىء و البامية حمضانه و اسهال و ترجيع انا و اصحابى بعد الاكل
و حاجه تقرف ربنا يسامحكم NOT RECOMMENDED",1,قبل يوم واحد,حضرموت عنتر فرع القاهرة الجديدة,مطعم مأكولات مشوية,google_maps,"[""food""]","{""food"": ""negative""}"
612,"مكان جميل جدا ومناسب للعائلات
والأكل كان تحفة والأجواء ممتازة
والاصطف جميل والكابتن الموجود محترم وذوق جدا",5,قبل أسبوع,Princess Café & Restaurant,مقهى,google_maps,"[""ambiance"", ""food"", ""service""]","{""ambiance"": ""positive"", ""food"": ""positive"", ""service"": ""positive""}"
7247,اه,4,2026-03-08 00:00:00,Noon,ecommerce,play_store,"[""general""]","{""general"": ""positive""}"
6480,ليه الرسائل كلها باللغة الإنجليزية نحن مصريون,2,2023-10-30 00:00:00,Elmenus,food_delivery,play_store,"[""app_experience""]","{""app_experience"": ""negative""}"
1805,ماشاء الله تبارك الرحمن حلو خالص جات عندي امي من المغرب عجبها كثير وسرفيس كويس خالص,5,قبل شهر,اندريا ممفيس المعادي - Andrea Memphis El Maadi,مطعم,google_maps,"[""food"", ""service""]","{""food"": ""positive"", ""service"": ""positive""}"
5124,تعاملهم جميل و شي مرتب الملوخيه عندهم لذيذه مره حبيتها و الابتسامه ع وجيهم خدمه جميله شكرا لكم استمتعنا,5,قبل سنتين,papa cafe & resturant,مطعم,google_maps,"[""service"", ""food"", ""ambiance""]","{""service"": ""positive"", ""food"": ""positive"", ""ambiance"": ""positive""}"
5518,دكتوره اميره انسانه محترمه جدااااااااااااااااا وممتازه ومش بتبالغ اطلاقا في اي شئ وبتعمل للمريض اللي محتاجه بالظبط بدون مغالاة في اي شئ من احسن الناس اللي الواحد اتعامل معاهم بجد,5,قبل شهرين,Dr.Amira Lashin - Dental Clinic,عِيادة أسنان,google_maps,"[""service"", ""price""]","{""service"": ""positive"", ""price"": ""positive""}"
293,ضجيج غير مناسب للاكل,3,قبل 3 أيام,حضرموت عنتر فرع القاهرة الجديدة,مطعم مأكولات مشوية,google_maps,"[""ambiance""]","{""ambiance"": ""negative""}"
2027,المطعم يشوه صورة الاكل الخليجي 😑,1,قبل 9 أشهر,مطعم ريدان,مطعم أطباق اللحوم,google_maps,"[""food""]","{""food"": ""negative""}"
7203,موقع نصاب اشترت منه طلبيه ب٢٧٩وتم الغائها بدون علمي ولما طلبت المبلغ قالي بنرفع طلب مرتين ولم يتم استراداد المبلغ وكدبو وفالو تم تحويل المبلغ والبنك لم يتم تحويل اي مبلغ موقع نصاب ويقفل الموقع عشان متعرفش تكلمهم احذرو اقسم بالله ماقلته صدق,1,2026-03-09 00:00:00,Noon,ecommerce,play_store,"[""service"", ""app_experience""]","{""service"": ""negative"", ""app_experience"": ""negative""}"
7781,طالما دفعت اون لاين يبقى مندوب التوصيل بيرمي الطرد لأي حد من غير ما يتأكد من هويته رغم ان خدمة العملاء سريعة الاستجابة والفلوس مش بتضيع عليك ولكن حلني وتعد تستنى الفلوس ترجع لمدة أسبوعين أو المنتج يجيلك بعد ١٠ ايام تاني واحتمال يرجع وماتستلمش حجاة وللعلم الكلام ده اتكرر اكتر من مرة,1,2026-03-05 00:00:00,Amazon,ecommerce,play_store,"[""delivery"", ""service"", ""app_experience""]","{""delivery"": ""negative"", ""service"": ""positive"", ""app_experience"": ""negative""}"
1534,"تعديل: حصل معي موقف غير جيد في رمضان مع أحد الموظفين لذلك كتبت التعديل السابق.
بعد ذلك تواصل معي مدير المطعم الأستاذ محمد طنطاوي وقدم اعتذاراً واضحاً ومحترماً وتم قبول الاعتذار.
أنا من الزبائن الدائمين للمطعم والطعام فعلاً ممتاز والكميات والأسعار جيدة.
أتمنى فقط تحسين طريقة التعامل مع الزبائن لأن المكان يستحق أن يكون من أفضل المطاعم

تعديل في رمضان كانت المعاملة سيئة جدا ويستحقو ينزلو من ٥
نجوم لنجمة واحدة بسبب المدير محمد طنطاوي ومساعده الكابتن نور

افضل مطعم في مصر من غير مبالغة
الطعم ممتاز و٩٥٪؜ من الاوقات زي ماهو
الكميات ممتازة
الاسعار ممتازة
ربنا يباركلكم انتو بتعملو كل حاجة صح",4,تاريخ التعديل: قبل 7 ساعات,مطعم واحة اليمن - فرع الشيخ زايد,مطعم يمني,google_maps,"[""service"", ""food"", ""price""]","{""service"": ""positive"", ""food"": ""positive"", ""price"": ""positive""}"
6797,عندما اصل الى بلد اخر لم أستطيع الدخول مرة ثانية إلى البرنامج .. يجب حل المشكلة.. واضافة اي اجور متاخرة على المشوار الجاي...,5,2026-01-26 00:00:00,Careem,transport,play_store,"[""app_experience""]","{""app_experience"": ""negative""}"
4441,اشكر فريق عمل الصالون على حسن التعامل والاستقبال بصراحه انا جايه من السعوديه واول مره اروح لصالون بالقاهره مرره انبسطت من التعامل والخدمه وراح اعتمده باذن الله والف شكر للأخصائيه رولا يدها خفيفه وبأحترافيه طلعت من عندها وشعري احلى من الحلو 💗,5,قبل شهرين,Sand salon,صالون تجميل,google_maps,"[""service""]","{""service"": ""positive""}"
919,"تجربتي في رمضان
الاكل متوسط بس المشكلة الكبيرة في طريقة الحجز والطلبات
الحجز بياخد اسبوع تقريبا ومن المطعم نفسه خدمة التليفون لسة وصلتش عندهم
وفيه طلبات معينة في المينيو متاحة بس مفيش وجبات لازم تطلب كل حاجة مشروب وحلو وشوربة وطبق رئيسي",3,قبل 3 أيام,مطعم الدهان,مطعم,google_maps,"[""food"", ""service""]","{""food"": ""neutral"", ""service"": ""negative""}"
9397,تجربة سيئة السبب/ قامت الخطوط بإلغاء الرحلة وتواصلنا مع ويقو ولم يردوا علينا وشركة الطيران لم تتفاعل معنا لذلك هذا آخر تعامل مع ويغو التحديث الأخير مع شركة الطيران أنهم أعادوا المبلغ في ٤ مارس لتطبيق ويجو وإلى اليوم ١٢ مارس تطبيق ويقو لا يردون وكذلك لم يعيدوا المبلغ. وكل ما أرسلنا للتطبيق أفادوا بأنهم مضغوطين وفي نفس الوقت لو أردت تحجز من جديد تجدهم غير مضغوطين شيء مضحك مبكي مواقع الكفار أكثر أمانة من المسلمين حسبي الله عليكم شركة وموظفين,1,2026-03-12 00:00:00,Wego,travel,play_store,"[""service"", ""app_experience"", ""price""]","{""service"": ""negative"", ""app_experience"": ""negative"", ""price"": ""negative""}"
9523,الموظف حسين موسي ممكن أقول علي تقيمي الشخصي ليه انه من احسن ٣ اشخاص خدمة عملاء علي مستوي العالم ب خبرة التجارب ف قمة الذوق والدقه والاحترام ف العمل,5,2026-02-06 00:00:00,Wego,travel,play_store,"[""service""]","{""service"": ""positive""}"
2763,اجواء جميلة خدمة ممتازة اكل لذيذ طلبنا الشرقي والأبيض مع الفطر والصصيج وخضار مشكلة وسلة الخبز .السعر معقول جدا .,5,قبل شهر,Bistro Paris - Maadi,مطعم مأكولات فرنسية,google_maps,"[""ambiance"", ""service"", ""food"", ""price""]","{""ambiance"": ""positive"", ""service"": ""positive"", ""food"": ""positive"", ""price"": ""positive""}"
1482,"El akl kan helw awii
❤️❤️ و تسنيم سعيد تعبت معانا بجد",5,قبل يومين (2),Vinny's Pizza,مطعم بيتزا,google_maps,"[""food"", ""service""]","{""food"": ""positive"", ""service"": ""positive""}"
5388,بصراحه مدير العياده شخص محترم جدا و الدكتور كان صبور و مهتم جدا بكل تفصيله و عاوز يعمل كل حاجه على أكمل وجه و مظبوطه و المساعد كان زوق جدا جدا جدا,5,قبل أسبوعين,Sennaty dental clinics,عِيادة أسنان,google_maps,"[""service""]","{""service"": ""positive""}"
8245,لا يمكن تسجيل اعلان,1,2025-09-15 00:00:00,Aqarmap,real_estate,play_store,"[""app_experience""]","{""app_experience"": ""negative""}"
1268,اسعار تمام اكل تمام خدمه سيئه و بطيئه,4,قبل 4 أيام,فول وحيد العظيم,مطعم للإفطار,google_maps,"[""price"", ""food"", ""service""]","{""price"": ""positive"", ""food"": ""positive"", ""service"": ""negative""}"
9794,"Ik heb via jullie geboekt, maar heb de kamersleutels niet ontvangen en het geld is niet terugbetaald, dus ik heb verder geen zaken met jullie gedaan.موقع سيئ جدا واذا صار معاك مشكلة صعب تتواصل معهم لذلك انصح بمدم التعامل معهم",1,2026-01-29 00:00:00,Booking,travel,play_store,"[""service"", ""app_experience""]","{""service"": ""negative"", ""app_experience"": ""negative""}"
8332,اسوء برنامج كله أخطأ وعيوب و مستفز لاقصى درجة اكيد اللى صممة سباك فاشل,1,2024-08-04 00:00:00,Aqarmap,real_estate,play_store,"[""app_experience""]","{""app_experience"": ""negative""}"
7485,بالنسبة لعملية الشراء كانت مطابقة وجودة مثل ماهي معروضة بالفعل. ومتابعة الطرد والاستلام جد مستحسنة ولكن! فكرة منع فحص محتوى طردك والتأكد منو قبل لا تخلص... فجد جد سيئة وما قالها لا ربي لا شرعو. تشري بدراهمك المفروض تفحض الطرد... بلاك مش مطابق..بلاك ما يعجبنيش. كيفاه تخلص حاجة ماكش عارف واش فيها.. وبعدا تقولي اديه للدار وتقدر ترجعو بعدين!!! زعما وش المعنى؟؟؟؟ خايف تخسر من سعر الايصال... ياخويا دير قاعدة انو تخلص ديمل مثلا ولا نصف ثمن التوصيل..باه تفيريفي باكاج تاعك وخلاص... مي تشري وتخلص بلا ما,2,2026-02-06 00:00:00,Jumia,ecommerce,play_store,"[""delivery"", ""app_experience"", ""price""]","{""delivery"": ""positive"", ""app_experience"": ""negative"", ""price"": ""negative""}"
2518,ماشاء الله محترم ناس فاهمة شغلها,5,قبل أسبوعين,بلبع فرع الشيخ زايد طريق الاوسطى,مطعم,google_maps,"[""service""]","{""service"": ""positive""}"
6429,خدمة زي الزفت وبيأخرو الاوردر ومش بيحدثو الأسعار,1,2024-02-14 00:00:00,Elmenus,food_delivery,play_store,"[""service"", ""delivery"", ""price""]","{""service"": ""negative"", ""delivery"": ""negative"", ""price"": ""negative""}"
5976,مكان محترم و بجد بعد فضل ربنا كانوا هما والله في شفاء والدي,5,قبل شهرين,مجمع عيادات الرحاب التخصصي | MR Polyclinics,مركز طبي,google_maps,"[""general""]","{""general"": ""positive""}"
3801,احلي مكان باكل من عنده مشويات من سنين الريش والطرب من اجمل ما يمكن,5,قبل شهر,حاتى أبو خالد,مطعم مأكولات مشوية,google_maps,"[""food"", ""ambiance""]","{""food"": ""positive"", ""ambiance"": ""positive""}"
8425,التطبيق ما بيفتحش بقاله كام يوم!,3,2023-05-06 00:00:00,Aqarmap,real_estate,play_store,"[""app_experience""]","{""app_experience"": ""negative""}"
3332,ماريان اقوااااا وحده والله ضبطت الهايلايت مثل ما أبي وشغلها نظيف وحلال فيها كل جنيه وتعامل طيب 🥰 واشكر بعد يقين ما قصرت احلى سودانيه بأم الدنيااا ❤️,5,قبل شهر,ZOEYA Beauty Lounge (New Cairo),صالون تجميل,google_maps,"[""service"", ""price""]","{""service"": ""positive"", ""price"": ""positive""}"
4996,Poor,2,قبل سنتين,كازارى,متجر ملابس رجالي,google_maps,"[""general""]","{""general"": ""negative""}"
7217,كووووووويس جدا,5,2026-03-09 00:00:00,Noon,ecommerce,play_store,"[""general""]","{""general"": ""positive""}"
756,اكل رائع ومكان روعة النادل سيف احسن sirves❤️,5,قبل شهر,بيت ورد,مطعم مأكولات لبنانية,google_maps,"[""food"", ""ambiance"", ""service""]","{""food"": ""positive"", ""ambiance"": ""positive"", ""service"": ""positive""}"
9651,لا انصح به لا يوجد تذاكر طيران,1,2025-12-29 00:00:00,Wego,travel,play_store,"[""app_experience""]","{""app_experience"": ""negative""}"
8456,عند اختيار اعلن عن عقارك يخرج المستخدم من التطبيق ولا يستطيع إضافة اعلان,1,2022-10-09 00:00:00,Aqarmap,real_estate,play_store,"[""app_experience""]","{""app_experience"": ""negative""}"
5917,للأسف لم يلتزموا باتفاقهم مع صديقي,2,قبل 3 سنوات,mkm للملابس الجاهزة بالجمله,متجر ملابس,google_maps,"[""service""]","{""service"": ""negative""}"
8066,عمركم اللهم حبيبكم ورحكم,5,2022-12-18 00:00:00,Shop,ecommerce,play_store,"[""none""]","{""none"": ""neutral""}"
3607,الاكل سيئ جدا وللفراخ بايتة ومتسخنة والبطاطس ناشفة وبايتة والفراخ الكرسبى طرية وطعمها وحش جدا ، بجد اسوأ اكل سورى كلته فحياتى,1,قبل 7 أشهر,ابوحسن السوري,مطعم شاورما,google_maps,"[""food""]","{""food"": ""negative""}"
6167,بس الارقام الذي تأتي من البعض يأتي لا يكن رقم واتس بل إنه رقم فون,5,قبل سنة,صيدلية ولى العهد,صيدلية,google_maps,"[""app_experience""]","{""app_experience"": ""negative""}"
9629,جيد جدا جدا جدا,5,2026-01-06 00:00:00,Wego,travel,play_store,"[""general""]","{""general"": ""positive""}"
2099,سيئة جدا جدا ، طلبت فطيرة سجق مشوح وتعملة عادي جدا الاسوأ بطني وجعتني الي غاية صباح الغد ، مطعم سيئ جدا اسم علي الفاضي ، اي حد قولونه حساس ابعد عنه خالص,1,قبل 7 أشهر,بيتزا السلطان التجمع الخامس,مطعم بيتزا,google_maps,"[""food""]","{""food"": ""negative""}"
7925,جيده,5,2026-02-19 00:00:00,Amazon,ecommerce,play_store,"[""general""]","{""general"": ""positive""}"
2502,فندق هادي وأمن جداخاصة للعائلات,5,قبل شهرين,فندق انديانا,فندق,google_maps,"[""ambiance""]","{""ambiance"": ""positive""}"
6474,تجربه وحشه جدا للاسف الطيار سىء ومش عارف شغله طلبت الاوردر الساعه ٢ونص وجالي الساعه ٥ والمطعم كان مجهز الاوردر من بدري ولما اتواصلت مع خدمه العملاء كلموه وجالي بعدها بساعه والأكل جاي متسخن كذا مره تجربه سيئه جدااااااااااااااا ومش هتتكرر,1,2023-11-15 00:00:00,Elmenus,food_delivery,play_store,"[""delivery"", ""service"", ""food""]","{""delivery"": ""negative"", ""service"": ""negative"", ""food"": ""negative""}"
3792,أسوأ مكان ممكن حد يروح...الستف قليل الادب والناس ال في الإدارة قليله الذوق..منصحش حد بية شكل علي الفاضي,1,قبل 4 أشهر,Your Gym Ladies - New Cairo,صالة رياضة,google_maps,"[""service""]","{""service"": ""negative""}"
9326,التحديث كويس و بيقدم اغاني بأعلى جوده بس ده ميسمحليش اني اكون محتاج اسمع اغنيه معينه و يطلب مني دفع رغم اني بسمعها كذا مره انا لسا مكتشف الكلام ده فيريت تحلوا المشكله دي لان انا مش مجبر اني اشترك في spotify premium 😢,2,2026-02-28 00:00:00,Spotify,entertainment,play_store,"[""app_experience"", ""price""]","{""app_experience"": ""neutral"", ""price"": ""negative""}"
9447,ممتاز ماشاء الله يفي بالغرض ويبحث عن رحلاتنا المطلوبة,5,2026-02-28 00:00:00,Wego,travel,play_store,"[""app_experience""]","{""app_experience"": ""positive""}"
5072,من افضل العيادات ماشاءالله تبارك الرحمن انا جايتهم من السعودية ويستاهلون نتعنى لهم الدكتور طارق احمد شاطر جدا ويعطينا الكثير والكثير من وقته واحب اشكر البنات اللي بالاستقبال شهد وفاتن الله يسعدهم تعامل راقي لابعد درجة انا مستعدة ارجع مليون مره عشانهم وعشان اخلاقهم العالية ♥️♥️♥️♥️♥️♥️,5,قبل شهر,عيادات الفارابي - Al- Farabi Clinics,طبيب أسنان,google_maps,"[""service"", ""ambiance""]","{""service"": ""positive"", ""ambiance"": ""positive""}"
6043,"الموقع على شارع مزدحم. الخدمة دون المتوسط. المشروبات دون المتوسط (قهوة وكابتشينو). مستوى النظافة كذلك دون المتوسط.
 
 لا أنصح بتجربته.
 بالمناسبة: أنا لا أدخن، ولم أجلس في مكان التكييف.",3,قبل سنتين,Cafe Cacao,كافيه,google_maps,"[""ambiance"", ""service"", ""cleanliness"", ""food""]","{""ambiance"": ""negative"", ""service"": ""negative"", ""cleanliness"": ""negative"", ""food"": ""negative""}"
5224,مساحته كبيرة وواسع ومش زحمة في الوقت الي رحته كان ١١ بالليل,3,قبل شهرين,Life Gym,صالة رياضة,google_maps,"[""ambiance""]","{""ambiance"": ""positive""}"
4678,دكتور شاطر ويسمع شكوي الي الاخر,5,قبل شهر,Misr Modern Clinics عيادات مصر الحديثه ( فرع مصدق ),مركز طبي,google_maps,"[""service""]","{""service"": ""positive""}"
351,زحام واستغلال وارقام فلكية للكشف ودكاترة خارج نطاق الإنسانية وأسلوب سباكين منهم تجربة منذ يومين مع المدعو محمد شعبان واحضرت له تحاليل واشعات ولم يكلف خاطره بالنظر فيها واوهمني بعملية سريعة جدا لخطورة الحالة والكشف ياسادة 800ج في ساحة انتظار تعج بالمرضى في مساحات ضيقة للعيادات الخارجية غير آدمية نصيحة لاي مريض عدم الذهاب لهؤلاء الجزارين,1,قبل 3 أسابيع,مستشفى السلام الدولى,مستشفى,google_maps,"[""service"", ""price"", ""cleanliness"", ""ambiance""]","{""service"": ""negative"", ""price"": ""negative"", ""cleanliness"": ""negative"", ""ambiance"": ""negative""}"
3282,قعدة حلوة وفي بلايستيشن كمان، المشاريب معقولة وفي حوالين القهوة مطاعم كتير.. بس مفيش ڤيزا وهي دي المشكلة بس,3,قبل شهر,ولعة كافية,مقهى,google_maps,"[""ambiance"", ""price"", ""service""]","{""ambiance"": ""positive"", ""price"": ""positive"", ""service"": ""negative""}"
5815,من افضل الاماكن مكان راقي وعائلي ومناسب لكل الفئات,5,قبل شهرين,زيوس التجمع zeus twin plaza,كافيه,google_maps,"[""ambiance""]","{""ambiance"": ""positive""}"
9817,مكان ممتاز جدا وجديد ومرتب ونظيف استقبال 24 ساعه كل الخدمات قريبه من الفندق,5,2026-01-23 00:00:00,Booking,travel,play_store,"[""ambiance"", ""cleanliness"", ""service""]","{""ambiance"": ""positive"", ""cleanliness"": ""positive"", ""service"": ""positive""}"
5615,"من اوحش الصيدليات ال ممكن اى حد يتعامل معاها
 طلبت امبارح دواء من الساعه ١ الا عشره لحد ٣ ونص وفى الاخر كلمين بيقولى انه مش هيعرف يجى وان ممكن الاوردر يوصلنى فى الشفت الصباحى الساعه ٧ الصبح",1,قبل 11 شهرًا,صيدليات مصر - فرع التجمع الخامس,صيدلية,google_maps,"[""delivery"", ""service""]","{""delivery"": ""negative"", ""service"": ""negative""}"
6182,عياده د. خلود ماشاء الله، شاطره جدا ربنا يبارك فيها,5,قبل سنتين,The Clinic,مركز طبي,google_maps,"[""general""]","{""general"": ""positive""}"
2168,"حلو مش وحش، بس لما طلبت إكسترا تشيز حسيت أن البيتزا حادقة بزيادة، لكن مش عارف بسبب الجبنة ولا العجينة نفسها.
 بس عموماً الأكل حلو وسعره مناسب، عشان كدا بزور المكان من وقت للتاني.",5,تاريخ التعديل: قبل 8 أشهر,فطائر و بيتزا المهندسين,مطعم بيتزا,google_maps,"[""food"", ""price""]","{""food"": ""positive"", ""price"": ""positive""}"
3200,الف مليون شكر لمستشفى الجنزوري على حسن الاستقبال والمعاملة الحسنة وجميع الدكاتره واخص بالذكر العلاقات العامة الاستاذ محمد فوزي والاستاذ عمر سالم طه وجميع العاملين العلاقات العامة على حسن تعاونهما معى وجميع العاملين بالمستشفى وجميع طقم التمريض على حسن تعاونهما معى ابنى يوسف اسلام محمد سعيد,5,قبل شهرين,مستشفى الجنزوري التخصصي,مستشفى,google_maps,"[""service""]","{""service"": ""positive""}"
5617,ومفيش اي ضمبر ولا انصح بالتعامل اسوء خذمه عملاء واسوء تعامل,1,قبل سنة,صيدليات مصر - فرع التجمع الخامس,صيدلية,google_maps,"[""service""]","{""service"": ""negative""}"
5686,"الريسبشن و التمريض فى قسم العيادات الخارجية
 منتهى قلة الذوق و عدم الاحترام
 و و تعامل سئ سئ سئ
 
 الدكتور كان محترم
 بس افعلا اسوء حاجة هناك خدمة الريسبشن و التمريض
 مش عارف ازاى فى بجاحة و قلة اداب و عدم احترام و قلة ذوق و تخلف و اسلوب غير مهنى تماما فى التحدث و اللباقة دول يصلحو يشتغلو على عربية كبدة او كشرى مش مستشفى نهائى",1,قبل 3 سنوات,المستشفي اليوناني بالقاهرة,مستشفى,google_maps,"[""service""]","{""service"": ""negative""}"
5571,"بصراحة و بكل وضوح و يشهد عليا ربنا أنا بالصدفة كنت في القاهرة و عاوز اعمل تنظيف أسنان قبل السفر لأستراليا و عملت بحث و طلعلي عيادة الدكتور سرور اتصلت و الحمد لله دكتور يوسف وافق يديني ميعاد في نفس الوقت بصراحة وصلت و بجد استقبال دكتور يوسف حاجة جميلة يخلي المريض بجد يكون مرتاح و ميفكرش مرتين في اي حاجة الدكتور هيقولوا او يرجحها ليا ،، بصراحة عملت تنظيف حاجة جميلة جدا جدا جدا أنا و اختي و بعدين الدكتور يوسف رجح اعمل إشاعة بعد ما شاف عندي كام حاجة تسوس خفيف و بالفعل طلع في خراج و بالصدفة دكتور يوسف قالي دكتور كريم اخصائي اعصاب موجود في مصر و و دكتور كريم كمان دكتور بشوش و محترم اووووي بجد قالي علي الخطورة الل ممكن نواجهها و بصراحة بس من كلامو وثقت فيه و اخدت القرار و سبحان الله خلصنا العصب و التنظيف للعصب و الحشو بدون اي مخاطر بجد بجد بجد أنا في العادي مش بعمل تعليق كتير علي حد و لو عملت مش بكتب كتير بس بجد يستحقو اكتر من كدة و بجد شخصيات فوق الوصف و التقدير و الدكتور يوسف بصراحة شاطر جدا جدا و طريقتو و معاملتو معايا مريحة جدا تخليك ما تفكر باي حاجة خالص بجد أنا من الإسماعيلية و كل اجازة كنت اعمل شغل الأسنان بالإسماعيلية بس من بعد تجربتي مع دكتور كريم و دكتور يوسف كل مرة انزل اجازة مش هعرف اروح لاي دكتور أسنان تاني خالص بجد
 أنا بجد بشكركم جدا انتو و طاقم العيادة كلو من الاستقبال لآخر مرحلة و ربنا دايما يوفقو و دايما في نجاح",5,قبل شهر,Souror Dental Clinic,عِيادة أسنان,google_maps,"[""service""]","{""service"": ""positive""}"
4350,احلى صالون ممكن تعملو شعركم عنده اكثر واحد فنان في القص جوزيف رهيب جدًا فيه صالون رحته في القاهرة خرب لي شعري زبط لي القصة بطريقة رهيبة … شكرا جوزيف 🩷,5,قبل 3 أشهر,Bella salon zamalek,صالون تجميل,google_maps,"[""service""]","{""service"": ""positive""}"
7935,تجربه وحشه جدا الطلبات مش بتوصل و الفلوس بتروح عليك منصحش حد يستخدمه ابدا,1,2026-02-18 00:00:00,Amazon,ecommerce,play_store,"[""delivery"", ""price""]","{""delivery"": ""negative"", ""price"": ""negative""}"
3278,مش احسن حاجه دا مكان للرجال الأعمال فقط لا يصلح للتجمعات العائليه أو الأصدقاء,2,قبل سنة,Eureka Cafe & Restaurant.,مطعم,google_maps,"[""ambiance""]","{""ambiance"": ""negative""}"
9339,كويس جدا انصح به,5,2026-02-28 00:00:00,Spotify,entertainment,play_store,"[""general""]","{""general"": ""positive""}"
8784,حبيته بس اتذكرو الأغاني حرام 🙂 الله يتوب علينا وعليكم,5,2026-02-07 00:00:00,Anghami,entertainment,play_store,"[""general""]","{""general"": ""positive""}"
6434,اسوأ تطبيق..اسوأ سائقي دليڤري ، اسوأ دعم..وعدم تنوع في المطاعم وارتفاع اسعار التوصيل,1,2024-01-28 00:00:00,Elmenus,food_delivery,play_store,"[""app_experience"", ""delivery"", ""service"", ""food"", ""price""]","{""app_experience"": ""negative"", ""delivery"": ""negative"", ""service"": ""negative"", ""food"": ""negative"", ""price"": ""negative""}"
4904,جيم جميل مساحة كبيرة متنوع ميكس لذيذ مكان أكثر من رائع لتدريب وحمل اثقال وتدريب علي الرقص جاكوسى راحة نفسية,5,قبل 3 أشهر,Edgefit Gym,صالة رياضة,google_maps,"[""ambiance""]","{""ambiance"": ""positive""}"
7384,ممتاز,5,2026-03-10 00:00:00,Jumia,ecommerce,play_store,"[""general""]","{""general"": ""positive""}"
9384,تطبيق حلو جدا بس فيه مشكله لو انت مش مشترك فى prumuim هتجيلك اعلانات كتير,5,2026-02-26 00:00:00,Spotify,entertainment,play_store,"[""app_experience""]","{""app_experience"": ""neutral""}"
6569,السعر بالتطبيق شيء والكابتين ياخذ شيء ثاني حتى لو الفرق ريال,3,2026-03-01 00:00:00,Careem,transport,play_store,"[""price"", ""app_experience"", ""service""]","{""price"": ""negative"", ""app_experience"": ""negative"", ""service"": ""negative""}"
5397,"لم اكن اعرف العيادة دخلت على جوجل وشفت اقرب عيادة للسكن شفت تعليق للاخ منصور العنزي جزاه الله خيرا صاحب امانة - وبما اني جاي من السعودية - توكلت على الله وزرتها - عملت لزوجتي تركيب ٥ اسنان - وعملت ٨ حشوات لي انا - اللي شفته بالعيادة والله على ما اقول شهيد - ادب احترام و اهتمام اخلاق في كل شيء شغل نظيف مقابل اسعار جداً جداً مناسبة - الله يوسع عليهم من واسع فضله - شكراً من القلب لجميع طاقم العمل بقيادة الاستاذ مصطفى
 علماً اني وصيت عليهم اقارب جاءوا من لندن وشكروني على العيادة وطاقمها
 اوصي عليهم و بشدة",5,قبل شهرين,Sennaty dental clinics,عِيادة أسنان,google_maps,"[""service"", ""cleanliness"", ""price""]","{""service"": ""positive"", ""cleanliness"": ""positive"", ""price"": ""positive""}"
4068,"شكر خاص من مرافق المريض بغرفه 7009 بالدور السابع
 اشكر الساده هيئه التمريض بالدور السابع ورئيستهم شكر خاص علي انسانيتهم لم يتركوني من قبل العمليه لحين انتهائي من العمليات واهتمام بعد العمليات والأطباء وبالأخص دكتور محمد السيد دكتور الجراحه
 وشكر خاص بالفندقه",5,قبل 6 أشهر,مستشفى القاهرة الجديدة,مستشفى,google_maps,"[""service"", ""ambiance""]","{""service"": ""positive"", ""ambiance"": ""positive""}"
4771,"خدمة ممتازة
 دكتور يحيى متميز ما شاء الله
 ربنا يجازيكم خير",5,قبل 5 ساعات,Dr. Yehia Adel - White Pearl Dental Clinic,عِيادة أسنان,google_maps,"[""service""]","{""service"": ""positive""}"
1818,كان يوم حلو قوى النهارده قضيته مع صحابى والفقرات والعاملين والخدمه تحفه بجد شكرا لكل العاملين,5,قبل شهر,اندريا ممفيس المعادي - Andrea Memphis El Maadi,مطعم,google_maps,"[""service"", ""ambiance""]","{""service"": ""positive"", ""ambiance"": ""positive""}"
2528,"الشيشه كانت تحفه ووفتحي كان خدوم و لذيذ اوي و مستر عبد الكريم محترم و خدوم
 المكان تحفه",5,قبل يوم واحد,صاحب السعاده فرع التجمع,كافيه,google_maps,"[""service"", ""ambiance""]","{ ""service"": ""positive"", ""ambiance"": ""positive""}"
3998,تجربة زفت، ناس تعبانة في دماغها ومنتجات زبالة الالوان بتبهت من أول لبسة,1,قبل 5 أشهر,جولدن مان هاوس,متجر ملابس,google_maps,"[""service""]","{""service"": ""negative""}"
3010,خدمه اكثر من رائعه روحو عند إسراء وانتو مغمضين,5,قبل شهرين,Malika and Mo Nails Salon,صالون عناية بالأظافر,google_maps,"[""service""]","{""service"": ""positive""}"
1915,المشويات مقبولة بس الفريد تشكين تعبانه ، الخدمة تعبانه اوي و الطلبات بتنزل بعشوائية و متاخرة,4,قبل 3 أشهر,مطعم الخديوي أكتوبر,مطعم,google_maps,"[ ""food"", ""service""]","{""food"": ""negative"", ""service"": ""negative""}"
1358,"خدمه بطيئه و سيئه جدا .. مفيش اهتمام و زحمه و ماشيه كوسه
 لو عاوز تتبهدل روح",1,قبل أسبوعين,مطعم عبد الله بشندي,مطعم فلافل,google_maps,"[""service"", ""ambiance""]","{""service"": ""negative"", ""ambiance"": ""negative""}"
9891,الحمدالله,4,2025-12-28 00:00:00,Booking,travel,play_store,"[""none""]","{""none"": ""neutral""}"
6492,صحه صحه صحه اعمال اعمالث٣٣٢٢ ٣٢صصحه صب صب مرحبا كيفك وكيف وكيف وكيف ٣٢٣٤١٢٢٣س٣صس٣٣ص٣ ٣م ٣م ٣م ٣م ٣م ٣م من ٣س٣٢٣٣٣ث٣س٣ثسص٢ ٣ صحه ٢٣٢٣٣ ص ٣٣ض,5,2023-10-11 00:00:00,Elmenus,food_delivery,play_store,"[""none""]","{""none"": ""neutral""}"
6103,احلي كفته وفراخ مشويه في اكتوبر,5,قبل 7 أشهر,مطعم البيت بيتك,مطعم مأكولات مشوية,google_maps,"[""food""]","{""food"": ""positive""}"
21,مش زي الاول خالص الأول كان احسن بكتير,1,قبل يومين (2),مطعم صبحي كابر,مطعم مأكولات مصرية,google_maps,"[""general""]","{""general"": ""negative""}"
2507,"للأسف، تجربتي في فندق إنديانا تُعد من أسوأ التجارب الفندقية التي مررت بها على الإطلاق، وربما الأسوأ دون مبالغة.
 رغم أن العاملين في الفندق كانوا محترمين ومتعاونين قدر الإمكان، إلا أن ذلك لا يمكنه بأي شكل من الأشكال تعويض الحالة المزرية والمخزية التي وصل إليها الفندق.
 
 الفندق قديم جدًا، مهمل بشكل واضح، ويعاني من مستوى نظافة متدنٍ للغاية لدرجة تجعله غير صالح للإقامة البشرية. الأوساخ منتشرة في كل مكان، والرائحة كريهة، وكل شيء يبدو مهترئًا ومستهلكًا منذ سنوات دون أي صيانة أو تجديد.
 باب الغرفة مكسور، والمصعد قديم جدًا ويبعث على القلق، ويعكس مدى الإهمال الذي يعاني منه المكان بالكامل.
 
 أما الغرفة فكانت صدمة حقيقية؛ الملايات شديدة الاتساخ بشكل لا يُصدق، لدرجة أنني لم أستطع النوم مطلقًا، وشعرت بعدم الراحة والاشمئزاز. لا توجد ستارة تحجب ضوء الشمس، مما يجعل النوم شبه مستحيل، ويؤكد انعدام أبسط مقومات الراحة في هذا الفندق.
 
 الإقامة كانت تجربة سيئة بكل ما تحمله الكلمة من معنى، ولن أكررها تحت أي ظرف، ولا أنصح أي شخص بالإقامة في هذا الفندق مهما كان السعر مغريًا، لأن ما ستواجهه لا يستحق ذلك أبدًا.
 
 وأهم نقطة يجب التنبيه عليها:
 الصور المعروضة في جميع مواقع الحجز لا تطابق الواقع نهائيًا، وهي مضللة بشكل واضح، والفرق بينها وبين الحقيقة كبير جدًا. ما يُعرض في الصور لا يعكس الحالة الحقيقية للفندق بأي شكل.
 
 باختصار: تجربة مخيبة للآمال، فندق مهمل، نظافة سيئة، وخدمة لا يمكنها إنقاذ الوضع. لا أنصح به إطلاقًا.",1,قبل شهرين,فندق انديانا,فندق,google_maps,"[""service"", ""cleanliness"", ""ambiance""]","{""service"": ""positive"", ""cleanliness"": ""negative"", ""ambiance"": ""negative""}"
6858,ممتاز جدا,5,2026-03-12 00:00:00,Uber,transport,play_store,"[""general""]","{""general"": ""positive""}"
1586,"الاكل كان وحش جدا ولقينا عظمة في ام علي ودي كانت حاجة غريبة جدا
 والناس كلها اللي كلت تعبت بعد الاكل",1,قبل أسبوع,بيلز,مطعم,google_maps,"[""food""]","{""food"": ""negative""}"
4543,بيتجاهلو كومنتات والرز مش احسن حاجه وبيأكلوني ع مزاجهم وكذا مرة اقولهم عال point دي,1,قبل سنة,مشويات الوزير,مطعم مأكولات مشوية,google_maps,"[""service"", ""food""]","{""service"": ""negative"", ""food"": ""negative""}"
3922,"الاكل بجد مش حلو ملوش طعم
 سواء الكفته
 الفته
 اللحمه
 الشيش
 الروقاق
 كل حاجه بجد ملهاش طعم
 اسوء مكان بيقدم اكل
 اسوء فته اسوء رقاق اسوء شيش",1,قبل شهر,درويش الكبابجي التجمع الخامس,مطعم,google_maps,"[""food""]","{""food"": ""negative""}"
1267,قيمه مقابل سعر جيدا جدا,5,قبل يومين (2),فول وحيد العظيم,مطعم للإفطار,google_maps,"[""price""]","{""price"": ""positive""}"
1742,ممتاز وفريق عمل متميز,5,قبل شهر,مطعم أبو يوسف السوري,مطعم مأكولات سورية,google_maps,"[""service""]","{""service"": ""positive""}"
1277,احسن فرع والله الجوده كويسه و المكان كويس مشكلتهم انهم احيانا بيتأخرو في الاوردر بس ده حصل معايا تقريبا مرتين,5,قبل شهرين,روستو,مطعم مأكولات سورية,google_maps,"[""food"", ""ambiance"", ""service""]","{""food"": ""positive"", ""ambiance"": ""positive"", ""service"": ""negative""}"
2981,الاكل سئ جدااا سي فود طعمه وحش اوي وزفر والمكان غالي جدااا وضريبة اغلي من اي مطعم تقريبا ١٠٠ جنيه ضريبة- تكييف صحراوي والمحل كبير والدنيا حررر ـطلبنا الفريدو ونجرسكو فراخ وسي فود اسوأ من بعض,1,قبل 8 أشهر,Shobak Habibi,مطعم,google_maps,"[""food"", ""price"", ""ambiance""]","{""food"": ""negative"", ""price"": ""negative"", ""ambiance"": ""negative""}"
6366,التطبيق ممتاز بس للاسف في مناطق م بتوصلو فيها زي مرسى مطروح ودي حاجه بعاني . . منها شكرا للاهتمام والرد وأتمنى حل المشكله في أسرع وقت,3,2024-10-08 00:00:00,Elmenus,food_delivery,play_store,"[""app_experience"", ""delivery"", ""service""]","{""app_experience"": ""positive"", ""delivery"": ""negative"", ""service"": ""positive""}"
1174,"طلبت اوردر ديلفري
 قعدو ساعتين وموصلوش الاوردو
 معاملة سيئة جداً في الموبايل
 منصحش حد بالتعامل معاهم",1,قبل يومين (2),شيف الشام,مطعم مأكولات سورية,google_maps,"[""delivery"", ""service""]","{""delivery"": ""negative"", ""service"": ""negative""}"
6115,من افضل وارخص المطاعم بعابدين بالإضافة أنه بيعمل السندوتشات في عيش بلدي ابيض طازه وبيبقى مليان حشو والنصف رغيف نفسه كبيييير 👌💥💯,5,قبل سنتين,مطعم الفول والطعمية,مطعم,google_maps,"[""price"", ""food""]","{""price"": ""positive"", ""food"": ""positive""}"
2051,مستشفي رائعه ومنظمه وممتازه والاصطاف والعاملين والاداريين في منتهي التعاون والزوق شكرا مستشفي السلام الدولي علي تعاونكم,5,قبل 5 أيام,مستشفى السلام الدولي فرع القاهرة الجديدة,مستشفى,google_maps,"[""service"", ""ambiance""]","{""service"": ""positive"", ""ambiance"": ""positive""}"
9290,اغاني بدون نت,4,2026-03-02 00:00:00,Spotify,entertainment,play_store,"[""none""]","{""none"": ""neutral""}"
8279,تطبيق مميز جدا ومفيد,5,2024-12-20 00:00:00,Aqarmap,real_estate,play_store,"[""app_experience""]","{""app_experience"": ""positive""}"
7469,ممتاز,5,2026-02-13 00:00:00,Jumia,ecommerce,play_store,"[""general""]","{""general"": ""positive""}"
7540,ممتاذ,5,2026-01-20 00:00:00,Jumia,ecommerce,play_store,"[""general""]","{""general"": ""positive""}"
5279,صيدلية بها جميع الادويه ومتوفره وبها دكاتره محترمه,5,قبل شهرين,صيدليات سيف,صيدلية,google_maps,"[""service""]","{""service"": ""positive""}"
1198,"مستشفى محترمة
 والناس محترمين جدا",5,قبل 3 أسابيع,مستشفى كليوباترا,مستشفى,google_maps,"[""service""]","{""service"": ""positive""}"
1851,"مطعم جميل، هادئ ونظيف مع خدمة متميّزة واستقبال جيّد، الأكل المصري والشرقي المعروض طيّب، صحّي وفيه لمسة تجديد خاصة بالنسبة لشورما الدجاج (فراخ).
 مطعم أنصح به في منطقة جزيرة الزمالك.",5,قبل 3 أسابيع,طبالي - الزمالك,مطعم,google_maps,"[""ambiance"", ""cleanliness"", ""service"", ""food""]","{""ambiance"": ""positive"", ""cleanliness"": ""positive"", ""service"": ""positive"", ""food"": ""positive""}"
6584,بعد التحديث انقطعت تماما اكواد الخصم وارتفعت أسعار الرحلات فى المعظم مقارنة بالتطبيقات الاخرى أصبح أعلى تكلفة للعميل,1,2026-02-26 00:00:00,Careem,transport,play_store,"[""app_experience"", ""price""]","{""app_experience"": ""negative"", ""price"": ""negative""}"
6456,افشل تطبيق ممكن تضيع مساحة تلفونك في,1,2023-12-21 00:00:00,Elmenus,food_delivery,play_store,"[""app_experience""]","{""app_experience"": ""negative""}"
1438,مستشفى من افضل المستشفيات بالنزهة ومصر الجديدة وتتميز بسيستم مميز عن باقى المشتشفيات وبها كوكبة من افضل الدكاترة فى جميع التخصصات وكذلك الطقم الطبى المساعد وتمريض على اعلى مستوى فضلا على نظافة المستشفى ملفت للنظر,4,تاريخ التعديل: قبل 3 أسابيع,المستشفي السعودي الألماني القاهرة,مستشفى,google_maps,"[""service"", ""cleanliness""]","{""service"": ""positive"", ""cleanliness"": ""positive""}"
3804,"بالصدفة البحتة كنا ف التحرير ودورنا على أقرب مطعم مشويات جنبنا وجوجل مابس دلّتنا عليه ❤️
 
 حقيقي تجربة ممتازة وأسعارهم حلوة والأكل كله كان حلو ومخدوم
 نسيت أصور الترابيزة أول ما الأكل نزل وغوصت ف الأكل على طول 😂
 الصورة بعد انتهاء الجريمة 😂❤️
 دفعنا أنا وصاحبتي ٤٢٠ ج .. سعر ممتاز مقابل اللي طلبناه
 طلبنا وجبة ربع فرخة مع كفتة + رز وشوربة، والوجبة التانية طلبنا وجبة كفتة وطرب مع رز وطبيخ
 تجربة ممتازة وأنصحكم طبعا تروحوا عنده🙈",5,قبل شهرين,حاتى أبو خالد,مطعم مأكولات مشوية,google_maps,"[""food"", ""price""]","{""food"": ""positive"", ""price"": ""positive""}"
9685,التطبيق لديه مشكلة ..يتم آخذ المالية ولايتم الحجز ويتم ارجاع المال بعد 15 يوم there is a problem they take money and not reserved and tell to get refund after 15 day shame ☠️😨,1,2026-03-11 00:00:00,Booking,travel,play_store,"[""app_experience"", ""price"", ""service""]","{""app_experience"": ""negative"", ""price"": ""negative"", ""service"": ""negative""}"
138,متنوع ومتكامل بشكل كبير وكل شارع يختص بنوع معين من السلع لتجارة الجملة ويحتاج لدراسة ومراجعة اسعار قبل الشراء,4,قبل أسبوع,سوق العتبة,سوق,google_maps,"[""price""]","{""price"": ""neutral""}"
3077,شكر خاص لدكتور حازم السباعي وطاقم الطبي جميعا,4,قبل شهرين,مستشفى الزهيري,مستشفى,google_maps,"[""service""]","{""service"": ""positive""}"
8559,الامتياز عنوان والصدق والشفافية منتشرة فى كل موقع وكل مكان....دوام النجاح,5,2021-07-19 00:00:00,Aqarmap,real_estate,play_store,"[""general""]","{""general"": ""positive""}"
4148,التجربة كانت كويسه والخدمة اكثر من الممتاز القهوة عندهم لذيذة طلبت ميكاتو وكان فوق الخيال شكراً جزيلاً لك على كل ما تبذله الموضفة روزين أود أن أعرب عن خالص امتناني لكل ما تبذله لدعم خدمة الكوفي واحترافيه في الخدمة وروحك الإيجابية شكرا من القلب,5,قبل 5 أشهر,كافيه كورنيش,مقهى,google_maps,"[""service"", ""food""]","{""service"": ""positive"", ""food"": ""positive""}"
8309,تطبيق رائع وساعدنى كثيرا,5,2024-12-17 00:00:00,Aqarmap,real_estate,play_store,"[""app_experience""]","{""app_experience"": ""positive""}"
7627,جميل,5,2025-12-10 00:00:00,Jumia,ecommerce,play_store,"[""general""]","{""general"": ""positive""}"
1707,محل جميل ولكن اذا جابو فرقه غنائه يكون داخل ازعاج الجلسات الخارجيه رايقه,4,قبل شهر,مقهى بوخارست بلاك,مقهى,google_maps,"[""ambiance""]","{""ambiance"": ""positive""}"
5573,د.يوسف عسكر انا جيتو بحالة حرجة وصعبه اتعامل معاي بكل لطف وسعة صدر واحترافيه صراحة دكتور بروفيشينال فوق الوصف كلمة ممتاز فيه بسيطة ملاك رحمة بارك الله لك ف علمك ونفع بك الامة .اما الاستاف بنات ف قمة الذوق والرقي والمعاملة الطيبه(ايه)و(ولاء) شكرا لبشاشتكم وسعة صدركم وكلماتكم يلي بتنزل ع قلوبنا زي البلسم,5,قبل شهرين,Souror Dental Clinic,عِيادة أسنان,google_maps,"[""service""]","{""service"": ""positive""}"
875,سيد وحسام واحمد محمد وصلاح افضل خدمه الله يععافيهم,5,قبل شهر,مطعم زهرة لبنان,مطعم مأكولات لبنانية,google_maps,"[""service""]","{""service"": ""positive""}"
4158,"Went there for a massage, shitty experience, no hygiene, no good masseuse, no privacy, asked for a towel and they got me a rag and some tissues to wipe the oil off (not clean and used)
 The captain didn’t seem to know what he was doing, very bad for price too in comparison to a place like Chillout massage place that is lower price and cleaner better captains, don’t recommend
 تجرّبه بشعه بجد، مفيش نظافه ولا الخصوصيه و لا استرخاء و الكابتن بجد مش عارف بيعمل ايه اصلاً، طلبت منه فوطه جبلى مناديل و لما طلبت تانى جابلى خرأه بجد فوط مستعمله لغايت مدابت، و سعرهم أغلى من أماكن مساج انضف ذى Chillout, لا انصح بالمكان ده",1,قبل أسبوع,نادى الديب الصحى بالقاهرة,غرفة لياقة,google_maps,"[""cleanliness"", ""service"", ""ambiance"", ""price""]","{""cleanliness"": ""negative"", ""service"": ""negative"", ""ambiance"": ""negative"", ""price"": ""negative""}"
5554,محترمين وتوافر الادويه لديهم بشكل جيد,5,قبل أسبوعين,Abdo pharmacy - صيدلية عبده,صيدلية,google_maps,"[""service""]","{""service"": ""positive""}"
7211,ممتاز جدا,5,2026-03-09 00:00:00,Noon,ecommerce,play_store,"[""general""]","{""general"": ""positive""}"
8674,مش عاوز يدفع الاشتراك بلس ولا يغير طريقه الدفع,1,2026-03-04 00:00:00,Anghami,entertainment,play_store,"[""app_experience""]","{""app_experience"": ""negative""}"
891,شكرا للإدارة علي التعامل الاحترافي,5,تاريخ التعديل: قبل يومين (2),الدهان للمشويات فرع المعادي,مطعم,google_maps,"[""service""]","{""service"": ""positive""}"
2679,الاكل مش كويس بس المكان جميل جدا علي النيل المنظر رائع ضوء الأنوار,3,قبل شهر,Blue Nile Boat Maadi,مطعم,google_maps,"[""food"", ""ambiance""]","{""food"": ""negative"", ""ambiance"": ""positive""}"
6577,اقيمه صفر لان يطلعلي سعر يجي ابو التكسي يكلي شوفي شكد طالع وياهو اركب ويه يزيدلي الكروه ويطلب أكثر راح امسحه لان تطبيق فاشل,1,2026-02-28 00:00:00,Careem,transport,play_store,"[""app_experience"", ""price"", ""service""]","{""app_experience"": ""negative"", ""price"": ""negative"", ""service"": ""negative""}"
2645,قفل مش شغال,1,قبل سنة,الشبراوي,مطعم فلافل,google_maps,"[""general""]","{""general"": ""negative""}"
5975,"بعد فضل ربنا ، شفايا كان على ايد د.هاني جودة .
 و المكان و النظام محترم جدا",5,قبل شهرين,مجمع عيادات الرحاب التخصصي | MR Polyclinics,مركز طبي,google_maps,"[""service"", ""ambiance"", ""cleanliness""]","{""service"": ""positive"", ""ambiance"": ""positive"", ""cleanliness"": ""positive""}"
4171,المكان قذر والتعامل اقل من المستوى,1,قبل 4 أشهر,نادى الديب الصحى بالقاهرة,غرفة لياقة,google_maps,"[""cleanliness"", ""service""]","{""cleanliness"": ""negative"", ""service"": ""negative""}"
7882,نجمه واحده كتير عليه تطبيق بقي فاشل فى كل حاجه,1,2026-02-24 00:00:00,Amazon,ecommerce,play_store,"[""app_experience""]","{""app_experience"": ""negative""}"
1735,"الاكل جيد ماشاء الله
 لكن عندي ملاحظة على التعامل خصوصا خدمة ابتوصيل ويلي مستلمين الموضوع اقسم بالله من اقذر واسوء التعاملات كرهت المطعم بسببهم
 اكثر من مرة يوصلني الاوردر ناقص طبق او صنف من يلي انا طالبو
 اخر مرة قلي تمام هرجعلك الرصيد الحاجة يلي ما وصلت ...وفالاخر طنش ومارجعلي شيء حسبي الله ونعم الوكيل فيكم موضوع فعلا مستفز",1,قبل 3 أسابيع,مطعم أبو يوسف السوري,مطعم مأكولات سورية,google_maps,"[""food"", ""delivery"", ""service""]","{""food"": ""positive"", ""delivery"": ""negative"", ""service"": ""negative""}"
5736,جيد,5,قبل 3 سنوات,مستشفيات جامعة القاهرة,مستشفى,google_maps,"[""general""]","{""general"": ""positive""}"
2582,بصراحه احسن كميه شوارما اكلتها حتي العيش مليان فوجبه العربي بالشاورما ومقطع فوقه شاورما وبيدي صوصات زياده وبيغلف الاكل حلو طلبته مره من مكان بعيد عنه نص ساعه فاكتوبر ومكان قريب و٤ مرات اكلت ولا مره كان مختلف بجد استمروا ♥️♥️,5,قبل 5 أيام,مطعم شاورما ابو حاتم الدمشقي,مطعم شاورما,google_maps,"[""food"", ""delivery""]","{""food"": ""positive"", ""delivery"": ""positive""}"
3090,شكر خاص لطاقم الطبي والتمريض ومسؤله العلاقات العامة شكرا جزيلا,5,قبل شهرين,مستشفى الزهيري,مستشفى,google_maps,"[""service""]","{""service"": ""positive""}"
7148,لماذه يتم اخذ مبلغ عند الدفع عند الاستلم أكثر من التوصيل,2,2026-03-11 00:00:00,Noon,ecommerce,play_store,"[""price"", ""delivery""]","{""price"": ""negative"", ""delivery"": ""negative""}"
2943,التجربه جدا ممتعه فيه والأجواء جميله اووى غير كمان الخدمه بجد والصراحه احسن حد برتاح لما بروح اتعامل معاه عبدالله,2,قبل شهرين,قديمو,مطعم,google_maps,"[""ambiance"", ""service""]","{""ambiance"": ""positive"", ""service"": ""positive""}"
6478,تطبيق زباله علشان بيدعم مطعم بيومي فؤاد,1,2023-11-06 00:00:00,Elmenus,food_delivery,play_store,"[""app_experience""]","{""app_experience"": ""negative""}"
679,لتنويه ماتدخل المطعم إلا برسوم بسيطه وثاني شي الاكل لك عليه بس الي جازلي المشلتت والاكل بارد Z,3,قبل 3 أيام,مطعم ظاظا النيل,مطعم,google_maps,"[""price"", ""food"", ""service""]","{""price"": ""negative"", ""food"": ""negative"", ""service"": ""negative""}"
2725,مطعم خيالى والأكل تحفه بشكر كل الناس وابو نوح,5,قبل أسبوع,Syriana sandwich,مطعم,google_maps,"[""food""]","{""food"": ""positive""}"
1544,"من أفضل المطاعم اليمنيه في مصر
 ممكن اروح عندو كل وجبه
 ما تمل منه",5,تاريخ التعديل: قبل أسبوع,مطعم واحة اليمن - فرع الشيخ زايد,مطعم يمني,google_maps,"[""food""]","{""food"": ""positive""}"
6378,جامد اوي,5,2024-08-25 00:00:00,Elmenus,food_delivery,play_store,"[""general""]","{""general"": ""positive""}"
6907,ممتاز ورايع,5,2026-03-11 00:00:00,Uber,transport,play_store,"[""general""]","{""general"": ""positive""}"
4653,هذا المطعم يستغل اسم حضرموت وليس جيد,1,قبل 9 أشهر,مطعم حضرموت اكتوبر,مطعم أطباق اللحوم,google_maps,"[""food""]","{""food"": ""negative""}"
4955,‎“خدمة محترفة، دكاترة على أعلى مستوى، ومعاملة راقية جدًا. تجربتي في مركز العبد ممتازة وأنصح بيه بثقة.”,5,قبل 6 أشهر,عيادات العبد للأسنان,عِيادة أسنان,google_maps,"[""service""]","{""service"": ""positive""}"
6847,برنامج جدآ زفت اسعار غالية ويزود بي كيلوات,1,2026-03-12 00:00:00,Uber,transport,play_store,"[""app_experience"", ""price""]","{""app_experience"": ""negative"", ""price"": ""negative""}"
3030,الاكل سيئ جدا ماعدا بعض انواع البيتزا فقط,1,قبل 3 أشهر,ذا بلكون كافيه الشيخ زايد,مطعم مأكولات ومشروبات,google_maps,"[""food""]","{""food"": ""negative""}"
4367,"المكان والمعاملة والخدمة نفسها احسن ما يكون ♥️♥️
 وبينصحوكي من قلبهم بجد مش مجرد انك زبونة وخلاص.. بحبكم أاااد الدنيا 😘",5,قبل 3 أشهر,Women's Beauty salon,صالون تجميل,google_maps,"[""ambiance"", ""service""]","{""ambiance"": ""positive"", ""service"": ""positive""}"
5310,مفيش تجديد والأجهزة قديمة وممل بس عشان أقرب حاجة لشغلي فقط وزي الزفت ومنصحش اي حد يشترك فيه زحمة عشان في مدربين من خارج الجيم ومعاهم الناس بتعهم وداخل الجيم بردو زحمة على الأجهزة ومكان الكلاس اكادمية وتعليم فا مش فاضي انك تعمل اي حاجة وبليل مش بتلاقي جهاز فاضي مش عشان حلاوة الجيم بس تمرنتك بتبوظ عشان الانتظار على الماشين,1,تاريخ التعديل: قبل 4 أشهر,STEP GYM & SPA,غرفة لياقة,google_maps,"[""ambiance"", ""service""]","{""ambiance"": ""negative"", ""service"": ""negative""}"
5788,افضل دكتوره أسنان والله خلعت عندها جذور الضرس ولا حسيت بشيء الي عنده فوبيا من عيادات الأسنان يمرها ولا راح يحس بحاجه ❤️,5,قبل 5 أشهر,عيادة دكتورة نهى يس عبد الرحمن,عِيادة أسنان,google_maps,"[""general""]","{""general"": ""positive""}"
9149,علي فكره دا التطبيق اشتراك بس مش عارف يعني,5,2026-03-07 00:00:00,Spotify,entertainment,play_store,"[""app_experience""]","{""app_experience"": ""neutral""}"
4667,عيادات كويسه جدا والناس ذوق جدا والدكتور محترم وكويس والعياده نظيفه,5,قبل 3 أسابيع,Misr Modern Clinics عيادات مصر الحديثه ( فرع مصدق ),مركز طبي,google_maps,"[""service"", ""cleanliness""]","{""service"": ""positive"", ""cleanliness"": ""positive""}"
2031,"اودر رقم 6 فرع اكتوبر يوم 17/3-2025
 للاسف الاكل سئ للغايه التوصيل غير ملتزم في المواعيد المندوب قليل الادب واسلوبه زفت الاتصال بالفرع عاوز 3 او اربع ساعات للرد
 جوده الاكل المطاعم الشعبي افضل منه",1,قبل 11 شهرًا,مطعم ريدان,مطعم أطباق اللحوم,google_maps,"[""food"", ""delivery"", ""service""]","{""food"": ""negative"", ""delivery"": ""negative"", ""service"": ""negative""}"
9048,ياريت بعض القصائد الحسينيه يخلوها بالبرنامج لان اكو قصائد قديمه وحيل حلوه بس ماموجوده,4,2026-03-12 00:00:00,Spotify,entertainment,play_store,"[""app_experience""]","{""app_experience"": ""negative""}"
9899,اخترنا فندق عبر البوكينق على ثقه وسمعه التطبيق..ولما وصلنا الى الفندق كان سئ جدا وتحت المستوى. فاضطريت الى استئجار فندق اخر.. تطبيق فاقد للثقه..اي فندق ينحط فيه حتى ولو سيئ,1,2025-12-25 00:00:00,Booking,travel,play_store,"[""app_experience"", ""service""]","{""app_experience"": ""negative"", ""service"": ""negative""}"
7199,البضاعة جيدة خدمة التوصيل سيئة جدا الطلبيه لا تصل مجموعة واحدة ماتاصل للبيت بالقرى لازم استلمها من مكتب التوصيل والطلبيه لا تأتي مجموعة واحدة كل قطعة لوحدها اضطر اروح كل يوم اخذ قطعه,1,2026-03-09 00:00:00,Noon,ecommerce,play_store,"[""service"", ""delivery""]","{""service"": ""positive"", ""delivery"": ""negative""}"
4644,"أ.ميرفت صاحبة الفندق
 من أجمل الشخصيات اللي ممكن تتعامل معاها ، حبوبة ومحترمة جدا وزي العسل والله شكرًا كثيرا انا اتعامل معاهم دايمًا ، بالذات لما يجوني ضيوف ابلغها وترتب كل الامور الله يسعدك 💙",5,قبل 5 أشهر,فندق الياسمين المنيل,فندق,google_maps,"[""service""]","{""service"": ""positive""}"
9627,لدي تجربة سيئه تم حجز تذكرة عن طريق محرك ويجو وفي نهاية المطاف طلعت عملية نصب والمحرك يقول ما دخلت حسابهم وراحت على الفلوس تواصلت مع خدمة العملاء ويجو ولا يجود اي حل الحذر تنبيه والحذر قبل الحجز انا من واقع تجربة خدمة العملاء تبع ويجو يقولو تواصل مع البنك بعد خصم المبلغ وان الفلوس اللي اتخصمت منك مدخلتش حساب شركة رحلات اللي حجزت عليه طيب مين اللي اخذ الفلوس ولحساب مين راحت هل التطبيق تبعكم مخترق مثلا ولا الوضع فيه شئ مريب لا حجز ولا فلوس رجعت وانكار بعد وصول المبلغ اللي حسابكم وين الخطاء,1,2026-01-06 00:00:00,Wego,travel,play_store,"[""app_experience"", ""service"", ""delivery""]","{""app_experience"": ""negative"", ""service"": ""negative"", ""delivery"": ""negative""}"
7731,تطبيق يشل خدمة العملاء اللي تقوله تعيده ومفيش حل مشاكل اللي بتقول عليه في حسابك وقفلوا الشات وخدمة الإتصال من التطبيق ولا تعرف تتواصل معهم من التطبيق خدمة عملاء وتأخير في الشحن 👎,1,2026-03-09 00:00:00,Amazon,ecommerce,play_store,"[""app_experience"", ""service"", ""delivery""]","{""app_experience"": ""negative"", ""service"": ""negative"", ""delivery"": ""negative""}"
9140,والله صراحه تطبيق استغلالي بححت لدرجه هو الي يختار لك وش تسمع 💀,1,2026-03-08 00:00:00,Spotify,entertainment,play_store,"[""app_experience""]","{""app_experience"": ""negative""}"
8259,الابلكيشن لا يفتح ولايدخل علي الحساب له اربع ايام مالسبب علما اني جربت عل تليفون اخر نفس المشكله,1,2025-07-04 00:00:00,Aqarmap,real_estate,play_store,"[""app_experience""]","{""app_experience"": ""negative""}"
5793,الدكتورة نهي ياسين ماشاءالله يعني دكتورة بعني الكلمه وضوح الحاصل وتعمل مع الأطفال بكل حنيه وذوق تعليق دانة صلاح,5,قبل 7 أشهر,عيادة دكتورة نهى يس عبد الرحمن,عِيادة أسنان,google_maps,"[""service""]","{""service"": ""positive""}"
7373,التطبيق صار ردئ جدا ويجبر على التحديث كل اسبوع ما هذا؟؟؟؟؟؟ ؟؟,1,2026-03-13 00:00:00,Jumia,ecommerce,play_store,"[""app_experience""]","{""app_experience"": ""negative""}"
8295,نزلت اعلان فري لشقتي وجالى عملاء فعلا مهتمين وشقتي اتباعت عن طريق عقارماب تجربة ممتازة,5,2024-12-19 00:00:00,Aqarmap,real_estate,play_store,"[""service"", ""app_experience""]","{""service"": ""positive"", ""app_experience"": ""positive""}"
3460,سوبر ماركت,5,قبل سنتين,سوبر ماركت مؤمن وبشار رحاب 1,سوبرماركت,google_maps,"[""general""]","{""general"": ""neutral""}"
4459,بجد من احسن الاماكن الي تعاملت معاها من حيث الخدمه والاستقبال وبجد الاستاذ مجدي من اشطر الناس الي بتعمل شعر و الصبغه والقص وانا مبسوطه بالتعامل معاه,5,قبل أسبوعين,Magdy Abdo beauty salon مجدي عبده بيوتي صالون,صالون تجميل,google_maps,"[""service""]","{""service"": ""positive""}"
1283,والله هو اول تجربه وهي الاسوء يعني اكلم فرع يقول لي لا الزوم مش متاح في مع ان المكان بتاعي جنب ارض اللواء من عند الطريق الابيض كلمت الفرع الثاني يقول لي برده الزوم مش متاح فرع الترسانه وفرع سوريا,1,قبل 4 أشهر,روستو,مطعم مأكولات سورية,google_maps,"[""service"", ""delivery""]","{""service"": ""negative"", ""delivery"": ""negative""}"
6593,حظرت بلا سبب,1,2026-02-25 00:00:00,Careem,transport,play_store,"[""service""]","{""service"": ""negative""}"
3704,"الكوافير خيال عملت شعري استشوار وويفي يجنن
 وعموما كل خدماتهم حلوة",5,قبل شهرين,كوافير ندى,صالون تجميل,google_maps,"[""service""]","{""service"": ""positive""}"
528,ممتاز,5,قبل 3 أسابيع,أبو العز السوري,مطعم مأكولات سورية,google_maps,"[""general""]","{""general"": ""positive""}"
6155,عيادة ممتازة، نظام و نظافة و احترام و تعامل كله في منتهي المهنية. دكتور محمد طلعت من اشطر دكاترة الاسنان اللي اتعاملت معاهم.,5,قبل سنتين,"Diamond Dental Center, الفرع الرئيسي",عِيادة أسنان,google_maps,"[""cleanliness"", ""service""]","{""cleanliness"": ""positive"", ""service"": ""positive""}"
556,حماد حمد لله على السلامة يا روحي,1,قبل 3 أسابيع,ابو السيد,مطعم مأكولات مصرية,google_maps,"[""none""]","{""none"": ""neutral""}"
9973,جاهز,5,2025-12-02 00:00:00,Booking,travel,play_store,"[""none""]","{""none"": ""neutral""}"
6801,التطبيق مره جميل جدا جدا,5,2026-01-25 00:00:00,Careem,transport,play_store,"[""app_experience""]","{""app_experience"": ""positive""}"
6783,من اسوء التجارب اللى مريت بها اى مشكله مع الكابتن أو الأجرة تتصل بخدمة العملاء مش موجوده اصلا ومحدش بيعبرك ولا يرد عليك وعشان تعرفوا انكم برنامج مش تمام عملتو replay على التقييم على أساس انكم بتهتموا وكده وبعتولى لينك ولعت الشكاوى 3مرات ومحدش برده يرد,1,2026-01-28 00:00:00,Careem,transport,play_store,"[""service"", ""app_experience""]","{""service"": ""negative"", ""app_experience"": ""negative""}"
5025,ساندويتش شاورمة فراخ من أسوء مايمكن بارد ولا ليه طعم وزفر زفارة وب 100ج تجربة سيئة جداً وزي الزفت الصراحة ...,1,قبل 4 أشهر,التاج السوري,مطعم مأكولات سورية,google_maps,"[""food"", ""price""]","{""food"": ""negative"", ""price"": ""negative""}"
5491,مكان أكثر من رائع والأكل لايعلي عليه,5,قبل سنتين,مطعم التكعيبة,مطعم أطباق اللحوم,google_maps,"[""ambiance"", ""food""]","{""ambiance"": ""positive"", ""food"": ""positive""}"
6630,كان تطبيقي المفضل لمدة تزيد عن ٣ سنوات في الفترة الأخيرة ماصار في سيارات بمبالغ قياسية للموظفين اللي يستخدموه بشكل يومي والأسعار مبالغ فيها وبعض السيارات لا نظافة ولا إسلوب فللأسف حذفت التطبيق ، البدائل صارت متوفرة لكن الخدمة اللي تخلي التطبيق ناجح,2,2026-02-19 00:00:00,Careem,transport,play_store,"[""app_experience"", ""price"", ""cleanliness"", ""service""]","{""app_experience"": ""negative"", ""price"": ""negative"", ""cleanliness"": ""negative"", ""service"": ""negative""}"
5005,Nice,5,قبل 4 أشهر,صيدلية العزبى,صيدلية,google_maps,"[""general""]","{""general"": ""positive""}"
5963,مكان راقى ومناسب جداا لتزين العروسة,4,قبل 7 سنوات,Nora Beauty Salon & Spa,صالون تجميل,google_maps,"[""ambiance""]","{""ambiance"": ""positive""}"
3040,مطعم وكافيه اكثر من ممتاز,5,تاريخ التعديل: قبل 6 أشهر,BRAAVOS Lounge,مطعم,google_maps,"[""general""]","{""general"": ""positive""}"
422,"الاسعار مبالغ فيها
 غير ذلك ممتاز صراحه",3,قبل 6 أيام,Gad,مطعم مأكولات مصرية,google_maps,"[""price""]","{""price"": ""negative""}"
6913,جيد جدا,5,2026-03-11 00:00:00,Uber,transport,play_store,"[""general""]","{""general"": ""positive""}"
9616,شكرا ويجو انت الأفضل منذ سنوات وانا اشكر كل القائمين عليه اتمنى النجاح لكم والازدهار,5,2026-01-10 00:00:00,Wego,travel,play_store,"[""general""]","{""general"": ""positive""}"
2073,شكرا جدا للدكاترة كلهم علي الخدمة الممتازة ف المستشفي عموما وقسم التغذية بالأخص استاذ محمد يحيي ونعم الأخلاق والخدمة الممتازة والدخول علي المريض ببسمة تفتح نفسه,5,قبل شهر,مستشفى السلام الدولي فرع القاهرة الجديدة,مستشفى,google_maps,"[""service""]","{""service"": ""positive""}"
6491,تسجيل الدخول لا يعمل....,1,2023-10-11 00:00:00,Elmenus,food_delivery,play_store,"[""app_experience""]","{""app_experience"": ""negative""}"
5681,"عندما تدخلها كزائر ترتاح نفسياً
 مستشفى رائعة ونظيفة وتاريخية تحتفظ بعبق التاريخ
 
 مستشفى اليونانى تضم نخبة من أفضل الأطباء إستشاريين وأخصائيين على أعلى مستوى فى جميع التخصصات (نسا - عظام - اطفال وحديثي ولادة - جلدية - اسنان - رمد - انف واذن - تغذية - علاج طبيعى - باطنة - جهاز هضمي وكبد - سكر - كلي - مسالك بولية - جراحة عامة - جراحة تجميل - جراحة أوعية دموية)
 
 وتستقبل مستشفى اليونانى آلاف المرضى شهريًا،و وتجري مئات العمليات الجراحية، ما بين أوعية دموية وقسطرة قلب ومياه بيضاء وتركيب مفاصل وكافة الحالات حرجة في مختلف التخصصات.
 
 و تعمل مستشفى اليونانى في تخصصات دقيقة غير موجودة في مستشفيات أخرى، وبها أفضل الأطباء، ويتوافر بها جميع المستلزمات والأجهزة الطبية الحديثة، مما يساعد الأطباء على إنجاز كم كبير من العمليات الجراحية يوميًا.",5,قبل سنتين,المستشفي اليوناني بالقاهرة,مستشفى,google_maps,"[""ambiance"", ""cleanliness"", ""service""]","{""ambiance"": ""positive"", ""cleanliness"": ""positive"", ""service"": ""positive""}"
7829,سيء جدا (مع اشتراك شهري ببرايم) خدمة منتجات لا تصل . و اخطاء في التوصيل كل 10 طلبات يوصلك طلب واحد. و المطالبة بدفع مبلغ اضافي عند التوصيل ولما تتواصل موظفين الدعم صحيح هما بجد في قمة الذوق ومحترمين جدا بس للاسف مافي حل ولا توصل لنتيجة ملاحظة تم التواصل معهم اكثر من 5 مرات ولا الهوا,1,2026-03-01 00:00:00,Amazon,ecommerce,play_store,"[""delivery"", ""service"", ""app_experience""]","{""delivery"": ""negative"", ""service"": ""positive"", ""app_experience"": ""negative""}"
6335,الابلكيشن به مشكلة في طلب الاوردرات,1,2025-01-02 00:00:00,Elmenus,food_delivery,play_store,"[""app_experience""]","{""app_experience"": ""negative""}"
1833,عناية الدور الرابع ممتازة جدا اهتمام من التمريض وأسلوب ممتاز والدور السادس امتياز واهتمام ونظافة جميع العاملين ممتازين ومهتمين واهتمام رائع من جميع الدكاترة,5,قبل يومين (2),القاهره التخصصي مستشفيات كليوبترا,مستشفى,google_maps,"[""service"", ""cleanliness""]","{""service"": ""positive"", ""cleanliness"": ""positive""}"
3215,فندق كلاسيك من ايام القاهرة الخديوية الخدمة جيدة لا أعرف مستوي الغرف لاني لم أسأل العملاء تبعي عنها و لكن لم ألتقي منهم شكوي أهم ميزة الموقع وسط المدينة,4,قبل شهر,Carlton Downtown Cairo,فندق,google_maps,"[""service"", ""ambiance""]","{""service"": ""positive"", ""ambiance"": ""positive""}"
5468,مكان اكثر من محترم و كل الموجودين فيه ذوق و احترام و بالأخص الاستاذه فرح شاطرة و جميله و كلها ذوق شكرا ليكم,5,قبل 11 شهرًا,عيادات تمازج التخصصية ومركز تمازج الجراحي ومختبر تمازج الطبي,عيادة متخصصة,google_maps,"[""service"", ""ambiance""]","{""service"": ""positive"", ""ambiance"": ""positive""}"
6376,ممتاز وشامل كل المطاعم,5,2024-08-28 00:00:00,Elmenus,food_delivery,play_store,"[""general""]","{""general"": ""positive""}"
7683,مش متاح خدمه الدفع عند الاستلام في جميع الاوقات,4,2026-03-11 00:00:00,Amazon,ecommerce,play_store,"[""app_experience"", ""service""]","{""app_experience"": ""negative"", ""service"": ""negative""}"
6780,تطبيق سيئ جدا ومايستاهل نجمه واحده اصلا يوجد مبلغ تم خصمه وبمراجعة خدمة العملاء يقول تم تحرير المبلغ راجع البنك البنك يقول ماعندي شيئ راجع شركة كريم,1,2026-01-28 00:00:00,Careem,transport,play_store,"[""app_experience"", ""service""]","{""app_experience"": ""negative"", ""service"": ""negative""}"
3184,فندق راقي وحلو جدا,5,قبل 4 أشهر,فندق بوتيك النيل,فندق,google_maps,"[""general""]","{""general"": ""positive""}"
3401,منطقة شعبي بولاق ابو العلا,5,قبل سنة,مطعم وكبابجى الأمانة,مطعم مأكولات مشوية,google_maps,"[""none""]","{""none"": ""neutral""}"
9204,أفضل تطبيق اغاني في العالم انصح فيه🥰🥰👍🏻👍🏻👍🏻,5,2026-03-05 00:00:00,Spotify,entertainment,play_store,"[""app_experience""]","{""app_experience"": ""positive""}"
5338,ممتاز,5,قبل 3 سنوات,التالته شمال للملابس الرياضية,متجر ملابس رياضية,google_maps,"[""general""]","{""general"": ""positive""}"
7360,تطبيق عربي ممتاز. جربته كتير...افضل من امازون المقاطعة...نون يستحق الدعم,5,2026-03-05 00:00:00,Noon,ecommerce,play_store,"[""app_experience""]","{""app_experience"": ""positive""}"
5721,"للاسف انا علقت على المستشفي وفي حد من المستشفى حذف التعليق بتاعي
 انا مصره على رأيي التمريض سيئ جدا في المستشفى
 ولو في اقل من نجمه كنت حديهم",1,قبل سنتين,كايرو كلينك,عيادة الخصوبة,google_maps,"[""service""]","{""service"": ""negative""}"
723,"الكباب شديد جدا
 وتعامل المحاسب وحش طابع لي ف الفاتوره خبز وانا ماطلبت ولما كلمته زعل",3,قبل شهر,قصر الكبابجي,مطعم مأكولات مصرية,google_maps,"[""food"", ""service"", ""price""]","{""food"": ""negative"", ""service"": ""negative"", ""price"": ""negative""}"
5058,اتعاملت مع دكتور نادين حمادي من اشطر الناس بجد دا غير النضافه والتعقيم ودا كان اهم حاجه بالنسبالي بجد تجربه لطيفه والاستقبال ناس بشوشه وبروفيشنال جدا خاصتا استاذه أمنيه 🙏,5,قبل شهر,عيادات الفارابي - Al- Farabi Clinics,طبيب أسنان,google_maps,"[""service"", ""cleanliness"", ""ambiance""]","{""service"": ""positive"", ""cleanliness"": ""positive"", ""ambiance"": ""positive""}"
8364,البرنامج كان شغال كويس بس دلوقتي مبقاش بيبن العقارات المتاحة ارجو حل المشكلة في اسرع وقت والبرنامج كويس فعلا بس المشكلة دي بوظت الدنيا,2,2024-03-31 00:00:00,Aqarmap,real_estate,play_store,"[""app_experience""]","{""app_experience"": ""negative""}"
2963,حقيقى احلى مستشفى فى مصر واجمل خدمة على أعلى مستوى من أول أفراد الأمن إلى الاستقبال إلى طقم الأطباء و الرعاية,5,تاريخ التعديل: قبل شهر,مستشفى تبارك القاهرة الجديدة,مستشفى,google_maps,"[""service""]","{""service"": ""positive""}"
3465,السعر غالى موت 1 ساندوش كفته 120 جنيه,3,قبل شهرين,حاتى الجيش,مطعم مأكولات مشوية,google_maps,"[""price""]","{""price"": ""negative""}"
6746,مع الاسف بعد التحديث للبرنامج ارتفع سعر رحلاتي اليومية وكلها اكسترا وعدم ارسال كود التخفيضات ارجوا بحل هذه المشاكل والا سأضطر ان اجرب تطبيق آخر,5,2026-02-02 00:00:00,Careem,transport,play_store,"[""app_experience"", ""price""]","{""app_experience"": ""negative"", ""price"": ""negative""}"
7978,شركة نصابه اخذت منتجين من قبل شهرين ولم تصل الى الان علما بان الدفع مقدما وليس مبلغ بسيط فا احذر من التعامل معه,1,2025-07-14 00:00:00,Shop,ecommerce,play_store,"[""delivery"", ""price""]","{""delivery"": ""negative"", ""price"": ""negative""}"
6629,غير دقيق وغير مرن في تحقيق طلب الزبون من خلال التطبيق ويصعب التواصل للإستفسارات مع فريق المساعدة وكذلك اواجه صعوبه للتواصل مع الموظف الملم بحل الصعوبات,2,2026-02-20 00:00:00,Careem,transport,play_store,"[""app_experience"", ""service""]","{""app_experience"": ""negative"", ""service"": ""negative""}"
2997,المكان نضيف جدا والبنات كلهم شاطرين وخصوصا إسراء اللي عملتلي ضوافر فرحي مظبوطين اوي واحلي ما كنت عاوزاهم كمان,5,قبل شهر,Malika and Mo Nails Salon,صالون عناية بالأظافر,google_maps,"[""cleanliness"", ""service""]","{""cleanliness"": ""positive"", ""service"": ""positive""}"
8666,رائع وكل شيء فيه مجاني اشكر صانعه للغاية 🫂❤,5,2026-03-05 00:00:00,Anghami,entertainment,play_store,"[""price""]","{""price"": ""positive""}"
3912,"المكان ممتاز و سريع فى تحضير الطعام
 اكله ممتاز و اسعاره ممتازة
 و الناس طيبة و و بتهتم بالعميل
 استمتعت بالاكل عنده و انصح اى حد بيه",5,تاريخ التعديل: قبل سنتين,مطعم فرح,مطعم أطباق اللحوم,google_maps,"[""ambiance"", ""food"", ""price"", ""service""]","{""ambiance"": ""positive"", ""food"": ""positive"", ""price"": ""positive"", ""service"": ""positive""}"
3843,النظافه سيئه,3,قبل 9 أشهر,محسن للمشويات,مطعم مأكولات مشوية,google_maps,"[""cleanliness""]","{""cleanliness"": ""negative""}"
7997,جميلة جدااا شكرا لكم عمل جيد,5,2024-09-14 00:00:00,Shop,ecommerce,play_store,"[""general""]","{""general"": ""positive""}"
5902,يا حبيبت قلبي احلي ضوافر بعملها معاكي يا مارووو♥️♥️😘💅,5,قبل 10 أشهر,Beauty salon Glowing,صالون تجميل,google_maps,"[""service""]","{""service"": ""positive""}"
6876,رائع جدا,5,2026-03-12 00:00:00,Uber,transport,play_store,"[""general""]","{""general"": ""positive""}"
5549,سعره غالي,3,قبل سنتين,Town Gym,صالة رياضة,google_maps,"[""price""]","{""price"": ""negative""}"
807,الاكل عشره على عشره بجد تحفه والمكان مناسب للعائلات جدا,5,قبل شهر,المنوفي الكبابجي - كامل المنوفي فرع الشيخ زايد,مطعم مأكولات مشوية,google_maps,"[""food"", ""ambiance""]","{""food"": ""positive"", ""ambiance"": ""positive""}"
3152,عربايه فول وطعميه شعبي بس بسعر اغلى من الطبيعي والمنطقة شعبيه,3,قبل شهر,فول محروس,مطعم فلافل,google_maps,"[""food"", ""price"", ""ambiance""]","{""food"": ""positive"", ""price"": ""negative"", ""ambiance"": ""neutral""}"
6258,تجربة سيئة وتعامل غير احترافي من خدمة العملاء,1,2025-11-13 00:00:00,Elmenus,food_delivery,play_store,"[""service""]","{""service"": ""negative""}"
237,"خدمة اكثر من سيئة اطلب منديل من الكاشير المصري يقول استغفر الله بطريقة غير جيدة بقوله مالك يقولي اصل دي تاني مرة تدخل تطلب مناديل ،، وفيها اي لو الزبون طلب مناديل كل المطاعم حتى الفاشلة بتقدم مناديل للزباين ، بغض النظر ان الاكل ما بيتاكل الفراخ باردة والبطاطس تلج والرز بايت وباين ان الفرخة متسخنة ، لا انصح أبدا أبدا بالتجربة لانه اسوء مطعم دخلته في مصر
 
 طبعا الفرع المقصود الذي امام الحصري في اكتوبر",1,قبل شهر,روستو اكتوبر التانى,مطعم,google_maps,"[""service"", ""food""]","{""service"": ""negative"", ""food"": ""negative""}"
7458,شكرا علي حسن المعامله بس في حاجه واحد ايه الأورد ييجي بعد 3ايام أو أكثر المفروض 2 يوم من الطلب,5,2026-02-14 00:00:00,Jumia,ecommerce,play_store,"[""service"", ""delivery""]","{""service"": ""positive"", ""delivery"": ""negative""}"
9588,أ داليا فوق الممتازة قمه فالذوق والرقى والتعاون 💯💯,5,2026-01-17 00:00:00,Wego,travel,play_store,"[""service""]","{""service"": ""positive""}"
4179,نجمه واحده خساره فيهم لانو مكان المساج داخل هذا النادي استغلال وقذاره وقله ادب مش طبيعي خسرت انا وصديقي ٢٠٠٠ جنيه على أشخاص لايهتمو سوى بالفلوس ولا هم عارفين معنا مساج او حتى نظافه,1,قبل 7 أشهر,نادى الديب الصحى بالقاهرة,غرفة لياقة,google_maps,"[""service"", ""cleanliness"", ""price""]","{""service"": ""negative"", ""cleanliness"": ""negative"", ""price"": ""negative""}"
4951,"سعدنا بالتعامل مع مركز العبد لما لقيناه من احترافية و علم و اخلاق و نتائج مبهرة بجانب جاهزية المركز باحدث المعدات
 لم يشعر أفراد عائلتي باي الم اثناء اجراء عملية زرع الاسنان كما انها لم تستغرق وقت
 و نتائج تقويم الاسنان لاختي و ابنت خالتي و ابن خالي بعد مرور عام ممتازة
 شكرا دكتور محمد عبدالصمد و دكتورة سارة صلاح",5,قبل 6 أشهر,عيادات العبد للأسنان,عِيادة أسنان,google_maps,"[""service"", ""ambiance""]","{""service"": ""positive"", ""ambiance"": ""positive""}"
4369,زورت المكان وشغلهم كويس وسويت حمام مغربي مع ندى شكرا لها بكل امانه وعموره سوت شعري شكرا لي ♥️♥️♥️♥️,5,قبل 3 أشهر,Women's Beauty salon,صالون تجميل,google_maps,"[""service""]","{""service"": ""positive""}"
7266,جيد نوعا مع اتكنى يتم تعديله ليتوافق مع نظام one UI اكثر سلاسه يعني. في سامسونج بيكون ممتاز 🥭,3,2026-03-07 00:00:00,Noon,ecommerce,play_store,"[""app_experience""]","{""app_experience"": ""neutral""}"
5117,ذو جوده عاليه تحياتى لكم,5,تاريخ التعديل: قبل سنة,papa cafe & resturant,مطعم,google_maps,"[""general""]","{""general"": ""positive""}"
7324,ممتاز,5,2026-03-06 00:00:00,Noon,ecommerce,play_store,"[""general""]","{""general"": ""positive""}"
322,الاكل جميل و المعامله اجمل و اجمل.,5,قبل أسبوع,حواوشي الربيع فرع زايد,مطعم,google_maps,"[""food"", ""service""]","{""food"": ""positive"", ""service"": ""positive""}"
5096,"Special thanks to Neama
 بجد professional جدا و مهتمة بالتفاصيل و بالنظافة و براحة ال client و دلعتنى و بتشتغل بضمير",5,قبل سنة,FOUR Beauty Lounge,صالون تجميل,google_maps,"[""service"", ""cleanliness""]","{""service"": ""positive"", ""cleanliness"": ""positive""}"
6736,التحديث الاخير مشكلة في الخرائط غير واضحة صعوبة تحديد الوصول يدويا يرجى المعالجة ثانيا هناك كسور بالمبلغ عندنا بالعراق لاتوجد مثلا 50 فلس او 75فلس وهذة يستغلها الكابتن لرفع القيمة يرجى الانتباة,2,2026-02-03 00:00:00,Careem,transport,play_store,"[""app_experience"", ""price"", ""service""]","{""app_experience"": ""negative"", ""price"": ""negative"", ""service"": ""negative""}"
9127,لن اقول شئ اكثر من أنه برنامج رائع جدا و يستحق الخمس نجوم,5,2026-03-08 00:00:00,Spotify,entertainment,play_store,"[""app_experience""]","{""app_experience"": ""positive""}"
6099,"روحت المكان دة بناء على تقييمات جوجل
خدت فرخة مشوية شيش (قطع)
كانت حلوة و تتبيلتها مظبوطة و نظيفة ومستوية كويس
صاحب المحل كان موجود وبيهتم بالعملاء و بيسأل على الاكل اذا فيه اي حاجة
الاسعار ممتازة
المكان بسيط و صغير و الكراسي مريحة
انا برشحه بناءا على تجربتي الشخصية",5,قبل 6 أشهر,مطعم البيت بيتك,مطعم مأكولات مشوية,google_maps,"[""food"", ""service"", ""price"", ""ambiance"", ""cleanliness""]","{""food"": ""positive"", ""service"": ""positive"", ""price"": ""positive"", ""ambiance"": ""positive"", ""cleanliness"": ""positive""}"
8340,البرنامج ممتاز أعلن عليه مره واحده والان اجد صعوبه في عمل اعلان جديد اتمني لو احد يساعدني,5,2024-06-02 00:00:00,Aqarmap,real_estate,play_store,"[""app_experience""]","{""app_experience"": ""negative""}"
2636,"اسوء إدارة على الاطلاق
طلبت اوردر فطار دليفري حسابه 540 جنية جالي بعد ساعة ناقص، تواصلت مع الكول سنتر و بلغه الفرع و أكدوا أن السندويتشات الناقصه هتيجي على طول عدى ساعة و نص و السندويتشات موصلتش و رجعت كلمتهم و عملت شكوى على الي حصل و تواصلوا مع الفرع و أكده أن الاوردر خرج عدى ساعه كامله تانيه و الاوردر الناقص وصل بعد اكتر من 20 محاوله اني اتواصل مع الكول سنتر بدون رد.
تم عمل شكوى في حماية المستهلك",1,قبل شهر,الشبراوي,مطعم فلافل,google_maps,"[""delivery"", ""service""]","{""delivery"": ""negative"", ""service"": ""negative""}"
4778,احب اشكر د/ىحيى ود/محمد على المجهود الكبير  و التعب بتاعهم والحقيقة والعياده نظيفه جداً وشكراً جزيلاً لكل فريق العمل بالعيادة من اول الاستقبال لغايه المتابعه بعد كل جلسه جزاكم الله خيرا,5,قبل شهرين,Dr. Yehia Adel - White Pearl Dental Clinic,عِيادة أسنان,google_maps,"[""service"", ""cleanliness""]","{""service"": ""positive"", ""cleanliness"": ""positive""}"
7752,تطبيق سيء جدا ومناديب الشحن اسلوبهم سيء ف التعامل اكتر من مره اطلب اوردر ومندوب الشحن يلغيه بدون الرجوع ليا ويدعي ان لا يوجد رد من العميل حتي خدمه العملاء عند الاتصال والتواصل للمساعده لا يوجد اي رد فعل منهم او ايجاد حل للمشكله بجد تجربتي معاه سيئه جدااااااا لا انصح بتحميله حتي النجمه الواحده لا يستهلها,1,2026-03-07 00:00:00,Amazon,ecommerce,play_store,"[""app_experience"", ""delivery"", ""service""]","{""app_experience"": ""negative"", ""delivery"": ""negative"", ""service"": ""negative""}"
1965,"مكان رائع
خدمة ممتازة
تحضير الوجبات سريع جدا وعلى أعلى مستوى من الحرفية والمهارة
شكرا لكل العاملين بالمطعم",5,قبل شهر,حضرموت التجمع الخامس,مطعم يمني,google_maps,"[""ambiance"", ""service"", ""food""]","{""ambiance"": ""positive"", ""service"": ""positive"", ""food"": ""positive""}"
7707,هو تطبيق حلو بس كل اللي عليه علي اوي,3,2026-03-10 00:00:00,Amazon,ecommerce,play_store,"[""app_experience"", ""price""]","{""app_experience"": ""positive"", ""price"": ""negative""}"
7757,تطبيق سيء لشركة سيئة لاتهتم أبدا إلا بالربح خدمة زبائن سيئة ومضللة لايوجد رقم هاتف واضح فقط محاولات تجعلك تبتعد عن التقييم وتجعلك تستسلم للأمر الواقع بصراحة كل المتاجر الإلكترونية أفضل منه وغالبا بضاعة مشابهة بنصف السعر وبجودة أعلى,1,2026-03-06 00:00:00,Amazon,ecommerce,play_store,"[""app_experience"", ""service"", ""price""]","{""app_experience"": ""negative"", ""service"": ""negative"", ""price"": ""negative""}"
2109,الاكل جميل والاصطف جميل والمكان قمه فى الجمال,5,قبل شهر,صاج وشاورما,مطعم شاورما,google_maps,"[""food"", ""service"", ""ambiance""]","{""food"": ""positive"", ""service"": ""positive"", ""ambiance"": ""positive""}"
1133,بجد الخدمه تحفه والعاملين (مريم) والأكل معمول بحب جدا والتقييم بتاعي فوق الممتاز,5,قبل شهر,بيسترو مدينة نصر,مطعم مأكولات إيطالية,google_maps,"[""service"", ""food""]","{""service"": ""positive"", ""food"": ""positive""}"
2344,تجربة سيئة جدًا ساندوتش الشاورما فاضي تقريبًا ومفيش طعم المعاملة سيئة جدًا ومفيش احترام النظافة صفر والوضع كله مقزز 🤢 واحد بيحضّر الشاورما بإيد والتاني قدامه من غير أي اهتمام بالنضافة مكان مايتوصّاش بيه خال,2,قبل 3 أشهر,شامينا - مأكلات سورية -,مطعم مأكولات سورية,google_maps,"[""food"", ""service"", ""cleanliness""]","{""food"": ""negative"", ""service"": ""negative"", ""cleanliness"": ""negative""}"
2228,"الحمد لله درنا العملية ليمّه وطلعت بالسلامة، بفضل ربي أولًا، وبعد فضل الطاقم الطبي اللي ما قصّروش معانا، وكانوا قدّ المسؤولية فعلًا. الإجراءات كانت ميسّرة وخدمة الملف تمت بسرعة، وكل شي مشى بسلاسة.
وكل الشكر لمسؤولين العلاقات العامة، وخصوصًا الاستاذة نيرمين، ربي يبارك فيهم ويجزيهم خير، ويجعلهم دايمًا عون وسند للمرضى، وفي ميزان حسناتهم يا رب 🤲",5,قبل أسبوعين,كايرو كلينك جناح النساء والولاده,مستشفى,google_maps,"[""service""]","{""service"": ""positive""}"
6489,التطبيق كان كويس بس فجأة في يوم بقا مبيشتغلش وكل شويه يقولي حدث مشكله حاول مرا تانيه ومش بيدخلني حتي بعد ما دخلت الايميل,1,2023-10-13 00:00:00,Elmenus,food_delivery,play_store,"[""app_experience""]","{""app_experience"": ""negative""}"
4788,"عيادات بلاتينوم واجهة مشرفة وتعامل راقي مع المرضي
ودكتور ايمن زكريا ونعم الخلق وطبيب مستمع وحريص علي المريض",5,قبل 3 أيام,Platinum Clinics - عيادات بلاتينيوم,مركز طبي,google_maps,"[""ambiance"", ""service""]","{""ambiance"": ""positive"", ""service"": ""positive""}"
3075,شكر خاص لطاقم التمريض ود محمد ابو النصر ومسؤله العلاقات العامة أ/ امل وطاقم التمريض الدور التالت  شكرا جزيلا لهم,5,قبل شهر,مستشفى الزهيري,مستشفى,google_maps,"[""service""]","{""service"": ""positive""}"
7394,تحت التجربة,5,2026-03-07 00:00:00,Jumia,ecommerce,play_store,"[""general""]","{""general"": ""neutral""}"
8655,تطبيق فاشل جدا جدا جدا,1,2026-03-07 00:00:00,Anghami,entertainment,play_store,"[""app_experience""]","{""app_experience"": ""negative""}"
361,بصراحة كانت تجربة ممتازة جدًا وأنصح بيها لأي حد بيدور على خدمة محترمة وسريعة. التعامل كان في منتهى الذوق والاحترام، والالتزام بالمواعيد كان واضح جدًا من أول لحظة. الجودة كانت أعلى من المتوقع، وكل التفاصيل كانت متظبطة ومتعمل لها حساب. حسيت باهتمام حقيقي وحرص على رضا العميل، وده شيء نادر اليومين دول. أكيد هكرر التجربة تاني ومش هتردد إني أرشح المكان لأي حد من صحابي أو معارفي. تجربة تستحق التقدير والتقييم العالي فعلًا.,4,قبل أسبوعين,أركاديا مول,مركز تسوق,google_maps,"[""service"", ""ambiance""]","{""service"": ""positive"", ""ambiance"": ""positive""}"
2735,اكتر مكان مميز وجميل في كل حاجه ♥️🥰,5,قبل 4 ساعات,مطعم ومقهي ستوريا,مطعم مأكولات إيطالية,google_maps,"[""general""]","{""general"": ""positive""}"
4961,ماشاء الله تعقيم فريق عمل ممتاز,5,قبل 10 أشهر,عيادات العبد للأسنان,عِيادة أسنان,google_maps,"[""cleanliness"", ""service""]","{""cleanliness"": ""positive"", ""service"": ""positive""}"
8897,برنامج جميل جدا و سهل الاستخدام و فيه جميع اللغات . احببته كثيرا 🌸❤ من بعد هالبرنامج ما منقدر نسمع اغاني نحنا واثقين انو هاي الاغنية الاصلية شكرا جزيلا لصاحب العقل الكبير . انه برنام جرائع جدا و انه مذهل 🏅🥇♥️♥️,5,2026-01-18 00:00:00,Anghami,entertainment,play_store,"[""app_experience""]","{""app_experience"": ""positive""}"
2581,عادى ومكرر ولا يختلف عن باقى السوريين فى شئ عدا الاسم,2,قبل يومين (2),مطعم شاورما ابو حاتم الدمشقي,مطعم شاورما,google_maps,"[""food""]","{""food"": ""negative""}"
8498,مش بيضيف عقاري بيكتب حدث خطأ مش فاهمة في أية انا منزلة في مواقع تانية َالتجربة أسهل من كده كتير يا ريت حد يفيدنا,1,2022-05-04 00:00:00,Aqarmap,real_estate,play_store,"[""app_experience""]","{""app_experience"": ""negative""}"
3959,عياده سي جدا و شغل الدكتور برضو مش احسن حاجه عملت عنده علاج جزور و نسالي حديده بتاعت تقوير السن جوا ضرسي وةان العصب اصلا ممتش كويس روحت لدكتور تاني يصلح اللي عملو منصحش حد بيه,1,قبل 10 أشهر,دكتور فادى رياض,عِيادة أسنان,google_maps,"[""ambiance"", ""service""]","{""ambiance"": ""negative"", ""service"": ""negative""}"
9283,جاااااااامد اااااااااااااااااااااااااوووووويييي,5,2026-03-02 00:00:00,Spotify,entertainment,play_store,"[""general""]","{""general"": ""positive""}"
3841,محل كويس جدا والأكل جميل بسم الله ما شاء الله,5,قبل 7 أشهر,محسن للمشويات,مطعم مأكولات مشوية,google_maps,"[""food""]","{""food"": ""positive""}"
7552,موقع جوميا ممتازة وبالأخص خدمة الدفع عند الاستلام,5,2026-01-16 00:00:00,Jumia,ecommerce,play_store,"[""app_experience"", ""delivery""]","{""app_experience"": ""positive"", ""delivery"": ""positive""}"
9604,تجربه ممتازه,5,2026-01-13 00:00:00,Wego,travel,play_store,"[""general""]","{""general"": ""positive""}"
7891,خدمة سيئة طلبت أوردر وكان المفترض أن يصل في اليوم التالي ولكن لم يصل وبعد التواصل معهم كان يؤكدون انه سيقومون بإعادة إرساله ولكن لم يبعتو شي كان مجرد كلام وفي اليوم الرابع اتصلت بهم وقالوا أن المنتج مفقود بكل لامبالاة ولا مسؤولية,1,2026-02-23 00:00:00,Amazon,ecommerce,play_store,"[""delivery"", ""service""]","{""delivery"": ""negative"", ""service"": ""negative""}"
7718,واجهة المستخدم معقدة وغير مريحة، والبحث لا يعطي نتائج دقيقة دائماً. بالإضافة إلى ذلك، كثرة الإعلانات والرسائل التنبيهية المزعجة تجعل تجربة التسوق محبطة. هناك تطبيقات أخرى تقدم خدمة أفضل وأسرع.,1,2026-03-10 00:00:00,Amazon,ecommerce,play_store,"[""app_experience"", ""service""]","{""app_experience"": ""negative"", ""service"": ""negative""}"
7678,فقلء,5,2026-03-12 00:00:00,Amazon,ecommerce,play_store,"[""none""]","{""none"": ""neutral""}"
7427,تطبيق سيء جدا في معامله الدفع وغير امن,1,2026-02-25 00:00:00,Jumia,ecommerce,play_store,"[""app_experience""]","{""app_experience"": ""negative""}"
3023,المكان بجد تحفه و كل الشكر للكابتن جو بجد حببني ف المكان و أجبرني اني لازم اجي تاني و اعيد التجربة بجد عايز أوجه الشكر لكابتن جو علي خدمة و مساعدته ف اختيار الطلبات,5,قبل أسبوعين,ذا بلكون كافيه الشيخ زايد,مطعم مأكولات ومشروبات,google_maps,"[""service"", ""ambiance""]","{""service"": ""positive"", ""ambiance"": ""positive""}"
4308,المكان حلو الاسطف كويس انا كنت واكل ساندوتش سي فود كان جميل بصراحه هو سعره معقول بس القعده في المكان مش حلوه قوي,5,قبل شهرين,بيتزا كينج باب اللوق,مطعم بيتزا,google_maps,"[""ambiance"", ""service"", ""food"", ""price""]","{""ambiance"": ""negative"", ""service"": ""positive"", ""food"": ""positive"", ""price"": ""positive""}"
3186,"المدير والموظفين والعاملين كلهم صراحة رائعين الجميع عائله واحده وما يترك وبسألوا ويهتموا والموقع رائع وحلو والاطلاله فقط يحتاج تغير مراتب السرير والاهتمام بالمصعد
اكثر شيء اقول شكراً للجميع",4,قبل 5 أشهر,فندق بوتيك النيل,فندق,google_maps,"[""service"", ""ambiance"", ""cleanliness""]","{""service"": ""positive"", ""ambiance"": ""positive"", ""cleanliness"": ""negative""}"
7090,انا قيمت بنجمه عشان اعرف اضيف تعليقي اسوء شركه واسوء اداره واسوء منتجات واسوء متابعه نصيحه لكل المتابعين البعد عنهم لانهم كل حاجه وحشه عندهم وناس مش تمام وجاري حذف الابلكيشن من الحياه كلها,1,2026-03-14 00:00:00,Noon,ecommerce,play_store,"[""service"", ""app_experience""]","{""service"": ""negative"", ""app_experience"": ""negative""}"
7535,للأسف المنتج ع البرنامج حاجه وف الحقيقه حاجه تانيه؛ خامته زباله بصراحه ومايستاهلش نص سعره ؛ ودا كان رأيي ف آخر مره بعد ماكنت بتعامل ع التطبيق علطول وأقول يمكن الاقي مره حاجه نضيفه فعلاً زي ماشوفتها ولكن المنتج بيكون شعبي مش زي اللي ف الصور ولا الخامه إللي بتعجبنا ومافيش حاجه إسمها عروض ولا خصومات زي مامكتوب؛ نفس الأسعار اللي برا أو أعلى كمان شويه حتى لو فيه خصومات أو عروض..,1,2026-01-21 00:00:00,Jumia,ecommerce,play_store,"[""app_experience"", ""price""]","{""app_experience"": ""negative"", ""price"": ""negative""}"
2205,"اشتريت كبة بصنوبر للقلي
بصراحة ناشفة جدا و الحشو قليل و اضطرينا نرميها",1,قبل شهر,سوريا ماركت البان اجبان حلويات,متجر بقالة,google_maps,"[""food""]","{""food"": ""negative""}"
448,"اسلوب وحش غير لائق
وتأخير في تحضير الطلب وللاسف الكول سنتر بيدي جاهز للطلب والطب لسه مكملشي",1,قبل شهر,دوار أم حسن,مطعم مأكولات مصرية,google_maps,"[""service""]","{""service"": ""negative""}"
8693,اعلانات كتير اوى,3,2026-02-28 00:00:00,Anghami,entertainment,play_store,"[""app_experience""]","{""app_experience"": ""negative""}"
3884,الاكل زفر بشكل اوفر,2,قبل شهرين,مطعم داي بسكاتوري المعادي,مطعم مأكولات إيطالية,google_maps,"[""food""]","{""food"": ""negative""}"
9168,تطبيق رائع تطبيق رائع لسمع الاغاني اذا كنت تريد ان تشغل الاغاني بدون انترنت فعليك ان تدفع مالا لكنه تطبيق جيد,5,2026-03-06 00:00:00,Spotify,entertainment,play_store,"[""app_experience"", ""price""]","{""app_experience"": ""positive"", ""price"": ""negative""}"
7025,ممتاز,5,2026-03-09 00:00:00,Uber,transport,play_store,"[""general""]","{""general"": ""positive""}"
728,الاستاف في الصالة خصوصاً الاصلع معاملتة سيئة,1,قبل شهرين,مطعم اهل الراية للمأكولات السورية,مطعم مأكولات سورية,google_maps,"[""service""]","{""service"": ""negative""}"
3295,ممتاز,5,قبل 5 أشهر,مطعم فول وفلافل السني,مطعم فلافل,google_maps,"[""general""]","{""general"": ""positive""}"
1520,احلا والذ اكل ايطالي بالقاهره 👌🏻,5,قبل شهرين,بيبنيرو,مطعم مأكولات إيطالية,google_maps,"[""food""]","{""food"": ""positive""}"
62,صراحة من احلى الاماكن اللي زرتها واللي خلاها احلى واحلى انه بموسم شتاء وعالكريسماس الاجواء خيالية 🥹✨✨✨✨,5,قبل شهرين,داون تاون القطامية,مركز تسوق,google_maps,"[""ambiance""]","{""ambiance"": ""positive""}"
3968,تجربة سيئة جدا ..الكريب مليان صوص و الفراخ حجر مفيهاش لحم و عجينة الكريب وحشة جدا اشتكيت و كان ردهم في منتهى البرود.,1,قبل شهرين,بيتزا الشيف المبتديان,مطعم بيتزا,google_maps,"[""food"", ""service""]","{""food"": ""negative"", ""service"": ""negative""}"
7474,مع الاسف اول مره اتعامل مع جوميا واعتقد انها اخر مره طلبت منتج وجالى منتج غيره بسعر اقل من اللى انا دفعاه ونع الاسف راحت عليه بقيه المبلغ واتصلت بخدمه العملاء ولم يفعلو شى بصراحه خدمه وحشه جدا وحسبنا الله ونعم الوكيل,1,2026-02-09 00:00:00,Jumia,ecommerce,play_store,"[""delivery"", ""price"", ""service"", ""app_experience""]","{""delivery"": ""negative"", ""price"": ""negative"", ""service"": ""negative"", ""app_experience"": ""negative""}"
7979,شريت منكم منتج تلفزيون 400 ريال وسحبتو علي لي حول شهر نصابين والله لايوفقكم احد يعرف رقمهم واتساب شي يرسله,1,2025-07-08 00:00:00,Shop,ecommerce,play_store,"[""service"", ""price"", ""app_experience""]","{""service"": ""negative"", ""price"": ""negative"", ""app_experience"": ""negative""}"
3869,الداخل ليها مفقود والخارج منها مولود,1,قبل شهرين,مستشفى باب الشعرية,مستشفى,google_maps,"[""general""]","{""general"": ""negative""}"
2040,"عاد هالمطعم حكايه ثانيه قسم بالله اتعب وانا اقول لذيذ وانصح في رقبة الخروف والبطاطس عندهم وتبهيره رهييب ياحبي للمطعم هذا بس حط ببالك بتدفع اقل شيء 300 ريال سعودي
للعلم الخدمة عندهم قويه جدا انت تطلب وتروح تجلس تلقى طلبك جاي وراك كيف مدري بس خدمة توب",5,قبل شهرين,مطعم ميت موت مدينة الشيخ زايد,مطعم,google_maps,"[""food"", ""price"", ""service""]","{""food"": ""positive"", ""price"": ""negative"", ""service"": ""positive""}"
873,المكان جميل ومهدئ للاعصاب والاستاف كله جميل والاكل تحفة تحفة وحتي الاغاني بتخلي الموود وكل حاجة جميلة اوي ❤️❤️,5,قبل شهر,مطعم زهرة لبنان,مطعم مأكولات لبنانية,google_maps,"[""ambiance"", ""service"", ""food""]","{""ambiance"": ""positive"", ""service"": ""positive"", ""food"": ""positive""}"
794,"القطار في رمضان منظم جدا
فريق العمل ودود جدا
رغم صعوبة تنظيم الفطار عادة في المطاعم المختلفة في رمضان ، إلا ان العملية كانت منظمة جدا ، والاوردر جاهز ومش بارد",5,قبل 4 أيام,مطعم بحري,مطعم مأكولات بحرية,google_maps,"[""service"", ""food"", ""ambiance""]","{""service"": ""positive"", ""food"": ""positive"", ""ambiance"": ""positive""}"
1991,"مطعم صغير لكن رائع جداً
الطعام والخدمه والاجواء ممتازين
الاكل طازج و العاملون يشرحون لك كل شيء بالتفصيل ويساعدونك
شكراً لهدي التجربه الفريده التي سوف اكررها دائماً",5,قبل شهر,Dido's al Dente,مطعم مأكولات إيطالية,google_maps,"[""food"", ""service"", ""ambiance""]","{""food"": ""positive"", ""service"": ""positive"", ""ambiance"": ""positive""}"
2105,"بجد اول مرة اشوف في حياتي كدة كلمتهم بطلب اوردر بقلو عايزه سندويش بطاطس مع كول سلو بيقولي مينفعش احط بقلبه بقلو ان حط زيادة وبدفع زيادة بيقولي لا دي تعليمات المحل !!!
هو مش لمفروض يكون على رأيي الزبون ولا؟؟
لا وسندوتش جه وجواه شوية بطاطس مش عارفه اي البخل ده",1,قبل أسبوعين,صاج وشاورما,مطعم شاورما,google_maps,"[""service"", ""food""]","{""service"": ""negative"", ""food"": ""negative""}"
9496,برنامج جميل جدا تفدر تعرف من خلاله كل شيء عن رحلات الطيران وحجز الفنادق بكل سهوله فشكرا علي القائمين على هذا البرنامج,5,2026-02-12 00:00:00,Wego,travel,play_store,"[""app_experience""]","{""app_experience"": ""positive""}"
4818,جيدة جدا,4,قبل 9 أشهر,Mobaco Cottons,متجر ملابس,google_maps,"[""general""]","{""general"": ""positive""}"
6581,اسوا تطبيق شفته بحياتي مشوار صغير اخذ منيـ32 كل التطبيقات تاخذ اقل من 20الا كريم ياخذ فوق ال30حتى لو المشوار قصير حسبي الله,1,2026-02-27 00:00:00,Careem,transport,play_store,"[""app_experience"", ""price""]","{""app_experience"": ""negative"", ""price"": ""negative""}"
4663,العياده كويسه ومنظمه والدكتور عمر ماشاءالله ممتاز ومستمع جيد,5,قبل أسبوعين,Misr Modern Clinics عيادات مصر الحديثه ( فرع مصدق ),مركز طبي,google_maps,"[""ambiance"", ""service""]","{""ambiance"": ""positive"", ""service"": ""positive""}"
8186,السعوديه,5,2015-01-24 00:00:00,OLX,ecommerce,play_store,"[""none""]","{""none"": ""neutral""}"
5907,بصراحة من اول مجيت  مصر وانا بعمل ضوافري عند مرينا انسانة جميلة وشغلها يجنن ❤️🌹,5,قبل سنة,Beauty salon Glowing,صالون تجميل,google_maps,"[""service""]","{""service"": ""positive""}"
7358,تمام,5,2026-03-05 00:00:00,Noon,ecommerce,play_store,"[""general""]","{""general"": ""positive""}"
8971,سئ,1,2026-01-07 00:00:00,Anghami,entertainment,play_store,"[""general""]","{""general"": ""negative""}"
9810,برنامج كويس وبيساعدني كتير ولكن المشكله ان اماكن كتير الصور مش زي الحقيقه يعني اروح المكان الاقي المكان مفيش ولا صوره نفس المكان بتكون صور مزوره,3,2026-01-24 00:00:00,Booking,travel,play_store,"[""app_experience""]","{""app_experience"": ""negative""}"
7183,الشحن غير سريع أقصي مده 24ساعه,3,2026-03-10 00:00:00,Noon,ecommerce,play_store,"[""delivery""]","{""delivery"": ""negative""}"
6669,انة امس طلبت كريم وچان بالمحفظة مال التطبيق فلوس. بس تطبيق كريم سحب من بطاقتي. السايق گلي ما اجاني اشعار بالدفع فأضطريت انطي نقدا. ومن وصلت طلع التطبيق هم دافعلة. يعني صار مضاعف. ومن اشتكيت الهم گلولي للأسف لا يمكن ارجاع هذا المبلغ. يعني باگوني عينك عينك . راح احذف التطبيق ما عجبني ردهم كلش,1,2026-02-11 00:00:00,Careem,transport,play_store,"[""app_experience"", ""service""]","{""app_experience"": ""negative"", ""service"": ""negative""}"
6875,"برنامج غير صادق طلب مني صوره شخصيه مقابلها يعطني 5رحلات تخفيض 40%, صوره صوره اختفي العرض",1,2026-03-12 00:00:00,Uber,transport,play_store,"[""app_experience""]","{""app_experience"": ""negative""}"
1500,أتيت من البحرين على مدح المكان وأكاد أن أجزم بأن الحمام من الذ ما أكلت ومحل خدمته رائعة والاستاذ محمد صبحي قمة في الأخلاق والرقي ومبتسم دائما ومتعاون وبسبب رجعت للمطعم لأكثر من ٣ مرات لأكل الحمام المشوي اللذيذ ولا تاكل الذ منه في القاهرة، اللهم المكان يحتاج للتجديد ويكون افضل محل حمام في القاهرة بل مصر كلها.,5,قبل شهرين,مطعم الجمهورية,مطعم مأكولات مشوية,google_maps,"[""food"", ""service"", ""ambiance""]","{""food"": ""positive"", ""service"": ""positive"", ""ambiance"": ""negative""}"
1967,أنظف واحسن مكان حاجة محترمة جدا,5,قبل شهر,حضرموت التجمع الخامس,مطعم يمني,google_maps,"[""cleanliness""]","{""cleanliness"": ""positive""}"
6298,تطبيق بقى سيء جدا جدا وحملته ومسحته المطاعم قليله جدا ومحدوده وعند الطلب يقول حدث خطأ محاوله مره اخرى وبعد عده محاولات لايوجد استجابه ولا تصليح خطا,1,2025-07-24 00:00:00,Elmenus,food_delivery,play_store,"[""app_experience""]","{""app_experience"": ""negative""}"
5534,"المكان نظيف جدا و المواعيد دقيقة و منظمه و الترتيب و لا غلطة ... الاسعار ممتازه مقابل الخدمة و الشغل احترافي و الطبيبة فنانة
كل الاحترام و الحب",5,قبل 4 أشهر,Dr.Amira Lashin - Dental Clinic,عِيادة أسنان,google_maps,"[""cleanliness"", ""service"", ""price""]","{""cleanliness"": ""positive"", ""service"": ""positive"", ""price"": ""positive""}"
3523,أحسن صالون حلاقة في القاهرة خدمة جيدة و راقية جدا شكراً لكم,5,قبل 4 ساعات,Hika salon,صالون حلاقة,google_maps,"[""service""]","{""service"": ""positive""}"
8573,نفسي يبقا زى olx,1,2021-05-19 00:00:00,Aqarmap,real_estate,play_store,"[""app_experience""]","{""app_experience"": ""negative""}"
7344,جميل,5,2026-03-05 00:00:00,Noon,ecommerce,play_store,"[""general""]","{""general"": ""positive""}"
9998,افضل واضمن برنامج لحجز الفنادق,5,2025-11-24 00:00:00,Booking,travel,play_store,"[""app_experience""]","{""app_experience"": ""positive""}"
460,"جميل وعجبنى الصراحة لكن الفيو مش قد كدة
فى وسط منطقة سكنية",4,قبل 5 أيام,فندق تريومف,فندق,google_maps,"[""ambiance""]","{""ambiance"": ""negative""}"
9752,"قمت باجراء حجز فندقي قبل ٣ اسابيع عن طريق هذا البرنامج و عند وصولي الى الفندق كان الحجز مختلف عن نوع الغرفه و عدد الاسره لم تستجب ادارة الفندق و عند الاتصال بخدمة زبائن البرنامج و لمرتين متتاليه لم يتم حل المشكله للاسف كانت تجربه سيئه 3 weeks ago I did booking by this app but unfurtunatly it was differ from wat I booked hotel reception didnt responded and when I called booking call center twice , they had no response too! bad experience 😐",1,2026-02-17 00:00:00,Booking,travel,play_store,"[""app_experience"", ""service""]","{""app_experience"": ""negative"", ""service"": ""negative""}"
3314,مو مره مو نفس بس كويس,5,قبل سنة,maharaja october مهراجا اكتوبر,مطعم مأكولات هندية,google_maps,"[""general""]","{""general"": ""neutral""}"
8874,تمام ١٠٠,5,2026-01-21 00:00:00,Anghami,entertainment,play_store,"[""general""]","{""general"": ""positive""}"
353,"يمن يحيى على غرفه 925
بوجه جزيل الشكر للدور على حسن تعاملهم والذوق الراقي يسعد الله صباحهم بشكر مس امل مشرفه الدور ومس منار ومس بوسي ومس شهد والدكتور جمال سعدي والدكتور هشام بدوي وكل طاقم التمريض والعمليات ومستر فوزي ومستر حسام وعمال النضافه شكرا كثيراا",5,قبل 3 أسابيع,مستشفى السلام الدولى,مستشفى,google_maps,"[""service"", ""cleanliness""]","{""service"": ""positive"", ""cleanliness"": ""positive""}"
7270,تطبيق ومعامله زي الزفت كل اما اكلب طلبيه ييجي ليا الاوردر ناقص شركه حراميه بمعني الكلمه ولما عملت طلب استرجاع محدش ايجا اخد المنتج علشان يرجع وخدمه عمله زي الهم كلهم جهله مش عارفين شغالين ازاي في شركه زي دي,1,2026-03-07 00:00:00,Noon,ecommerce,play_store,"[""app_experience"", ""delivery"", ""service""]","{""app_experience"": ""negative"", ""delivery"": ""negative"", ""service"": ""negative""}"
6551,اول تجربه لي وكانت ممتااازه,5,2026-03-05 00:00:00,Careem,transport,play_store,"[""general""]","{""general"": ""positive""}"
6249,تطبيق فاشل ولا يعمل من الاساس,1,2025-12-20 00:00:00,Elmenus,food_delivery,play_store,"[""app_experience""]","{""app_experience"": ""negative""}"
5180,"عايدة كويسة نضيفة جدا وبيهتموا بالمريض جدا
Very recommended Dr.Amgad",5,قبل شهر,Hayat Dental Clinic New Cairo,عِيادة أسنان,google_maps,"[""cleanliness"", ""service""]","{""cleanliness"": ""positive"", ""service"": ""positive""}"
575,الأكل حلو والمكان بعد والسيرفس قوي احسن اجمد اثنين مانو و زيزو خوووش سيرفس خدومين,3,قبل شهر,بيت ورد,مطعم مأكولات لبنانية,google_maps,"[""food"", ""delivery"", ""service""]","{""food"": ""positive"", ""delivery"": ""negative"", ""service"": ""positive""}"
9365,مميز بشكل رهيببب اجيت اسمع البوم بلاك بينك 🤍✨,5,2026-02-27 00:00:00,Spotify,entertainment,play_store,"[""general""]","{""general"": ""positive""}"
4161,"للأسف لا أنصح بتجربة هذا المركز إطلاقًا. المكان سيئ جدًا من حيث التنظيم والخدمة. الجلسة لا تُستكمل بالشكل المطلوب، حيث يتم تقليل وقتها لوجود عميل آخر في الانتظار، وهذا أمر غير احترافي إطلاقًا.
كما أن الخصوصية شبه معدومة، إذ يتم فتح الباب أو دخول أشخاص أثناء الجلسة بشكل متكرر، مما يسبب إزعاجًا كبيرًا وعدم راحة.
تجربة غير مرضية ولا تستحق التكرار.",1,قبل شهر,نادى الديب الصحى بالقاهرة,غرفة لياقة,google_maps,"[""service"", ""ambiance""]","{""service"": ""negative"", ""ambiance"": ""negative""}"
7311,اشكرا شركه نون والكادر العملي وموظفين التوصيل شكرا من اعماق قلبي ولله افضل شركه توصيل بثقه تامه تعامل لا يوصف 🤍🤍,5,2026-03-06 00:00:00,Noon,ecommerce,play_store,"[""delivery"", ""service""]","{""delivery"": ""positive"", ""service"": ""positive""}"
6243,برنامج تعبان جدا الإدارة مش بتفهم حاجة,1,2026-01-04 00:00:00,Elmenus,food_delivery,play_store,"[""app_experience"", ""service""]","{""app_experience"": ""negative"", ""service"": ""negative""}"
4236,"حبايب قلبي كانت الخدمه مميزه وسريعه والعاملين جدا لطفاء اتمني من الكل تجربتهم
والله ولي التوفيق",5,قبل شهرين,Dehya Beauty Salon ( New Cairo ),صالون تجميل,google_maps,"[""service""]","{""service"": ""positive""}"
5031,أسوء محل مقرف اول مره بشوف فلفل مع مايونيز علي فكرا هدا مستحيل سوري هدا أكيد مصري,1,قبل 9 أشهر,التاج السوري,مطعم مأكولات سورية,google_maps,"[""food""]","{""food"": ""negative""}"
2569,الخدمة مرة سيء يعني تدق اربع مرات حتى يتم الرد عليك يبغى لك اكثر من ساعة تجربة سيء لو رجعت مصر مستحيل اسكن في الفندق,3,قبل شهرين,Holiday Express Hotel,فندق,google_maps,"[""service""]","{""service"": ""negative""}"
3256,"تجربتي مع مطعم تفاحه رائعه جدا..الاكل السوري الاصلي
المكان نضيف واسعار مناسبه
شكرا لمطعم تفاحه على الخدمه الممتازه🌹",5,قبل 3 أشهر,مطعم تفاحة,مطعم,google_maps,"[""food"", ""cleanliness"", ""price"", ""service""]","{""food"": ""positive"", ""cleanliness"": ""positive"", ""price"": ""positive"", ""service"": ""positive""}"
146,جوده تستحق التجربة,5,قبل يومين (2),إبن الشام,مطعم مأكولات سورية,google_maps,"[""food""]","{""food"": ""positive""}"
8025,شكرا مستر بيست انت تدعم كثيرمن الناس,5,2024-02-21 00:00:00,Shop,ecommerce,play_store,"[""none""]","{""none"": ""neutral""}"
7905,لانه ارخص سعر وبجد عجبني جدا وانا بشكركم,5,2026-02-21 00:00:00,Amazon,ecommerce,play_store,"[""price""]","{""price"": ""positive""}"
1326,الاكل تمام جدا اكلنا كفتة فراخ وكفتة اللحمه والسجق كان حلو جدا والخدمة جميله وكانت معانا الشيف أميرة استقبالها جميل جدا,5,قبل 3 أسابيع,بيت المشويات,مطعم,google_maps,"[""food"", ""service""]","{""food"": ""positive"", ""service"": ""positive""}"
1883,مطعم يقدم المشويات والسندويشات وغيرها في شارع مصدق الدقي,5,قبل شهرين,ابو انس السوري الدقي,مطعم مأكولات سورية,google_maps,"[""general""]","{""general"": ""neutral""}"
7692,اسوأ موقع اتعاملت معاه ولا يوجد مصداقيه ابدا وفاشلين في كل شئ,1,2026-03-11 00:00:00,Amazon,ecommerce,play_store,"[""service""]","{""service"": ""negative""}"
2900,"الانسة خديجة شطورة جداً في الاظافر تحفة بجد
وكمان الشعراوي شاطر في الشعر .",5,قبل شهر,ELLE Salon,صالون تجميل,google_maps,"[""service""]","{""service"": ""positive""}"
259,مطعم قذر والمعاملة قذرة والعاملين في منتهى قلة الأدب والقذلرة,5,قبل 8 ساعات,مطعم إبن الشام فرع الرحاب,مطعم مأكولات سورية,google_maps,"[""cleanliness"", ""service""]","{""cleanliness"": ""negative"", ""service"": ""negative""}"
3082,شكر خاص لطاقم الطبي والتمريض الدور السادس ومسؤله العلاقات العامه امل هشام,5,قبل شهرين,مستشفى الزهيري,مستشفى,google_maps,"[""service""]","{""service"": ""positive""}"
4009,"بجد كل شي كان مريح جدا
المواعيد مظبوطه والدكتور ممتاز وشاطر والعياده كمان نضيفه جدا
والاستاف متعاون والاسعار مقابل الخدمه كويسه جدا",5,قبل 3 أسابيع,Hashems Dental Clinic,عِيادة أسنان,google_maps,"[""service"", ""cleanliness"", ""price""]","{""service"": ""positive"", ""cleanliness"": ""positive"", ""price"": ""positive""}"
6764,ممتاز,5,2026-01-30 00:00:00,Careem,transport,play_store,"[""general""]","{""general"": ""positive""}"
1018,اجواء جيده، وجبات حلوة بس اقل من المتوقع شوية، والخدمة جيدة,2,قبل أسبوعين,جاد الدقي,مطعم مأكولات مصرية,google_maps,"[""ambiance"", ""food"", ""service""]","{""ambiance"": ""positive"", ""food"": ""neutral"", ""service"": ""positive""}"
6857,بصرحه جبااار غني عن التعريف,5,2026-03-12 00:00:00,Uber,transport,play_store,"[""general""]","{""general"": ""positive""}"
4915,اجمل صالون في مصر للامانه رحت كذا صالون وم في احسن وافضل من صالون توني انصح فيه اي احد يجي مصر لازم يجي الصالون ❤️❤️,5,قبل شهر,Tony Beauty Lounge,مصفف الشعر,google_maps,"[""general""]","{""general"": ""positive""}"
1496,ممتاذ,5,قبل شهر,مطعم الجمهورية,مطعم مأكولات مشوية,google_maps,"[""general""]","{""general"": ""positive""}"
2424,الطلب غلط والعجينه لبان ليست فطيره اكل سيء وجاني تسمم منه,1,قبل شهر,بيتزا السلطان القصر العيني,مطعم بيتزا,google_maps,"[""food"", ""service""]","{""food"": ""negative"", ""service"": ""negative""}"
4565,"مطعم فول و طعمية قديم في المنيل

المطعم صغير وعندهم ثلاث طاولات صغيرة فقط

جربت عندهم اغلب الطلبات، وعجبني الفول بالزيت الحار ، والطعمية لما تكون ساخنة

وطلبت باذنجان مخلل و باذنجات مقلي وبيض مسلوق بالطحينة

وطبق الجبنة فقط لم يعجبني شخصياً بسبب كثرة الخضروات فيه (يحتوي على جزر كثير)

فطار مصري تقليدي في مطعم شعبي قديم ، احساس جميل ، و مستوى النظافة متوسط لكنه افضل من غيره مقارنة بالمطاعم الشعبية

تحياتي ،،،

احمد مساوى
@AhmadMesawa",4,قبل سنتين,مطعم الدمياطي فول وفلافل,مطعم فلافل,google_maps,"[""food"", ""ambiance"",""cleanliness""]","{""food"": ""positive"", ""ambiance"": ""positive"", ""cleanliness"": ""neutral""}"
8322,التطبيق أصبح ممل جدا كل ما أعلن عن حاجه يقولي لا يمكن الوصول وبعد ذلك مساومات من القائمين علي علشان يسوقون شققي بدلا مني وكل شويه اتصال لعرض الباقات هو احنا اللي عملنا البرنامج من اعلاناتنا ارجو مراجعه السياسه,2,2024-11-19 00:00:00,Aqarmap,real_estate,play_store,"[""app_experience"", ""service""]","{""app_experience"": ""negative"", ""service"": ""negative""}"
1613,"طعام لذيذ وطازج واسعار مناسبة
مطعم كريم بالكمية والمقبلات",5,قبل شهرين,مطعم الدباغ,مطعم,google_maps,"[""food"", ""price""]","{""food"": ""positive"", ""price"": ""positive""}"
722,"اكله جميل جدا و مميز، سواء مشويات او اكل مصري، اسعاره ممتازة لان ميزانه اكتر من باقي محلات المشويات، عيبه الركنة بس هما وفروا واحد يركن العربيات قدام المحل، قعدته ممتازة، الاكل بينزل بسرعة

عيبه الوحيد شوية تكات صغيرة، يعني الشيش طاووق اوراك بس مفيش اوبشن صدور، طبق السلطات المشكل ماينفعش تحدد انواعه، شوية حاجات بسيطة لو اتعدلت يبقى عشرة على عشرة

انما هو في طعم الاكل ميتوصاش زي اكل البيت و احلى",4,قبل شهر,قصر الكبابجي,مطعم مأكولات مصرية,google_maps,"[""food"", ""price"", ""ambiance"", ""service""]","{""food"": ""positive"", ""price"": ""positive"", ""ambiance"": ""negative"", ""service"": ""positive""}"
7130,عدم فتح التطبيق حتى بعد التحديث متعطل,1,2026-03-12 00:00:00,Noon,ecommerce,play_store,"[""app_experience""]","{""app_experience"": ""negative""}"
4648,"خدمه سيئه جدا جدا وتأخذ وقت
الاكل كله زيت واكنه من أمس
ريحه الاكل مش ريحه مندي خلص
صراحه تجربه فاشله",1,قبل شهرين,مطعم حضرموت اكتوبر,مطعم أطباق اللحوم,google_maps,"[""service"", ""food""]","{""service"": ""negative"", ""food"": ""negative""}"
3602,بصراحه انا جربت عندهم الفراخ كانت تحفه معامله محترمه جداا خصوصا السوري الي واقف عل فراخ ربنا يباركلك,5,قبل 4 أشهر,ابوحسن السوري,مطعم شاورما,google_maps,"[""food"", ""service""]","{""food"": ""positive"", ""service"": ""positive""}"
4073,الجيم جميل ، كبير وفريحي جدا جدا ، وكل الناس بتتعامل بود وحب وشفافية ، والمدربين الأبطال متعاونين جدا ، وميزتهم التواضع وكمان اللاعيبة الأبطال متعاونين وكابتن مكي إنسان رائع رائع رائع رائع ، شكرا لكل الناس في الجيم,5,قبل 6 أشهر,Monster Gym,صالة رياضة,google_maps,"[""ambiance"", ""service""]","{""ambiance"": ""positive"", ""service"": ""positive""}"
4497,مع أنه مطعم صغير جدا ولكن شعله من النشاط .والطعام الشعبى كله جميل.,5,قبل 4 أشهر,مطعم الشروق,مطعم فلافل,google_maps,"[""ambiance"", ""food""]","{""ambiance"": ""positive"", ""food"": ""positive""}"
739,احنا طلبنا الأكل في رمضان و اتأكدنا قبل الفطار ان الاوردر جهز و قالنا انه فعلاً طلع و بعدين محدش جه و لا رد علينا و لا حتى قال انهم مش هيجيبوا الأكل .. خدمة العملاء منتهى القرف وقلة الذوق,1,قبل 6 أيام,كبابجي العربي,مطعم مأكولات مشوية,google_maps,"[""delivery"", ""service""]","{""delivery"": ""negative"", ""service"": ""negative""}"
6490,تطبيق كويس والدعم كويس,3,2023-10-11 00:00:00,Elmenus,food_delivery,play_store,"[""app_experience"", ""service""]","{""app_experience"": ""positive"", ""service"": ""positive""}"
6324,تجربه سيئه غير ملتزمين,1,2025-03-30 00:00:00,Elmenus,food_delivery,play_store,"[""service""]","{""service"": ""negative""}"
4185,السلام عليكم انا محمد علي 14سنه من سنه والدي راح ليشترك لي في جيم Gem H2o رانه جم كبير  وبعد الاشتراق قال لزم مدرب بلشهر علشان يدربه وكم مبلغ المدرب 3000 جنيه بعد ما دفعت المدرب ما بقاش يهتم وسيبني اتدرب ويروح هو مدربين اصدقاؤه تانيين يفضلوا يبصوا عليا ويضحكوا علشان انا جسمي مليان فتح رقت وما بقتش اروح لمده فتره كبيره وبعد فتره كبيره رحت الجيم لكن فرع ثاني واول ما دخلت قالوا لي انت سارق الكارت ولا ايه نفس اللي حصل في الفرع الاول حصل في الفرع الثاني فتحت وما بقتش اروح ثاني,1,قبل 8 أشهر,H2O Gym & Spa,صالة رياضة,google_maps,"[""service"", ""price"", ""ambiance""]","{""service"": ""negative"", ""price"": ""negative"", ""ambiance"": ""negative""}"
8793,اجمل برنامج بجد,5,2026-02-06 00:00:00,Anghami,entertainment,play_store,"[""app_experience""]","{""app_experience"": ""positive""}"
8264,سؤال /هل الاعلانات الموجودة محدثة لسنة ٢٠٢٥ ام اعلانات قديمة لانها فى هذه الحالة عديمة الفائدة,3,2025-05-31 00:00:00,Aqarmap,real_estate,play_store,"[""app_experience""]","{""app_experience"": ""negative""}"
8120,لا يعمل بشكل صحيح 👎😡,1,2019-05-26 00:00:00,OLX,ecommerce,play_store,"[""app_experience""]","{""app_experience"": ""negative""}"
8658,رائع جدا,5,2026-03-07 00:00:00,Anghami,entertainment,play_store,"[""general""]","{""general"": ""positive""}"
9940,لا يعمل على متابعة الفنادق النصابه,1,2025-12-13 00:00:00,Booking,travel,play_store,"[""app_experience"", ""service""]","{""app_experience"": ""negative"", ""service"": ""negative""}"
5055,من العيادات الملتزمة بالمهنية العالية حيث انه  كان الاستقبال على مستوى من التقدير ، اهنيء ادارة المركز بوجود نخبة من الموظفات في قسم الاستقبال ..,5,قبل شهر,عيادات الفارابي - Al- Farabi Clinics,طبيب أسنان,google_maps,"[""service""]","{""service"": ""positive""}"
6406,سيء جداً جداً تانى اوردر يجي غلط ماانصحش بإستخدامه,1,2024-05-28 00:00:00,Elmenus,food_delivery,play_store,"[""delivery"", ""app_experience""]","{""delivery"": ""negative"", ""app_experience"": ""negative""}"
9744,جيدة ولا توجد اي ملاحظات,5,2026-02-21 00:00:00,Booking,travel,play_store,"[""general""]","{""general"": ""positive""}"
5576,دكتور يوسف number 1,5,قبل 3 أشهر,Souror Dental Clinic,عِيادة أسنان,google_maps,"[""none""]","{""none"": ""neutral""}"
5878,دكتور كريم والدكتور محمد من احسن دكاترة الاسنان اللي قابلتهم، مهنية عالية وأمانه في النصائح المقدمه مستمعين جيدين جدا وتخرج من عندهم وانت راضي,5,قبل 5 أشهر,Dental District Cairo - Serving New Cairo,عِيادة أسنان,google_maps,"[""service""]","{""service"": ""positive""}"
6851,ممتاز لكن الانتظار طويل جدا,5,2026-03-12 00:00:00,Uber,transport,play_store,"[""service""]","{""service"": ""neutral""}"
8302,الابلكيشن ممتاز جدا وساعدني الاقي الي بدور عليه,5,2024-12-17 00:00:00,Aqarmap,real_estate,play_store,"[""app_experience""]","{""app_experience"": ""positive""}"
8829,تطبيق انغامي جميل جدا ويجيب فنانين كويسين حقيقه,5,2026-01-31 00:00:00,Anghami,entertainment,play_store,"[""app_experience""]","{""app_experience"": ""positive""}"
3957,"اشطر دكتور في العالم هو طبعا د فادي خلع ضرس العقل في 3 دقايق بالظبط و الساعه شاهده معايا 😂
دكتور فادي انا مقدره كل اللي بتعمله معايا جدا من سنده و تشجيع و حب و عطاء و ممتنه لحضرتك و لذوقك معايا و مراعاتك لتعبي و خوفي طول الوقت
حضرتك دكتور عظيم و تستاهل خير الدنيا كله ربنا يكرمك و يزيدك من كرمه بنحبك جداااااا 😍❤",5,تاريخ التعديل: قبل 9 أشهر,دكتور فادى رياض,عِيادة أسنان,google_maps,"[""service""]","{""service"": ""positive""}"
8847,جميل جدا 🥰 في اغاني مش موجوده ف اي تطبيق تاني جميل جدا جدا بصراحه انصح الكل ينزله 🥰🥰🥰♥️♥️♥️♥️♥️,5,2026-01-28 00:00:00,Anghami,entertainment,play_store,"[""app_experience""]","{""app_experience"": ""positive""}"
1623,"انا بتعامل معاكم من زمان جدا فى فرع التجمع
اول مرة احس انى مضايق جدا انى جيت للمكان
انا خدت اوردر امبارح رقمه 102
وكنت داخل للاستاذ اللى بيعمل بيك اب اساله ١٠٢ خلص ؟
الاقيه بيرد عليا بمنتهى قلة الذوق ويقول. هو انت دفعت حقه ؟
بصتله باستخفاف كده ووريتله الريسيت وهو حتى لاحظ ان طريقته معجبتنيش
يعنى منطقيا كده هسال ازاى على رقم اوردر معين وانا مش دافع فلوسه ؟؟
وهعرف رقمه منين ؟
واحد شكله اول مره يشتغل او يتعامل مع عملاء عشان يسال سؤال غبى زى ده ويحسس العميل انه داخل ياخد اوردر مدفعش حقه وطريقته مستفزة جدااا بجد شيلوا البنى ادم ده من المكان عشان اول مرة الاحظ ان مفيش دقة فى اختيار الموظفين..احنا مش بنيجى بس عشان الاكل احنا بنيجى عشان ( المعاملة والاستقبال ) ولما يكون اول شخص بيقابل العميل فى المكان اخره يشتغل استيوار مع كامل احترامى للمهنة يبقى انتوا محتاجين تراجعوا نفسكم ويكون فى رقابة على الموظفين والتعامل مع العملاء",1,قبل شهر,مطعم الأصيل الدمشقي,مطعم,google_maps,"[""service""]","{""service"": ""negative""}"
8250,معظم ارقام المُلاك مكتوبة خطأ ١٠ ارقام فقط,1,2025-07-26 00:00:00,Aqarmap,real_estate,play_store,"[""app_experience""]","{""app_experience"": ""negative""}"
9905,بما اني لن اجربه ولكن اقول جيد,5,2025-12-23 00:00:00,Booking,travel,play_store,"[""general""]","{""general"": ""neutral""}"
7588,جيدا جداً جداً جداً والحاجه وصلت في 3 ايام فقط وبجد الحجات كتير كتير بتجنن,5,2025-12-28 00:00:00,Jumia,ecommerce,play_store,"[""delivery""]","{""delivery"": ""positive""}"
1778,الأكل تمام و كل حاجه حلوه جدا و و كمان بيقدم ولقم درانك في رمضان,5,قبل أسبوع,صاج وشاورما,مطعم,google_maps,"[""food""]","{""food"": ""positive""}"
8334,كلها شقق وهميه حتى لو الاعلان لسه نازل الموظف يقول مش متوفر ده لو رد اصلاً بينشرو صور وهميه للدعايا,1,2024-07-23 00:00:00,Aqarmap,real_estate,play_store,"[""service"", ""app_experience""]","{""service"": ""negative"", ""app_experience"": ""negative""}"
8465,التطبيق مش عاوز يشتغل كل ما اكتب الاميل و الباسورد يقولي فشل في خدمة البيانات ......................... ده كان راي في الأول .. لكن بصراحة انا مش عارف اشكركم ازاي و لا اوصف مدى رضائي بجد .. باختصار يا جماعه انا أول مره اشوف خدمة عملاء زي خدمة عملاء عقار ماب. في أقل من ساعه لقتهم بعتينلي على الفيس بوك بكل ادب ممكن رقم تليفونك للتواصل و كلمتني الاستاذه هناء المحترمه و حلت المشكله بتاعتي في أقل من دقيقه . بجد شكرا عقار ماب شكرا ليكي جدا استاذه #هناء_فؤاد,5,2022-08-23 00:00:00,Aqarmap,real_estate,play_store,"[""app_experience"", ""service""]","{""app_experience"": ""negative"", ""service"": ""positive""}"
1172,يستحق التحربه ..,5,قبل شهر,ميزون توماس بيتزا,مطعم بيتزا,google_maps,"[""general""]","{""general"": ""positive""}"
5947,مشاءالله اكلهم تحغه الجبن روعه تسلم اديكم,5,قبل سنتين,بيتزا الزعيم فرع غمره,مطعم بيتزا,google_maps,"[""food""]","{""food"": ""positive""}"
3954,"اشكر الدكتور فادي على شغله السريع والمحترف
رجل فاهم واسئل الله ان ينفع به للجميع",5,قبل 7 أشهر,دكتور فادى رياض,عِيادة أسنان,google_maps,"[""service""]","{""service"": ""positive""}"
8398,عندى مشكله فى ازونات الموبايل مش عاوز يدخل على الاستوديو يعمل اذن لاضافه الصور,1,2023-10-26 00:00:00,Aqarmap,real_estate,play_store,"[""app_experience""]","{""app_experience"": ""negative""}"
1445,لما يكون الكشف بألف جنيه وادارة المستشفى مقررة ان الاستشارة خلال اسبوعين يبقى من واجبها تخطر المريض بشكل واضح مش تقوله الاستشاره انتهى معادها وادفع الف جنيه من اول وجديد,1,قبل شهر,المستشفي السعودي الألماني القاهرة,مستشفى,google_maps,"[""price"", ""service""]","{""price"": ""negative"", ""service"": ""negative""}"
9750,شكرا لكم مهتمين جدا بالمواطن,5,2026-02-19 00:00:00,Booking,travel,play_store,"[""service""]","{""service"": ""positive""}"
6098,محل جامد بس مش واخد حقه,5,قبل 4 أشهر,مطعم البيت بيتك,مطعم مأكولات مشوية,google_maps,"[""general""]","{""general"": ""positive""}"
5470,"حقيقي ما اقدر اقول غير الله يسعدهم من الاستقبال كلهم وخصوصا استاذة ياسمين وكل الدكاتر الى الدكتور رائد واستقباله لنا في مكتبه وكمان استاذة ابتسام الذوق كله
اسلوب رافي واستقبال جميل وخدمات ميسرة وراحة نفسيا لا يعلى عليها يشيلوك شيل وهمهم يوضح لك كل شي من الالف ل الياء ما تهمهم الفلوس يهمهم انت تفهم ايش تحتاج وايش ما تحتاج ما يغشوك في شي ابدا صراحة تمنيت لهم فرع في السعودبة اتمنى استمراركم وتفوقكم دايم ♥️♥️♥️♥️",5,قبل سنة,عيادات تمازج التخصصية ومركز تمازج الجراحي ومختبر تمازج الطبي,عيادة متخصصة,google_maps,"[""service"", ""ambiance"", ""price""]","{""service"": ""positive"", ""ambiance"": ""positive"", ""price"": ""positive""}"
4082,ممنوع يطلعوا اي حد وبيقولك المول محدش بيتمشي فيه,1,قبل 5 أشهر,Galleria Mall,مركز تسوق,google_maps,"[""ambiance""]","{""ambiance"": ""negative""}"
2861,استاف ممتاز و شيشة رائعة واجواء جميلة ماشاء الله,5,قبل شهر,مطعم وكافيه نعومي,مطعم,google_maps,"[""service"", ""food"", ""ambiance""]","{""service"": ""positive"", ""food"": ""positive"", ""ambiance"": ""positive""}"
3953,"الدكتور فادي حد محترم جدا و مواعيده ملتزمه العياده نضيفه
شغلو كويس جدااا جدااا انصح بيه اي شخص
والأسعار كويسه جدا مقابل الخدمه",5,قبل 7 أشهر,دكتور فادى رياض,عِيادة أسنان,google_maps,"[""service"", ""cleanliness"", ""price""]","{""service"": ""positive"", ""cleanliness"": ""positive"", ""price"": ""positive""}"
1733,"معندهمش حاجة حلوة غير الـ دبابيس اسبيسي بس.

نقطة تانية غريبة لسه واخد بالي منها: الوجبات ٣ و٥ و٨ كلهم بينزل معاهم كيس عيش واحد، والكيس فيه ٣ عيش. طب إزاي؟

يعني وجبة ٣ مفهوم ينزل معاها ٣ عيش، لكن وجبة ٥ و٨ برضه ينزل معاهم ٣ عيش بس. ومحدش يسكت لو لقى الأوردر بتاعه ناقص، لأن الأستاذ شايف إن لو أخدت أوردر فيه ٥ قطع وأخدت معاه ٣ عيش ده عادي، ولو نزل أكتر يبقى دي خدمة من الويتر والمفروض أدفع أكتر.

مع إننا كنا بنمشيها ودي، يعني مثلًا فطرنا في رمضان عندهم الأسبوع اللي فات:
٢ سلطة و٢ تومية علينا إحنا الـ٨، والعيش كان ناقص لولا إن إحنا طلبنا بزيادة ومشّينا الدنيا.

زمان قبل ما المكان يتجدد كان كويس وجميل، دلوقتي مش مفهوم إيه اللي حصل، والصراحة الموضوع بقى
غريب
و حاطط صور علشان ردهم العقلاني عليا",3,قبل ساعتين (2),مطعم أبو يوسف السوري,مطعم مأكولات سورية,google_maps,"[""food"", ""service"", ""ambiance""]","{""food"": ""negative"", ""service"": ""negative"", ""ambiance"": ""negative""}"
2456,مكان منظم وسرعه في تنفيذ الإجراءات وحرفيه في التعامل,5,قبل 3 أسابيع,عيادات كليوباترا - القاهرة الجديدة,عيادة طبية,google_maps,"[""ambiance"", ""service""]","{""ambiance"": ""positive"", ""service"": ""positive""}"
7583,ممتاز,5,2025-12-30 00:00:00,Jumia,ecommerce,play_store,"[""general""]","{""general"": ""positive""}"
3479,مكان متميز وسط القاهرة و يمتاز بالنظافة و الاستقبال الجيد و الاسعار الملائمة,4,قبل أسبوع,Golden palace Hotel,فندق,google_maps,"[""ambiance"", ""cleanliness"", ""service"", ""price""]","{""ambiance"": ""positive"", ""cleanliness"": ""positive"", ""service"": ""positive"", ""price"": ""positive""}"
4149,القهوه مذهله ، و عبد الرحمن رائع,5,تاريخ التعديل: قبل 5 أشهر,كافيه كورنيش,مقهى,google_maps,"[""food"", ""service""]","{""food"": ""positive"", ""service"": ""positive""}"
9231,ممتاز كل الموسيقى و القرآن الكريم,5,2026-03-04 00:00:00,Spotify,entertainment,play_store,"[""general""]","{""general"": ""positive""}"
9400,اسوأ تطبيق تعاملت معه وستكون هذه آخر مرة اتعامل معه ولا أنصح بالتعامل معه لعدة أسباب : اولا / التطبيق ليس تطبيق مباشر مع مالك السكن او الفندق بل هو وسيط (سمسار) يعرض عروض تطبيقات السكن الاخرى مع زيادة في السعر وعليه عند وجود اي مشكلة لك لا تدري من تخاطب او تراجع . ثانيا / دعم العملاء عندهم سواء على الواتس او هاتفيا سيء جدا تأخر بالرد عدم وجود اجابة شافية او تعاون لحل الاشكالية . ثالثا/ التطبيق مالي بحت متى ماتحصل على المبلغ تغير التعامل من سيء إلى اسوأ . رابعا/ هذه اول و اخر مرة اتعامل معهم.,1,2026-03-12 00:00:00,Wego,travel,play_store,"[""app_experience"", ""price"", ""service""]","{""app_experience"": ""negative"", ""price"": ""negative"", ""service"": ""negative""}"
3446,"عدم نظافه متناهيه
٣ افراد كلنا حصلنا اعياء تام بعد الاكل
الحمد لله انها جت على قد كده و اخر مرة فعلا حتى نفكر ناكل من اي فرع ليهم",1,قبل شهرين,مطعم سيتي كريب الشيخ زايد_City Crepe,مطعم كريب,google_maps,"[""cleanliness"", ""food""]","{""cleanliness"": ""negative"", ""food"": ""negative""}"
3315,جيت انا و مامتي من شهر واحنا الاتنين محجبات و كنا عايزين نقص شعرنا و انا كنت هقصه كله و كنت خايفة جدا بس امنية قصتهولي و كان بجد تحفة و حتى السشوار تحفة و القصة كانت جميلة اوي و لايقة على وشي و زي ما كنت عايزة يمكن طلعت اقصر شوية بس متضايقتش خالص عشان كانت لايقة عليا، امنية شاطرة جدا و موهوبة و الناس كلها في المكان كانت لطيفة و ذوق,5,قبل 6 أيام,ZOEYA Beauty Lounge (New Cairo),صالون تجميل,google_maps,"[""service"", ""ambiance""]","{""service"": ""positive"", ""ambiance"": ""positive""}"
5453,للمرة المليون ازور تمازج وحقيقي اتفاجأ بالتقدم في المستوى من أفضل وأرقى العيادات في القاهرة ودائماً وأبداً تمازج وجهتي الأولى👌🏾 دائماً بعمل إجرائات تجميلية ومن شهرين سويت عملية جراحية لشد البطن حتى إختيارهم للمستشفى الي سويت فيها العملية لايقل مستوى عن عياداتهم وحسيت كأني في بلدي وبين أهلي وكانت النتيجة راااائعة وماعانيت من أي اعراض جانبية حقيقي شكراً تمازج ولفريق تمازج بالكامل من إدارة إلى طاقمهم الطبي الراااائع وطاقم تمريضهم الحنون واخص بالشكر دكتور رائد كردي على حسن التعامل والاستقبال🌹 أتمنى لهم مزيد من التألق,5,قبل 4 أشهر,عيادات تمازج التخصصية ومركز تمازج الجراحي ومختبر تمازج الطبي,عيادة متخصصة,google_maps,"[""service"", ""ambiance""]","{""service"": ""positive"", ""ambiance"": ""positive""}"
6075,ممتاز,5,قبل 3 سنوات,فول فلافل المعلمين,مطعم فلافل,google_maps,"[""general""]","{""general"": ""positive""}"
4436,مصفف الشعر ادهم والله جيت الصالون عشانه فنان فنان ماحد يعرف يزبط شعري غيره جيته مره وادمنت الله يسعده,5,قبل شهر,Sand salon,صالون تجميل,google_maps,"[""service""]","{""service"": ""positive""}"
8723,سئ جدا جدا جدا جدا برنامج فااااااااااااشل,1,2026-02-21 00:00:00,Anghami,entertainment,play_store,"[""app_experience""]","{""app_experience"": ""negative""}"
4260,مستوى سيء من كافة الاتجاهات وسيء في التعامل رديء جدا,1,قبل 4 أشهر,يامال الشام - Yamal ElSham,مطعم مأكولات سورية,google_maps,"[""service""]","{""service"": ""negative""}"
6620,تجربة سيئة جدا جدا وخدمة عملاء اسوء بكثير ولا يوجد وسيلة اتصال سريعه بين خدمة العملاء والعملاء وبيتركوا الامر بين السائق والعميل بشكل عشوائي ودا اخر تعامل معهم للأبد,1,2026-02-21 00:00:00,Careem,transport,play_store,"[""service"", ""app_experience"", ""delivery""]","{""service"": ""negative"", ""app_experience"": ""negative"", ""delivery"": ""negative""}"
9900,التطبيق حلو بس دعايتة غير لائقة يعني ليه ماتخلون الرجل يكمل كلامه والمرأة هي تكمل كلامها,1,2025-12-25 00:00:00,Booking,travel,play_store,"[""app_experience""]","{""app_experience"": ""positive""}"
6737,صراحه ما عرفت تستخدمه في حاجات حاجات مو معروفه ولا اعرف استخدمها,1,2026-02-03 00:00:00,Careem,transport,play_store,"[""app_experience""]","{""app_experience"": ""negative""}"
620,مولتن كيك بشعة، الشيكولاتة رديئة جداً جدآ,1,قبل شهر,مطعم و مقهى ستيريو,مطعم,google_maps,"[""food""]","{""food"": ""negative""}"
3787,"Overrated, crew is the worst and rude, invitations are only for marketing you can only invite one friend once, classes not allowed to attend if you come 2 mins late despite I reserved the class, won't ever renew my subscribtion, it doesn't worth all that money.
مش هجدد الاشتراك العاملين والادارة سئية جدا والقواعد فقط لتعجيز المشتركين والتأخير دقيقتين يلغي حضور الكلاس والدعوات مرة واحدة فقط لنفس الشخص",1,قبل 3 أشهر,Your Gym Ladies - New Cairo,صالة رياضة,google_maps,"[""service"", ""price"", ""ambiance"", ""app_experience""]","{""service"": ""negative"", ""price"": ""negative"", ""ambiance"": ""negative"", ""app_experience"": ""negative""}"
7863,شركة نصابة ومشغلة ناس نصابين ومبتعرفش تتواصل مع حد لا في خدمة عملاء وحتي الارقام الموجودة محدش بيرد. وبياخدو الفلوس في جيبهم .. لو اخدو منك فلوس الله يعوض عليك بقي خلاص مفيش رجوع ..حسبي الله ونعم الوكيل فيهم,1,2026-02-25 00:00:00,Amazon,ecommerce,play_store,"[""service""]","{""service"": ""negative""}"
5523,كل الشكر للدكتوره اميره على حسن استقبالها وعملها المميز من افضل الدكاترة ف القاهرة في علاج العصب والجذور وعمل الحشوات كما اشكر الطاقم الفني والإداري على حسن تعاملهم وتعاونهم وخصوصاً الاخ محمد في الاستقبال.,5,قبل 3 أشهر,Dr.Amira Lashin - Dental Clinic,عِيادة أسنان,google_maps,"[""service""]","{""service"": ""positive""}"
4215,من افضل السوبر ماركت الموجوده في سوق المغربلين,5,قبل 9 أشهر,اسواق فتح الله,سوبرماركت,google_maps,"[""general""]","{""general"": ""positive""}"
1646,"المكان رائع
الأكل سئ جدا لا يفرقون بين مكياطو وكابتشينو الكيك قديم اكثر من يومين",1,قبل شهر,Holm Cafe,مقهى,google_maps,"[""ambiance"", ""food""]","{""ambiance"": ""positive"", ""food"": ""negative""}"
4186,مكان ممتاذ جدا,5,قبل 8 أشهر,H2O Gym & Spa,صالة رياضة,google_maps,"[""general""]","{""general"": ""positive""}"
2931,"المطعم على النيل بالقرب من blend وفندق سوفتيل
الاستقبال رائع الطعام رائع وكافي ولذيذ
جميع الموظفين الذين قابلتهم رائعين",5,قبل شهر,قديمو,مطعم,google_maps,"[""ambiance"", ""service"", ""food""]","{""ambiance"": ""positive"", ""service"": ""positive"", ""food"": ""positive""}"
3510,"بجد من احسن clinics اللي اتعملت معاها stuff كله هايل من اول receptionist و  nurse  و طبعا doctors اتعملت مع كذا doctor و كلهم helpful و بيسمعوني فعلا و بشوف effect حقيقي غير اهم حاجه التعقيم المستمر لكل حاجه و النظافه بجد l,m really recommend for everyone ♥️♥️♥️♥️♥️",5,قبل 3 أسابيع,Nouvel Age Aesthetic Clinics Cairo Festival City Mall Branch - عيادات نوفيلاج للتجميل و الليزر فرع كايرو فستيفال سيتى مول,عيادة طبية,google_maps,"[""service"", ""cleanliness""]","{""service"": ""positive"", ""cleanliness"": ""positive""}"
5942,واو,5,قبل سنتين,بيتزا الزعيم فرع غمره,مطعم بيتزا,google_maps,"[""general""]","{""general"": ""positive""}"
4152,اشكر السيد عبدالرحمن والانسه مهره الصراحه طاقم رائع,5,قبل 5 أشهر,كافيه كورنيش,مقهى,google_maps,"[""service""]","{""service"": ""positive""}"
5142,"أولاً أشكر القائمين على الصالون، موظفين راقين ومحترمين وخدمة ممتازة
غسلت وقصيت شعري مدرج واستشورت وكنت راضية تمامًا عن كل شي زي ما ابي وأحلى
قصتني الفنانة شيماء وباقي الخدمات كانت مع سلمى العسل.
مع العلم اني محجبة وكان فيه غرفة للمحجبات.",5,قبل شهر,Eclat Beauty Salon,صالون تجميل,google_maps,"[""service"", ""ambiance""]","{""service"": ""positive"", ""ambiance"": ""positive""}"
8345,سئ جدا لا يعمل بعد التحديث الأخير,1,2024-04-25 00:00:00,Aqarmap,real_estate,play_store,"[""app_experience""]","{""app_experience"": ""negative""}"
688,"شكرا للنادل وليد
الطعام ولا غلطة
شوربة حمام لزيزة✅️
شوربة لسان عصفور لزيزة ✅️
طرب خيالي خيالي وحبته كبيرة يجي مع بطاطس او رز ✅️
بامية لزيزة✅️
السلمون عادي
العصيرات الفرش ممتازة✅️
ستيك بلاك اند وايت لزيز ✅️
الخدمة رائعين محترمين جدا وخدومين طاقم رااائع
الاجواء ولا نجمة عشان اغاني برمضان حرااام مايجوز شهر فضيل ❌️❌️❌️❌️❌️❌️❌️❌️",4,قبل أسبوع,مطعم ظاظا النيل,مطعم,google_maps,"[""service"", ""food"", ""ambiance""]","{""service"": ""positive"", ""food"": ""neutral"", ""ambiance"": ""negative""}"
1027,Good,5,قبل 6 ساعات,ممشي مصر Mawlana Cafe,كافيه,google_maps,"[""general""]","{""general"": ""positive""}"
7929,الامازون أصبح غير صادق خلال شهر اكثر من عشر طلبات وانتظر واخر اليوم يقول لك اسف تأخرنا سيتم توصيل طلبك خلال يومين مواعيد فاشله,1,2026-02-18 00:00:00,Amazon,ecommerce,play_store,"[""delivery"", ""service""]","{""delivery"": ""negative"", ""service"": ""negative""}"
6469,اسوء تجربة استخدم ما بين خصم الفلوس من الفيزا ومفيش استلام الاوردر ويفضل العميل يتصل ما بين المطعم و الطيار و الابلكيشن اللي في الاخر مش بيوصل لحاجة غير أنه يتراضى ببرومو كود خصم 20 جنية !! الاوردر ياما مش بيوصل ياما خطأ ياما ناقص,1,2023-11-24 00:00:00,Elmenus,food_delivery,play_store,"[""app_experience"", ""delivery"", ""service"", ""price""]","{""app_experience"": ""negative"", ""delivery"": ""negative"", ""service"": ""negative"", ""price"": ""negative""}"
8710,اصراحه هاذا افضل برنامج اغاني و قصائد انصح بي كلش حلو 💋💋💋💋💋💋💋💋💋🌸🌸🌸🌸🌸🌸🌸🌸🌸🌸🌸🌸🌸🌸🌸🌸🌸♥️♥️♥️♥️,5,2026-02-24 00:00:00,Anghami,entertainment,play_store,"[""app_experience""]","{""app_experience"": ""positive""}"
6592,👎👎👎 بسبب وعودكم الفارغة وتأخيركم اللي ماله مبرر، قررت أحذف التطبيق خدمة العملاء عندكم عبارة عن ردود جاهزة بدون حلول حقيقية. شكراً على التجربة السيئة، ومسحت التطبيق وراح أنصحالكل يمسحه,1,2026-02-25 00:00:00,Careem,transport,play_store,"[""delivery"", ""service"", ""app_experience""]","{""delivery"": ""negative"", ""service"": ""negative"", ""app_experience"": ""negative""}"
5805,دكتورة نهى مبدعه فعلًا تعبت معايا اوي كان عندي تسوسات كتيره و عملتلي تنظيف و طلع جميل اوي ويكفي اسلوبها العسل الله يسعدها يارب🤍🤍🤍,5,قبل سنة,عيادة دكتورة نهى يس عبد الرحمن,عِيادة أسنان,google_maps,"[""service""]","{""service"": ""positive""}"
219,شكرا على الخدمة مستر محمود الجزار,5,تاريخ التعديل: قبل يوم واحد,لوما,مطعم,google_maps,"[""service""]","{""service"": ""positive""}"
3037,مكان جميل وقعده لطيفه علي النيل، اوقات بيبقي زحمة بس قعدة هادية ولطيفه والاكل والمشروبات كلها كويسة,5,قبل 3 أشهر,BRAAVOS Lounge,مطعم,google_maps,"[""ambiance"", ""food""]","{""ambiance"": ""neutral"", ""food"": ""positive""}"
4885,خدمة طبية من الصعب أن تجدها في أي مكان آخر,5,قبل 5 أشهر,مستشفى مصر الجديدة التخصصي,مستشفى,google_maps,"[""service""]","{""service"": ""positive""}"
7556,انا كنت بتعامل معاهم شركة مهملة في التعامل طلبت منهم جهاز ارسلوا طلب جهاز غير شغال وعملت معاهم استبدال الطلب ارسلوا طلب جهاز برضو غير شغال وجهاز غير شكل الطلب.. مش مهتمين في التعامل,1,2026-01-14 00:00:00,Jumia,ecommerce,play_store,"[""service"", ""delivery""]","{""service"": ""negative"", ""delivery"": ""negative""}"
3744,مكان ممتاز والخدمه رائعه وشكر خاص للاستاذه رحمه عاي حسن الاستضافة,5,قبل 6 أيام,sarayi resturant,مطعم مأكولات تركية,google_maps,"[""ambiance"", ""service""]","{""ambiance"": ""positive"", ""service"": ""positive""}"
6626,التطبيق اصبح سيئ للغاية اكثر من ثلاث مرات نطلب كابتن ولا يأتي و تكلمه يقول انت عملت الغاء وانا لم ألغ شئ و يكون المشوار موجود عندي معلق ولو الغت يقولك عليك تكلفة تطبيق سيئ للغاية اصبح و الله المستعان .. بالإضافة انه سيئ للغاية في مكة,1,2026-02-21 00:00:00,Careem,transport,play_store,"[""app_experience"", ""service"", ""delivery""]","{""app_experience"": ""negative"", ""service"": ""negative"", ""delivery"": ""negative""}"
97,من المولات الجميله بس مادري ليش كل المحلات سكرت وكارفور خساره من احب المولات لقلبي جوجو من السعودية,5,قبل أسبوع,صن سيتى,مركز تسوق,google_maps,"[""general""]","{""general"": ""neutral""}"
6689,تطبيق حلو ورخيص بس طلبت تكسي اجه التكسي براس الفرع وكف هناك اني وجاي اتمشى لغى الرحله ولمن فتحت التطبيق دفعت نص السعر 2250 يعني شنو معنى هاذا التقفيص ؟؟؟؟؟؟؟؟؟؟,2,2026-02-08 00:00:00,Careem,transport,play_store,"[""app_experience"", ""price"", ""service""]","{""app_experience"": ""positive"", ""price"": ""negative"", ""service"": ""negative""}"
9431,تجي تحجز تذاكر طيران والمبلغ واضح قدام عينك واذا جيت تسدد يرفعون السعر ليش؟ هالوضع ماينسكت عليه ويجب على الجهه المسئوله وضع حد لهالمهزله.. جاري حذف التطبيق,1,2026-03-05 00:00:00,Wego,travel,play_store,"[""price"", ""app_experience""]","{""price"": ""negative"", ""app_experience"": ""negative""}"
6575,برنامج ممتاز للغايه لاكن هناك مشكله من اطلب كريم يتأخر يالله يجي وين اظل واكف ومرات اطلب السيارات تارسه الشارع ومحد يقبل الرحله مع جل احترامي لشركه كرم وسائقي كريم وشكرا❤,5,2026-02-28 00:00:00,Careem,transport,play_store,"[""app_experience"", ""delivery"", ""service""]","{""app_experience"": ""positive"", ""delivery"": ""negative"", ""service"": ""negative""}"
5430,اللي عايز يتمرن براحه نفسيه  تعالي المكان ده,5,تاريخ التعديل: قبل 8 أشهر,Oxfit gym,صالة رياضة,google_maps,"[""ambiance""]","{""ambiance"": ""positive""}"
3204,إدارة زى الزفت ومفيش تعاون مع العملاء,1,قبل 3 أشهر,مستشفى الجنزوري التخصصي,مستشفى,google_maps,"[""service""]","{""service"": ""negative""}"
2711,المكان نضيف جدا و الاكل تحفه و حابه اشكر محمد جلال وجهه مشرفه للمكان و قمه في الذوق و الاخلاق و الشطاره,5,قبل 5 أيام,Syriana sandwich,مطعم,google_maps,"[""cleanliness"", ""food"", ""service""]","{""cleanliness"": ""positive"", ""food"": ""positive"", ""service"": ""positive""}"
9965,عرضت لعمليه احتال عن طريق شريك للموقع Rental cover للمرة الثانية عدم استرجاع مبلغ التغطية حرامية,1,2025-12-06 00:00:00,Booking,travel,play_store,"[""service"", ""price""]","{""service"": ""negative"", ""price"": ""negative""}"
644,الكل جي محروق و أتغير و بردو محروق الstaff سوداني محدش بيكلم عربي بكلمهم English عملين عبط طلبت أتكلم مع الشيف يقولولي مش بيخرج ممنوع باقي الاكل ملوش طعم و ال حجم صغير اووي,1,قبل شهر,عيش + ملح,مطعم,google_maps,"[""food"", ""service""]","{""food"": ""negative"", ""service"": ""negative""}"
3587,معلش هو في أشعة لقياس تدفق البول في المستشفى.؟,2,قبل شهرين,مستشفى قصر العيني التعليمي الجديد,مستشفى,google_maps,"[""none""]","{""none"": ""neutral""}"
1485,تجربة رائعة لقد استمعت جدا بالطعام و الاجواء و مساعدة رانيا فريد,5,قبل يومين (2),Vinny's Pizza,مطعم بيتزا,google_maps,"[""food"", ""ambiance"", ""service""]","{""food"": ""positive"", ""ambiance"": ""positive"", ""service"": ""positive""}"
6572,استخدم التطبيق يوميا ومع ذلك لا يتم كود خصم . المفروض التمييز بين من يستخدم التطبيق بكثره ومن يستخدمه لمشوار,3,2026-02-28 00:00:00,Careem,transport,play_store,"[""app_experience"", ""price""]","{""app_experience"": ""neutral"", ""price"": ""negative""}"
5794,"انا عروسه و روحت لدكتورة نهى و اتعاملت معايا احلى معامله و عملتلي احلى حشوة و كمان حشوة هدية😍
و وسختلها البالطو بالبدرة بتاعتي 😅😅😅
و حقيقي دكتورة إنسانية و طيوبه و دمها خفيف
و الأهم أنها شاطرة أوي",5,قبل 8 أشهر,عيادة دكتورة نهى يس عبد الرحمن,عِيادة أسنان,google_maps,"[""service""]","{""service"": ""positive""}"
5331,"السلام عليكم
عندكم قميص ريال مدريد  كم طويل لون اورنج او رصاصي يكون من غير اسم لاعب",3,قبل 11 شهرًا,التالته شمال للملابس الرياضية,متجر ملابس رياضية,google_maps,"[""none""]","{""none"": ""neutral""}"
9681,شكرا,5,2026-03-12 00:00:00,Booking,travel,play_store,"[""general""]","{""general"": ""positive""}"
123,Shady,5,قبل 12 ساعة,شتيجنبرجر,فندق,google_maps,"[""none""]","{""none"": ""neutral""}"
7926,التطبيق كويس لكن المشكلة فى بتوع التوصيل ليهم ٧ شهور بشيلوا زيادة اخر واحد شال ٣٠٠ جنية زيادة وقدمت شكوى قبل كدا والموضوع زاد عن حده صراحه,1,2026-02-19 00:00:00,Amazon,ecommerce,play_store,"[""app_experience"", ""delivery"", ""service""]","{""app_experience"": ""positive"", ""delivery"": ""negative"", ""service"": ""negative""}"
1021,"معندوش أصناف الي موجوده في المنيو
2تاخير شديد",1,قبل شهر,جاد الدقي,مطعم مأكولات مصرية,google_maps,"[""food"", ""delivery""]","{""food"": ""negative"", ""delivery"": ""negative""}"
6380,خدمه جدا سيئة,1,2024-08-04 00:00:00,Elmenus,food_delivery,play_store,"[""service""]","{""service"": ""negative""}"
7512,اسوء تجربة شراء في حياتي مع تطبيق جوميا وخدمة العملاء. قمت بعمل أوردر ودفع ثمن المنتج + الشحن على أساس التوصيل لحد باب البيت، وبعدها اتفاجئت إن شركة الشحن رفضت التوصيل بحجة إن العنوان في قرية. وعند التواصل مع خدمة العملاء، تم إبلاغي إن ده “سياسة الشركة” وإن التوصيل لأي قرية أو عزبة ممنوع. المشكلة إن السياسة دي غير مكتوبة أو معلنة لا على الموقع ولا على الأبلكيشن، ومفيش أي تنبيه للعميل قبل الدفع. اللي بيحصل فعليًا إن العميل: يدفع ثمن الشحن ينتظر الأوردر ثم يُفاجأ إن شركة الشحن مش هتوصل,1,2026-01-28 00:00:00,Jumia,ecommerce,play_store,"[""delivery"", ""service"", ""app_experience""]","{""delivery"": ""negative"", ""service"": ""negative"", ""app_experience"": ""negative""}"
4963,"نصابين .. وشغلهم غير جيد يعتمد على مجرد التسويق والدعاية دون الجودة ..
روحت مجرد كشف اخد رأي الدكتور في الشغل اللي عايزة اعمله كسر التركيبة اللي جايبة بيها عشان يدبسني في شغل معاه
خرجت دفعت عربون المرة اللي بعدها قالولي لازم ادفع المبلغ كامل قبل ما الشغل يتنفذ أو حتي اعمل بروفا عليه عشان يدبس الناس أنهم يضطروا يستلموا شغل غير جيد ولما قولت المبدأ مش مناسب اخدوا العربون اللي كنت دافعاه كامل  ١٥٠٠ عربون كراون يتاخد بحجة أنه مقابل المقاس اللي اخده بدون إذن مني .. فعلا لايتسم بالأمانة ولا المصداقية",1,قبل سنة,عيادات العبد للأسنان,عِيادة أسنان,google_maps,"[""service"", ""price""]","{""service"": ""negative"", ""price"": ""negative""}"
6457,مميز وبسيط لكن الضرايب والتوصيل غالي,4,2023-12-18 00:00:00,Elmenus,food_delivery,play_store,"[""price"", ""delivery""]","{""price"": ""negative"", ""delivery"": ""negative""}"
9632,تجربة رائعة جدا وخاصة خدمة العملاء Alaa Maher تستاهل مليون نجمة سرعة اتقان,5,2026-01-04 00:00:00,Wego,travel,play_store,"[""service""]","{""service"": ""positive""}"
3701,اخلى ندى واحلى ايدين تتلف في حرير 🧡🧡🧡🧡 واحلى ثرابي وبيب توك في داون تاون,5,قبل شهر,كوافير ندى,صالون تجميل,google_maps,"[""service""]","{""service"": ""positive""}"
2211,معاملة زفت وكلشي صاير بايظ وعاطل,1,قبل 3 أشهر,سوريا ماركت البان اجبان حلويات,متجر بقالة,google_maps,"[""service""]","{""service"": ""negative""}"
2595,الفول والطعمية علي أصله,5,قبل شهر,مطاعم الكرابيجى,مطعم فلافل,google_maps,"[""food""]","{""food"": ""positive""}"
928,زحمه موت والأسعار الي حد ما مناسبة لبعض الفئات,3,قبل شهر,الوكاله,متجر,google_maps,"[""ambiance"", ""price""]","{""ambiance"": ""negative"", ""price"": ""neutral""}"
5308,سي جدا البيتزا محروقه اكل سيء سيء جدا انصح الناس بعدم التعامل معها والتعامل سيء حاجه قرف اوي 🤬😡😡😡😡😡😡😡😡😡🤮🤮🤢,1,قبل سنة,بيتزا الديوان,مطعم بيتزا,google_maps,"[""food"", ""service""]","{""food"": ""negative"", ""service"": ""negative""}"
1341,سحور قدرتنا أسوأ تجربة أكل عدّت عليا في حياتي الأكل نزل متأخر وبارد، وقعدنا أكتر من ساعة مستنيين ومش عارفين ناكل عشان مفيش عيش أصلاً. ولما اشتكيت إن الفول طعمه وحش، ردوا و قالولي عارفين وفي الآخر دفعنا ومشينا من غير ما ناكل حاجة… تجربة مستحيل تتكرر.,1,قبل 3 أسابيع,بارك مول,مركز تسوق,google_maps,"[""food"", ""service""]","{""food"": ""negative"", ""service"": ""negative""}"
4003,تجربة ممتازة جدًا. الدكتور محترف وخلوق وبيشتغل بدقة عالية، والعيادة نظيفة والتنظيم رائع. حسيت براحة وثقة من أول زيارة..,5,قبل 4 أيام,Hashems Dental Clinic,عِيادة أسنان,google_maps,"[""service"", ""cleanliness"", ""ambiance""]","{""service"": ""positive"", ""cleanliness"": ""positive"", ""ambiance"": ""positive""}"
7062,تطبيق جيدا جدآ,5,2026-03-08 00:00:00,Uber,transport,play_store,"[""app_experience""]","{""app_experience"": ""positive""}"
9544,عايز احجز مش لاقي البنك التجاري الي حسابي عليه اي الحل,5,2026-02-01 00:00:00,Wego,travel,play_store,"[""app_experience""]","{""app_experience"": ""negative""}"
4702,اسعار مرتفعة والبيع بكذا سعر للمنتج الواحد,3,قبل سنة,سنتر النهار,متجر ملابس حريمي,google_maps,"[""price""]","{""price"": ""negative""}"
2338,الخدمة والتعامل جيد وتم استرداد المبلغ لكن ولا مرة اكلت شاورما لحمة بالزفارة ودرجة الحرارة الباردة دي,3,قبل شهرين,شامينا - مأكلات سورية -,مطعم مأكولات سورية,google_maps,"[""service"", ""food""]","{""service"": ""positive"", ""food"": ""negative""}"
749,الويتريه في قله الادب بيستالو بي مندوب هيطلب اوردر مرسول لعميل بيعملو معامله وحشه,1,قبل شهر,بيت ورد,مطعم مأكولات لبنانية,google_maps,"[""service"", ""delivery""]","{""service"": ""negative"", ""delivery"": ""negative""}"
1864,"كاتي كان أكثر من رائع
وكل الشباب ماشاء الله
الخدمة والاستقبال من أول ما دخلنا حتى خروجنا جميلة جدًا.
والأكل لا كلام عليه
لذييييييييييذ ونظيف 👍🏻",5,قبل شهر,طبالي - الزمالك,مطعم,google_maps,"[""service"", ""food"", ""cleanliness"", ""ambiance""]","{""service"": ""positive"", ""food"": ""positive"", ""cleanliness"": ""positive"", ""ambiance"": ""positive""}"
3913,ناس مره محترمين 👍💙,5,قبل سنتين,مطعم فرح,مطعم أطباق اللحوم,google_maps,"[""service""]","{""service"": ""positive""}"
6431,عايز أسجل مطعمى على منصتكم ما هو اللينك وإجراءات التسجيل مع العلم رقم خدمة العملاء ٠١١ مقفول بإستمرار,3,2024-02-03 00:00:00,Elmenus,food_delivery,play_store,"[""app_experience""]","{""app_experience"": ""negative""}"
2056,تمام بس المشكلة الانتظار كتير جدا جدا,3,قبل أسبوعين,مستشفى السلام الدولي فرع القاهرة الجديدة,مستشفى,google_maps,"[""service""]","{""service"": ""negative""}"
6329,ابلكيشن زباله والناس الي شغاله فيه ناس مش محترمه,1,2025-02-26 00:00:00,Elmenus,food_delivery,play_store,"[""app_experience"", ""service""]","{""app_experience"": ""negative"", ""service"": ""negative""}"
6452,ممتاز جدا بس محتاج يزود بالمطاعم اكتر وخدمة التوصيل تكون متاحه باماكن اكتر لان في بعض مطاعم مش موجوده . وفي مطاعم غير متاح فيها توصيل لكل مكان . ولكن التطبيق ممتاز والخدمه سريعه والاسعار كويسة .. بالتوفيق ان شاءالله,5,2023-12-24 00:00:00,Elmenus,food_delivery,play_store,"[""app_experience"", ""delivery"", ""price""]","{""app_experience"": ""positive"", ""delivery"": ""negative"", ""price"": ""positive""}"
2348,"المطعم ده كان ممتاز
ولكن مؤخرا الاكل سي جدا
واضح ان الاداره اتغيرت
الفراخ المشوية بارده وناشفة
واي صوص ريحته وحشة جدا",1,تاريخ التعديل: قبل 4 أشهر,شامينا - مأكلات سورية -,مطعم مأكولات سورية,google_maps,"[""food""]","{""food"": ""negative""}"
5054,اشكر مركز فرابي للاسنان على الاهتمام المعامله الجميله وبذات الدكتور احمد عبدالفتاح دكتور اعتبره برفيسور والله والاخت منه في الاستقبال على اللطافه وحسن الاستقبال,5,قبل 3 أسابيع,عيادات الفارابي - Al- Farabi Clinics,طبيب أسنان,google_maps,"[""service"", ""ambiance""]","{""service"": ""positive"", ""ambiance"": ""positive""}"
1793,الفراخ بدمها والعيش تحتها معجن والأرز بايت وسئ جداً بطنى تعبتنى جداً بعد اكلهم اللى مليان سلمونيلا من قلة التسوية الله يسامحهم بجد,1,قبل أسبوعين,مأكولات أبو العز السورى,مطعم مأكولات سورية,google_maps,"[""food"", ""cleanliness""]","{""food"": ""negative"", ""cleanliness"": ""negative""}"
2517,مطعم عادى اسعاار غاايه من غير داعى ملح زايد والاكل مش احسن حاجه,4,قبل أسبوع,بلبع فرع الشيخ زايد طريق الاوسطى,مطعم,google_maps,"[""price"", ""food""]","{""price"": ""negative"", ""food"": ""negative""}"
9234,جيد جدا وممتاز,5,2026-03-04 00:00:00,Spotify,entertainment,play_store,"[""general""]","{""general"": ""positive""}"
6438,في عطل كل مطعم مكتوب عليه غير متاح للاونلاين حتى المطاعم الي متاح فيها برومو ومكتوب بيوصل لمنطقتي... ومفيش اوبشن تحديث في البلاد ستور,1,2024-01-24 00:00:00,Elmenus,food_delivery,play_store,"[""app_experience""]","{""app_experience"": ""negative""}"
8959,جميل جدا ورائع,5,2026-01-08 00:00:00,Anghami,entertainment,play_store,"[""general""]","{""general"": ""positive""}"
3468,"في ميدان الفلكي من زمن
القعدة فيه فخمة وتحس انك في مكان كلاسيكي والاكل حلو جدا ريش او كفتة او ممبار والشوربة منسهاش والسلطات معمولة بعناية
والخدمة ممتازة",4,قبل 4 أشهر,حاتى الجيش,مطعم مأكولات مشوية,google_maps,"[""ambiance"", ""food"", ""service""]","{""ambiance"": ""positive"", ""food"": ""positive"", ""service"": ""positive""}"
9850,اكثر من رائع وجميل,5,2026-01-11 00:00:00,Booking,travel,play_store,"[""general""]","{""general"": ""positive""}"
4203,لا انصح به ابدا الغرفه اللي كنا فيها لا يوجد بها شباك ولا بلكونه ولا حتى شفاط والسباكه في الحمام بايظه ومقرفه كانت من اسوء التجارب اللي مريت بيها حقيقي,1,قبل 3 أشهر,فندق القاهرة,فندق,google_maps,"[""ambiance"", ""cleanliness""]","{""ambiance"": ""negative"", ""cleanliness"": ""negative""}"
5186,تعليقات خلتني اخاف اروح بنات الي تعرف سنتر ب نفس المنطقة وشغله حلو امانه تواصلوا معي واهم شي ماينصبون,1,قبل 5 أشهر,Jacques Moreno,صالون تجميل,google_maps,"[""service""]","{""service"": ""negative""}"
6418,للأسف التوصيل حسب اقدمية العميل ومركزه ،، أما العملاء الجدد فآخر من يفكرون بخدمتهم بشكل أفضل 😐💔 تم الحذف بعد مغامرات من سوء التعامل ،، ولا أنصح به مطلقا .,1,2024-04-09 00:00:00,Elmenus,food_delivery,play_store,"[""delivery"", ""service""]","{""delivery"": ""negative"", ""service"": ""negative""}"
2891,"بناتت اول شيء قولو ماشاءالله اول مرا بحياتي اصبغ وطبعًا صبغت مع المجرم والفنان (علي بق) تعبته معاي وكان طوييل بال وسمع انا وش ابي و صدق ماقصر اعطاني احسن من اللي طلبته. و الاهم ان شعري ما ينحرق  و ترا اللون مو واضح بالتصوير مرا 😓 و اكيد كل شكر للطاقم اللطيف : محمود - فهمي - و يحيى و بيتر.

و اكيد بنات لا تنسون نيفين بالاستقبال لطيفه و تسمعك و توجهكم للشخص صح💗.

واكيييد بنات اذا تبون وحده فنانه لاظافر لا تتعدون (رشا) خبيرة و امينه و صادقه و اخلاقها تجنن💗",5,قبل شهر,ELLE Salon,صالون تجميل,google_maps,"[""service""]","{""service"": ""positive""}"
8680,افضل تطبيق موسيقي علي مستوي الوطن العربي والشرق الأوسط وقارة أفريقيا وآسيا بدون اي مبالغه اوصي باستخدام انغامي لو انت فعلأ حد بيفهم مزيكا وحابب تستمتع بالإستماع للموسيقي اللي بتحبها انصحك بانغامي,5,2026-03-03 00:00:00,Anghami,entertainment,play_store,"[""app_experience""]","{""app_experience"": ""positive""}"
713,ممتاز,5,قبل 3 أيام,قصر الكبابجي,مطعم مأكولات مصرية,google_maps,"[""general""]","{""general"": ""positive""}"
8484,التطبيق بيتوقف بشكل مفاجئ... وفيه مشكلة في عدم حفظ اعدادات البحث,1,2022-06-09 00:00:00,Aqarmap,real_estate,play_store,"[""app_experience""]","{""app_experience"": ""negative""}"
7064,سريع اوى وتطلبية الطلب سريع جدا جدا,5,2026-03-08 00:00:00,Uber,transport,play_store,"[""delivery"", ""app_experience""]","{""delivery"": ""positive"", ""app_experience"": ""positive""}"
1866,"للأسف تجربتي كانت مخيبة للآمال. جودة الأكل أقل من المتوقع، والطعم عادي جدًا مقارنة بالسعر. الخدمة بطيئة وغير مهتمة ، واضطررنا ننتظر وقتًا طويلًا دون أي اعتذار أو توضيح. النظافة تحتاج اهتمام أكبر. لن أكرر الزيارة ولا أنصح به.

تقييم سيّئ (قاسي وصريح):
تجربة سيئة من جميع النواحي. الأكل بلا نكهة وبجودة ضعيفة، الأسعار مبالغ فيها جدًا، والخدمة سيئة وبطيئة لدرجة مزعجة. المكان غير نظيف كما يجب. لا يستحق التجربة إطلاقًا",1,قبل شهر,طبالي - الزمالك,مطعم,google_maps,"[""food"", ""price"", ""service"", ""cleanliness"", ""ambiance""]","{""food"": ""negative"", ""price"": ""negative"", ""service"": ""negative"", ""cleanliness"": ""negative"", ""ambiance"": ""negative""}"
3377,مطعمي  المفضل كل ماجيت القاهره نظافه و اكل وخدمه وضيافه  وأخلاق اتمنى مايكون تغير لاني جايه بعداسبوع بإذن الله طبعآ المطعم الدورالثاني. ولنا تقييم الآن  للأسف لايناسبهم كثيرآ لكن ربما يدفعهم  لتحسين الوضع لأنه أصبح سيئآجدا مع اني تابعت المراجعات الوقت الماضي القريب وعندما حضرت لديهم في يوم ٤نوفمبر للأكل وكان لي صديق قدتناول وجبه في الليله السابقه قداخبرني ان الطعام غير جيد. إلا أني اصررت ان اتناول عشائي  لديهم وقد حضرت للمطبخ قبل الجلوس على الطاوله ونبهت عليهم أن لايكون الاكل بأئتآ او معاد تسخينه بشكل متكرروطويل ماقدعرفته من كفته ضاني وحمام محشي وجدتها غيرجيده ولكني كنت جائع فأكملتها وقبل ذلك كانت أيضآ الخدمه ليست بالشكل المطلوب وقدمولي الطلب متأخر بأكثر من ٢٠دقيقه وايضآ الخبز ناشف ولم يغيره إلا بعدان طلبت ذلك. وقدحصل لدي حالة استفراغ لكامل الاكل في تلك الليله واصبت بإعياء شديد وقد عدت لهم في الليله التاليه ووجدت مديرالمطعم واخبرته بماحصل  وكنت انوي ان أتقدم بشكوى رسميه للجهات المختصه من صحه وسياحه وتعويضي والكشف على مرافق المطعم والعاملين إلا أني تجاوزت عنهم.واكتفي بهذا التعليق لكي احذرالمطعم والناس والله خيرالشاهدين,5,تاريخ التعديل: قبل 4 أشهر,بهية المهندسين,مطعم أطباق اللحوم,google_maps,"[""food"", ""service""]","{""food"": ""negative"", ""service"": ""negative""}"
2647,ساندوتشات الفول والطعميه تحفه عنده,5,قبل سنة,الشبراوي,مطعم فلافل,google_maps,"[""food""]","{""food"": ""positive""}"
5444,مكان لطيف لتقضيه سهره لطيفه مع الاصحاب وجميل لاعياد الميلاد ...الباند وعازف الأورج والمطربين ممتازين.. لكن يعيب المكان كثره الدخان اللي بيضايق غير المدخنين ... وكمان الصوت عالي جدا,4,قبل سنة,دقة عود,كافيه,google_maps,"[""ambiance"", ""cleanliness""]","{""ambiance"": ""negative"", ""cleanliness"": ""negative""}"
1366,يحتاج ارتقاء اكثر,3,قبل أسبوع,فندق أم كلثوم القاهره,فندق,google_maps,"[""general""]","{""general"": ""negative""}"
1827,الخدمات جيدة جدا الدكاترة ممتازين التمريض قمه في الشطارة النظافة علي اعلي مستوي,5,قبل 13 ساعة,القاهره التخصصي مستشفيات كليوبترا,مستشفى,google_maps,"[""service"", ""cleanliness""]","{""service"": ""positive"", ""cleanliness"": ""positive""}"
475,المكان حلو جدا والأكل بردوا كويس اوي,5,قبل 5 أيام,مطعم وكافيه اولدش,مقهى,google_maps,"[""ambiance"", ""food""]","{""ambiance"": ""positive"", ""food"": ""positive""}"
9178,حبيت,5,2026-03-06 00:00:00,Spotify,entertainment,play_store,"[""general""]","{""general"": ""positive""}"
9851,برنامج سيأ للغاية وليس لديهم أي مصداقيه في التعامل ارجو من الجميع عدم التعامل مع مثل هاذي الشركات,1,2026-01-10 00:00:00,Booking,travel,play_store,"[""app_experience"", ""service""]","{""app_experience"": ""negative"", ""service"": ""negative""}"
649,"الصراحه المكان هادي والاستقبال ممتاز ولطيف والاكل خيال ونظيف رزناه مرتين 👍🏻🤍..

ملاحظة:
دعواتكم للوالدة بالرحمة وَ المغفرة ، وَ دعواتكم لي وَ لـ والدي بالصحة وَ العافية وَ طولة العمر وَ الستر وَ اليسر في أمور حياتنا وَ لكم الإضعاف يارب 🤍✨..",5,قبل أسبوع,كبابجي الأزهر فرحات,مطعم عائلي,google_maps,"[""ambiance"", ""service"", ""food"", ""cleanliness""]","{""ambiance"": ""positive"", ""service"": ""positive"", ""food"": ""positive"", ""cleanliness"": ""positive""}"
9174,wow,5,2026-03-06 00:00:00,Spotify,entertainment,play_store,"[""general""]","{""general"": ""positive""}"
6232,سيئة جدا,1,2026-02-09 00:00:00,Elmenus,food_delivery,play_store,"[""general""]","{""general"": ""negative""}"
6496,الشكاوي مش شغاله والمندوبين بتاعهم نصابين,1,2023-10-01 00:00:00,Elmenus,food_delivery,play_store,"[""service"", ""delivery""]","{""service"": ""negative"", ""delivery"": ""negative""}"
5759,"العمارة قديمة بس الغرف نظيفه ومرتبه على الرغم

ملاحظتي عليه الحمام لايوجد فيه مروحة شفط",3,قبل 3 أشهر,Nile X Hostel - Nile View,فندق,google_maps,"[""ambiance"", ""cleanliness""]","{""ambiance"": ""negative"", ""cleanliness"": ""positive""}"
8659,هوا جميل اوي,5,2026-03-07 00:00:00,Anghami,entertainment,play_store,"[""ambiance""]","{""ambiance"": ""positive""}"
8463,موقع معمول فية جهد كبير لكن ينقصة اشياء ليكون متكامل اثناء البحث,3,2022-08-26 00:00:00,Aqarmap,real_estate,play_store,"[""app_experience""]","{""app_experience"": ""neutral""}"
7736,تطبيق محترم ومنتج محترم,5,2026-03-09 00:00:00,Amazon,ecommerce,play_store,"[""app_experience""]","{""app_experience"": ""positive""}"
3085,"مستشفي فوق الممتازه بصراحة .. والسبب الاساسي طريقة المعامله من اول الاستقبال الى الحسابات الى التمريض وكل القائمين بصراحة وتحية خاصة لنسمة من قسم التمريض في الدور السادس بجد على تعاملها الاحترافي مع مراتي بعد ماطلعت من العمليات .. تجربة ممتازة وارشح المستشفي جدا لاي حد، والاسعار كمان مناسبة جدا.

تقيمي ١٠/١٠ ليهم بصراحة",5,قبل شهرين,مستشفى الزهيري,مستشفى,google_maps,"[""service""]","{""service"": ""positive""}"
5427,مكان سييء وتجربه خدمه عملاء اسوء ومفيش اي اهتمام منصحش بيه اي حد,1,قبل 3 أشهر,Oxfit gym,صالة رياضة,google_maps,"[""ambiance"", ""service""]","{""ambiance"": ""negative"", ""service"": ""negative""}"
6779,ليه لغيتوا التواصل مع خدمة العملاء ..بجد دي أسوأ حاجة حصلت من الابليكيشن..ولازم يكون فى حل لان دي كانت افضل ميزة عندكم وهي سهولة التواصل لما بيكون في مشكلة مع السائق,2,2026-01-28 00:00:00,Careem,transport,play_store,"[""app_experience"", ""service""]","{""app_experience"": ""negative"", ""service"": ""negative""}"
1271,الاكل عندهم كويس جداً,5,قبل 3 أسابيع,روستو,مطعم مأكولات سورية,google_maps,"[""food""]","{""food"": ""positive""}"
6821,اسوء تطبيق نقل ذكي بسسب سعر منخفض جدا جدا,1,2026-03-13 00:00:00,Uber,transport,play_store,"[""app_experience"", ""price""]","{""app_experience"": ""negative"", ""price"": ""negative""}"
8083,مشاكل كبيرة لديكم بالتطبيق مجرد الدخول يخرجك تلقائي لهذا اقيمه بالسيء,1,2021-12-28 00:00:00,Shop,ecommerce,play_store,"[""app_experience""]","{""app_experience"": ""negative""}"
5595,من اكبر الصيدليات بالقاهره,5,قبل 9 أشهر,صيدلية فايق,صيدلية,google_maps,"[""general""]","{""general"": ""positive""}"
3899,الأكل كويس و الخدمه معقوله بس المكان مش احسن حاجه,4,قبل شهر,كبابجى صلى على النبى,مطعم مأكولات مشوية,google_maps,"[""food"", ""service"", ""ambiance""]","{""food"": ""positive"", ""service"": ""neutral"", ""ambiance"": ""negative""}"
9064,هو برنامج جيد لاكن يوجد فيه اعلانات كثيره جدا جدا جدا جدا جدا,3,2026-03-11 00:00:00,Spotify,entertainment,play_store,"[""app_experience""]","{""app_experience"": ""negative""}"
5449,اللي جربو العيادة بسألكم هل يوجد في العيادة خدمة تقسيط تابي او تمارا  اذا يوجد الله يسعدكم حطولو لايك عشان اعرف ؟,5,تاريخ التعديل: قبل 3 أسابيع,عيادات تمازج التخصصية ومركز تمازج الجراحي ومختبر تمازج الطبي,عيادة متخصصة,google_maps,"[""none""]","{""none"": ""neutral""}"
8378,للاسف التطبيق بعد التحديث اصبح سيئ جداا ولا يعمل نهاءي أكثر من مرة اقوم باذالة التطبيق وارجع اثبته مره اخري وكالعاده لايعمل هل قمتم بتحديث التطبيق للافضل ام للاسوأ التطبيق سيئ جداا جدا ولا يعمل,1,2024-03-25 00:00:00,Aqarmap,real_estate,play_store,"[""app_experience""]","{""app_experience"": ""negative""}"
7817,خدمتهم صارت مرة سيئة في كل شيء توصيل خدمات عملاء و اكواد خصم كل شيء سيء,1,2026-03-02 00:00:00,Amazon,ecommerce,play_store,"[""delivery"", ""service"", ""price""]","{""delivery"": ""negative"", ""service"": ""negative"", ""price"": ""negative""}"
7633,أسوأ شبكة توصيل فى مصر بالنسبه لمحافظات الصعيد مافيش تحديد للمحافظه تحديدا يعنى بتكتب أسيوط حتى لو فى أى محافظه تانى فى الجنوب والطلب طالبه توصيل لأسوان المندوب بيكلمنى بيقولى فى رمسيس وماليش دعوه وعاوز ياخد منى فلوس عشان يوصلهولى لشركة شحن بالرغم ان كل التطبيقات التانيه بيوصل لأى حته فى مصر ومجانى أحيانا,1,2025-12-08 00:00:00,Jumia,ecommerce,play_store,"[""delivery"", ""app_experience"", ""service"", ""price""]","{""delivery"": ""negative"", ""app_experience"": ""negative"", ""service"": ""negative"", ""price"": ""negative""}"
9981,تجربه سيئه لاأنصح به حجزت بفندق بأسطنبول وعندما وصلت بعد 24ساعه من الحجز أتفاجئ أنه لايوجد حجز وعندما تواصلت معهم عبر الأيميل ثبتو الحجز بعد عناءوهذا يدل على عدم الثقه بهم وعندما وصلت أعطوني غرفة لاتصلح أن تكون مزبله وقالو لي أما أن تسكنها أو تدفع 250دولار أضافي وتواصلت معهم عبر الأيمل مرة أخرى لحل مشكله الغرفه قبل أن أستلمها ولايوجد رد لاأحد يتورط نصيحه لوجه الله,1,2025-11-30 00:00:00,Booking,travel,play_store,"[""service"", ""app_experience"", ""ambiance"", ""price""]","{""service"": ""negative"", ""app_experience"": ""negative"", ""ambiance"": ""negative"", ""price"": ""negative""}"
1741,الأسعار بقت مبالغ فيها جدا على مستوى أكل وخدمة عادية.. زي اي مطعم عادي,2,قبل شهر,مطعم أبو يوسف السوري,مطعم مأكولات سورية,google_maps,"[""price"", ""food"", ""service""]","{""price"": ""negative"", ""food"": ""neutral"", ""service"": ""neutral""}"
1540,الأسعار والجودة ممتازة,5,قبل 3 أيام,مطعم واحة اليمن - فرع الشيخ زايد,مطعم يمني,google_maps,"[""price"", ""food""]","{""price"": ""positive"", ""food"": ""positive""}"
7292,شركة متميزة ومنتجات رائعة اتمنى لكم التوفيق,5,2026-03-06 00:00:00,Noon,ecommerce,play_store,"[""general""]","{""general"": ""positive""}"
9385,يحنننننننننننننن انصحكم صراحه حماااااااااااااااااااااااااااااااااااااااااااااااااااااااس احلى شي العراقي,5,2026-02-26 00:00:00,Spotify,entertainment,play_store,"[""general""]","{""general"": ""positive""}"
4687,ترشيح في محله من أصدقائي، وكشخص محب للفطاير المصرية ماترددتش إني أطلب منه وأجربه، لكن اتفاجأت وأنا باكل إن الفطير عبارة عن فطير فعلًا، عجينة وطبقات زي الفطير المشلتت.. أو هو مشلتت فعلًا وعليه وش بيتزا بمكونات حسب اختيارك، والطعم كان جميل والأكل يشبع وخفيف في نفس الوقت، يعني مش دسم زيادة عن اللزوم بشكل يقفلك، بالعكس.. وأتمنى الاختراع ده يتنقل لإسكندرية وينتشر فيه.. خصوصًا مع الأسعار الكويسة جدًا.,4,قبل 4 أشهر,بيتزا القدس,مطعم,google_maps,"[""food"", ""price""]","{""food"": ""positive"", ""price"": ""positive""}"
5879,دكتور كريم جلال ممتاز جدا بجد ومريح ف التعامل والشغل كان عندي ألم شديد وهو حل الموضوع بطريقة ممتازة في زيارتين فقط ومساعدة الدكتور كمان مريحة والريسيبشن ذوق جداً,5,قبل 6 أشهر,Dental District Cairo - Serving New Cairo,عِيادة أسنان,google_maps,"[""service"", ""ambiance""]","{""service"": ""positive"", ""ambiance"": ""positive""}"
3870,مستشفى تتصف بالاهمال الشديد,1,قبل 3 أشهر,مستشفى باب الشعرية,مستشفى,google_maps,"[""general""]","{""general"": ""negative""}"
3309,بصراحة من اجمل وانظف المطاعم الي خلتني اعيش تجربة جميلة كاني بالهند الاكل كان أكثر من طعم ونظيف والله يكرمكم حمامين واحد رجال واحد للبنات وحقيقي نظيف المكان وعندهم لبس هندي تقدر تتصور فيه,5,قبل 11 شهرًا,maharaja october مهراجا اكتوبر,مطعم مأكولات هندية,google_maps,"[""food"", ""cleanliness"", ""ambiance""]","{""food"": ""positive"", ""cleanliness"": ""positive"", ""ambiance"": ""positive""}"
6702,شكرا كريم انتم رائعون تعامل راقي جدا ونا كأني كابتن معكم أشعر كانكم جزء من العائلة,5,2026-02-06 00:00:00,Careem,transport,play_store,"[""service""]","{""service"": ""positive""}"
1502,مطعم مشوايات ممتاز جدا جدااا 👍👌,5,قبل شهرين,مطعم الجمهورية,مطعم مأكولات مشوية,google_maps,"[""general""]","{""general"": ""positive""}"
5516,"السلام عليكم
نقل تجربه وبكل امانه 👌
العياده والحمد لله على أرقى مستوى من التعامل والخدمه والنظافة والايادي العامله من الطاقم استقبال وتمريض وعلى رأسهم الدكتوره أميره
تحياتي للجميع بدون استثناء 🌹",5,قبل شهرين,Dr.Amira Lashin - Dental Clinic,عِيادة أسنان,google_maps,"[""service"", ""cleanliness"", ""ambiance""]","{""service"": ""positive"", ""cleanliness"": ""positive"", ""ambiance"": ""positive""}"
1477,المكان جميل مش اول ولا اخر مرة طبعا تسنيم وحبيبة كانو متعاونين جدا ولطاف واحمد عملنا بيتزا متفصلة ثانكيوووو,5,قبل يومين (2),Vinny's Pizza,مطعم بيتزا,google_maps,"[""ambiance"", ""service"", ""food""]","{""ambiance"": ""positive"", ""service"": ""positive"", ""food"": ""positive""}"
7784,افتحوا الدفع عند الاستلام....... ياخي افتحوووو الدفع عند الاستلام.. لااله الاالله وحده.. لان مو الكل عنده بطاقه.. افتحوووو الدفع عند الاستلام..,4,2026-03-04 00:00:00,Amazon,ecommerce,play_store,"[""app_experience""]","{""app_experience"": ""negative""}"
114,Shady,5,قبل 11 ساعة,شتيجنبرجر,فندق,google_maps,"[""none""]","{""none"": ""neutral""}"
3819,بجد المكان كويس جدااااا والتعامل حلو اوي والنتيجه تحفه والبركه طبعا في دكتور هدي ♥️,5,قبل شهر,Cairo Cosmo Center,عيادة جراحة التجميل,google_maps,"[""ambiance"", ""service""]","{""ambiance"": ""positive"", ""service"": ""positive""}"
825,اسوأ مكان تاخد عيلتك و تتسحر فيه بجد اسوأ ما يكون ناس قليلة الزوق جدا و بقوله محتاج طرابيزة عشان معايا زوجتي و العيلة بيقوللي مايخصنيش و اقعد في اي حتة و حاجة في منتهى قلة الزوق,1,قبل 40 دقيقة,مطعم العودة,مطعم مأكولات الشرق الأوسط,google_maps,"[""service"", ""ambiance""]","{""service"": ""negative"", ""ambiance"": ""negative""}"
1242,الاكل حلو كتير بس الخدمة بطيئة جدا و إنتظار الطعام كثير لا يوجد غير 4 طاولات في المطعم مع ذالك متأخر في نزول الطعام,3,قبل شهر,مطعم تبوله,مطعم مأكولات لبنانية,google_maps,"[""food"", ""service"", ""ambiance"", ""delivery""]","{""food"": ""positive"", ""service"": ""negative"", ""ambiance"": ""negative"", ""delivery"": ""negative""}"
7237,شكرا نون,5,2026-03-08 00:00:00,Noon,ecommerce,play_store,"[""general""]","{""general"": ""positive""}"
2950,"اشكر إدارة المستشفى على الخدمة الممتازة
وأخص بالشكر الاستاذ احمد جمعان شكر خاص
مثلا للموظف الخدوم ارجوا مكافاءة هذا الرجل وشكرا جزيلا لحضراتكم",5,قبل أسبوعين,مستشفى تبارك القاهرة الجديدة,مستشفى,google_maps,"[""service""]","{""service"": ""positive""}"
3835,"افضل قيمة مقابل سعر و خدمة سريعة و المكان نظيف بس ديق شوية.
Best value for money grill house that offer Amazing Kufta, Tarb, & Shish Tawook.
Newly added to menu: Meloukeya",4,تاريخ التعديل: قبل 5 أشهر,محسن للمشويات,مطعم مأكولات مشوية,google_maps,"[""price"", ""service"", ""cleanliness"", ""ambiance"", ""food""]","{""price"": ""positive"", ""service"": ""positive"", ""cleanliness"": ""positive"", ""ambiance"": ""negative"", ""food"": ""positive""}"
1225,كل شوي طالع لك واحد يبي حق الخدمه يعني بخشيش 😵‍💫😵‍💫😵‍💫,1,قبل شهر,بوترى كافيه,مقهى,google_maps,"[""service""]","{""service"": ""negative""}"
3593,"طبعا مستشفى تعليمى منتظر ايه غير دكاتره بيدربوا فيك
ده غير الخدمات المتدنيه جدا ..لا انصح بها",1,قبل 7 أشهر,مستشفى قصر العيني التعليمي الجديد,مستشفى,google_maps,"[""service""]","{""service"": ""negative""}"
681,مكان راقي جدا والعاملين جدا متعاونين وحبوبين ربي يسعدهم,5,قبل 4 أيام,مطعم ظاظا النيل,مطعم,google_maps,"[""ambiance"", ""service""]","{""ambiance"": ""positive"", ""service"": ""positive""}"
1474,"الاكل رائع و الوقت بتاعه بينزل مظبوط
و تسنيم و حبيبة عساسيل خالص 💗💗",5,قبل يوم واحد,Vinny's Pizza,مطعم بيتزا,google_maps,"[""food"", ""service""]","{""food"": ""positive"", ""service"": ""positive""}"
2839,فندق فوق الممتاز,5,قبل أسبوعين,نيو جاردن بالاس هوتيل,فندق,google_maps,"[""general""]","{""general"": ""positive""}"
7359,ممتاز,5,2026-03-05 00:00:00,Noon,ecommerce,play_store,"[""general""]","{""general"": ""positive""}"
7006,ممتاز ممتازه جدا,5,2026-03-09 00:00:00,Uber,transport,play_store,"[""general""]","{""general"": ""positive""}"
2422,مطعم كويس وبيتزا عندهم ممتازة ما شاء الله,4,قبل شهر,بيتزا السلطان القصر العيني,مطعم بيتزا,google_maps,"[""food""]","{""food"": ""positive""}"
684,محمد صلاح المتر بتاعنا كان فوق الممتاز,5,قبل 5 أيام,مطعم ظاظا النيل,مطعم,google_maps,"[""service""]","{""service"": ""positive""}"
572,مكان حلو اكل حلو بس اسعار مبالغ فيها نوعة ما,4,قبل شهر,بيت ورد,مطعم مأكولات لبنانية,google_maps,"[""ambiance"", ""food"", ""price""]","{""ambiance"": ""positive"", ""food"": ""positive"", ""price"": ""negative""}"
2283,زحمه وهيصه الاكل حلو لكن بدون نظام,3,قبل 3 أشهر,نجف,مطعم فلافل,google_maps,"[""ambiance"", ""food"", ""service""]","{""ambiance"": ""negative"", ""food"": ""positive"", ""service"": ""negative""}"
1046,ممتاز و جيدا جدا الاكل قيمه مقابل سعر,5,قبل أسبوع,ممشي مصر Mawlana Cafe,كافيه,google_maps,"[""food"", ""price""]","{""food"": ""positive"", ""price"": ""positive""}"
3084,اسوى مستشفى ممكن حد يروحه مافي اي تقدير للمريض ولا في اي اخترام للشغل,1,قبل شهرين,مستشفى الزهيري,مستشفى,google_maps,"[""service""]","{""service"": ""negative""}"
9267,ممتاذ,2,2026-03-03 00:00:00,Spotify,entertainment,play_store,"[""general""]","{""general"": ""positive""}"
8374,أين تطبيق عقار ماب !! كان أقوى تطبيق بمصر الان تطبيق عشوائي بكل ماتحمل الكلمه وكلمه نأسف لن تحل المشاكل واقفل التطبيق وافتحه واحذفه وصطبه مش كلام ناس قائمه على البرنامج ارجو التواصل مع ملاك هذا الموقع لكي تحل هذه المشكله من جذروها التطبيق مدة قليله جدا وسيقع بنسبه ١٠٠٪ انتظر كلمه ناسف وتواصل معانا على الايميل,1,2024-03-28 00:00:00,Aqarmap,real_estate,play_store,"[""app_experience""]","{""app_experience"": ""negative""}"
5840,سوبر ماؤكت رائع وسهل الانتقال فيه وسرعة التوصيل متميزه,5,قبل سنة,مترو ماركت الجديد صحراوى اسكندريه,سوبرماركت,google_maps,"[""delivery""]","{""delivery"": ""positive""}"
1488,"اسوء اكل اكلته في حياتي
الكفتة و الطرب كلهم دهن من جوا و خشنة و فيها جلد
و الطرب كان مش نضيف خالص و الاكل غالي جدا
The worst experience i ever had, the food is really bad and it's expensive as hell.",1,قبل أسبوعين,مطعم الجمهورية,مطعم مأكولات مشوية,google_maps,"[""food"", ""cleanliness"", ""price""]","{""food"": ""negative"", ""cleanliness"": ""negative"", ""price"": ""negative""}"
5458,شكرا عيادات تمازج على حسن الاستقبال والتعامل الراقي المكان نظيف وجميل انصح الجميع بالتعامل معهم جميع الطاقم الطبي ذو كفاءة وخبره عاليه .,5,قبل 7 أشهر,عيادات تمازج التخصصية ومركز تمازج الجراحي ومختبر تمازج الطبي,عيادة متخصصة,google_maps,"[""service"", ""cleanliness"", ""ambiance""]","{""service"": ""positive"", ""cleanliness"": ""positive"", ""ambiance"": ""positive""}"
7524,احسن وافضل منصة للتوصيل شكرا جوميا ♥️🩵💐,5,2026-01-24 00:00:00,Jumia,ecommerce,play_store,"[""delivery""]","{""delivery"": ""positive""}"
5955,ممتاز جداً والخدمة سريعه,5,قبل سنة,Nora Beauty Salon & Spa,صالون تجميل,google_maps,"[""service""]","{""service"": ""positive""}"
6544,أواجه مشكلة في حجز الرحلات وكلما حجزت رحلة تظهر رسالة فشل حجز الرحلة ولم يتم حلها حتى هذا الوقت,1,2026-03-08 00:00:00,Careem,transport,play_store,"[""app_experience""]","{""app_experience"": ""negative""}"
8866,تقيمي صفر كل شي عليه يجب شراؤه ويتحكم في الاغاني,1,2026-01-23 00:00:00,Anghami,entertainment,play_store,"[""app_experience"", ""price""]","{""app_experience"": ""negative"", ""price"": ""negative""}"
3052,مش نضاف و الاوردر جي مبهدل و بيحطوا فروق سعر وهمية لو طلبت اونلاين. بالإضافة للتريقة السوقية اللي بيتكلموا بيها,1,قبل سنة,سوبر ماركت مؤمن و بشار المحكمة,سوبرماركت,google_maps,"[""cleanliness"", ""delivery"", ""price"", ""service""]","{""cleanliness"": ""negative"", ""delivery"": ""negative"", ""price"": ""negative"", ""service"": ""negative""}"
3598,❤️💪 بجد الاكل طعمه تحفه والناس محترمه جدا,5,قبل 4 أشهر,ابوحسن السوري,مطعم شاورما,google_maps,"[""food"", ""service""]","{""food"": ""positive"", ""service"": ""positive""}"
916,الاكل والخدمة تمام والكابتن سمير كان متعاون وحد لطيف جدا,5,قبل 3 أيام,مطعم الدهان,مطعم,google_maps,"[""food"", ""service""]","{""food"": ""positive"", ""service"": ""positive""}"
7472,سيئة جدا تم طلب اوردر وبعدها بيومين تم الغاؤه من الشركة,1,2026-02-11 00:00:00,Jumia,ecommerce,play_store,"[""delivery"", ""app_experience""]","{""delivery"": ""negative"", ""app_experience"": ""negative""}"
2503,"نزلت في أكثر من فندق 3نجوم في القاهرة مقارنة بفنادق القاهرة  انديانا افضل فندق 3نجوم في القاهره حيث يوجد حمام سباحه وبه مطعم كبير اوبن بوفيه فطار متنوع اللوبي مساحته كبيره, الفندق يوجد به كافيه جميل بالدور الاخير كنت اشاهد به مباريات الدوري الانجليزي والكافيه يطل علي النيل و يطل علي البرج والاصطاف بشوش و متعاون
البعض يقارن الفندق بفنادق خمس نجوم لا يصح
عند مقارنة الفندق عن تجربة يتم بما هو في نفس مستواه من حيث الجودة والسعر دهه وجهة نظري",5,قبل شهرين,فندق انديانا,فندق,google_maps,"[""food"", ""ambiance"", ""service"", ""price""]","{""food"": ""positive"", ""ambiance"": ""positive"", ""service"": ""positive"", ""price"": ""positive""}"
3984,مكان كتير حلو الخدمه احلئ يستاهلو 10000 نجمة عالم جميله اوي من الخدمه و الروح الطيبة من استاذ كريم و محمود  وانسة عاليا  وكمان الشباب الي عند الباب ابرهيمة وخاطر احلئ عالم شكرا شكرا  ♥️من القلب,5,قبل شهر,Nile View Inn,فندق,google_maps,"[""ambiance"", ""service""]","{""ambiance"": ""positive"", ""service"": ""positive""}"
2158,فطير جميل ، لكن ينقصة وجود السجق البلدي وليس المفروم ، هو اقرب للاسكندراني او البقالي ولكن ليس هو ..,4,قبل 3 أشهر,فطائر و بيتزا المهندسين,مطعم بيتزا,google_maps,"[""food""]","{""food"": ""neutral""}"
6969,شركة محترمة,5,2026-03-09 00:00:00,Uber,transport,play_store,"[""general""]","{""general"": ""positive""}"
6900,ممتاز,4,2026-03-11 00:00:00,Uber,transport,play_store,"[""general""]","{""general"": ""positive""}"
2812,بس الدى جى الأغانى بتاعته كلها قديمه نصيحه لو عايز افرو يفضل بلاش المكان ده,5,قبل شهرين,Zulu in Cairo,مطعم مأكولات من جنوب إفريقيا,google_maps,"[""ambiance""]","{""ambiance"": ""negative""}"
24,ممتاز,5,قبل 4 أيام,مطعم صبحي كابر,مطعم مأكولات مصرية,google_maps,"[""general""]","{""general"": ""positive""}"
9161,تطبيق سئ كل شوية اعلان,1,2026-03-07 00:00:00,Spotify,entertainment,play_store,"[""app_experience""]","{""app_experience"": ""negative""}"
2038,"الاكل روعة السعر طبيعي غالي والخدمة كويسة
ارجو ملاحظة الشي طاووق يعملوه فهد وليس صدر زي عندنا في السعودية",5,قبل شهر,مطعم ميت موت مدينة الشيخ زايد,مطعم,google_maps,"[""food"", ""price"", ""service""]","{""food"": ""neutral"", ""price"": ""negative"", ""service"": ""positive""}"
5519,"التقييم هذا بعد حوالي 5شهور من بداية العلاج بهذة العيادة النادرة🫡

في البداية زرت اكثر من عيادة في مناطق مختلفة في القاهرة ولما شوفت التقييم العالي لهذه العيادة قلت خل اجرب واشوف والحمد لله اني جربت🥰

في البداية عند الدكتورة اميرة🫡 نزعت عصب ولبست سن عندهم وكان الشغل احترافي واهتمام في أدق التفاصيل لدرجة الاستغراب🤔

وبعدها تشجعت وكان عندي اثنين من اسناني مكسورة (انصاص) قلت ياولد فرصة خل اخلعها واسوي زراعه والحمد لله ماندمت كان الشغل دقيق وسريع لدرجت اني توقعت انهم خلعوا الأسنان وماسووا الزراعه (والله اني رحت سويت اشعه بانوراما عند غيرهم عشان اتأكد فيه زراعه ولا لا)🤣 لأني ماحسيت باي شي لا أثناء الشغل ولا بعد الزراعه .... ورحت السعودية ورجعت بعد 4شهور تقريبا وركبت التلبيس والله الشغل جبار ماشاء الله تبارك الله ..... نصييييييحة اللي بيشتغل باسنانه يروح لهم وهو متطمّن والله ممتازييييين ...

بالتوفيق للجميع🤲",5,قبل شهرين,Dr.Amira Lashin - Dental Clinic,عِيادة أسنان,google_maps,"[""service""]","{""service"": ""positive""}"
43,"مكان رائع وجميل نظيف وماجيك بلانيت وسكاي ايجيبت كانوا احلي حاجه
بس اول مره دخلته كان جديد عليا وكبير وتوهت فيه😂",5,قبل يوم واحد,مول مصر,مركز تسوق,google_maps,"[""ambiance"", ""cleanliness""]","{""ambiance"": ""positive"", ""cleanliness"": ""positive""}"
8500,جيد جدا ، ١- لكن الاعلان عن العقارات والاراضي قليل جدا أرجو أن تزداد وأتمنىٰ أن يكون التطبيق أقوى مما هو عليه . ٢- التطبيق بطئ بعض الشئ أرجو أن يكون أسرع مثل olx .,4,2022-04-23 00:00:00,Aqarmap,real_estate,play_store,"[""app_experience""]","{""app_experience"": ""neutral""}"
3909,جيد,5,قبل سنة,مطعم فرح,مطعم أطباق اللحوم,google_maps,"[""general""]","{""general"": ""positive""}"
2330,في سبب لما دخلنا اليوم انو المطعم كان فاضي و احنا في نهاية الأسبوع و ويكند. لان الخدمة كانت اسوأ من السيئه طلبنا عشا و أخذ الطلب اكثر من ساعه و نص و لما وصل الطلب كان بارد و طعم سيئ جدا جدا. هم لو يقلبوه خماره احسن لهم. و لما اشتكينا من تأخر الطلب المدير جا لنا و صار يكذب ان الطلب متأخر نص ساعه بس. لما وريناها بالدليل ان الطلب له ساعه و نص غير كلامه و قال له النهارده عندنا تأخر في الطلبات. يا حضرت الدير بدال الكذب و اللف و الدوران و انت بسن كبير زي كده اهتمّ في مطعمك و عاقب اللي مقصر في شغله بدل ما تكذب عشان تغطي تقصيرك في شغلك. مطعم فاشل,1,قبل 5 أشهر,فايف بيلز,مطعم,google_maps,"[""service"", ""delivery"", ""food"", ""ambiance""]","{""service"": ""negative"", ""delivery"": ""negative"", ""food"": ""negative"", ""ambiance"": ""negative""}"
1080,المحل جدا رائع سواء من الجو العام او من العاملين او من جودة الأكل ، كل شي كان ممتاز الصراحه ، إضافه الى صاحب المحل الاستاذ صلاح القاشي ، رجل محترم جدا واخلاقه عاليه جدا جدا,5,قبل 3 أسابيع,CaiRoma,مطعم مأكولات إيطالية,google_maps,"[""ambiance"", ""service"", ""food""]","{""ambiance"": ""positive"", ""service"": ""positive"", ""food"": ""positive""}"
4453,"المكان رايق وتعاملهم جميل
سويت بدكير عند رانيا فنااانة يعطيها العافية شغلها جميل ونظيف😍
ارجع اكيد وبسوي معها ثاني💅🏼",5,قبل شهرين,Sand salon,صالون تجميل,google_maps,"[""ambiance"", ""service"", ""cleanliness""]","{""ambiance"": ""positive"", ""service"": ""positive"", ""cleanliness"": ""positive""}"
2313,طلبت تشيز بروستد وجابلي بعد ٤٠ دقيقة وكمان طعمها وطعم الجبنة وحش جداااا والفراخ مش ذهبي ديه لونها بني كأنها اتصلت  اكتر من مرة وطعمها وحش جدااا,1,قبل شهرين,ست الشام,مطعم مأكولات سورية,google_maps,"[""delivery"", ""food""]","{""delivery"": ""negative"", ""food"": ""negative""}"
1156,الاستف عندهم بيلبس جلفز واحد طول اليوم مش بيتغير يعنى بيخش الحمام ويخرج بنفس الجلفزات ويعملك الأكل.,1,قبل شهرين,انس الدمشقي,مطعم مأكولات سورية,google_maps,"[""cleanliness"", ""food"", ""service""]","{""cleanliness"": ""negative"", ""food"": ""negative"", ""service"": ""negative""}"
3829,عالمي,5,قبل شهرين,محسن للمشويات,مطعم مأكولات مشوية,google_maps,"[""general""]","{""general"": ""positive""}"
6742,اسعاره مره غاليه في مره وصلني من الشوقية إلى النوارية واخذ 250 كاني رايح من مكة للمدينة سواق حارتنا احسن منه,1,2026-02-02 00:00:00,Careem,transport,play_store,"[""price"", ""service"", ""delivery""]","{""price"": ""negative"", ""service"": ""negative"", ""delivery"": ""negative""}"
4888,"الحقيقي عمري ما شوفت مستشفي كويسة كده
كل الطاقم الطبي فعلا في قمه الرقي في التعامل والعناية بالمرضي وشكر خاص جدا لمس داليا مشرفة الرعاية علي حسن تعاونها ومساعدتها الدائم في تخليص كل حاجه",5,قبل 6 أشهر,مستشفى مصر الجديدة التخصصي,مستشفى,google_maps,"[""service""]","{""service"": ""positive""}"
9090,والله جميل انصحكم تجربوه يصتحك 666نجمه,5,2026-03-10 00:00:00,Spotify,entertainment,play_store,"[""general""]","{""general"": ""positive""}"
6558,للأسف تجربه سيئه الكابتن عبد الله العبد ما اكتفى بأنه ما وصلني لغى الطلب من عنده 🔴 رنيتله اسئله انا منزله الابليكايشن عن جديد ومو عارفه ازا وصلت اولا سكر بوجهي ولغى الطلب,1,2026-03-03 00:00:00,Careem,transport,play_store,"[""service"", ""app_experience""]","{""service"": ""negative"", ""app_experience"": ""negative""}"
6983,محترم والله,5,2026-03-09 00:00:00,Uber,transport,play_store,"[""general""]","{""general"": ""positive""}"
3586,لو سمحتم عاوزة رقم حد فالقصر العينى اساله عن حاله اختى حاله حرجه بكسر فالفخد ممكن يستقبلولها ولالا لو حد معاه رقم جزاكم الله خير,5,قبل شهرين,مستشفى قصر العيني التعليمي الجديد,مستشفى,google_maps,"[""none""]","{""none"": ""neutral""}"
5597,"تجربة سيئة جدًا مع صيدلية فايق، ومش ناوي أتعامل معاهم تاني.

طلبت منتج ووصلني منتج تاني مختلف تمامًا، ومع إني فتحت العبوة بس لقيتهم رفضوا يسترجعوه!
احترمت الموقف رغم إن الغلط منهم، ودفعت تاني وجبت المنتج الصح من عندهم!

الصدمة؟ بعد ما الموضوع خلص وأنا دافع تمن المنتجين، بعتولي شخص الساعة ١٢ بالليل يخبط على باب البيت بطريقة غير محترمة، واتصل أكتر من ١٠ مرات ورا بعض!

اللي حصل ده قلة احترام للخصوصية، وسوء إدارة، وتعامل غير مهني تمامًا.

أنا زبون دافع حقه، مش متسوّل عند بابهم.
للأسف، دي آخر مرة أتعامل فيها مع صيدلية فايق، ولو بتحبوا تحترموا وقتكم وكرامتكم، أنصحكم تدوروا على مكان تاني.",1,قبل 10 أشهر,صيدلية فايق,صيدلية,google_maps,"[""delivery"", ""service""]","{""delivery"": ""negative"", ""service"": ""negative""}"
8313,عقار ماب من افضل شركات العقارات المصرية بتتيح للعميل كل العقارات اللي محتاجها باقل الاسعار,5,2024-12-17 00:00:00,Aqarmap,real_estate,play_store,"[""app_experience"", ""price""]","{""app_experience"": ""positive"", ""price"": ""positive""}"
6846,ممتاذه,5,2026-03-12 00:00:00,Uber,transport,play_store,"[""general""]","{""general"": ""positive""}"
6237,سىء جدا جدا جدا ولا انصح بيه و تطلب الاوردر وتنتظر ساعتين ثم يتم كنسله الاوردر,1,2026-01-23 00:00:00,Elmenus,food_delivery,play_store,"[""delivery"", ""app_experience""]","{""delivery"": ""negative"", ""app_experience"": ""negative""}"
1292,من احلى الاماكن الي ادمنتها اكلهم تحفه والستف كله  لطيف ومحمد صادق شخص جدا لطيف ومبتسم وخدوم,5,قبل شهر,Caracas,مطعم مأكولات لبنانية,google_maps,"[""food"", ""service""]","{""food"": ""positive"", ""service"": ""positive""}"
2877,في حفلة للفنان حسين شريف كانت حلوة جدآ,5,قبل شهر,كافيه روم ارت سباس- القاهرة الجديدة,مقهى,google_maps,"[""ambiance""]","{""ambiance"": ""positive""}"
8321,برنامج محترم بس عايزين نسهل شوية تقييم سعر العقارات,5,2024-11-19 00:00:00,Aqarmap,real_estate,play_store,"[""app_experience"", ""price""]","{""app_experience"": ""positive"", ""price"": ""negative""}"
8335,ططبيق سياء جدن ودفعت فلوس علشان اعلن عن شقة ولا واحد شاف الاعلان كانك رميت فلوس في الارض والهي ومفيش حد بيروض في خدمة عملاء لا انصح بية,1,2024-07-07 00:00:00,Aqarmap,real_estate,play_store,"[""app_experience"", ""price"", ""service""]","{""app_experience"": ""negative"", ""price"": ""negative"", ""service"": ""negative""}"
9436,تطبيق سي واسوء خدمة عملاء,1,2026-03-04 00:00:00,Wego,travel,play_store,"[""app_experience"", ""service""]","{""app_experience"": ""negative"", ""service"": ""negative""}"
7210,جامد بس صعب الطلب من عليه انا دلوقتي🤩🤩🤩🤩very excited,5,2026-03-09 00:00:00,Noon,ecommerce,play_store,"[""app_experience""]","{""app_experience"": ""neutral""}"
1448,مطعم كويس وسعره حلو,5,قبل شهر,سلامة المتميز فرع الشيخ زايد,مطعم وجبات سريعة,google_maps,"[""price""]","{""price"": ""positive""}"
5992,"الدكاتره دون المستوى
كان لي خبرة مع احدهم … لا يستمع و يشعر انه كبير الدكاترة و تشعر انه اخره سنة اولى طب",1,قبل سنة,مجمع عيادات الرحاب التخصصي | MR Polyclinics,مركز طبي,google_maps,"[""service""]","{""service"": ""negative""}"
5517,بكل صدق أتقدّم بخالص الشكر والتقدير للدكتورة أميرة على حسن الاستقبال، ورحابة الصدر، وما قدّمته من مستوى عالٍ من المهنية والاحترافية في علاج الأسنان، والذي عكس خبرتها وكفاءتها وحرصها على تقديم أفضل رعاية ممكنة، ولا أنسى كذلك الشكر لموظفي العيادة على ماقدموه من خدمات.🌹,5,قبل شهرين,Dr.Amira Lashin - Dental Clinic,عِيادة أسنان,google_maps,"[""service""]","{""service"": ""positive""}"
7169,هو جميل لاكن اريد نفس السعر يعطيني اغلى,3,2026-03-10 00:00:00,Noon,ecommerce,play_store,"[""price"", ""app_experience""]","{""price"": ""negative"", ""app_experience"": ""positive""}"
2961,أتقدم بجميل الشكر و التقدير لمستشفى تبارك و جميع إدارتها بما وجدته من حسن المعامله و الاهتمام و الرعايه الطبيه الممتازه من قبل الطاقم الطبي و شكر خالص لدكتور ياسر الغمريني الجراح الكبير و قم العلاقات العامه تحياتي بالتوفيق و النجاح دائماً,5,قبل شهر,مستشفى تبارك القاهرة الجديدة,مستشفى,google_maps,"[""service""]","{""service"": ""positive""}"
6262,سيئه مع مطاعم داخل التطبيق وللاسف التطبيق لم يعمل اى شئ,2,2025-11-07 00:00:00,Elmenus,food_delivery,play_store,"[""app_experience""]","{""app_experience"": ""negative""}"
2640,اسوأ حاجه في الدنيا,1,قبل 5 أشهر,الشبراوي,مطعم فلافل,google_maps,"[""general""]","{""general"": ""negative""}"
1874,الشاورما العربي عندهم حكااااية ، مش بزهج منها👏🏼❤️,5,قبل أسبوع,ابو انس السوري الدقي,مطعم مأكولات سورية,google_maps,"[""food""]","{""food"": ""positive""}"
2590,"انا كلمت رقم خدمة التوصيل بقالي ساعتين نت ١١ للساعة ١ وك ل الارقام مقفولة
بجد حاجة مقرفة",1,قبل شهر,مطعم شاورما ابو حاتم الدمشقي,مطعم شاورما,google_maps,"[""delivery"", ""service""]","{""delivery"": ""negative"", ""service"": ""negative""}"
9908,التطبق الان لا يعمل ولا استطيع البحث ولا تصفح النتائج ولا حتى التواصل مع خدمة العملاء برغم انه كان يعمل بشكل جيد,3,2025-12-23 00:00:00,Booking,travel,play_store,"[""app_experience"", ""service""]","{""app_experience"": ""negative"", ""service"": ""negative""}"
7557,رائع بمعنى الكلمة ، محل ثقة عن تجربة,5,2026-01-13 00:00:00,Jumia,ecommerce,play_store,"[""general""]","{""general"": ""positive""}"
2697,مول قديم ومتواضع ، الا انه يحوي قطنيات جميلة وعبايات سورية الصنع في الدور الاول ، قد لا يلبي رغبات الكثير .,3,قبل 3 أشهر,مول رمسيس,مركز تسوق,google_maps,"[""ambiance""]","{""ambiance"": ""neutral""}"
6958,مصداقيه وامان,5,2026-03-10 00:00:00,Uber,transport,play_store,"[""general""]","{""general"": ""positive""}"
6120,جميل,3,قبل شهر,Safir hotel cairo,فندق,google_maps,"[""general""]","{""general"": ""positive""}"
9790,عند بدء الحجز كانت عملية الدفع عند الوصول ولكن لاحقا طلب الدفع اونلاين,3,2026-01-31 00:00:00,Booking,travel,play_store,"[""app_experience""]","{""app_experience"": ""negative""}"
1068,"مطعم ايطالي قديم
الاجواء جميله وعنده جلسات خارجيه وداخليه
يعطيك اجواء ذو طابع ايطالي
بالنسبه للاكل جربت الباستا بالصلصه الحمراء دجاج وكانت لذيذه جدا ولا اروع واعطيها 10/10
جربت بيتزا مارجريتا الطعم مقبول واعطيها 7/10 .
اكثر شي ملفت للنظر اجواء المكان والجلسات الخارجيه بحكم ان زيارتي كانت فتره شتاء .
النقطة السلبيه طريقه الدفع : كاش وهذا الشي ماناسبني .",4,قبل أسبوعين,CaiRoma,مطعم مأكولات إيطالية,google_maps,"[""ambiance"", ""food"", ""service""]","{""ambiance"": ""positive"", ""food"": ""neutral"", ""service"": ""neutral""}"
6670,غير جيدة عند تحديد مسار الطلب قدرت الاحرة ب 5.17 تفاجأت عند الوصول ان الأجرة بلغت 10.94 ان هناك رسوم طريق علي الراكب. لماذا؟,1,2026-02-11 00:00:00,Careem,transport,play_store,"[""price"", ""app_experience""]","{""price"": ""negative"", ""app_experience"": ""negative""}"
4935,رائع للبيجامات القطن ، الاقمشة جودتها عالية,5,تاريخ التعديل: قبل 4 أشهر,القاضي وحسين,متجر ملابس,google_maps,"[""general""]","{""general"": ""positive""}"
7894,ممتاز جدا,4,2026-02-23 00:00:00,Amazon,ecommerce,play_store,"[""general""]","{""general"": ""positive""}"
6594,سئ جدا في حفر الباطن,1,2026-02-24 00:00:00,Careem,transport,play_store,"[""general""]","{""general"": ""negative""}"
408,وجبة انوس حاجة تقرف عينة شاورمة وكلها جلد واكل مجلد. خسارة فيه الفلوي واخر مرة تعامل معاكم.,1,قبل شهر,مطعم انس الدمشقي,مطعم مأكولات سورية,google_maps,"[""food"", ""price""]","{""food"": ""negative"", ""price"": ""negative""}"
5804,"ماشاءالله تبارك الرحمن
دكتورة ممتازة وصادقة وصريحة
الله يعطيها العافية على شغلها وأمانتها",5,قبل سنة,عيادة دكتورة نهى يس عبد الرحمن,عِيادة أسنان,google_maps,"[""service""]","{""service"": ""positive""}"
226,خدمة ممتازة شكرا حسن عيسي,5,تاريخ التعديل: قبل يومين (2),لوما,مطعم,google_maps,"[""service""]","{""service"": ""positive""}"
5152,لقد تم عمل طقم كامل متحرك واستلمته قمه فى الجمال وحبه اشكر دكتور هادى لتعبه معى واشكره على حسن المعامله ودقه العمل واشكر الانسه رحمه على زوقها واحترامها فى استقبال المرضى وذلك يدل على انه مركز محترم,5,قبل شهر,Guarantee Dental Centers - New Cairo Center - مراكز جرانتي لزراعة وتجميل الاسنان - مركز القاهرة الجديدة,عِيادة أسنان,google_maps,"[""service"", ""ambiance""]","{""service"": ""positive"", ""ambiance"": ""positive""}"
8100,تطبيق مفيد لتتبع مشترياتك من الخارج انصح به,5,2021-06-20 00:00:00,Shop,ecommerce,play_store,"[""app_experience""]","{""app_experience"": ""positive""}"
716,"الطعام غير جيد
يعني اللى فاهم في الاكل هيعرف كلامي
اللحوم مش ضاني ميه في الميه فيها لحوم عجالي صغير",3,قبل أسبوعين,قصر الكبابجي,مطعم مأكولات مصرية,google_maps,"[""food""]","{""food"": ""negative""}"
2301,"Its a nightmare they miss diagnosed me and the ICU is a cemetery, I got infected during the operations, which turned to be unnessary operations, during which they committed a fatal mistake and injured my liver as discovered latter on, the rooms smells badly, the rest rooms are terriblely not dirty & disgusting, staff ICU are irresponsible.
اسوأ مستشفى على الاطلاق..محدش بيعرف يشخص صح ..حجزوني ٣٠ يوم وبهدلوني بسبب تشخصيهم الخطأ وطبعا أخطاء في غرفة العمليات وعدوى ودخلوني العنايه بسبب عكهم لمدة ٩ ليالي شفت فيهم
العذاب اللوان.. لانهم منتظرين ان اللي يدخل في العنايه المركزه يفقد الوعي وميحسش باللي بيحصل جوا..",1,تاريخ التعديل: قبل شهر,المستشفى الجوي التخصصي التجمع الخامس,المستشفى العسكري,google_maps,"[""service"", ""cleanliness"", ""ambiance""]","{""service"": ""negative"", ""cleanliness"": ""negative"", ""ambiance"": ""negative""}"
3433,تشرفة  بادرة المكان..فعلآ المكان روحه حلوه,5,قبل 3 أشهر,مطعم مهراجا مدينة نصر,مطعم مأكولات هندية,google_maps,"[""ambiance""]","{""ambiance"": ""positive""}"
6674,كل شي اوكي ماعدا خدمة العملاء العرب صفر من عشره,3,2026-02-10 00:00:00,Careem,transport,play_store,"[""service""]","{""service"": ""neutral""}"
6135,الاكل مش مستوي ثابت النهارده حلو جدا بكره سئ للغايه,2,قبل سنة,مشويات سعودي,مطعم مأكولات مشوية,google_maps,"[""food""]","{""food"": ""neutral""}"
455,مطعم زحمه وناس كتير جوده الأكل عاديه الخدمه سيئه طلبت  كبسه مع دجاج مضغوط او دجاج كبسه جبلي كبسه مع دجاج (مندي) وانا ما بحبش المندي وياريت ساخن كماااان بااااارد مع العلم أنا طلبت حاجه وجبلي حاجه تانيه وبيقلي مفيش وبيعتذر  بعد ما نزلي الأكل عايز يفرض عليا حاجه أنا مش عايزها بجد والواحد صايم يعني عشان الصيام عايز يحطني تحت الأمر الواقع لا انصح به بصراحه,1,تاريخ التعديل: قبل 3 أيام,حضرموت شيخ المندى,مطعم أطباق اللحوم,google_maps,"[""ambiance"", ""food"", ""service""]","{""ambiance"": ""negative"", ""food"": ""negative"", ""service"": ""negative""}"
5201,"بصراحة مكان مبالغ فيه، رحت اعمل شعري ، و معندهومش مبدأ اصلا واقي الحرارة، و انا شعري كيرلي اللي كان بيعملي شعري مصمم اني اعمل بروتين و أن شعري كدة هايش، مع أن ده بيثبت أنه مبيفهمش حاجة فالشعور ولا كيرلي ولا غيره، غير أنه لسعني اكتر من مرة، و شد جامد اوي ف شعري و هو بيعمله، بصراحة عمري مهعتب المكان ده تاني
Very bad salon, I don't recommend to anyone!",1,قبل سنة,Jacques Moreno,صالون تجميل,google_maps,"[""service""]","{""service"": ""negative""}"
8072,لا اله إلا الله,4,2022-07-23 00:00:00,Shop,ecommerce,play_store,"[""none""]","{""none"": ""neutral""}"
7897,اتمنى يقفلوا، قلك موقع عالمي، موقعهم مضروب,1,2026-02-22 00:00:00,Amazon,ecommerce,play_store,"[""app_experience""]","{""app_experience"": ""negative""}"
7041,اعتمد دائما عليه في مشاويري,5,2026-03-08 00:00:00,Uber,transport,play_store,"[""general""]","{""general"": ""positive""}"
6497,ممتاز جدا وفريق المساعدة بجد حاجه جميله جدا والتواصل دائما طول الوقت متاخر أو اي وقت بجد شبه شبه شبه 💪💪💐💐💐,5,2023-09-29 00:00:00,Elmenus,food_delivery,play_store,"[""service""]","{""service"": ""positive""}"
2088,من احسن المطاعم اللي كلت فيها بيتزا,5,قبل 3 أشهر,بيتزا السلطان التجمع الخامس,مطعم بيتزا,google_maps,"[""food""]","{""food"": ""positive""}"
8936,بيسمعنا أغاني على مزاجه ده غير لما بنشترك بيعلق,1,2026-01-12 00:00:00,Anghami,entertainment,play_store,"[""app_experience""]","{""app_experience"": ""negative""}"
9561,شكراً لكم من القلب! بفضل تطبيقكم الرائع أصبح التخطيط للسفر متعة بحد ذاته لقد وفرتم علينا الكثير من الوقت والجهد في البحث عن أفضل العروض والأسعار ​أنتم رفيق السفر المفضل دائماً! ✈️🌍,5,2026-01-26 00:00:00,Wego,travel,play_store,"[""app_experience"", ""price""]","{""app_experience"": ""positive"", ""price"": ""positive""}"
3175,رائع,5,قبل شهر,فندق بوتيك النيل,فندق,google_maps,"[""general""]","{""general"": ""positive""}"
6800,تعرضت لعملية احتيال من هذا التطبيق و لن استخدمه مدى الحياة . حجزت رحلة و تم خصم مبلغ من حسابي . ثم الكابتن ألغى الرحلة قبل ان يصل و لم يعيدو لي النقود . تواصلت مع خدمة العملاء و قالو لي للأسف لا نستطيع اعادته الى حسابك البنكي . قلت لهم اعتبر هذا المبلغ هدية لكم التي جعلتني احذف تطبيقكم و استخدم خدمة أخرى . إلى اللقاء,1,2026-01-25 00:00:00,Careem,transport,play_store,"[""app_experience"", ""price"", ""service""]","{""app_experience"": ""negative"", ""price"": ""negative"", ""service"": ""negative""}"
7951,أشعر انه نصب واحتيال لقد اشتريت منهم سلم المنيوم و اتأخر أكثر من ٣٠ يوم و فى اخر ارسلوا لي رسله على الاميل تم تسليم الطرد وانا مسجل العنوان و رقم التلفون ولم يتصل بي أحد حتى قبل التسليم الطرد يتصل بك المندوب لتأكيد العنوان و موعد التسليم وهذا لم يحدث و حولت التواصل معهم ولم يتم الرد علي الشكوى لذالك احذر كل من يريد التعامل معهم انتبه هناك نصب واحتيال,1,2026-01-04 00:00:00,Shop,ecommerce,play_store,"[""delivery"", ""service""]","{""delivery"": ""negative"", ""service"": ""negative""}"
9864,تطبيق ممتاز ويجعل الاماكن تلتزم بتقديم خدمه جيده حرصا على الريفيو اتمنى يظل هكذا يقدم التعليقات الايجابيه والسلبيه والعميل يختار ما يناسبه احيانا بعض التعليقات السلبيه تكون مهمه ومفيده لي وبعضها بالنسبه لي عادي وغير مهم لكن يعطيني صورة كامله عن المكان,5,2026-01-07 00:00:00,Booking,travel,play_store,"[""app_experience""]","{""app_experience"": ""positive""}"
7634,تجربه سيئة جدا تطبيق كله نصب واحتيال,1,2025-12-07 00:00:00,Jumia,ecommerce,play_store,"[""app_experience""]","{""app_experience"": ""negative""}"
1705,كوفي ومطعم جددددا سيئ، ابدا ما انصح احد يجيه، اسلوب العاملين جددددا وقح والاكل حقيقي سيئ وفيه كمية زفاااره، اسعارهم مبالغ فيها بالنسبه للنظافه الي تحت الصفر👎🏻❌,1,قبل 3 أسابيع,مقهى بوخارست بلاك,مقهى,google_maps,"[""service"", ""food"", ""price"", ""cleanliness""]","{""service"": ""negative"", ""food"": ""negative"", ""price"": ""negative"", ""cleanliness"": ""negative""}"
3194,مواظفين استقبال زي الزفت ف المعامله وقله ادب,1,قبل 3 أسابيع,مستشفى الجنزوري التخصصي,مستشفى,google_maps,"[""service""]","{""service"": ""negative""}"
6834,بس في بعض المشاوير وخاصتا في رمضان السعر مرتفع ذيادة ارجو تبسيط السعر,3,2026-03-13 00:00:00,Uber,transport,play_store,"[""price""]","{""price"": ""negative""}"
4321,الجو العام جميل لكن المعاملة اصبحت سيئة في الفترة الاخيرة,3,قبل سنتين,Mazzika,مقهى,google_maps,"[""ambiance"", ""service""]","{""ambiance"": ""positive"", ""service"": ""negative""}"
4333,المكان جدا ممتاز وكل الموظفين لطيفين وتعاملهم جيد وجوزيف قصو مررره حلو والصبغة تجنن شكرا لكم جميعا,5,قبل شهر,Bella salon zamalek,صالون تجميل,google_maps,"[""ambiance"", ""service""]","{""ambiance"": ""positive"", ""service"": ""positive""}"
8079,أنا قرأت تعليق شخص في هذا البرنامج قبل شهرين تقريباً يتكلم بأن البرنامج يقطع ويخرجك من البرنامج ونفس المشكلة الآن معي.. معقولة مسوين تحديث ولا انحلت المشكلة أو يرد احد من مطورين البرنامج على هذي المشكلة..,1,2022-01-16 00:00:00,Shop,ecommerce,play_store,"[""app_experience""]","{""app_experience"": ""negative""}"
5484,"الوضع مش زي اللي في الصور خالص
لسة طالب بيتزا شرقي جايلي عيش بدون حشو حرفيا
فقيمة مقابل سعر سيء
ياريت يحسنوا الوضع اكتر من كدا",1,قبل سنة,The Best Restaurant,مطعم,google_maps,"[""food"", ""price""]","{""food"": ""negative"", ""price"": ""negative""}"
8189,nice,5,2014-11-24 00:00:00,OLX,ecommerce,play_store,"[""general""]","{""general"": ""positive""}"
6504,مش بيدعم ارسال صور يعني حاليا انا عندي مشكله على الاوردر بس مفيش اثبات,3,2023-09-11 00:00:00,Elmenus,food_delivery,play_store,"[""app_experience""]","{""app_experience"": ""negative""}"
2894,سويت شعري عندهم قص و استشوار و سوالي تومس و يوسف يعطيه العافيه مرهه يده خفيفه و خلص بسرعه و نتيجه افضل من الي ببالي و سوت لي عبير ورده بدكير مناكييرر يجنن يدها خفيفه و كانت عسل مره و اشكر كمان دهب  و مع صحبتي رنيمممم و نجلا,5,قبل شهر,ELLE Salon,صالون تجميل,google_maps,"[""service""]","{""service"": ""positive""}"
1710,مكان جميل وخدمتهم سريعه,5,قبل شهر,مقهى بوخارست بلاك,مقهى,google_maps,"[""ambiance"", ""service""]","{""ambiance"": ""positive"", ""service"": ""positive""}"
8591,محتاج شقه بسعر معقول في ميامي او سيدي بشر بحري ثلاث غرف,5,2021-01-21 00:00:00,Aqarmap,real_estate,play_store,"[""none""]","{""none"": ""neutral""}"
5159,الحمد لله أخير لقيت علاج لألم الفك TMJ اللي عند زوجتي بعد سنين من المعاناة. شكرا دكتور  أسامة موسى.,5,قبل 3 أشهر,Guarantee Dental Centers - New Cairo Center - مراكز جرانتي لزراعة وتجميل الاسنان - مركز القاهرة الجديدة,عِيادة أسنان,google_maps,"[""service""]","{""service"": ""positive""}"
437,Wow,5,قبل 7 ساعات,دوار أم حسن,مطعم مأكولات مصرية,google_maps,"[""general""]","{""general"": ""positive""}"
250,ملوك الصواني في وسط البلد و الطعم حكاية,5,قبل 5 أيام,كرم الشام,مطعم وجبات سريعة,google_maps,"[""food""]","{""food"": ""positive""}"
2047,كل شيء جميل صراحة ، و هذه المرة الثالثة اللي اجي فيها,5,قبل شهرين,مطعم ميت موت مدينة الشيخ زايد,مطعم,google_maps,"[""general""]","{""general"": ""positive""}"
2244,الأكل ممتاز بكل معنى الكلمة 🔥 المشاوي طعمها رائع والحلو تحفة، والاستاف في قمة الذوق والاحترافية. خدمة سريعة وتعامل راقي… أكيد مش آخر زيارة,5,قبل أسبوع,مطعم سيخ مشوي التجمع الخامس,مطعم,google_maps,"[""food"", ""service""]","{""food"": ""positive"", ""service"": ""positive""}"
3088,شكر خاص للطاقم الطبي والتمريض الدور الثاني ومسؤله العلاقات العامة استاذه امل,5,قبل شهرين,مستشفى الزهيري,مستشفى,google_maps,"[""service""]","{""service"": ""positive""}"
355,"سيد سعيد غرفه 917
احب اشكر جميع طاقم التمريض ع الجهود المبذولة وخصوصا مس امل مشرفه التمريض ومستر احمد محمد ومستر عدلي ومس ولاء ومس شهد ومس بوسي شكرااا جدااااا♥️",5,قبل 3 أسابيع,مستشفى السلام الدولى,مستشفى,google_maps,"[""service""]","{""service"": ""positive""}"
2785,المطعم مش ولا بد.  وسعاره عليه جدا قياساً على نوع الاكل.  لا انصح به,1,قبل شهر,مطعم الصلاة على النبي للمأكولات البحريه ٢ فرع التجمع الخامس,مطعم مأكولات بحرية,google_maps,"[""price"", ""food""]","{""price"": ""negative"", ""food"": ""negative""}"
1406,اكل جميل مستوي حلو اوي المكان المفضل ليا فالاكل العربي 💛💛💛,5,قبل 3 أسابيع,مطعم السدة للمأكولات اليمنية,مطعم يمني,google_maps,"[""food""]","{""food"": ""positive""}"
3072,شكرا خاص لتمريض الدور التاني وكل شئ ممتاز,5,قبل يومين (2),مستشفى الزهيري,مستشفى,google_maps,"[""service""]","{""service"": ""positive""}"
7259,ممتاز,5,2026-03-08 00:00:00,Noon,ecommerce,play_store,"[""general""]","{""general"": ""positive""}"
2703,"كان مول جميل في التسعينات لكن مع الوقت مستواه تراجع، خصوصا بعد الكورونا، الدور الأخير اللي كان فيه ماكدونالدز و السينما والمسرح قفل ، والدور الأرضي الجزء الخلفي منه قفل برضوا،  الأدوار اللي شغالة بتخدم في الأساس الزائرين العرب اللي متواجدين في الفندق، اغلب المحلات  للأحذية و الشنط، أو عبايات، أقطان و فوط، أو هدايا فرعونية
ياريت يرجع زي زمان و يكون  فيه اهتمام باستغلاله بشكل أفضل.",3,قبل 5 أشهر,مول رمسيس,مركز تسوق,google_maps,"[""ambiance"", ""service""]","{""ambiance"": ""negative"", ""service"": ""neutral""}"
70,مزدحم,5,قبل أسبوع,جنينة مول,مركز تسوق,google_maps,"[""ambiance""]","{""ambiance"": ""negative""}"
5322,اسوء معامله بنتصل يفتح السكه ويقفل في وشي ومحتاج دواء ضروري,1,قبل شهر,صيدليه نهى,صيدلية,google_maps,"[""service""]","{""service"": ""negative""}"
3386,قمة الذوق والأدب والاحترام والأسعار مناسبة جدا,4,قبل شهرين,سمارت ماركت القاهرة الجديدة,متجر بقالة,google_maps,"[""service"", ""price""]","{""service"": ""positive"", ""price"": ""positive""}"
4428,حلو جدا ونظافه حلوه جدا  وفرح بجد تسلم ايديها هكررها تاني اكيد,2,قبل 6 أشهر,MOSCOW COLORS BEAUTY LOUNGE & SPA,صالون تجميل,google_maps,"[""cleanliness"", ""service""]","{""cleanliness"": ""positive"", ""service"": ""positive""}"
1563,طعم الأكل في تكا المهندسين تحفه,5,قبل أسبوعين,دجاج تكا,مطعم وجبات سريعة,google_maps,"[""food""]","{""food"": ""positive""}"
6424,تم حذف التطبيق لا يوجد مطاعم خدمه العملاء لا يوجد رد ولا يوجد دفع البطاقه من بره مصر اسوء تطبيق تتعامل معاه,1,2024-03-06 00:00:00,Elmenus,food_delivery,play_store,"[""app_experience"", ""service""]","{""app_experience"": ""negative"", ""service"": ""negative""}"
339,"انا محمد عبد المنعم محمد
دخلت المستشفى فى 22/2/2026
قسم القلب رعاية الدور الثامن وحابب اقول على تجربتي داخل المستشفى من اول الاستقبال والهوس كينج والتمريض واخص بالذكر مس مروه ومس حنان ومس فريده ومستر احمد كل الشكر والتقدير والاحترام لهذا الفريق المتميز اخلاقيا وعمليا فلهم منى كل الاحترام والتقدير
واخص بالشكر والتقدير معالي البروفيسور طارق حلمى الجراح العالمى فلنا الحق ان نفتخر ان يكون هذا العالم من نبت مصرنا الحبيبه كما اخص الدكتور عبدالله سعد والدكتور مصطفى بالشكر والتقدير لما قدموه لى فى انجاز وتخليص كل الأوراق والشؤون الإدارية
كما اتقدمت بالشكر والاحترام للدكتور رامى فى العنايه على بشاشة وجهه وتميزه علميا واخلاقيا
واخيرا كل الشكر والتقدير والاحترام للإدارة المتميزة فى مستشفى السلام الدولى المعادى",5,قبل أسبوعين,مستشفى السلام الدولى,مستشفى,google_maps,"[""service""]","{""service"": ""positive""}"
8423,التطبيق توقف من التحديث الاخير ودايما يقول خطأ في الاتصال بقاعدة البيانات مع اي عملية بحث,2,2023-05-18 00:00:00,Aqarmap,real_estate,play_store,"[""app_experience""]","{""app_experience"": ""negative""}"
554,"مطعم بهذه العراقة والسمعة المميزة كان من المفترض أن يعكس مستوى أعلى من الاحترافية في التعامل، لكن للأسف واجهنا تصرفات غير مهنية من بعض الموظفين
إضافة إلى ذلك، كان من ضمن الأصناف المقدمة طبق بامية حمضانه وتالفه ما اضطرنا لرفض تناوله. نتمنى من إدارة المطعم الاهتمام أكثر بجودة الأطباق ومتابعة مستوى الخدمة،",2,قبل 3 أسابيع,ابو السيد,مطعم مأكولات مصرية,google_maps,"[""service"", ""food""]","{""service"": ""negative"", ""food"": ""negative""}"
1627,استاف مهمل والأكل متأخر ومحروق,1,قبل شهرين,مطعم الأصيل الدمشقي,مطعم,google_maps,"[""service"", ""food""]","{""service"": ""negative"", ""food"": ""negative""}"
4540,مشويات الوزير للمشويات والرز والكباب والحمام، وهو بالقرب من قسم شرطه حدائق القبه,5,قبل 8 أشهر,مشويات الوزير,مطعم مأكولات مشوية,google_maps,"[""none""]","{""none"": ""neutral""}"
1146,مكان رائع وخدمة ممتازة وطعم وسعر ممتاز,5,تاريخ التعديل: قبل 5 أيام,مطعم العمودى - Al-Amoudi Restaurant,مطعم يمني,google_maps,"[""ambiance"", ""service"", ""food"", ""price""]","{""ambiance"": ""positive"", ""service"": ""positive"", ""food"": ""positive"", ""price"": ""positive""}"
1017,المكان روعه الاكل تحفه والأجواء جميله,5,قبل 3 أسابيع,مطعم الدهان,مطعم مأكولات مشوية,google_maps,"[""food"", ""ambiance""]","{""food"": ""positive"", ""ambiance"": ""positive""}"
4826,"لقد اصبح شعبي للغايه اشتريت سويت شيرت من فرع طلعت حرب وعند وصولي للبيت في اكتوبر اكتشفت ان القطعه البلاستيك الخاصه بالسرقه موجوده في التيشيرت
Unprofessional team",1,قبل 6 أيام,منز كلوب,متجر ملابس رجالي,google_maps,"[""service""]","{""service"": ""negative""}"
7470,اسعار مبالغ فيها بعض المرت تجيد منتج بسعر فلكي,3,2026-02-12 00:00:00,Jumia,ecommerce,play_store,"[""price""]","{""price"": ""negative""}"
8104,انا عربي استخدم التطبيق فهو يخبرك بالشحنات والمواقع التي تتسوق منها انصح به,5,2021-05-12 00:00:00,Shop,ecommerce,play_store,"[""app_experience""]","{""app_experience"": ""positive""}"
3361,المكان مش احسن حاجة فى الاكل بالنسبة للسعر  غالى شوية و كمان كنت طالب ستيك كان مش مستوى كويس و,2,قبل 5 أيام,بهية المهندسين,مطعم أطباق اللحوم,google_maps,"[""price"", ""food""]","{""price"": ""negative"", ""food"": ""negative""}"
4613,"الاكل تحفه عندهم والخدمه ممتازة وحقيقي ناس زوق وكل تفاصيل المطعم بدايه من الاكل لحد اصغر تفصيله فظيعه  ميرسي ليكو
واة صحيح  سلطه البنجر عندهم فظيعه والجبنه القديمه عموما سلاطتهم كلها  والسمك الدنيس والجندوفلى  كل حاجه بجد رائعه",5,تاريخ التعديل: قبل 4 أشهر,Samakmak Restaurant - 6th of October Branch,مطعم مأكولات بحرية,google_maps,"[""food"", ""service"", ""ambiance""]","{""food"": ""positive"", ""service"": ""positive"", ""ambiance"": ""positive""}"
7019,ممتازه,5,2026-03-09 00:00:00,Uber,transport,play_store,"[""general""]","{""general"": ""positive""}"
8991,التطبيق حلو بس عندي مشكلة انه مسحلي كل الاغاني ومعادش بيفتح حاجه كأنه زي عدمه,2,2026-03-13 00:00:00,Spotify,entertainment,play_store,"[""app_experience""]","{""app_experience"": ""negative""}"
8732,عايزه ميزه الاقتراحات بتاعت سبوتفاااي هي دي ال ناقصاهاا,3,2026-02-20 00:00:00,Anghami,entertainment,play_store,"[""app_experience""]","{""app_experience"": ""negative""}"
1620,زفت خدمه زفت قلة أدب تأخير ريحة اكل سيئه حاجه قرف متغورو تقرفو اهلكم فى دمشق,1,قبل 3 أسابيع,مطعم الأصيل الدمشقي,مطعم,google_maps,"[""service"", ""food""]","{""service"": ""negative"", ""food"": ""negative""}"
2239,"سيء سيء سيء
الاكل معاد تسخينه خصوصًا المشاوي والخبز وجودة النظافة مش ولابد
مطعم غير مناسب نهائيًا ، سابقًا افضل مما هو الان عليه",1,قبل يوم واحد,مطعم سيخ مشوي التجمع الخامس,مطعم,google_maps,"[""food"", ""cleanliness""]","{""food"": ""negative"", ""cleanliness"": ""negative""}"
1120,اتبسطت اوي المطعم جميل والاكل حلو اوي والمعامله رائعه وبالاخص مريم ♥️,5,قبل أسبوع,بيسترو مدينة نصر,مطعم مأكولات إيطالية,google_maps,"[""ambiance"", ""food"", ""service""]","{""ambiance"": ""positive"", ""food"": ""positive"", ""service"": ""positive""}"
2807,جيد جدا,5,قبل 6 أشهر,مطعم باب الدول,مطعم مأكولات ومشروبات,google_maps,"[""general""]","{""general"": ""positive""}"
7457,ممتاز,5,2026-02-14 00:00:00,Jumia,ecommerce,play_store,"[""general""]","{""general"": ""positive""}"
8477,جيد وسهل,5,2022-06-29 00:00:00,Aqarmap,real_estate,play_store,"[""general""]","{""general"": ""positive""}"
5832,تجربه سيئه لطلب الاوردر وبعد التواصل معهم 4 ساعات لم يتم توصيل العلاج,1,قبل سنة,صيدليات مصر- فرع التجمع الثالث,صيدلية,google_maps,"[""delivery"", ""service""]","{""delivery"": ""negative"", ""service"": ""negative""}"
2294,"بحب اشكر الدكتور الاكثر من ممتاز
الدكتور أيمن عبد الحميد ليس مجرد استشاري صدر متميز، بل إنسان راقٍ بأخلاقه قبل علمه. ما قام به من كشفٍ عليّ وعلى والدتي دون أي تردد يعكس إنسانيته العالية وإحساسه الحقيقي بالمسؤولية. تواضعه، حسن تعامله، واهتمامه الصادق بالمريض تجعل المريض يشعر بالأمان قبل العلاج. تشخيصه الدقيق ووصفه للعلاج المناسب كان لهما أثر واضح وسريع، والحمد لله بعد ساعات قليلة عاد النشاط وتحسّن الحال بشكل ملحوظ.
جزاك الله خير الجزاء دكتور أيمن، وبارك في علمك وأخلاقك، ونفع بك الناس، وجعل كل ما تقدمه في ميزان حسناتك. قمة في الذوق، والاحترام، والكفاءة، ومثال مشرّف للطبيب الحقيقي.",5,قبل شهر,المستشفى الجوي التخصصي التجمع الخامس,المستشفى العسكري,google_maps,"[""service""]","{""service"": ""positive""}"
8729,بعد التحديثات الاخيره هناك عيوب يمكن التحدث عنها ومنها في اشتراكات فلكس محدودية التحميل: يقتصر التحميل على 50 أغنية فردية فقط، ولا يمكن تحميل الألبومات أو قوائم التشغيل كاملة.,2,2026-02-21 00:00:00,Anghami,entertainment,play_store,"[""app_experience""]","{""app_experience"": ""negative""}"
2618,"دخلنا وسألنا فيه كوفي وشاي؟
ردت الموظفه الاولى بدون ابتسامه ايوه ☺️
والثانيه لما جينا نجلس جتنا وقالت لو حتطلبوا درينك لازم تطلبوا سويت 😂ماحبيت اسلوب الاجبار!! عموما جربنا منقوشة العكاوي و القشقوان لذيذه والاطلاله ع النيل جميله لكن ماارجع له من اسلوبهم",1,تاريخ التعديل: قبل شهر,Dalida Cuisine el zamalek,مطعم,google_maps,"[""service"", ""food"", ""ambiance""]","{""service"": ""negative"", ""food"": ""positive"", ""ambiance"": ""positive""}"
6105,"بكل صراحه وأمانه

افضل فراخ وكفته اكلتهم من زمان جدا

الطعم بتاع زمان اللحمه الضاني والبلدي اللي فيها ريحه اللحمه مش توابل وخلاص
ربنا يوفقكم",5,قبل 7 أشهر,مطعم البيت بيتك,مطعم مأكولات مشوية,google_maps,"[""food""]","{""food"": ""positive""}"
7209,تطبيق حلو ومريح ماشاء الله,5,2026-03-09 00:00:00,Noon,ecommerce,play_store,"[""app_experience""]","{""app_experience"": ""positive""}"
5823,من افضل الاماكن للخروج والتعامل مع الاستف محترمين جدا,5,قبل شهرين,زيوس التجمع zeus twin plaza,كافيه,google_maps,"[""ambiance"", ""service""]","{""ambiance"": ""positive"", ""service"": ""positive""}"
4512,مطعم جميل ولكن خدمة عملاء سيئة,2,قبل 8 أشهر,Aboalyalshami,مطعم,google_maps,"[""ambiance"", ""service""]","{""ambiance"": ""positive"", ""service"": ""negative""}"
7762,رائعه,5,2026-03-06 00:00:00,Amazon,ecommerce,play_store,"[""general""]","{""general"": ""positive""}"
372,الطعم مش سيئ (بس الدجاج زفر شويه) ولكن البيتزا غير ناضجه تماما من  الداخل وهذا غير مقبول ابدا لذا يرجى مراعاه هذه التفاصيل والاهتمام باستكمال استواء العجين.,3,قبل شهر,بيتزا السلطان وفطاير,مطعم بيتزا,google_maps,"[""food""]","{""food"": ""neutral""}"
8214,روعه,5,2014-04-10 00:00:00,OLX,ecommerce,play_store,"[""general""]","{""general"": ""positive""}"
499,"تعامل راقي جدآ جدآ والاسطاف محترم اوي وسعيد جدآ انو جيت ل عندكم دوام التوفيق🥰
بس عبدالخالق زوق وقمة الاحترام والتعامل",5,قبل 52 دقيقة,مطعم الدهان,مطعم مأكولات مشوية,google_maps,"[""service""]","{""service"": ""positive""}"
2896,عملت لولايت لشعري واللون خرررافي عند علي نصيحة تروحوله وخاصة اذا خايفين على شعركم لانه فناااان وفاهم جداومساعده يحيى مايحتاج فاهم بدون مايتكلم والاستقبال كان كويس الاستاذ فهمي كل ذا في فرع الزمالك,5,قبل شهر,ELLE Salon,صالون تجميل,google_maps,"[""service"", ""ambiance""]","{""service"": ""positive"", ""ambiance"": ""positive""}"
9530,حجزت عليه اكثر من مرة . المرة الأخيرة الغوا التذكرة ولي اكثر من أسبوعين وحتى الان لم يسترجع المبلغ التواصل معهم بالايميل يجيك الرد بعد ايام والواتساب مفيش منه فائدة .,1,2026-02-04 00:00:00,Wego,travel,play_store,"[""service"", ""app_experience""]","{""service"": ""negative"", ""app_experience"": ""negative""}"
8855,برامج حلو,5,2026-01-27 00:00:00,Anghami,entertainment,play_store,"[""general""]","{""general"": ""positive""}"
1305,حلاوة طعم زمان..,5,قبل أسبوع,كبابجي النصر,مطعم مأكولات مشوية,google_maps,"[""food""]","{""food"": ""positive""}"
7483,تطبيق سئ اغلب المنتجات باللغه الانجليزيه وليست بالعربيه/ بلد الاقامه جمهوريه مصر العربية,1,2026-02-06 00:00:00,Jumia,ecommerce,play_store,"[""app_experience""]","{""app_experience"": ""negative""}"
1660,جيد المكان صغير عكس ما تخيلته يقدم مشروبات وكوكيز وكعك بس بالنسبة لي صغير ما ناسبني,4,قبل شهر,Holm Cafe,مقهى,google_maps,"[""ambiance"", ""food""]","{""ambiance"": ""negative"", ""food"": ""neutral""}"
9995,للأسف التطبيق أصبح سي جدا وليس موضع مصداقيه حجزت عن طريقه ٣ سويتات وغرفتين في تركيا واجهنا مشاكل من حيث نظافة الغرف ومساحات الغرف وسوء خدمة ومختلف لما هوا معروض على بوكينج وعند طلب الغاء او تبديل الحجز لفندق اخر لمن نتمكن من التواصل معهم لا يوجد رد على الرسائل ورقم التواصل بعد انتظار ١٥ دقيقه يفصل الخط مع العلم بأن قريبي حجز عن طريق تطبيق اخر وتم حل مشكلته باسترجاع مبلغه وحجز فندق اخر,1,2025-11-25 00:00:00,Booking,travel,play_store,"[""app_experience"", ""cleanliness"", ""ambiance"", ""service""]","{""app_experience"": ""negative"", ""cleanliness"": ""negative"", ""ambiance"": ""negative"", ""service"": ""negative""}"
6265,اول مرة تجربة,5,2025-10-30 00:00:00,Elmenus,food_delivery,play_store,"[""general""]","{""general"": ""positive""}"
5712,"ماشاالله تبارك الله شغلهم زين
وتهمهم السمعه ماحفضين عليها  أنا مااعرفهم بس شفت التقييم ورحت لهم ماشاالله تبارك الله شغلهم مرتب ومبدع",5,قبل سنة,عيادة أسنان د. خالد شرف,عِيادة أسنان,google_maps,"[""service""]","{""service"": ""positive""}"
9828,Nice,5,2026-01-17 00:00:00,Booking,travel,play_store,"[""general""]","{""general"": ""positive""}"
3601,الاكل عندهم جااامد اوي ناس في قمه الاحترام الي قاعد عل كاشير ربنا يباركلك كله زوق و احترام ربنا يوفقكم ♥♥,5,قبل 4 أشهر,ابوحسن السوري,مطعم شاورما,google_maps,"[""food"", ""service""]","{""food"": ""positive"", ""service"": ""positive""}"
5061,تمت الزراعه مع الدكتور طارق الحداد اوصي به ،,5,قبل شهر,عيادات الفارابي - Al- Farabi Clinics,طبيب أسنان,google_maps,"[""service""]","{""service"": ""positive""}"
8596,خدمه جيدا جدا شكرا على البرنامج,5,2021-01-18 00:00:00,Aqarmap,real_estate,play_store,"[""service"", ""app_experience""]","{""service"": ""positive"", ""app_experience"": ""positive""}"
3237,"مصر النابضة بالحياة
سينما زاوية
ومطعم شارع الحمرا
وآيس كريم العبد و قويدر
والمباني و العمارة و الزخارف
وتمشيه ع الهادي في آخر اليوم",5,قبل شهر,وسط البلد,متجر ملابس,google_maps,"[""ambiance""]","{""ambiance"": ""positive""}"
566,انا زرت المكان في رمضان فطار للاسف الشديد يوجد تلاعب في الاسعار من الموظفين حيث اني طلبت العرض فطار لشخصين قيمة العرض 900جنيه للفردين وطلبت العرض واتفاجأ بفابورة بي 2500 جنيه وعند الاستفسار يقلي قيمة الفرد 900 وعملت اسكان للمنيو ووريتو انو العرض لشخصين للاسف الشديد مصمم على كلامه وانا خارج من المطعم شفتهم وهما يتقاسمو الفلاوس وقدامي والله يشهد على كلامي باذن الله اخر مره ازور المكان هذا,3,قبل 21 ساعة,بيت ورد,مطعم مأكولات لبنانية,google_maps,"[""price"", ""service""]","{""price"": ""negative"", ""service"": ""negative""}"
327,"يعني ايه اطلب أوردر يقولي لازم ديبوزت الأول
أوsخ معاملة سمعتها من مطعم في حياتي.  وتم الغاء الاوردر بسبب كدا ولايمكن اتعامل معاه تاني",1,قبل يومين (2),مطعم قصر الكبابجي,مطعم مأكولات مشوية,google_maps,"[""service""]","{""service"": ""negative""}"
615,كنت كلايند عندهم ، لحد ما جبت برجر عندهم منهم لله أسوء نوع لحمه في العالم حسبنا الله ونعم الوكيل لما يكون بالسعر دا وبتجيبوا نوع لحمه مستورد رديئ كدا ، بطني اتقلبت حسبنا الله ونعم الوكيل,1,تاريخ التعديل: قبل أسبوع,مطعم و مقهى ستيريو,مطعم,google_maps,"[""food"", ""price""]","{""food"": ""negative"", ""price"": ""negative""}"
963,السعر تمام كويس بس الكواليتي معجبتنيش خالص خالص الفراخ كانت معظمها عظم و شاربة زيت شوية الفرايز كانت حلوة ، الاوردر إلى حد ما بسرعة مجابش جلافز مع الاوردر و لا تيشو (انا اوريدي م بفضل الفراخ فالطعم معجبنيش، ماما و اخويا بيحبوا الفراخ قالوا انه كويس بس كانت تجربة و خلاص ),1,قبل شهرين,تشك تشكن,مطعم دجاج,google_maps,"[""price"", ""food"", ""delivery"", ""service""]","{""price"": ""positive"", ""food"": ""negative"", ""delivery"": ""neutral"", ""service"": ""negative""}"
6039,تعامل الموظفات سيئ جداً وترد من طرف خشمها 🙂,1,قبل 3 سنوات,BOUTIQUE 51,متجر ملابس حريمي,google_maps,"[""service""]","{""service"": ""negative""}"
349,"908
عصام محمد محمد
جزيل الشكر والتقدير والاحترام لكل طاقم مستشفى السلام الدولي خدمه على اعلى مستوى ولم نرى منهم أي تقصير وشكر خاص لطاقم التمريض الأتي اسمائهم
قائدة الدور التاسع. مس امل وبشكر ايضآ مستر سلامة ومستر احمد ناصر ومستر احمد عدلي ومستر عمرو ومستر كريم ومستر حسام ومستر أسامة ومستر فوزي على حسن خدمتهم ومتابعتهم.

و شكر خاص  لمستر محمد عبد الرازق من شيفت النايت لم يترك والدي وكان يعامله بمثابة أب له حرفيآ من افضل Nurses المستشفى بارك الله فيه وفي امثاله

وكل الشكر والتقدير والاحترام الى مس( الاء رجب ) على حسن التعامل معنا وحسن المتابعة المستمرة
وشكرا على ذوقك الجميل واهتمامك ربنا يحفظك",5,تاريخ التعديل: قبل 3 أسابيع,مستشفى السلام الدولى,مستشفى,google_maps,"[""service""]","{""service"": ""positive""}"
2317,"المكان كويس الناس الشغاله فيه ذوق الى حد ما بس جوده الاكل صعبه جدا
طلبت ٢ ساندوتش شاورما واتنين برجر اولا ده مش برجر الصوص طعمه غريب والله الأمراض بتيجى من كده ارجوكم اتقوا الله فى الناس
امى كنت مواعداها ناكل اكله حلوه يحصل فينا كده !! بجد مضايقه",1,قبل 3 أشهر,ست الشام,مطعم مأكولات سورية,google_maps,"[""ambiance"", ""service"", ""food""]","{""ambiance"": ""positive"", ""service"": ""positive"", ""food"": ""negative""}"
413,"الاكل ممتاز زي باقي الفروع .. اابيتزا و المعجنات كلها عموما خطيره خطيره

المنقوشه قشطه و عسل بتعملي دماغ و بتعلي الموود

وجنبه النص فرخه مسحب اكثر اكثر مارائعه و مش هتقدر تكملها و يعتبر بتاكل اكتر من صنف فيها فتشبعك نفسيا كمان

المكان ممكن مشكلته ان الصاله صغيره جدا",5,قبل شهرين,مطعم انس الدمشقي,مطعم مأكولات سورية,google_maps,"[""food"", ""ambiance""]","{""food"": ""positive"", ""ambiance"": ""negative""}"
8480,لايستحق تحميله لايعمل وفاشل بكل المقاييس,1,2022-06-26 00:00:00,Aqarmap,real_estate,play_store,"[""app_experience""]","{""app_experience"": ""negative""}"
8047,👍👍👍👍👍,5,2023-11-24 00:00:00,Shop,ecommerce,play_store,"[""general""]","{""general"": ""positive""}"
8590,شكرا,5,2021-01-21 00:00:00,Aqarmap,real_estate,play_store,"[""general""]","{""general"": ""positive""}"
7397,التطبيق جميل وبتعامل معاكم بقالى سنتين لكن لسه فيه مشكلة تفاوت الأسعار على نفس المنتج واللى ممكن يوصل لأكثر من الضعف غير التجار للأسف معظمهم بيغالوا فى الأسعار أوى إلا من رحم ربى وانتوا محتاجين تعملوا عروض وخصومات على تقسيط الدفع بحيث يشمل جمع البنوك والتطبيقات خدمة العملاء ممتازة,3,2026-03-06 00:00:00,Jumia,ecommerce,play_store,"[""app_experience"", ""price"", ""service""]","{""app_experience"": ""positive"", ""price"": ""negative"", ""service"": ""positive""}"
5821,بصراحة مطعم زي الفل وخدمة فوق الممتاز شكرا كافيه زيوس واخص كمان مطعم طلعة سمك احلي واجمد سمك في الجمهورية,5,قبل شهرين,زيوس التجمع zeus twin plaza,كافيه,google_maps,"[""service"", ""food""]","{""service"": ""positive"", ""food"": ""positive""}"
879,أحلى اكل صراحة  في المطعم والخدمة ممتازة مع أ/حسام,5,قبل شهر,مطعم زهرة لبنان,مطعم مأكولات لبنانية,google_maps,"[""food"", ""service""]","{""food"": ""positive"", ""service"": ""positive""}"
680,جدا رائع والتعامل راقي جدا وحبايب والله,5,قبل 4 أيام,مطعم ظاظا النيل,مطعم,google_maps,"[""service""]","{""service"": ""positive""}"
3831,"الاكل جميل جدا
افضل محل بيعمل طرب وكفته
الناس ذوق جدا ومعاملتهم محترمه جدا
بالنسبه للأسعار كويسه اوي
المكان فقط ضيق شويه لكن غير كدا فعلا المكان مريح ومحترم جدا",5,قبل 4 أشهر,محسن للمشويات,مطعم مأكولات مشوية,google_maps,"[""food"", ""service"", ""price"", ""ambiance""]","{""food"": ""positive"", ""service"": ""positive"", ""price"": ""positive"", ""ambiance"": ""neutral""}"
3367,زفت وحشششش جدا .. جبنا كباب وكفتة اتأخرو تقريبا ساعة والاكل نزل بارد جدا وطعمه وحش بايت او متسخن معرفش وطلبنا رقاق برضو كان سيء الاكل لا طعم ولا جودة اسوأ مطعم بجددد,1,قبل شهر,بهية المهندسين,مطعم أطباق اللحوم,google_maps,"[""service"", ""food""]","{""service"": ""negative"", ""food"": ""negative""}"
654,مطعم جمييل جداً والخدمة ممتازه,5,قبل شهر,كبابجي الأزهر فرحات,مطعم عائلي,google_maps,"[""ambiance"", ""service""]","{""ambiance"": ""positive"", ""service"": ""positive""}"
444,"تجربة الفطور في رمضان ..
متوسط جودة الأكل + والخدمة.
حمام محشي + ربع محاشي مشكل + شوربة لسانة العصفور + مشروب بـ 300-400 جنيه تقريباً",3,قبل أسبوعين,دوار أم حسن,مطعم مأكولات مصرية,google_maps,"[""food"", ""service"", ""price""]","{""food"": ""neutral"", ""service"": ""neutral"", ""price"": ""neutral""}"
6384,اسوء تجربة على الاطلاق ، استنيت ساعتين و نص !!عشان ساندوتش واحد ووصل بارد جدا ، لما بكلم الدليفرى بيقولى انه الوحيد فى للمنطقة و معاه لسه اوردرات كتيرة جدا يعنى هيتأخر اكتر ، ادارة الدعم لما بيتواصلوا مش بيقدموا حلول منطقية زى انهم قالولى هيوصل فى خلال عشر دقايق و طبعا ده محصلش و ادونى برومو كود استخدمه بعدين,1,2024-07-20 00:00:00,Elmenus,food_delivery,play_store,"[""delivery"", ""food"", ""service"", ""app_experience""]","{""delivery"": ""negative"", ""food"": ""negative"", ""service"": ""negative"", ""app_experience"": ""negative""}"
8437,خدمة التقييم العقاري بها مشكلة ومتوقفة عن العمل,3,2023-02-27 00:00:00,Aqarmap,real_estate,play_store,"[""app_experience""]","{""app_experience"": ""negative""}"
3217,"بالنسبه للمكان جميل
بس تيجى تقعد على طربيزه يقولك محجوزه
مع العلم معلهاش حجز أو حاجه
فأعتقد أنهم بيفضلو الطربيزات لناس وناس وده مش حلو بصراحه",2,قبل شهرين,Carlton Downtown Cairo,فندق,google_maps,"[""ambiance"", ""service""]","{""ambiance"": ""positive"", ""service"": ""negative""}"
2312,اسوء شاورما تتآكل عندهم  فاضي الساندوتش و ناشف جدا و ميتاكلش و أسوء دجاج شوايه زفر و حاجه زي وحشه جدا,1,قبل شهرين,ست الشام,مطعم مأكولات سورية,google_maps,"[""food""]","{""food"": ""negative""}"
4292,مطعم ايطالي لطيف مختص بالبيتزا و الباستا اول مره في فرع التجمع المكان هادي و لطيف بس فرع مصر الجديده احسن و اكبر من حيث الخدمه و المنيو دايما بيكون موجود بالكامل,4,قبل 4 أشهر,بيتزا و باستا سان مارينو القاهرة الجديدة,مطعم مأكولات إيطالية,google_maps,"[""ambiance"", ""service"", ""food""]","{""ambiance"": ""positive"", ""service"": ""negative"", ""food"": ""negative""}"
6777,سيء جدا جدا بعد التحديث دمجه مع اوبر,1,2026-01-28 00:00:00,Careem,transport,play_store,"[""app_experience""]","{""app_experience"": ""negative""}"
4151,الخدمه ممتازه وخاصتا الاخت مهره محترمه جدا,5,قبل 5 أشهر,كافيه كورنيش,مقهى,google_maps,"[""service""]","{""service"": ""positive""}"
8774,كويس,3,2026-02-09 00:00:00,Anghami,entertainment,play_store,"[""general""]","{""general"": ""neutral""}"
796,الاكل حلو بس المكان محتاج ترتيب و تنظيم احسن من كده فى رمضان يعنى هو اختيار ممتاز فى غير رمضان,5,قبل أسبوع,مطعم بحري,مطعم مأكولات بحرية,google_maps,"[""food"", ""cleanliness"", ""ambiance""]","{""food"": ""positive"", ""cleanliness"": ""negative"", ""ambiance"": ""negative""}"
1189,خدمة رائعة,5,قبل 3 أسابيع,مستشفى كليوباترا,مستشفى,google_maps,"[""service""]","{""service"": ""positive""}"
5469,"المكان كله ممتاز بداية من الاستاف والإدارة والاستقبال الجميل والمعاملة الطيبة
بصراحة تجربة جميلة وان شاء الله هكررها كتير
انا جربت الجلدية والأسنان وهتابع معاكم علطول أن شاء الله برغم ان مكانكم بعيد عني بس هجيلكم عادي",5,قبل 11 شهرًا,عيادات تمازج التخصصية ومركز تمازج الجراحي ومختبر تمازج الطبي,عيادة متخصصة,google_maps,"[""service"", ""ambiance""]","{""service"": ""positive"", ""ambiance"": ""positive""}"
1978,"اسوء تجربة مطعم اسوء عاملين في المطعم انتظر اكتر من نص ساعة و في الاخر بعد النص ساعة حضرتك هتطلب ايه امال انا طلبت من اكتر من نص ساعة وسالت كذا مرة واكتر من حد من الموظفين يقلي هستعجل الاوردر ولما خلاص زهقت واسأل عن اكلي طيب استني عايز تطلب ايه قلة ذوق قلة أدب مفيش احترام انا مشيت و مكلتش وكان ممكن اعد واعمل مشكلة بس لقيت ان كل العاملين مش مهتمين بحاجه اصلا
تجربة ومطعم وعمال زفت ولا انصح اي حد يروح المطعم دة",1,قبل شهر,بيت لحم Beet Lahm,مطعم,google_maps,"[""service""]","{""service"": ""negative""}"
9270,مشاكل كثيرا مع التطبيق مثل أحيانا لا يعمل او قوائم الاغاني تختفي و مشاكل كثيرا في الحساب,1,2026-03-03 00:00:00,Spotify,entertainment,play_store,"[""app_experience""]","{""app_experience"": ""negative""}"
3683,"مستشفى الحسين الجامعي من أكبر المستشفيات التعليمية في القاهرة، ويقدم خدمات طبية قوية ومتنوعة بأسعار في متناول الجميع، وفي بعض الأقسام مجانية تمامًا. الفريق الطبي ممتاز وفيه خبرات كبيرة من أساتذة وطلاب كلية الطب، وده يضيف ثقة وجودة للرعاية المقدمة.

في الفترة الأخيرة المستشفى يشهد إصلاحات وتوسعات واضحة في عدد من الأقسام والممرات، وده يدل على اهتمام الإدارة بتطوير المكان وتحسين الخدمات. ورغم إن بعض أجزاء المستشفى قديمة وتحتاج تجديد، إلا إن الشغل الجاري فعلاً انعكس بشكل ملحوظ على النظافة والبنية التحتية.

المكان عادة مزدحم بسبب الإقبال الكبير، وده ممكن يأثر على سرعة الخدمة، لكن بشكل عام الجودة الطبية نفسها جيدة جدًا مقارنة بالتكلفة. التنظيم ممكن يكون صعب في بعض الأوقات، لكن الموظفين متعاونين قدر المستطاع",4,قبل 3 أشهر,مستشفى الحسين التخصصي,مستشفى جامعي,google_maps,"[""service"", ""price"", ""cleanliness"", ""ambiance""]","{""service"": ""positive"", ""price"": ""positive"", ""cleanliness"": ""positive"", ""ambiance"": ""positive""}"
5565,اشكر الدكتور يوسف قمه في المهنيه والانسانيه بكل معنى الكلمه وشغله الاحترافي بذمه وضمير وامانه عاليه جدا من اشطر الدكاتره اللي انا اتعاملت معاهم بارك الله لك في عملك ورزقك,5,قبل أسبوع,Souror Dental Clinic,عِيادة أسنان,google_maps,"[""service""]","{""service"": ""positive""}"
7219,احذروا منهم انا فقط طلبت وكان فيه حد اذا تعديته يجيني توصيل مجاني، تتفاجأ بعد اسبوعين بسحب مبلغ ٢٩.٩٩ ريال قبل الفجر من نون، بدون توضيح السبب او ايش بحث في بروفايل الحساب لم يظهر لي اي شي وعرفت من النت انها وحده من اللاعبيهم الي هي: لما طلبت خلوني ابدا فترة تجريبية لاني استفدت من خدمه التوصيل المجاني (الي تظهر لك انها فقط اذا تعديت المبلغ الفلاني توصيلك مجاني) لكن هي خدمة شهرية قيمتها ٢٩.٩٩ ريال مع تجديد تلقائي 😂 تواصلت معهم يرجعون المبلغ، قامو يسهبلون رفعت فيهم بلاغ بوزارة التجارة ورجعو المبلغ,1,2026-03-09 00:00:00,Noon,ecommerce,play_store,"[""app_experience"", ""service""]","{""app_experience"": ""negative"", ""service"": ""negative""}"
518,طلبت بروست من نفس المطعم مو توصيل وبعد فتح البوكس كان الدجاج بارد وله يمكن اكثر من ساعتين البروست لازم يكون فوري مو يجهز ويبقق بالساعات صراحة لا انصح فيه,5,قبل شهر,مطاعم أبو عمار السوري المهندسين,مطعم مأكولات سورية,google_maps,"[""food""]","{""food"": ""negative""}"
6883,لقد طلبت مشوار بمبلغ 16 ريال سعودي وعند الوصول طلب السائق 20.70 مع الاسف لايوجد مصداقيه ولاانصح بهذا التطبيق مع العلم اني استخدمه مايقارب 8 سنوات وهذه هي نهائة الثقه بأوبر سنحول على كريم,1,2026-03-12 00:00:00,Uber,transport,play_store,"[""price"", ""service"", ""app_experience""]","{""price"": ""negative"", ""service"": ""negative"", ""app_experience"": ""negative""}"
3400,طعم و سعر حلوين نظافه مش قد كده,3,تاريخ التعديل: قبل سنة,مطعم وكبابجى الأمانة,مطعم مأكولات مشوية,google_maps,"[""food"", ""price"", ""cleanliness""]","{""food"": ""positive"", ""price"": ""positive"", ""cleanliness"": ""negative""}"
3174,الفندق بشكل عام رائع وجميل ويتميز باطلالة مميزة على النيل مباشرة،سوف تنتظر كثيرا في اسانسير الفندق ولكن لطافة الطاقم العامل و بشاشتهم ستنسيك لحظات الانتظار,5,قبل شهر,فندق بوتيك النيل,فندق,google_maps,"[""ambiance"", ""service""]","{""ambiance"": ""positive"", ""service"": ""positive""}"
7494,معلومات بعض المنتجات خاطئة+اجرة التوصيل اصبحت غالية جدا فجأة قفزت من 200د ج الى500 دج!!و المشكلة ان هذه الاجرة تضطر لدفعها اكثر من مرة اذا طلبت عدة طلبيات حتى لو طلبتها دفعة واحدة! المفروض ان تدفع اجرة توصيل واحدة اذا طلبت عدة طلبيات في وقت واحد و ليس اجرة توصيل لكل طلبية على حِدى ،المضحك احيانا ان سعر اجرة التوصيل تكون اغلى حتى من سعر المنتج!ارجعوا سعر التوصيل القديم او على الاقل ان تشترك عدة طلبيات في اجرة توصيل واحدة،بحيث يكون عليك دفع اجرة توصيل واحدة لكل الطلبيات التي طلبتها في نفس اليوم .,1,2026-02-05 00:00:00,Jumia,ecommerce,play_store,"[""delivery"", ""price"", ""app_experience""]","{""delivery"": ""negative"", ""price"": ""negative"", ""app_experience"": ""negative""}"
7314,هل الهواتف بيكون عليها ضرايب ارجو الرد في اسرع وقت,5,2026-03-06 00:00:00,Noon,ecommerce,play_store,"[""none""]","{""none"": ""neutral""}"
7733,لا استطيع تسجيل حساب جديد كل ما اسجل يقول تم اكتشاف خطاء لا يمكن التسجيل والتنقل بين الصفحات بطيئ جداً وعند النقر على صفحة حسابك لا تظهر الا بعد ساعة ثم ويقول عذرا لقد حدث خطأ هناك مشكلة في الصفحة وبقية النوافذ بطيئه جداً يا تصلحو جميع الاخطاء يا تبطلو تحديثات على الفاضي بدون اصلاح الاخطاء,1,2026-03-09 00:00:00,Amazon,ecommerce,play_store,"[""app_experience""]","{""app_experience"": ""negative""}"
536,صراحة الاكل بالجد رائع،. طعم و سرعة فظيعة مع انو كل مرة بكون زحمة لكن بالجد انا مستغربة كيف بحافظو على الجودة العالية دي,5,قبل أسبوعين,مطعم زين الشام الرحاب,مطعم مأكولات سورية,google_maps,"[""food"", ""service""]","{""food"": ""positive"", ""service"": ""positive""}"
1934,روعه روعه روعه روعه👌👌👌👌👌👌👌👌👌👌👌👌👌,5,قبل أسبوع,تاج الشام TAG ELSHAM RESTAURANT,مطعم مأكولات سورية,google_maps,"[""general""]","{""general"": ""positive""}"
424,مطعم كويس لكن تخيل قبل فترة عامل من العمال خلى طلبي معلق ويلمح لي انه عايز فلوس وما مشاني الا لمان اعطيته مبلغ عشان شافني غير مصري,3,قبل أسبوعين,Gad,مطعم مأكولات مصرية,google_maps,"[""service""]","{""service"": ""negative""}"
2512,منطقه واجواء مناسبه جدا فى الهولء الطلق والصالات والقاعات ايضا ممتازه,4,قبل يومين (2),بلبع فرع الشيخ زايد طريق الاوسطى,مطعم,google_maps,"[""ambiance""]","{""ambiance"": ""positive""}"
7170,ممتعة,5,2026-03-10 00:00:00,Noon,ecommerce,play_store,"[""general""]","{""general"": ""positive""}"
7491,أسوأ شركة مبيعات أونلاين ، خدمة عملاء بلطجيه ب معني الكلمه ، تأخر في توصيل ، أداء مديرين ليس لديهم مهارة الإداره أو التدريب أو فنيات العمل و شركة جوميا أصبحت في السوق بالشركه الرائده في نهب العميل، تم رفع أسعار منتجات بشكل مبالغ فيه ، أمازون و نون و كارفور و جميع الشركات أفضل منهم ، ده غير نظام المرتجعات السيء,1,2026-02-05 00:00:00,Jumia,ecommerce,play_store,"[""service"", ""delivery"", ""price"", ""app_experience""]","{""service"": ""negative"", ""delivery"": ""negative"", ""price"": ""negative"", ""app_experience"": ""negative""}"
5130,"داييم احب اتعامل معاهم موظفييين خيال ينحطو على الجرح زي البلسم تعامل رائع الشغل بيرفكت

I always love dealing with them; the employees are amazing, like a soothing balm. The work is perfect.",5,قبل 4 أيام,Eclat Beauty Salon,صالون تجميل,google_maps,"[""service""]","{""service"": ""positive""}"
3902,اصلا متربيه علي الأكل ده... الكفته والطرب عنده روعه بس بصراحه لم أجرب الأصناف الأخري من زمان بس اعتقد الطعم واحد.. ومتميز بمجموعه سلطات ذو مذاق خاص وجوده عاليه,4,قبل شهرين,كبابجى صلى على النبى,مطعم مأكولات مشوية,google_maps,"[""food""]","{""food"": ""positive""}"
5462,"تجربتي مع هذا المركز ممتازة
الموقع رائع ونظيف ومرتب
الموظفون على قدر عالي من التعامل
الاخصائيون متمكنون من عملهم
الأطباء من امهر الأطباء في تخصصاتهم
يدير هذا المركز الدكتور رائد كردي بمهنية عالية وتعامل راقي
انصح من يرغب التميز  والأطباء المتمكنون مراجعة هذا المركز حيث لديهم العديد من التخصصات الطبية",5,قبل 9 أشهر,عيادات تمازج التخصصية ومركز تمازج الجراحي ومختبر تمازج الطبي,عيادة متخصصة,google_maps,"[""ambiance"", ""cleanliness"", ""service""]","{""ambiance"": ""positive"", ""cleanliness"": ""positive"", ""service"": ""positive""}"
9244,احلى شي,5,2026-03-04 00:00:00,Spotify,entertainment,play_store,"[""general""]","{""general"": ""positive""}"
9084,عيب ان هو بيكون بنته ما بينزلش اغاني,3,2026-03-10 00:00:00,Spotify,entertainment,play_store,"[""app_experience""]","{""app_experience"": ""negative""}"
8854,ررررايع,5,2026-01-27 00:00:00,Anghami,entertainment,play_store,"[""general""]","{""general"": ""positive""}"
3242,"يجب محاسبة جميع المسؤولين في المستشفى بسبب رفض قسم الطوارئ التعامل مع الحالات الحرجة ولا يوجد حتى دكتور واحد في الطوارئ
حسبنا الله ونعم الوكيل",1,قبل شهر,مستشفى عين شمس التخصصي العيادات الخارجية شارع الخليفة المأمون,مستشفى متخصص,google_maps,"[""service""]","{""service"": ""negative""}"
4165,"بعد التجربة
جداً سيئ
المركز غير مؤهل وكذلك العمالة غير مؤهلين لاعمال السبا",1,قبل شهر,نادى الديب الصحى بالقاهرة,غرفة لياقة,google_maps,"[""service"", ""ambiance""]","{""service"": ""negative"", ""ambiance"": ""negative""}"
1787,القعدة لذيذة ، مدير الصاله لذيذ جدددا حقيقي كله كان تحفه,5,قبل 3 أسابيع,صاج وشاورما,مطعم,google_maps,"[""ambiance"", ""service""]","{""ambiance"": ""positive"", ""service"": ""positive""}"
1132,"طليت البيتزا البيبروني ، الخامات كانت ممتازة و الجبنة بتشد و جميلة بس البيتزا كانت مليانة مكونات و مكنش في طعم مميز و إجمالا مطلبهاش تاني

بس المطعم مشهور بالباستا و أنهم متميزين بيها بس للأسف مقدرتش اطلبها

المكان أجوائه جميلو جدا و قعدتها لطيفة جدا جدا
الخدمة كانت محترمة و الموظفين لبسهم نظيف و مرتب و علي قدر كبير من الإحترافية",4,قبل شهر,بيسترو مدينة نصر,مطعم مأكولات إيطالية,google_maps,"[""food"", ""ambiance"", ""service"", ""cleanliness""]","{""food"": ""negative"", ""ambiance"": ""positive"", ""service"": ""positive"", ""cleanliness"": ""positive""}"
8470,كان يوجد مشكلة فى تحميل البرنامج وتم إصلاحها بعد التواصل مع فريق الدعم,4,2022-08-09 00:00:00,Aqarmap,real_estate,play_store,"[""app_experience"", ""service""]","{""app_experience"": ""negative"", ""service"": ""positive""}"
1269,جو رمضانى جميل رغم الإزدحام الشديد,5,قبل 5 أيام,فول وحيد العظيم,مطعم للإفطار,google_maps,"[""ambiance""]","{""ambiance"": ""positive""}"
5466,"من افضل واروع العيادات من النظافة للاستقبال لدكتور رايد الوجه المبتسم لاستاذة ياسمين ونور  والتمريض أ/فرح وزينب ورانا ودكتور باسل
بحد شكرا علي المصادقية",5,قبل 11 شهرًا,عيادات تمازج التخصصية ومركز تمازج الجراحي ومختبر تمازج الطبي,عيادة متخصصة,google_maps,"[""cleanliness"", ""service""]","{""cleanliness"": ""positive"", ""service"": ""positive""}"
8310,تطبيق ممتاز في عقارات متنوعه سواء تمليك او ايجار بيسهل جدا علي المستخدم البحث عن اي عقار سكني او تجاري وشامل معظم المناطق الموجوده في كل المحافظات,5,2024-12-17 00:00:00,Aqarmap,real_estate,play_store,"[""app_experience""]","{""app_experience"": ""positive""}"
585,"هذا المطعم قمة في كل شيء تبارك الله
مطل وأكل وموظفين
مانو ويوسف يعطيهم العافية على الخدمة",5,قبل شهر,بيت ورد,مطعم مأكولات لبنانية,google_maps,"[""ambiance"", ""food"", ""service""]","{""ambiance"": ""positive"", ""food"": ""positive"", ""service"": ""positive""}"
1950,حاجه,5,قبل 22 ساعة,مطعم طشة توت - Tashet Tut Restaurant,مطعم,google_maps,"[""general""]","{""general"": ""neutral""}"
2906,للأسف غير المتوقع و الي ينقال استشوارهم مب ذاك الزود و ينفش حتى قبل لا تطلعون من عندهم مع ان مسويه بالستريتنر👎🏼,1,قبل شهر,ELLE Salon,صالون تجميل,google_maps,"[""service""]","{""service"": ""negative""}"
1195,خدمه رائعة,5,تاريخ التعديل: قبل 3 أسابيع,مستشفى كليوباترا,مستشفى,google_maps,"[""service""]","{""service"": ""positive""}"
8359,لا يعمل عند التقييم العقارى,1,2024-04-05 00:00:00,Aqarmap,real_estate,play_store,"[""app_experience""]","{""app_experience"": ""negative""}"
6348,تطبيق سئ جدا للأسف... مش عارف اسجل دخول.. اكتر من مرة...,1,2024-11-24 00:00:00,Elmenus,food_delivery,play_store,"[""app_experience""]","{""app_experience"": ""negative""}"
10010,يعطيك اسعار غاليه وفي الواقع ارخص,2,2025-11-21 00:00:00,Booking,travel,play_store,"[""price""]","{""price"": ""negative""}"
509,"جدا رائع اخذت من عندهم شاورما دجاج ولحم لذيذه جدا
وتعاملهم راقي",5,قبل ساعتين (2),مطاعم أبو عمار السوري المهندسين,مطعم مأكولات سورية,google_maps,"[""food"", ""service""]","{""food"": ""positive"", ""service"": ""positive""}"
7362,رائع جدا,5,2026-03-05 00:00:00,Noon,ecommerce,play_store,"[""general""]","{""general"": ""positive""}"
269,جميل جدا,5,قبل أسبوع,المنوفي الكبابجي - كامل المنوفي فرع القاهرة الجديدة,مطعم مأكولات مشوية,google_maps,"[""general""]","{""general"": ""positive""}"
8372,التطببق بقا وحش جدا بعد التحديث ومش بيشتغل نهااااائي ياريت لو يكون في حل للمشكله دي,1,2024-03-29 00:00:00,Aqarmap,real_estate,play_store,"[""app_experience""]","{""app_experience"": ""negative""}"
9068,احسن تطبيق اغاني جربته بحياتي واحسن تطبيق اسمع منه اغاني Billie Eilish واكثر واذا ماتقدر تدفع الاشتراك عادي تقدر تسمع اغانيك المفضله ببلاش,5,2026-03-11 00:00:00,Spotify,entertainment,play_store,"[""app_experience"", ""price""]","{""app_experience"": ""positive"", ""price"": ""positive""}"
1982,اسواء مطعم الاكل بارد جدا مع ان الفيديو بيطلع الاكل موحوح قولتلو الاكل بارد راح سخن شويه رز ناشفين وحطهم فوق الاقديم قمه قله الذوق 😡,1,قبل شهرين,بيت لحم Beet Lahm,مطعم,google_maps,"[""food"", ""service""]","{""food"": ""negative"", ""service"": ""negative""}"
6024,"عندهم بعض التصاميم مميزه فعليا
اسعارهم زيي عندنا بالسعوديه",3,قبل 9 أشهر,BOUTIQUE 51,متجر ملابس حريمي,google_maps,"[""price""]","{""price"": ""neutral""}"
3068,الاكل كان حلو بس كان جاي بارد خالص بس الاجواء جميلة,4,قبل شهر,Roufy’s Maadi 231,مطعم مأكولات أمريكية,google_maps,"[""food"", ""delivery"", ""ambiance""]","{""food"": ""positive"", ""delivery"": ""negative"", ""ambiance"": ""positive""}"
7533,سيئ جدا جدا الاسترجاع صعب جدا بقالى 15يوم محدش بيتكلم ولا بيتم اى نوع من الحلول خدم شحن وعملا زفت وحسبي الله ونعم الوكيل فيهم,1,2026-01-21 00:00:00,Jumia,ecommerce,play_store,"[""app_experience"", ""service"", ""delivery""]","{""app_experience"": ""negative"", ""service"": ""negative"", ""delivery"": ""negative""}"
8495,موقع رائع تستطيع البحث من خلال الموقع بسلاسة,5,2022-05-18 00:00:00,Aqarmap,real_estate,play_store,"[""app_experience""]","{""app_experience"": ""positive""}"
16,ممتاز,5,قبل يوم واحد,كايرو فستيفال سيتي مول,مركز تسوق,google_maps,"[""general""]","{""general"": ""positive""}"
2009,مطعم الياسمين الدمشقي حاجه روعه و سعر مقابل جوده,5,قبل 3 أشهر,الجناني الدمشقي,مطعم مأكولات سورية,google_maps,"[""price"", ""food""]","{""price"": ""positive"", ""food"": ""positive""}"
4636,"الشقه بصراحه جميله وصاحبة الشقه أ.هاله ذو اخلاق رفيعة المستوى
والشقه مطله على النيل وسعرها مناسب
بالنسبه للبرج يحتاج الى التفات منالمشغلون له",5,قبل 3 أشهر,فندق الياسمين المنيل,فندق,google_maps,"[""ambiance"", ""service"", ""price"", ""cleanliness""]","{""ambiance"": ""positive"", ""service"": ""positive"", ""price"": ""positive"", ""cleanliness"": ""negative""}"
4652,"اكل جميل جدا اكلنا انواع مختلفه و كلها ممتازه
كباب كفته طرب سجق فراخ شيش فراخ ماندي
كل الاكل كان ممتاز جدا جدا جدا
الناس محترمه قوي و الخدمه حلوه",5,قبل 7 أشهر,مطعم حضرموت اكتوبر,مطعم أطباق اللحوم,google_maps,"[""food"", ""service""]","{""food"": ""positive"", ""service"": ""positive""}"
7309,خدمات مميزه وصول بدقه,5,2026-03-06 00:00:00,Noon,ecommerce,play_store,"[""service"", ""delivery""]","{""service"": ""positive"", ""delivery"": ""positive""}"
449,المطعم كان ممتاز والان سيء جداً الأكل بارد والخدمة سيئة جداً لا انصح في زيارته,1,قبل شهر,دوار أم حسن,مطعم مأكولات مصرية,google_maps,"[""food"", ""service""]","{""food"": ""negative"", ""service"": ""negative""}"
6072,احسن فول وطعميه فى مصر,5,قبل سنة,فول فلافل المعلمين,مطعم فلافل,google_maps,"[""food""]","{""food"": ""positive""}"
7635,نصيحة يا شباب من موقف حصل معايا محدش يتعامل مع شركة جوميا إلا لو كان عنده استعداد يتخلى عن فلوسه طلبت اوردر وبفتحه لقيته مكسور وبعد أسبوعين من تعليق الفلوس وعدم الرد على الشكوى اللي المفروض يترد عليها في خلال 2-5 أيام جالي الرد بكل برود مش هنرجع المنتج واللي انت عايزه اعمله اه هو مكسور استلمه كده مع قمه البرود والسذاجة واهمال مصالح الناس. فرجاء من الجميع الحرص لانه لما بحثت لقيت ان الشركة ليها تاريخ سيئ في مواقف مشابهة.,1,2025-12-07 00:00:00,Jumia,ecommerce,play_store,"[""delivery"", ""service"", ""app_experience""]","{""delivery"": ""negative"", ""service"": ""negative"", ""app_experience"": ""negative""}"
2916,"الدكاتره كويسين لكن الاسعار مبالغ فيها وخاصه الاستقبال فيه موظف اسمه احمد انتبه منه يحاول ينصب عليك واو الحاجه بسيطه يحاول كبر المشكله وانه ضروري لازم تسويها لا تاخذ بكلامه  مسوي نفسه انه دكتور وفاهم يحاول يقنعك ما تاخذ بكلامه ارجع لدكتور المعالج وسال عن الموضوع فيه اسعار لبعض الخدمات مبالغ فيها عندنا في السعوديه ارخص او مقاربه لسعر الخدمه هو يحاول يقنعك انه المتيريل تختلف وان الدكتور كويس والله ماعنده سالفه نفس الدكتور هو مصري في السعودية ولا في مصر كلهم نفس بعض
ولايوجد حتى تخفيض عندهم لو تسوي الف خدمه عندهم مافيش خصم كذابين انتضرنا مدير العيادة عشان يجي يعمل لينا خصم وفي الاخير جاء وعمل خصم ٢٪؜ قلت له خلاص معد ابي خصمك جلس يتحجج عطاني اساطير وفصص في حكاية الخصم دا نصيحه لا تنخدعون فيهم التعامل مش كويس يشوفك مش مريض يشوفك خزنه متنقله يحاول ينهبك نهب",1,قبل شهرين,White & Bright Dental Center,عِيادة أسنان,google_maps,"[""service"", ""price""]","{""service"": ""negative"", ""price"": ""negative""}"
7918,شكرا امازون .. افضل موقع تسوق,5,2026-02-19 00:00:00,Amazon,ecommerce,play_store,"[""general""]","{""general"": ""positive""}"
9002,لا يستحق خمس نجوم الكثير من الاخطاء رغم اتصال الانترنت التطبيق لا يعمل ولا يشغل الاغاني في أغلب الاحيان,2,2026-03-13 00:00:00,Spotify,entertainment,play_store,"[""app_experience""]","{""app_experience"": ""negative""}"
4410,راااائع جدا جدا من اجمل الSPA مساج وحمام افريقي سويته بمصر - بصراحه رائع  خصوصيه تامه ونظافه عاليه واسعار مناسبه اكيد مو  اخر تجربه ليا بهالمكان اهنيكم والى الامام,3,قبل شهر,MOSCOW COLORS BEAUTY LOUNGE & SPA,صالون تجميل,google_maps,"[""ambiance"", ""cleanliness"", ""price""]","{""ambiance"": ""positive"", ""cleanliness"": ""positive"", ""price"": ""positive""}"
5960,المكان حلو جدا والناس اللي فيه كويسين والخدمات كويسة .,5,تاريخ التعديل: قبل 6 سنوات,Nora Beauty Salon & Spa,صالون تجميل,google_maps,"[""ambiance"", ""service""]","{""ambiance"": ""positive"", ""service"": ""positive""}"
3264,"من أجمل الاماكن في القاهرة بالنسبة لي ، جلسة مريحة ورائعه تنفع للأسترخاء وتشرب فيها احلى "" ميكاتو "" وتقريباً اجمل مكان يسوي الميكاتو في القاهرة الخدمة مش احترافيه صراحه ولكن لايعيب المكان .",5,قبل 4 أشهر,Garden Promenade Café,مطعم,google_maps,"[""ambiance"", ""food"", ""service""]","{""ambiance"": ""positive"", ""food"": ""positive"", ""service"": ""negative""}"
6622,كان يوجد مشكلة لدي بالامس و لكن فريق خدمة العملاء قام بحل المشكلة بشكل سريع و جذري ، شكرا خدمة عملاء كريم,5,2026-02-21 00:00:00,Careem,transport,play_store,"[""service""]","{""service"": ""positive""}"
7994,لقد حملت تطبيق عن طريق مستر بيست اريد اي شيء هديه ارجوك يا مستر بيست,5,2024-10-12 00:00:00,Shop,ecommerce,play_store,"[""none""]","{""none"": ""neutral""}"
7605,مش عارفه ارجعه عربي زي ما كان وبقي سخيف جدا بالانجليزي,3,2025-12-22 00:00:00,Jumia,ecommerce,play_store,"[""app_experience""]","{""app_experience"": ""negative""}"
2212,كل الشكر والتقدير لإدارة المستشفى ولكل الأطباء والممرضين على الرعاية والاهتمام الكبير بخالتي خلال العملية. لمسنا منكم إنسانية واحترافية عالية، والحمد لله تمت العملية بنجاح. ممتنين جداً لجهودكم وربنا يبارك فيكم ويحفظكم,5,قبل يوم واحد,كايرو كلينك جناح النساء والولاده,مستشفى,google_maps,"[""service""]","{""service"": ""positive""}"
3472,احلى حمام محشى تاكله في القاهرة,4,قبل 6 أشهر,حاتى الجيش,مطعم مأكولات مشوية,google_maps,"[""food""]","{""food"": ""positive""}"
1831,جميع الخدمات ممتازة من إدارة وتنظيم ودكاترة وتمريض ونظافة واخص بالشكر الدور العاشر,5,قبل 13 ساعة,القاهره التخصصي مستشفيات كليوبترا,مستشفى,google_maps,"[""service"", ""cleanliness""]","{""service"": ""positive"", ""cleanliness"": ""positive""}"
1770,الاكل ممتاز ومكان تحفه,5,قبل 4 أيام,قرية جدو,مطعم مأكولات مشوية,google_maps,"[""food"", ""ambiance""]","{""food"": ""positive"", ""ambiance"": ""positive""}"
7697,يوصلون كلشي لحال اتمنى توصلون كل الطلبيه مرا وحده ذا الشي مزعلني منكم والفساتين يعني,1,2026-03-11 00:00:00,Amazon,ecommerce,play_store,"[""delivery""]","{""delivery"": ""negative""}"
7930,انصحكم كلكم والله حاجه في منتها الروعه,5,2026-02-18 00:00:00,Amazon,ecommerce,play_store,"[""general""]","{""general"": ""positive""}"
539,تانى مره اطلب ويوصلنا الأكل باردخاصه البطاطس بارده و ناشفه و بايته و زين الشام كان من افضل المطاعم بالنسبه لى ماشى فى تدهور و استهتار بالزبون  دى حاجه فيها حساب من ربنا راعوا ربنا فى طلبات الزبائن لانو دافعين محقهم يوصلهم الطلب بمايرضى الله,3,قبل 3 أسابيع,مطعم زين الشام الرحاب,مطعم مأكولات سورية,google_maps,"[""delivery"", ""food"", ""service""]","{""delivery"": ""negative"", ""food"": ""negative"", ""service"": ""negative""}"
6518,طبعاً اشكر شركة كريم على هذا التطبيق الرائع الذي جعلني اتنقل بسهولة ولكن توجد مشكلة واحدة وهيه انا لايوجد لي قائمة بالطعام يعني لااستطيع طلب الطعام لان لايوجد هذه الخاصية فقط مشاوير..,4,2026-03-12 00:00:00,Careem,transport,play_store,"[""app_experience""]","{""app_experience"": ""negative""}"
9553,good,5,2026-01-28 00:00:00,Wego,travel,play_store,"[""general""]","{""general"": ""positive""}"
2946,مكان جميل وخدمه جميله واكل نضيف وكل الشكر لمستر محمد شحاته على حسن الضيافه,5,قبل شهرين,قديمو,مطعم,google_maps,"[""ambiance"", ""service"", ""food""]","{""ambiance"": ""positive"", ""service"": ""positive"", ""food"": ""positive""}"
7771,برنامج زباله منتج يجيني غير ال طلبه خالص نجمه حتا خساره فيكم,1,2026-03-05 00:00:00,Amazon,ecommerce,play_store,"[""app_experience"", ""delivery""]","{""app_experience"": ""negative"", ""delivery"": ""negative""}"
3495,بصرح حلو والمكان حلو والخدمه جميله وناس الي هنك جميله وزواق انا لسه جاي من هنك وان شالله هروح تاني,5,قبل 4 أشهر,Golden palace Hotel,فندق,google_maps,"[""food"", ""ambiance"", ""service""]","{""food"": ""positive"", ""ambiance"": ""positive"", ""service"": ""positive""}"
5160,"مكان  جميل جداً واهتمام رائع اشكر استاذه رحمه ع
حسن الاستقبال وطريقه التعامل الف شكرا ❤",5,قبل 3 أشهر,Guarantee Dental Centers - New Cairo Center - مراكز جرانتي لزراعة وتجميل الاسنان - مركز القاهرة الجديدة,عِيادة أسنان,google_maps,"[""ambiance"", ""service""]","{""ambiance"": ""positive"", ""service"": ""positive""}"
376,"لو في اقل م نجمه والله اسوء تجربة
والله الاكل حمضان وكذا مره ولما اشتكيت وبعتبهم مسدج
حد كلمني وقالي احنا بنعتذر واي كلام
والدليفيري والكول سنتر منتهي قله الذوق",1,قبل شهرين,بيتزا السلطان وفطاير,مطعم بيتزا,google_maps,"[""food"", ""service"", ""delivery""]","{""food"": ""negative"", ""service"": ""negative"", ""delivery"": ""negative""}"
5394,"لم اكن اعرف العيادة دخلت على جوجل وشفت اقرب عيادة للسكن شفت تعليق   - وبما اني جاي - توكلت على الله انا - اللي شفته بالعيادة والله على ما اقول شهيد - ادب احترام و اهتمام اخلاق في كل شيء شغل نظيف مقابل اسعار جداً جداً مناسبة - الله يوسع عليهم من واسع فضله - شكراً من القلب لجميع طاقم العمل بقيادة الاستاذ مصطفى
علماً اني وصيت عليهم اقارب على العيادة وطاقمها
اوصي عليهم و بشدة كل الشكره دكتور يحي والأستاذ مصطفى",5,قبل شهرين,Sennaty dental clinics,عِيادة أسنان,google_maps,"[""service"", ""food"", ""cleanliness"", ""price""]","{""service"": ""positive"", ""food"": ""neutral"", ""cleanliness"": ""positive"", ""price"": ""positive""}"
3656,مستوى الخدمه والاكل اقل من الأول,4,تاريخ التعديل: قبل شهرين,المخبز اللبناني,مطعم بيتزا,google_maps,"[""service"", ""food""]","{""service"": ""negative"", ""food"": ""negative""}"
9301,رائع ولاكن يحتاج الي تتطور,5,2026-03-01 00:00:00,Spotify,entertainment,play_store,"[""app_experience""]","{""app_experience"": ""negative""}"
8022,قمت بتحميل تطبيق shop بعد ان شاهدت فيديو مستر بيست و اتمنى ان احصل على حاسوب محمول كهدية من مستر بيست انا بحاجته كثيرا من اجل الدراسة ( اعرف ان هذا لن يتحقق لكنني اود التجربة و لو مرة ) بالمناسبة ان هذا التطبيق جيد للذين يملكون المال و يودون الشراء عبر الانترنت انصح به و بشدة ❤ و شكرا .,5,2024-03-30 00:00:00,Shop,ecommerce,play_store,"[""app_experience""]","{""app_experience"": ""positive""}"
5250,اسوء ماركت ف حدائق أكتوبر اولا غشاشين ،المنتجات كلها اغلبيتها منتهية الصلاحيه ،لو طلبت دليفري الحاجه تيجي ناقصه غير اسلوب الزفت  الناس اللي ف الماركت  ،بصراحه حرام الناس دي تكمل بالشكل ده مقارنتا بالماركتس اللي حوالينا زي الرحمه وغيره ،هموت واعرف مصدق نفسه ان اسمه الامين ازاي,1,قبل سنتين,Al Amin Supermarket,سوبرماركت,google_maps,"[""food"", ""delivery"", ""service"", ""price""]","{""food"": ""negative"", ""delivery"": ""negative"", ""service"": ""negative"", ""price"": ""negative""}"
1044,❤❤شكرا الاكل جميل والقعدة حلوة ورايق والخدمة,5,قبل أسبوع,ممشي مصر Mawlana Cafe,كافيه,google_maps,"[""food"", ""ambiance"", ""service""]","{""food"": ""positive"", ""ambiance"": ""positive"", ""service"": ""positive""}"
719,الاكل استغفر الله العظيم واسعار مش عارف اقول ايه........ اخر مره,1,قبل شهر,قصر الكبابجي,مطعم مأكولات مصرية,google_maps,"[""food"", ""price""]","{""food"": ""negative"", ""price"": ""negative""}"
4570,لما يشوفك خليجيه راح يرفع السعر للدبل ، تجربة مستحيل تتكرر,1,قبل شهر,صالون بيلا سان,صالون تجميل,google_maps,"[""price"", ""service""]","{""price"": ""negative"", ""service"": ""negative""}"
1739,"السيرفس عندهم بشعة جدا قبل ما ادخل كنت خايفة من الريفيوهات السيئة بس قولت اجرب لاني روحته زمان.
للاسف بعد ما طلبنا ونزل الطلب بتاعي قعدنا نص ساعة وجوزي اكله مانزلش عمال يسأل وبتاع وفي الاخر جاله شخص بيقوله انت كنت طالب ايه؟ فاستغربنا لأنه هو اللي واخد الاوردر فجوزي رد عليه هو انت مش عارف انا طالب ايه؟ قاله بروست لا تصدق نسيت!!
مش فاهمة ايه نوع الويتر اللي بينسى اوردر؟ ده بيعمل مهمات بسيطة جدا في يومه مش محتاجة ذكاء خارق مش معدلة كيمياء علشان ينسى اوردر طيب اخترعوا ورقة وقلم على فكرة لو بتنسى
كمان مشرف الصالة كان واقف بيشرب فيب في وسط المطعم مش عارفة ده ازاي بجد!!
يعني قمة الإهمال ومش عارفة صاحب المطعم ساكت على المهازل دي ليه؟ ما تجيب ويترز متدربين ولا حتى يلبسوا لبس نضيف ده لبسهم مش نضيف اساسا.
الاكل نفسه بقى بائس جدا شيش طاووك بايت وناشف وكول سلو مفهوش ملح ولا سكر ودي حاجات مش محتاجة شيف ماهر يعني بنعملها بمنتهى السهولة.",1,قبل شهر,مطعم أبو يوسف السوري,مطعم مأكولات سورية,google_maps,"[""service"", ""cleanliness"", ""ambiance"", ""food""]","{""service"": ""negative"", ""cleanliness"": ""negative"", ""ambiance"": ""negative"", ""food"": ""negative""}"
8315,يوجد شقق كثيره واستفدت من التطبيق,5,2024-12-16 00:00:00,Aqarmap,real_estate,play_store,"[""app_experience""]","{""app_experience"": ""positive""}"
4805,"مكان مريح وخدمه سريعه.
دكاتره شاطرين وتعامل فوق ممتاز.
خدمه ممتازه وتنظيم محترم .
عياده نظيفه وتعامل راقي جدا .
تجربه جميله واهتمام بالتفاصيل.",5,قبل أسبوعين,Platinum Clinics - عيادات بلاتينيوم,مركز طبي,google_maps,"[""ambiance"", ""service"", ""cleanliness""]","{""ambiance"": ""positive"", ""service"": ""positive"", ""cleanliness"": ""positive""}"
9583,ممتاز وسهل,5,2026-01-18 00:00:00,Wego,travel,play_store,"[""general""]","{""general"": ""positive""}"
8450,السلام عليكم ورحمة الله وبركاته *تحذير* لكل البروكر من موقع *عقار* *ماب* ( *Aqar *Map*)حتي لاتكون فريسه لقد قمت بالإشتراك معهم في احدي الباقات وافادونا بأرقام وهميه ليس لها وجود ع ارض الواقع وأرقام خاطئه وخلال 3 شهور لم يتم اي بيع واغلب المتصلين بروكر عشان يشوف انت صاحب الوحده او لا لقد قاموا بأخد المبلغ دون أي استفادة وبعدد اعلانات تجاوز ال 60 اعلان الشركة لها دعايا واهيه لاتمت للواقع بأي صله نهائيا وكمان اغلب الموظفين عندهم بيمشوا ويسيبوا الشركه كمان وجاري اتخاذ ضدهم الإجراءات القانونيه,1,2022-10-30 00:00:00,Aqarmap,real_estate,play_store,"[""service"", ""price"", ""app_experience""]","{""service"": ""negative"", ""price"": ""negative"", ""app_experience"": ""negative""}"
5296,خدمة سيئة للغاية وخصوصا مع التعاقدات واسلوب خبيث فى التعامل اذا بسال على العلاج موجود بس يعرفو انه تامين صحى يغيرو كلامهم والكول سنتر منتهى الاهمال,1,قبل 4 أشهر,صيدليات دلمار وعطا الله فرع 26 يوليو,صيدلية,google_maps,"[""service"", ""price""]","{""service"": ""negative"", ""price"": ""negative""}"
5260,طعم الاكل تحفه اكتر حاجه كانت عجباني Dinos معامله كانت كويسه وناس كيوت جدا,5,قبل 6 أشهر,Ridz ريدز 6 أكتوبر,مطعم وجبات سريعة,google_maps,"[""food"", ""service""]","{""food"": ""positive"", ""service"": ""positive""}"
8781,جميل جدا 😍,5,2026-02-08 00:00:00,Anghami,entertainment,play_store,"[""general""]","{""general"": ""positive""}"
7555,ممتاز,5,2026-01-15 00:00:00,Jumia,ecommerce,play_store,"[""general""]","{""general"": ""positive""}"
94,مكان سئ ومشرفين سيئين وتعامل وحش جداً جداً فوق ما تتخيلوا، كمان الناس مش بتشوف شغلها ل امن البوابه ولا امن داخلى وناس في قمة قلة الادب,1,قبل يومين (2),صن سيتى,مركز تسوق,google_maps,"[""service"", ""ambiance""]","{""service"": ""negative"", ""ambiance"": ""negative""}"
1989,"الأكل لذيذ جدًا جدًا مقارنة بالسعر اللي يعتبر رخيص بالنسبة للزمالك، والـstaff محترم جدًا وخدوم ودايمًا مركزين وبيحاولوا يساعدوا، بس المشكلة الوحيدة أن المكان صغير وممكن تستنى برا شوية لحد ما تدخل.

طبعًا أنصح أي حد أنه يجرب المكان لأن الأكل بكل أنواعه لذيذ والمكان مريح وهادي ويستاهل الوقت.",5,تاريخ التعديل: قبل أسبوعين,Dido's al Dente,مطعم مأكولات إيطالية,google_maps,"[""food"", ""price"", ""service"", ""ambiance""]","{""food"": ""positive"", ""price"": ""positive"", ""service"": ""positive"", ""ambiance"": ""positive""}"
3028,مكان جميل جدا والاكل تحفه والشيشه الكبتن حسن مضبطها اوي و الكبتن انجيلوس جميل وابتسامه حلوه ولذيذ جدا الدور التاني رايق اكتر لازم تزوروه مش حتندموا,5,قبل شهرين,ذا بلكون كافيه الشيخ زايد,مطعم مأكولات ومشروبات,google_maps,"[""ambiance"", ""food"", ""service""]","{""ambiance"": ""positive"", ""food"": ""positive"", ""service"": ""positive""}"
1211,حلو,3,قبل أسبوع,الجحش,مطعم فلافل,google_maps,"[""general""]","{""general"": ""positive""}"
3764,"حسبي الله ونعم الوكيل فيهم ابي كان دخل مشي علي رجلو خلو عندو شل نصف من التشخيصية الغلط والعلاج الغلط
مستشفى زباله فرحانين باالبدال",1,قبل 9 أشهر,المستشفى القوات الجويةبالعباسية,مستشفى عام,google_maps,"[""service""]","{""service"": ""negative""}"
6477,ابلكيشن ممتاز,5,2023-11-06 00:00:00,Elmenus,food_delivery,play_store,"[""app_experience""]","{""app_experience"": ""positive""}"
1791,اصطف الصاله البنات تحفه جدا والاكل لذيذ والقاعده حلوه اووووي شكرا ياادنيا,5,قبل 3 أسابيع,صاج وشاورما,مطعم,google_maps,"[""service"", ""food"", ""ambiance""]","{""service"": ""positive"", ""food"": ""positive"", ""ambiance"": ""positive""}"
7793,للاسف الشديد اخر تجربه مع امازون كانت سيئه للغايه لا انصح بالتعامل معه,1,2026-03-03 00:00:00,Amazon,ecommerce,play_store,"[""general""]","{""general"": ""negative""}"
9596,امن جدا جدا وسهل شكرا للقائمين على التطبيق ارجو ان يظل هكذا وانصح بتجربته في حجز الفنادق ورحلات الطيران,5,2026-01-15 00:00:00,Wego,travel,play_store,"[""app_experience""]","{""app_experience"": ""positive""}"
6377,با جماعه مش شغال عندي ومسحته ونزلته كذا مره مش راضي يشتغل,1,2024-08-27 00:00:00,Elmenus,food_delivery,play_store,"[""app_experience""]","{""app_experience"": ""negative""}"
3853,"مصدر السعاده .. Kimi ❤️
احلى قصه شعر من ايده ..بقالى 10 سنين معاه",5,قبل شهرين,Toi,صالون تجميل,google_maps,"[""service""]","{""service"": ""positive""}"
3918,جبت من درويش انهاردة استلام من الفرع جبت منه نص مشكل بتلو وكان الحقيقة جميل جدا.. وجبت من نص فراخ بانيه ولكن للاسف واضح انه مكنش طازج كان القطعة ناشفة جدا.. ممكن اعذرهم عشان ده فطار رمضان وضغط اوردرات لكن اتمنى ياخدو بالهم من البانيه بعد كدة,3,قبل يوم واحد,درويش الكبابجي التجمع الخامس,مطعم,google_maps,"[""food"" , ""service""]","{""food"": ""negative"", ""service"": ""neutral""}"
3199,"عملت عملية جراحية مع دكتور شديد الرفق بالناس وجزاه الله خيرا
ولكن بقيت بالمستشفى لليوم التالي ( الجمعه ٢يناير٢٦) وقبل الظهر مر علي المناوب طبيب اسمر طويل وكان اسلوبه يخلو من ادنى درجات الرحمه وكلمني باسلوب لا يخلو من الاستهزاء على تعبي وشكواي وكأني طفله أمامه اتدلع ولا راعى ضعف مرضي ولا حتى سني الذي هو بالتأكيد مثل سن والدته او أخته الكبيره ان لم اخطئ
وطلبت تصفية حسابي قبل الظهر وخروجي م المشفى خوفًا من وقوعي تحت يده بقية اليوم",4,قبل شهرين,مستشفى الجنزوري التخصصي,مستشفى,google_maps,"[""service""]","{""service"": ""negative""}"
7329,ممتاز,5,2026-03-06 00:00:00,Noon,ecommerce,play_store,"[""general""]","{""general"": ""positive""}"
2020,"متوسط نوعا ما مقارنة بريدان الاصلي(السعودي)
ومقارنة بمطاعم المندي الموجودة في مصر يوجد كثير افضل منه سواء في الخدمة والطعم",3,قبل 3 أشهر,مطعم ريدان,مطعم أطباق اللحوم,google_maps,"[""food""]","{""food"": ""neutral""}"
6862,أوقات زيادة الطلب ترفع الأجرة بصورة مبالغ فيها,4,2026-03-12 00:00:00,Uber,transport,play_store,"[""price""]","{""price"": ""negative""}"
9881,جيد جدا ،وخدمه العملاء ممتاز ،سريع الاجابه والحلول ،اتمنى من الأصدقاء متابعه البرنامج ،وشكرا,5,2026-01-01 00:00:00,Booking,travel,play_store,"[""service"", ""app_experience""]","{""service"": ""positive"", ""app_experience"": ""positive""}"
5115,تغير الاسم الي جولدن توت,5,تاريخ التعديل: قبل سنة,papa cafe & resturant,مطعم,google_maps,"[""none""]","{""none"": ""neutral""}"
4934,"مقهى ""ريش"" مقهى تاريخي في طلعت حرب وسط القاهرة تأسس عام 1908، واشتهر كملتقى للمثقفين والسياسيين والفنانين. تأسس على يد ألماني، ثم بِيع الى فرنسي في عام 1914 أطلق عليه اسم ""ريش"" نسبة لمقاهي باريس، ثم اشتراه تاجر يوناني وقام بتوسيعه. لعب دوراً محورياً في الأحداث الوطنية مثل ثورة 1919، حيث استخدمه الثوار في طباعة منشوراتهم سراً. انتقلت ملكيته لاحقًا إلى المصري مجدي ميخائيل، ولا يزال يحتفظ بعبق تاريخه، ويُعد شاهداً على تاريخ مصر الثقافي والسياسي.

انصح بزيارته 👍👍👍

🔴 للمعلوميه الدفع كاش فقط . الدفع بالبطاقه غير متاح في هذا الكافيه",5,قبل 4 أشهر,القاضي وحسين,متجر ملابس,google_maps,"[""general""]","{""general"": ""positive""}"
4057,مستشفى من اسوء المستشفيات والدكاتره بيتعلموا فى البنى ادمين امى كانت داخله تعمل عمليه شرائح ومسامير وهما بيعملوها قطعه شرين الرجل وا هيتعملها بتر فى رجليها وحسبى الله ونعم الوكيل فى دكاتره العظام ودكاتره الاوعيه الدمويه منهم الله فى الأيام المفترجه دى,1,قبل شهر,مستشفى القاهرة الجديدة,مستشفى,google_maps,"[""service""]","{""service"": ""negative""}"
2145,وكأنك في نابولي لتناول ألذ بيتزا في مصر,5,قبل شهر,وات ذا كرست,مطعم بيتزا,google_maps,"[""food"", ""ambiance""]","{""food"": ""positive"", ""ambiance"": ""positive""}"
6788,نصابين اخذ مني ٤٠ ريال سعودي تأمين الى ان يتم استرجاع المركبه وعندما اعدت المركبه لم يتم ارجاع المبلغ 🤬,1,2026-01-27 00:00:00,Careem,transport,play_store,"[""service"", ""price""]","{""service"": ""negative"", ""price"": ""negative""}"
3178,الفندق رخيص جددا بس تاخذون خدمه افضل من مليون فندق ... واطلاله 100000 نجمة ... انصح به وبشده,5,قبل 3 أشهر,فندق بوتيك النيل,فندق,google_maps,"[""price"", ""service"", ""ambiance""]","{""price"": ""positive"", ""service"": ""positive"", ""ambiance"": ""positive""}"
312,"هذا المطعم بالذات لا يصلح لسواح الخلييج
مقلب والطعام مكشوف في الشارع ولا جلسنا فيه
غيرنا الوجهه لمطعم سمك ثاني ( قدوره )",1,قبل شهر,مطاعم أسماك وادي النيل,مطعم مأكولات بحرية,google_maps,"[""food"", ""cleanliness"", ""ambiance""]","{""food"": ""negative"", ""cleanliness"": ""negative"", ""ambiance"": ""negative""}"
3734,"كان نفسي يبقي في اقل من نجمة بس للاسف مافيش
لا خدمة كويسة ولا اجواء ولا سعر مقابل قيمة",1,قبل 23 ساعة,sarayi resturant,مطعم مأكولات تركية,google_maps,"[""service"", ""ambiance"", ""price""]","{""service"": ""negative"", ""ambiance"": ""negative"", ""price"": ""negative""}"
3153,"أسعاره مرتفعة دون خدمة حقيقية
وللاسف العمال اسلوبهم في التعامل مع الزبائن مش احسن حاجة رغم أنهم يعتبر فارشين في الشارع لكن عندهم غرور عجيب معتمدين علي الشهرة دون تحسين الأداء أو تحديث للمكان نصيحة ليهم عشان استمروا حدثوا ادواتكم الشهرة المصنوعة مش كفاية",3,قبل شهر,فول محروس,مطعم فلافل,google_maps,"[""price"", ""service"", ""ambiance""]","{""price"": ""negative"", ""service"": ""negative"", ""ambiance"": ""negative""}"
2308,"سيء للغاية
شاورما وحشه و بيتزا و مناقيش متلجين
و فراخ مجلدة
سيء سيء سيء",1,قبل 4 أيام,ست الشام,مطعم مأكولات سورية,google_maps,"[""food""]","{""food"": ""negative""}"
5053,"عيادة مميزة ك استقبال للمريض وصبر الدكاترة ع المريض
انا الحالة بتاعتي كانت مع د.احمد عبدالفتاح بصراحة ايده خفيفة ما شاء الله تسلم ايده",5,قبل 3 أسابيع,عيادات الفارابي - Al- Farabi Clinics,طبيب أسنان,google_maps,"[""service""]","{""service"": ""positive""}"
5507,"السعر غالي على الكواليتي
مش افضل طعم بس يكفى الغرض",3,قبل 11 شهرًا,مستر كوكو الشيخ زايد,مطعم,google_maps,"[""price"", ""food""]","{""price"": ""negative"", ""food"": ""negative""}"
2987,"للأسف تجربة غير جيدة ولن اكررها مرة اخرى
الطلب يتأخر في التحضير
شوربة عدس وشوربة كريمة دجاج نكهة الثوم فيها اكثر من نكهة الشوربة
بيتزا الرانش زي ما هو واضح في الصورة ، الدجاج كريسبي ومش دجاج بيتزا رانش وألفريدو كانت تحت المتوسط للأسف",2,قبل 11 شهرًا,Shobak Habibi,مطعم,google_maps,"[ ""food"", ""service""]","{ ""food"": ""negative"", ""service"": ""negative""}"
7725,بدون عضوية برايم تصبح المنصة مثلها مثل باقي المواقع .. يجب مراجعة اسعار الاشتراك على الاقل 5 ريال شهرياً رغم اني غير مستفيد من خدمات فيديو امازون ولا اشاهد الأفلام .. إلخ,1,2026-03-09 00:00:00,Amazon,ecommerce,play_store,"[""price"", ""app_experience""]","{""price"": ""negative"", ""app_experience"": ""negative""}"
8255,الابلكيشن مش راضي يفتح مسحته وحملته من جديد لكن مفيش فايده مش بيفتح ابدا ارجو حل المشكله,4,2025-07-15 00:00:00,Aqarmap,real_estate,play_store,"[""app_experience""]","{""app_experience"": ""negative""}"
8227,البرنامج بعدي ما شايفه واذا طلع سخيف اسوي ابلاغ,2,2013-03-09 00:00:00,OLX,ecommerce,play_store,"[""app_experience""]","{""app_experience"": ""negative""}"
5592,سريع,5,قبل 4 أشهر,صيدلية فايق,صيدلية,google_maps,"[""delivery""]","{""delivery"": ""positive""}"
4835,يوجد به تشكيله جيده لكن الاسعار مبالغ فيها,3,قبل سنة,منز كلوب,متجر ملابس رجالي,google_maps,"[""service"", ""price""]","{""service"": ""positive"", ""price"": ""negative""}"
4335,"صالون على مستوى اتبسط اوي على المعامله والسيرفز. مش عارفه مين غسل ليا شعري بضبط بس بصراحه محدش في حياتي كلها غسل لي بالرقه والدقه دي.
نظافه ١٠/١٠
هدوء وروقان ١٠/١٠
سيرفز ١٠/١٠
الحقو على القص تبع عز عشان انا سرقاه معايا على البحرين",5,قبل شهر,Bella salon zamalek,صالون تجميل,google_maps,"[""service"", ""cleanliness"", ""ambiance""]","{""service"": ""positive"", ""cleanliness"": ""positive"", ""ambiance"": ""positive""}"
1738,كنت طالب نص فرخة بروستد ، الاكل طلبته جالي سيء جدا وبارد و الفراخ فيها طعم مش حلوا بطنى قلبت منه انا كنت بطلب منهم قبل كده بس دى اخر مرة,1,قبل شهر,مطعم أبو يوسف السوري,مطعم مأكولات سورية,google_maps,"[""food"", ""delivery""]","{""food"": ""negative"", ""delivery"": ""negative""}"
2897,"بصراحه متعاونين لأبعد الحدود ومفيش وقت انك تنتظر على طول استقبال وتبدا
كل الستاف حلو من شعراوي وعلى كنيش وعاشور واهم حاجه صاحب المحل على  جميل خالص وطيوب وكل الشكر لمدير الصالون محمود على الابتسامه الحلوه اول ما ادخل وعلى سرعة الإجراء",5,تاريخ التعديل: قبل شهر,ELLE Salon,صالون تجميل,google_maps,"[""service"", ""ambiance""]","{""service"": ""positive"", ""ambiance"": ""positive""}"
5837,الاكل في مترو ملوش طعم بجد ولا الفراخ و لا الرز ولا اي حاجه مستويه ليها طعم ليهه و حتى الحاجات الcan طعمها وحش؟!,1,تاريخ التعديل: قبل 10 أشهر,مترو ماركت الجديد صحراوى اسكندريه,سوبرماركت,google_maps,"[""food""]","{""food"": ""negative""}"
8515,يكفي تقديركم للناس والرد عليهم تستاهله ملايين النجوم وتستاهله كل كلمه طيبه وشكرا ماب وكل من فيها.,5,2022-03-11 00:00:00,Aqarmap,real_estate,play_store,"[""service""]","{""service"": ""positive""}"
1653,المكان حررررر جدا ، مافي اماكن كافية . طلبت واستنيت اكتر من ٣٠ دقيقة والطلب ما وصل.,1,قبل شهر,Holm Cafe,مقهى,google_maps,"[""ambiance"", ""service""]","{""ambiance"": ""negative"", ""service"": ""negative""}"
4081,حمام السيدات ال ب service على المول و السينما دايما مقفول,1,قبل 5 أشهر,Galleria Mall,مركز تسوق,google_maps,"[""cleanliness"", ""service""]","{""cleanliness"": ""negative"", ""service"": ""negative""}"
3345,جيد,5,قبل سنة,لامور بيتزا,مطعم بيتزا,google_maps,"[""general""]","{""general"": ""positive""}"
3165,أجهزة تعبانة والساونا دايما بايظة زي الاستيم,1,تاريخ التعديل: قبل 3 أشهر,سمارت جيم,صالة رياضة,google_maps,"[""service"", ""ambiance""]","{""service"": ""negative"", ""ambiance"": ""negative""}"
5551,الچيم اللي مشتركه فيه بالفعل المكان جميل و فيه جو اسري و الكابتن احمد من اجدع الشخصيات بالمكان و فاهم و دارس  التدريب بشكل ممتاز,5,قبل سنتين,Town Gym,صالة رياضة,google_maps,"[""ambiance"", ""service""]","{""ambiance"": ""positive"", ""service"": ""positive""}"
4352,الخدمة كويسة والعاملين ذوق جدا لكن الاسعار عالية جدا أنا للأسف ما اعرفش الاسعار في المحلات الاخري لاني كنت مش عايشة في مصر لفترة لكن بعد ما عملت وقولت للناس ع الاسعار اتصدموا لانها فعليا اكثر من الضعف من الطبيعي,2,قبل يوم واحد,Women's Beauty salon,صالون تجميل,google_maps,"[""service"", ""price""]","{""service"": ""positive"", ""price"": ""negative""}"
4091,"المستشفى لطيفه جدا علي المستوي الطبي
والطاقم لطيف جدا",4,قبل 3 أشهر,مستشفى دار الشفاء,المستشفى الحكومي,google_maps,"[""service""]","{""service"": ""positive""}"
2043,الموظف احمد عبد الحميد كان فوق الوصف شكراً جداً,5,قبل شهرين,مطعم ميت موت مدينة الشيخ زايد,مطعم,google_maps,"[""service""]","{""service"": ""positive""}"
2848,"سيى جداااااااا
تجربة سيئة لن تتكرر
المفروض تغيير اسمه من فندق ل وكر حشرات
توجد صراصير بالغرف
تعامل الموظفين سيى جداااااااا
تروح تبغى تحجز يقولولك احجز من الموقع علشان يرفعو تقييم الموقع إذا هذا الأسلوب
لازم علقة من قبل وزارة السياحة او ازالته الموقع مثل بوكينج وغيرها
يسيى للسياحة

الصور شى والوااااقع شى آخر سي",1,قبل 7 أشهر,نيو جاردن بالاس هوتيل,فندق,google_maps,"[""cleanliness"", ""service"", ""app_experience"", ""ambiance""]","{""cleanliness"": ""negative"", ""service"": ""negative"", ""app_experience"": ""negative"", ""ambiance"": ""negative""}"
9417,تطبيق جميل جدأ اتمنئ لك القأمين عليه التوفيق✨,5,2026-03-09 00:00:00,Wego,travel,play_store,"[""app_experience""]","{""app_experience"": ""positive""}"
9300,التطبيق في حاجات كتير غير مجانيه,1,2026-03-01 00:00:00,Spotify,entertainment,play_store,"[""app_experience"", ""price""]","{""app_experience"": ""negative"", ""price"": ""negative""}"
5702,"بسم الله الرحمن الرحيم
تحيه طيبه د خالد افضل من تعاملت معه في طب الأسنان امين ومتقن في عمله الله يبارك فيه  وسوف ازوره مره ثانيه ان شاءالله. من اراد شغل الامنه والإتقان فل يذهب إلى عيادته. الف شكر يادكتور",5,قبل 9 أشهر,عيادة أسنان د. خالد شرف,عِيادة أسنان,google_maps,"[""service""]","{""service"": ""positive""}"
6251,عايز اكلم الدعم واكتب مش بينفع ..لازم ابعت صور اي العبث ده !!!!,1,2025-12-09 00:00:00,Elmenus,food_delivery,play_store,"[""app_experience"", ""service""]","{""app_experience"": ""negative"", ""service"": ""negative""}"
7681,القائمين على خدمة العملاء مش بيحبو اللي بيطلب حقه ولا بيحبو اللي بيعمل مرتجع ولا حتى مره واحده . يعني لازم تشتري من غير ما ترجع حاجه عشان يحبوك . مش مراعيبن أن السلعه مش مكتوب مواصفاتها مظبوط وان الصوره غير الحقيقه.,1,2026-03-12 00:00:00,Amazon,ecommerce,play_store,"[""service"", ""app_experience""]","{""service"": ""negative"", ""app_experience"": ""negative""}"
8507,انا نزلت اعلان شقه علي الموقع وكان عندي مشكله في لوكشن الموقع وتواصلت مع فريق العمل وكانت الاستجابه سريعه . . شكرا عقار ماب,5,2022-04-12 00:00:00,Aqarmap,real_estate,play_store,"[""service"", ""app_experience""]","{""service"": ""positive"", ""app_experience"": ""positive""}"
6285,تطبيق غبي جدا ..بحاول اضيف عنواني ومش راضي يكمل ..بكلمهم اطلب مساعدة يطلع لي الجواب الآلي الغبي يعني عملية غباء بغباء.,1,2025-08-29 00:00:00,Elmenus,food_delivery,play_store,"[""app_experience"", ""service""]","{""app_experience"": ""negative"", ""service"": ""negative""}"
5464,عيادة رائعة بكل المقاييس، تحظى بمتابعة مباشرة من مالكها الدكتور رائد كردي، ويتميز فريق الاستقبال والطاقم الطبي بالاحترافية والاهتمام. تجربة مميزة وتستحق الزيارة.,5,قبل 10 أشهر,عيادات تمازج التخصصية ومركز تمازج الجراحي ومختبر تمازج الطبي,عيادة متخصصة,google_maps,"[""service""]","{""service"": ""positive""}"
8004,مستر بيست اريد اي هاتف وشكرا,5,2024-08-11 00:00:00,Shop,ecommerce,play_store,"[""none""]","{""none"": ""neutral""}"
8443,تمم,5,2022-12-31 00:00:00,Aqarmap,real_estate,play_store,"[""general""]","{""general"": ""positive""}"
5822,حسن الاستقبال والضيافه .. وسرعة الخدمه والطلبات .. والمعامله من جميع العاملين والاداره مميزه جداااا والشيف قوى جداااا والمناخ العام مميز ❤️🥰,5,تاريخ التعديل: قبل شهرين,زيوس التجمع zeus twin plaza,كافيه,google_maps,"[""service"", ""food"", ""ambiance""]","{""service"": ""positive"", ""food"": ""positive"", ""ambiance"": ""positive""}"
5982,حقيقي شكراً لكل طاقم العمل,5,قبل 4 أشهر,مجمع عيادات الرحاب التخصصي | MR Polyclinics,مركز طبي,google_maps,"[""service""]","{""service"": ""positive""}"
6303,جامد بس عاوز افهم حاجه لية كل محلات السوشي مبتجيس العبور الاسكان القومي اكيد في حاجات بتوصل للعبور الشباب,3,2025-07-13 00:00:00,Elmenus,food_delivery,play_store,"[""general""]","{""general"": ""positive""}"
8435,سىء جدا فى البحث وموضوع رفض الاعلان بسبب الصور مع انى باعلن بنفس الصور التى صورتها بنفسى فيرفضها الموقع,1,2023-03-13 00:00:00,Aqarmap,real_estate,play_store,"[""app_experience""]","{""app_experience"": ""negative""}"
5192,I did eyelash with the Russian specialist a month ago i asked for the best type she used  bad quality and too much glue !! It was not original mink for sure !! She fooled me but  عيب والله اول واخر تجربة جودة الرموش رخيصة جدا لا انصح بها وماني مسامحتها,1,قبل 9 أشهر,Jacques Moreno,صالون تجميل,google_maps,"[""service"", ""food""]","{""service"": ""negative"", ""food"": ""neutral""}"
6700,"عندي تجربه واحده فقط سببت لي مشكله مع السائق حيث كان السعر الظاهر علي جهازي يختلف علي السعر عند السائق وهذا يعتبر عيب في التطبيق لاني اوافق علي الرحلة بناءا"" علي السعر او التكلفة فلما اصل الي وجهتي اجد سعر اخر هذا غير معقول.",2,2026-02-06 00:00:00,Careem,transport,play_store,"[""app_experience"", ""price"", ""service""]","{""app_experience"": ""negative"", ""price"": ""negative"", ""service"": ""negative""}"
5198,بالعكس أنا رحت وعملت صبغه وكان المكان هايل واتعملت احسن المعامله والناس كانت ذووق جدا والاسعار هايله والخدمات كلها ممتازه,5,تاريخ التعديل: قبل سنة,Jacques Moreno,صالون تجميل,google_maps,"[""ambiance"", ""service"", ""price""]","{""ambiance"": ""positive"", ""service"": ""positive"", ""price"": ""positive""}"
9695,تم سحب مالي من بعد مالغيت الحجز ولم يرحع اموالي انصحكم بعدم التعانل مع هاذي الشركه سيئ جدا,1,2026-03-07 00:00:00,Booking,travel,play_store,"[""app_experience"", ""service""]","{""app_experience"": ""negative"", ""service"": ""negative""}"
9262,لم استطع تسجيل الدخول و فتح التطبيق بعد الكثير من المحاولات لقد تدهور بعد التحديثات الأخيرة,4,2026-03-03 00:00:00,Spotify,entertainment,play_store,"[""app_experience""]","{""app_experience"": ""negative""}"
5155,من أحسن عيادات الأسنان اللي اتعاملت معاها شغل نضيف مواعيد مظبوطة وتعامل إنساني قبل أي حاجة بجد شكرًا ليكم 🙏,5,قبل شهرين,Guarantee Dental Centers - New Cairo Center - مراكز جرانتي لزراعة وتجميل الاسنان - مركز القاهرة الجديدة,عِيادة أسنان,google_maps,"[""cleanliness"", ""service""]","{""cleanliness"": ""positive"", ""service"": ""positive""}"
3780,معالمه الموظفين وحشه جدا ومش متعاونين نهائي,1,قبل 3 أسابيع,Your Gym Ladies - New Cairo,صالة رياضة,google_maps,"[""service""]","{""service"": ""negative""}"
443,اكلهم جميل وخياراتهم متعدده وخدمتهم راقية,5,تاريخ التعديل: قبل أسبوعين,دوار أم حسن,مطعم مأكولات مصرية,google_maps,"[""food"", ""service""]","{""food"": ""positive"", ""service"": ""positive""}"
4947,"تجربة سيئة للاسف
زوجتي راحت لتنظيف الاسنان وتم عمل بانوراما والدكتورة داليا قالت إن في تسوس واصل العصب مع العلم اني مكنش في اي الم سابقا.

برده ادعت أن زوجتي بتاخد مسكنات مع أن مفيش اي مسكنات اشتريتها قبل كدة

تم تنظيف التسوس وبعدها حصل التهاب شديد نتيجة كشف العصب وعمل تورم في الخد.
اضطرينا نكمل مع دكتور اخر في عيادة أخري نتيجة الإهمال الشديد في مركز العبد للاسنان.

مركز اسنان سيئ وبيفتحوا شغل مالوش اي لأزمة
لدرجة أنهم كانوا عايزين يعملوا عدد ٢ كراون. مع العلم أن الدكتور الآخر قال وضع الضرس لا يحتاج كراون.

المشكلة دي استمرت أسبوعين كاملين
مركز اسنان سيئ واخص بالذكر دكتورة داليا",1,قبل 6 أشهر,عيادات العبد للأسنان,عِيادة أسنان,google_maps,"[""service""]","{""service"": ""negative""}"
3453,لو في صفر نجمه حطيت تطلب شي ببعتلك فاتورتك وغير طلبات بتتصل عليه مابرد,1,قبل شهر,سوبر ماركت مؤمن وبشار رحاب 1,سوبرماركت,google_maps,"[""delivery"", ""service""]","{""delivery"": ""negative"", ""service"": ""negative""}"
7377,ممتازة,5,2026-03-12 00:00:00,Jumia,ecommerce,play_store,"[""general""]","{""general"": ""positive""}"
7617,ممتاز جدااا,5,2025-12-15 00:00:00,Jumia,ecommerce,play_store,"[""general""]","{""general"": ""positive""}"
2903,احنا عملنا في محمد الصغير فرع التجمع في سدك عملنا حمام كريم وسيشوار ما حسينا بفرق اصلا و كان التعامل مو احلى شي ف جينا صالون elle عند حماده التربتمنت و فادي وديع والصراحه احسن شي مو اول ولا اخر مرا ان شاءالله و الصراحه المدير فهمي ما قصر وقعد معانا حتى و الدوام انتهى خدمه في قمة الذوق,5,قبل شهر,ELLE Salon,صالون تجميل,google_maps,"[""service"", ""food"", ""ambiance""]","{""service"": ""positive"", ""food"": ""neutral"", ""ambiance"": ""positive""}"
8523,جيد جدا,5,2022-01-14 00:00:00,Aqarmap,real_estate,play_store,"[""general""]","{""general"": ""positive""}"
9759,اغلي حجز,1,2026-02-12 00:00:00,Booking,travel,play_store,"[""price""]","{""price"": ""negative""}"
358,"613
المستشفي حاجه محترمه حاجه تشرف بصراحه
مستشفي عالميه . الخدمه و الجوده فيها حاجه ممتازه واشكر طاقم التمريض بالدور السادس وأستاذه رغده مشرفه الدور ومشرف الشفت محمد عابد ومس إيمان",5,قبل 3 أسابيع,مستشفى السلام الدولى,مستشفى,google_maps,"[""general""]","{""general"": ""positive""}"
656,الحمام حجمه صغير وكل يوم بيرفعو السعر   والخبز بارد جدا    ولا يوجد شبكه        الدفع كاش ؟    والموظفين يطلبو بخشيش  وريحة  لحوم  بالصاله  ولا يوجد تهويه   مايستاهل نجمه ❌️,1,قبل شهر,كبابجي الأزهر فرحات,مطعم عائلي,google_maps,"[""cleanliness"", ""price"", ""food"", ""app_experience"", ""service"", ""ambiance""]","{""cleanliness"": ""negative"", ""price"": ""negative"", ""food"": ""negative"", ""app_experience"": ""negative"", ""service"": ""negative"", ""ambiance"": ""negative""}"
4797,كله زوق و ضمير و العيادة نضيفة و الإستقبال زي الفل و كله احترام و موعيد مظبوطة,5,قبل أسبوع,Platinum Clinics - عيادات بلاتينيوم,مركز طبي,google_maps,"[""cleanliness"", ""service""]","{""cleanliness"": ""positive"", ""service"": ""positive""}"
3946,"أنا جايه علشان ال
Reviews
عن العياده و عن دكتور فادي و لما جيت لقيتها اقل من المفروض ينقال
💗💗",5,قبل 5 أشهر,دكتور فادى رياض,عِيادة أسنان,google_maps,"[""general""]","{""general"": ""positive""}"
3934,"بصراحة من احسن البيتزااات الي كلتها ف حياتي
صوص الراانش حوار و البيتزا محشيه ومتخدم عليها جامد
🤍❤️",5,قبل 4 أشهر,انديامو,مطعم بيتزا,google_maps,"[""food""]","{""food"": ""positive""}"
3473,من أفضل الكبابجية في القاهرة . الكباب و الكفتة الطرب و الحمام و الممبار أكثر من رائعين,5,تاريخ التعديل: قبل 6 أشهر,حاتى الجيش,مطعم مأكولات مشوية,google_maps,"[""food""]","{""food"": ""positive""}"
5838,تعامل الموظفين سىء جداً مش اول مره اروح و يحصل مشكله بسبب تعامل الموظفين !,1,قبل سنة,مترو ماركت الجديد صحراوى اسكندريه,سوبرماركت,google_maps,"[""service""]","{""service"": ""negative""}"
9453,ممتاز جداً شكراً لكم تطبيق جيد جداً,1,2026-02-26 00:00:00,Wego,travel,play_store,"[""app_experience""]","{""app_experience"": ""positive""}"
6242,ابلكيشن وحش جدا التوصيل قعد ساعه ونص والمحل يعتبر جنبي والمندوب التوصيل جاي لي من شركه ثانيه مش الشركه نفسها واللي واخد توصيل زياده وحاجات غريبهاوحش ابلكيشن اكل في مصر,1,2026-01-05 00:00:00,Elmenus,food_delivery,play_store,"[""app_experience"", ""delivery"", ""price""]","{""app_experience"": ""negative"", ""delivery"": ""negative"", ""price"": ""negative""}"
5081,كم مره جيتهم وراح اكرر الزياره فنانين فالشغل بالذات نعمه فالحواجب والبدكير والاسستنت فرح وسهيله فنانين وفرح شغلها فالنيل ارت رائع وخطير و استاذ محمد فالهير كير عملي سكرب حلو وكيرولس فالشعر ولا غلطه و استاذ كريم فالاستقبال بشوش ❤️🥰,5,قبل 6 أشهر,FOUR Beauty Lounge,صالون تجميل,google_maps,"[""service"", ""ambiance""]","{""service"": ""positive"", ""ambiance"": ""positive""}"
2163,"لما اكون طالبة اوردر برقم مش قليل وميهونش على المطعم يحط علبه
مخلل او كيس كاتشب حتى ده كدا اسمه نتانه واستهبال وفطيرة البندق رشه من عالوش حرفيا،، منصحش بالمطعم ده عشان بيشغلو دماغهم",1,قبل 5 أشهر,فطائر و بيتزا المهندسين,مطعم بيتزا,google_maps,"[""service"", ""food"", ""price""]","{""service"": ""negative"", ""food"": ""negative"", ""price"": ""negative""}"
9887,بعد ما حصل في آخر حجز اعتقد حان الوقت باستبدالكم بتطبيق افضل ، اثبتم عدم الحرص والتجاوب على الرغم من الاستمرار معكم لسنوات وجميع الحجوزات عن طريقكم . لا انصح بهذا التطبيق,1,2025-12-29 00:00:00,Booking,travel,play_store,"[""app_experience"", ""service""]","{""app_experience"": ""negative"", ""service"": ""negative""}"
1624,مكان تحضير الطعام وكذلك هندام العاملين في الكيتشن غير نظيف .لا انصح به عن نفسي تجربة سيئة لن أكررها .,1,قبل شهر,مطعم الأصيل الدمشقي,مطعم,google_maps,"[""cleanliness""]","{""cleanliness"": ""negative""}"
1781,الاكل حلو جدًا وال service كويسه اوي,5,قبل 3 أسابيع,صاج وشاورما,مطعم,google_maps,"[""food"", ""service""]","{""food"": ""positive"", ""service"": ""positive""}"
4312,"تم التجربه ٩ من ١٠
وتجربه جيده جدا",4,قبل 5 أشهر,بيتزا كينج باب اللوق,مطعم بيتزا,google_maps,"[""general""]","{""general"": ""positive""}"
5680,"منصحش أي حد بالمستشفي دي يا جماعه اوعوا بجد
امي كان عندها جلطه في المخ ومشخصوش حالتها صح في الرعايه ولا عرفوا يتعاملوا معاها وجابولها دكتور المخ والأعصاب تاني يوم يشوفها بعد لما الجلطه كانت اتمكنت من المخ خلاص وأمي حاليا عندها شلل بسببهم
و دكاتره الرعايه في منتهي قله الذوق ومش متواجدين اغلب الوقت وبيردوا علينا بالعافيه
حسبي الله ونعم الوكيل فيكم ربنا ينتقم منكم
ومش هنسيب حق أمي",1,تاريخ التعديل: قبل 7 أشهر,المستشفي اليوناني بالقاهرة,مستشفى,google_maps,"[""service""]","{""service"": ""negative""}"
3806,احلى نيفا ف مصر,5,تاريخ التعديل: قبل 5 أشهر,حاتى أبو خالد,مطعم مأكولات مشوية,google_maps,"[""food""]","{""food"": ""positive""}"
3513,"Very unpleasant experience

تجربة سيئة جدًا وغير أخلاقية. الدكتورة لا يهمها مصلحة المريض، كل تركيزها على رفع سعر الجلسة بدون أي مبرر طبي حقيقي، فقط لتحقيق التارجت. الأسعار مبالغ فيها بشكل فاضح وتصل إلى ضعف الأسعار الطبيعية. تعامل استغلالي وانعدام ضمير مهني. لا أنصح بالعيادة إطلاقًا",1,قبل 3 أسابيع,Nouvel Age Aesthetic Clinics Cairo Festival City Mall Branch - عيادات نوفيلاج للتجميل و الليزر فرع كايرو فستيفال سيتى مول,عيادة طبية,google_maps,"[""service"", ""price""]","{""service"": ""negative"", ""price"": ""negative""}"
9732,تجربتي معهم كانت فاشله بكل المقاييس حجزت ورتبت اموري قبل الرحلة بعشرة ايام وقبل الرحله بقليل يلغى الحجز بدون اي سبب ....... تم حذف التطبيق,1,2026-02-25 00:00:00,Booking,travel,play_store,"[""service"", ""app_experience""]","{""service"": ""negative"", ""app_experience"": ""negative""}"
2050,اللحم عندهم خورافي و خدمة من محمد و الشيف حسن الي قدم الاكل الي ما تقدر توصفه بكلمات,5,قبل 3 أشهر,مطعم ميت موت مدينة الشيخ زايد,مطعم,google_maps,"[""food"", ""service""]","{""food"": ""positive"", ""service"": ""positive""}"
6654,تجربتي مع الدرجات أستأجرتها اليوم جاني رحله ليوم كامل ب ٢٩ ريال مدة ٢٤ ساعه مع تأمين ٢٥ و يوم أخذتها و جا وقت الترجيع و قفلت الرحله سحبوا ١١١ ريال زيادة تواصلت معاهم يقولون أول ١٠ دقائق فقط مجانيه للدراجة و الباقي كل دقيقه ب ريال ف أنتبهوا الدراجات و السكوترات كلها تحسب بالدقائق كل دقيقه بريال حقيقي سياستهم مو واضحه طلبت منهم توضيحها أكثر حبيت افيدكم وياليت تخلون باقات جديدة تاخذها لسيوم كامل بدون دقائق حتى نستمتع,1,2026-02-13 00:00:00,Careem,transport,play_store,"[""price"", ""app_experience"", ""service""]","{""price"": ""negative"", ""app_experience"": ""negative"", ""service"": ""negative""}"
8380,التطبيق اصبح سيء جدا بطيء و احيانا لا يعمل اطلاقا من قبل كان تطبيق عملي رجاء راجعوا التحديث الاخير,1,2024-03-25 00:00:00,Aqarmap,real_estate,play_store,"[""app_experience""]","{""app_experience"": ""negative""}"
9292,يوجد اعلان يجعل هاتفي يفعل خروج تلقائي من التطبيق الذي استعمله اتمنى حل المشكله وازاله الاعلان والا ساحذف التطبيق,2,2026-03-02 00:00:00,Spotify,entertainment,play_store,"[""app_experience""]","{""app_experience"": ""negative""}"
8356,التطبيق لا يعمل للاسف في الاول كان من افضل التطبيقات,1,2024-04-12 00:00:00,Aqarmap,real_estate,play_store,"[""app_experience""]","{""app_experience"": ""negative""}"
8257,لما اجي احدد المكان عالخريطة بيقولي حدث خطا,1,2025-07-10 00:00:00,Aqarmap,real_estate,play_store,"[""app_experience""]","{""app_experience"": ""negative""}"
2835,"كفيه سايئ جدا لا يوجد اهتمام بالجست
والمكان مش نضيف
لا يوجد ضُمنا والا اي العاب",1,قبل 10 أشهر,مطعم وكبابجي الفي بك,مطعم مأكولات مشوية,google_maps,"[""service"", ""cleanliness"", ""ambiance""]","{""service"": ""negative"", ""cleanliness"": ""negative"", ""ambiance"": ""negative""}"
826,الخدمة زي الزفت وعالم قليلة الذوق وميعرفوش حاجة عن التعامل مع العملاء.. تجربة سيئة لأبعد الحدود,1,قبل 8 ساعات,مطعم العودة,مطعم مأكولات الشرق الأوسط,google_maps,"[""service""]","{""service"": ""negative""}"
6041,بصراحه مكان كويس جدا جدا و مشروبات كويسة جدا و مستوى كويس جدا و اسعار كويسة جدا و منسبه كمستوى كافيه بخدمة مميزة و اعلي مستوى و علي العلم الموقف الحدث اليوم بخصوص سبانش لاتيه انا كانت حاضر الموقف و العميل غير صادق في كتابته لتقيم المكان و لكن انا من مفضلين هذا المشروب في المكان ده,5,قبل سنة,Cafe Cacao,كافيه,google_maps,"[ ""food"", ""price"", ""service"", ""ambiance""]","{ ""food"": ""positive"", ""price"": ""positive"", ""service"": ""positive"", ""ambiance"": ""positive""}"
4848,العيادة جدا نظيفه، مكان الإنتظار جدا مريح، تعامل الدكتور ماكريوس شنودة قمة الزوق دكتور م شاء عليه والدتي كانت تعبانة جدا بعد استخدام العلاج الحمدلله من ٣ يوم وهي بأفضل حال وبعد كورس العلاج كامل بقت صحتها ممتازة فالشكر بعد الله ليه هو، الفريق العامل يحتاج إعادة تعيين خصوصا في تقييم الحالات لأننا جينا بسعال دم  وفضلنا منتظرين لمن دورنا جه المفترض يراعوا للمرضى ده غير انو الانتظار ربع ساعة بنفضل قاعدين اكتر من كده.,3,قبل شهر,Misr Modern Clinics عيادات مصر الحديثه ( فرع ميشيل باخوم ),مركز طبي,google_maps,"[""cleanliness"", ""ambiance"", ""service""]","{""cleanliness"": ""positive"", ""ambiance"": ""positive"", ""service"": ""negative""}"
290,منكم لله جالنا تسمم انا و اخويه و صاحبي بسبب اكلكم حسبي الله و نعم الوكيل فيكم و في الي بتاكلوه للناش,1,قبل يوم واحد,حضرموت عنتر فرع القاهرة الجديدة,مطعم مأكولات مشوية,google_maps,"[""food""]","{""food"": ""negative""}"
6299,هي فين المطاعم انا مش لاقي اي مطعم غير خمسه سته الي شغالين والباقي حدث خطأ حدث خطأ,1,2025-07-18 00:00:00,Elmenus,food_delivery,play_store,"[""app_experience""]","{""app_experience"": ""negative""}"
9559,دقه,5,2026-01-26 00:00:00,Wego,travel,play_store,"[""none""]","{""none"": ""neutral""}"
3047,ممتاز جداً,5,قبل شهرين,سوبر ماركت مؤمن و بشار المحكمة,سوبرماركت,google_maps,"[""general""]","{""general"": ""positive""}"
492,مقبول,3,قبل أسبوع,Mirage Outlet Mall,منفذ بيع بالتجزئة,google_maps,"[""general""]","{""general"": ""neutral""}"
801,كنت أمس في المنوفي الكبابجي في زايد الخدمة والأكل ممتازه وطعم اللحمه رغم أننا في رمضان كانت رائعة تجربة جميلة وتتكرر,5,قبل 5 أيام,المنوفي الكبابجي - كامل المنوفي فرع الشيخ زايد,مطعم مأكولات مشوية,google_maps,"[""service"", ""food""]","{""service"": ""positive"", ""food"": ""positive""}"
5059,"تجربة بشعة بشعة بشعة، كنت رايحه اعمل حشو خلوني ادخل لدكتورة اطفال و مع اني قبل الحشو مكانش عندي اي الم في الضروس الي اتحشت بعد الحشو بتاعها مبقيتش اقدر اكل عليهم خالص ووجع طول الوقت، ده غير ان الحشو عالي مع اني قولت كذا مره انه عالي وقالتلي خلاص ظبطته وانا سكتت وقولت يمكن مش حاسه من البنج.
المفروض انهم اغلي من السعر الطبيعي وتوقعت يكون قي كواليتي في الشغل او الي مشغلينهم بس بجد حرام فيهم الفلوس",1,تاريخ التعديل: قبل شهر,عيادات الفارابي - Al- Farabi Clinics,طبيب أسنان,google_maps,"[""service"", ""food"", ""price""]","{""service"": ""negative"", ""food"": ""negative"", ""price"": ""negative""}"
3752,"اوحش و اسوأ تجربة اوبن بوفيه في رمضان عشتها في حياتي
خدمة زي الزفت
موقفين ويترز يغرفو للناس بمعلقة الاكل
و مزنقين الترابيزات في بعض لا عارفين نقوم و لا نقعد
الشوك و المعالق مجتش غير بعد ما طلبناها ١٠ مرات
البوفيه متفتحش لحد بعد الاذان ب ١٠ ق
و اصناف المحاشي و الرز بايتة و الطعم زي الزفت
و كله كوم و الحلويات الشرقية كوم
حاطين بالظبط طبقين صغيرين للناس كلها تقريبا تلت اربع الناس مخدتش اصلا
و كل الزفت ده ب ١٠٠٠ جنيه!!
والله ما ادفع فيه ١٠٠ جنيه حتى

نصيحة لوجه الله ابعدو عن المكان ده",1,قبل أسبوع,sarayi resturant,مطعم مأكولات تركية,google_maps,"[""food"", ""service"", ""ambiance"", ""price""]","{""food"": ""negative"", ""service"": ""negative"", ""ambiance"": ""negative"", ""price"": ""negative""}"
8006,حملت التطبيق من مستر بيست امنيتي ان اخذ اجازة في امريكا,5,2024-08-02 00:00:00,Shop,ecommerce,play_store,"[""app_experience""]","{""app_experience"": ""neutral""}"
8421,افضل موقع في تخصصه ودائما استرشد به في تقييم قيمة العقار والنصائح عند الشراء والبيع وايضا من افضل المواقع التي تقدم نصائح للبائع والمشتري .... أيضا القائمين عليه ناس محترمة جدا اشكركم وجزاكم الله خيرا,5,2023-06-01 00:00:00,Aqarmap,real_estate,play_store,"[""service""]","{""service"": ""positive""}"
9700,شكراً لكم على جهودكم,5,2026-03-06 00:00:00,Booking,travel,play_store,"[""general""]","{""general"": ""positive""}"
9727,روعة,5,2026-02-27 00:00:00,Booking,travel,play_store,"[""general""]","{""general"": ""positive""}"
4601,العياده نضيفه ومريحه والسكرتاريه متعاونه ودكتور مها مستمعه جيده,5,قبل شهر,Gastrocare Clinic New Cairo - عيادات جستروكير,مركز طبي,google_maps,"[""cleanliness"", ""ambiance"", ""service""]","{""cleanliness"": ""positive"", ""ambiance"": ""positive"", ""service"": ""positive""}"
7269,منتجات كويسه و خدمه توصيل كويسه و اسعار ارخص من جوميا و امازون,5,2026-03-07 00:00:00,Noon,ecommerce,play_store,"[""food"", ""delivery"", ""price""]","{""food"": ""positive"", ""delivery"": ""positive"", ""price"": ""positive""}"
4882,المستشفى نضيفة والطاقم الطبي محترمين كويسين,4,قبل شهر,مستشفى مصر الجديدة التخصصي,مستشفى,google_maps,"[""cleanliness"", ""service""]","{""cleanliness"": ""positive"", ""service"": ""positive""}"
5459,"سويت عندهم ابر بلازما مع دكتورة شيماء ووالدي اجرى زراعة اسنان عندهم مركز اكثر من رائع من جميع الجوانب

انصح بالمركز بشكل عام",5,قبل 8 أشهر,عيادات تمازج التخصصية ومركز تمازج الجراحي ومختبر تمازج الطبي,عيادة متخصصة,google_maps,"[""general""]","{""general"": ""positive""}"
8087,تم حذذذذف التطبيق,1,2021-11-11 00:00:00,Shop,ecommerce,play_store,"[""app_experience""]","{""app_experience"": ""negative""}"
5540,من افضل واحسن الصيدليات بجمهورية مصر العربية تعامل أمثل وتوافر معظم الأدوية بالصيدالية,5,قبل 6 أشهر,صيدليات دوس,صيدلية,google_maps,"[""service""]","{""service"": ""positive""}"
2198,ماركت حلويات ومكسرات محترم جوده عاليه,5,قبل أسبوعين,سوريا ماركت البان اجبان حلويات,متجر بقالة,google_maps,"[ ""food""]","{""food"": ""positive""}"
6647,ياخذون فلوس اكثر من يلي محدده بالتطبيق,1,2026-02-15 00:00:00,Careem,transport,play_store,"[""price"", ""app_experience""]","{""price"": ""negative"", ""app_experience"": ""negative""}"
2140,للامانه المطعم لذيذ جدا و لفل عالي بالاكل يشهد الله و الاخ شيكو ماقصر على الاستقبال و الحفاوه و خدمنا اول باول و الميزه الوحيده انو الاكل نزل مع بعض و ساخن جدا اول مره اشوف مطعم بالنقطه ذي صراحه شكرا من القلب وشكر خاص لشيكو💙💙,5,قبل شهر,Willows,مطعم,google_maps,"[""food"", ""service"", ""delivery""]","{""food"": ""positive"", ""service"": ""positive"", ""delivery"": ""positive""}"
8039,إن نزلت البرنامج من مستر بيست واتمنى ان اكون لدي ايباد هديه من مستر بيست بليز بليز يدعم اللعاب الحديثه واتمني اكون في مسابقه,5,2023-12-23 00:00:00,Shop,ecommerce,play_store,"[""none""]","{""none"": ""neutral""}"
7385,ياريت الاوردرات تتجمع ع بعض وتوصل وقت واحد يكون افضل بكتير من أن كل يوم استلم حاجه ويكون هوا اوردر واحد,5,2026-03-10 00:00:00,Jumia,ecommerce,play_store,"[""delivery""]","{""delivery"": ""negative""}"
5687,"المستشفى اليوناني
مستشفى جميل وراق وهادئ
يسهرون على راحة المرضى
الأسعار متوسطة وإن كانت مرتفعة إلى حد ما ولكن مقارنة ببقية المستشفيات فهي مناسبة
تحتاج لمزيد من الاهتمام والرعاية من قبل إدارتها
المستشفى يتبع طائفة الروم الأرثوذكس
ولذلك فهو دائما نظيف وهادئ
يستقبلون جميع المرضى في أي وقت على مدار ٢٤ ساعة",3,تاريخ التعديل: قبل 4 سنوات,المستشفي اليوناني بالقاهرة,مستشفى,google_maps,"[""ambiance"", ""service"", ""price"", ""cleanliness""]","{""ambiance"": ""positive"", ""service"": ""positive"", ""price"": ""neutral"", ""cleanliness"": ""positive""}"
6215,"حابة أضيف رأيى في عيادة دكتورة مى السادات للجراحة حقيقي دكتورة جميلة قلبا و قالباً
ربنا مديها قبول وطيبة
بحب اهتمامها وحبها و ده حصل لما وقت العمليه بتاعتى كانت بتطمن عليا كل شوية
وجابلتى شكولاته و طمنتنى
حقيقى ربنا يباركلها و ينفع بيها",5,تاريخ التعديل: قبل 4 أشهر,العيادة al3yada,عيادة طبية,google_maps,"[""service""]","{""service"": ""positive""}"
6627,تطبيق فاشل لما الكابتن يلغي الرحلة عشان معرفش يوصل لمكان العميل ويقرر يحسب المبلغ علي العميل من دون العميل ما ياخد الرحلة يبقي دي سرقة,1,2026-02-20 00:00:00,Careem,transport,play_store,"[""app_experience"", ""service"", ""price""]","{""app_experience"": ""negative"", ""service"": ""negative"", ""price"": ""negative""}"
1583,ذهبت لشراء من الحسين ومرينا على فرحات وطلبنا حمام محشي وطرب وكفته وحووشي  وسلطة للامانة كانت لذيذة بس المكان مره صغير يعنى محل قديم جدا له زبائنه الدين يبحثون على الطعم وليس شكل المكان وعلى فكرة المكان مليء بالقطط الي تخاف من القطط تكون حذرة,5,قبل شهرين,كبابجي الأزهر فرحات قسم الجمالية,مطعم مأكولات مشوية,google_maps,"[""food"", ""ambiance"", ""cleanliness""]","{""food"": ""positive"", ""ambiance"": ""negative"", ""cleanliness"": ""negative""}"
8963,ممتاز جدا جدا ورائع جدا ورائع جدا,5,2026-01-08 00:00:00,Anghami,entertainment,play_store,"[""general""]","{""general"": ""positive""}"
4994,"ملابس عصيرية وتشكيل مختلف يناسب كل الازواق
وخامات رائعه  وعروض حقيقية
منتجات
قيص
بنطلون
تي شيرت
جواكت جينز",5,قبل سنة,كازارى,متجر ملابس رجالي,google_maps,"[""service"", ""price""]","{""service"": ""positive"", ""price"": ""positive""}"
252,"الاجواء جميله للغاية
الطعام كنت أتوقعه أفضل لكنه عادي جداً لا يرتقي للمتوسط",3,قبل 5 أيام,كرم الشام,مطعم وجبات سريعة,google_maps,"[""ambiance"", ""food""]","{""ambiance"": ""positive"", ""food"": ""negative""}"
6259,تمام,5,2025-11-11 00:00:00,Elmenus,food_delivery,play_store,"[""general""]","{""general"": ""positive""}"
5099,"من أفضل و ارقى مطاعم البيتزا اللي جربتها الصراحه المحل من اول الكول سنتر عندهم لحد الخدمه و المطعم و كل شيء كل  التعاملات كانت بشكل محترم بشكل كامل الصراحه
جربت البيتزا التشيز لافر من عندهم
و فراخ باربكيز
و فراخ رانش من أفضل الكوالتي المحترمه للأكل اللي ممكن تطلبها
انا طول حياتي بطلب من بابا جونز لكن من ساعه ما جربت مستر بيتزا و انا مبسوط جدا من الخدمة و الاحترام",5,قبل شهر,مستر بيتزا Mr pizza,مطعم بيتزا,google_maps,"[""food"", ""service""]","{""food"": ""positive"", ""service"": ""positive""}"
9489,جميل جدا وسريع,5,2026-02-14 00:00:00,Wego,travel,play_store,"[""general""]","{""general"": ""positive""}"
3363,ما انصح اي سعودي يروح له,1,قبل شهر,بهية المهندسين,مطعم أطباق اللحوم,google_maps,"[""general""]","{""general"": ""negative""}"
3983,اوتيل جميل بس مشكلته قديم موقعه حلو مقابل النيل في مصر القديمة التيم تبع الاوتيل كويسين مره  كتعامل,2,قبل شهر,Nile View Inn,فندق,google_maps,"[ ""ambiance"", ""service""]","{""ambiance"": ""positive"", ""service"": ""positive""}"
5798,"الله يكرمك تركيبات عظيمة مرة وحشوات ليزر لغلق الفراغات فى وقت مرة صغير
كل الاسرة باذن الله المرة القادمة",5,قبل سنة,عيادة دكتورة نهى يس عبد الرحمن,عِيادة أسنان,google_maps,"[""service""]","{""service"": ""positive""}"
819,لا انصح باكل الشاورما لحظة اكثر من مطاعم عامل الشاورما غير نظيف من مستوى الصحه والسلامة صفر اما يدخن 🚬او يضع يده في امكان 🦠🦠تكثر الجراثيم,1,قبل شهر,مطعم ابو يوسف السورى,مطعم مأكولات سورية,google_maps,"[""food"", ""cleanliness""]","{""food"": ""negative"", ""cleanliness"": ""negative""}"
8272,بعد التحديس البرنامج لا يعمل تحديس فاشل,1,2025-02-18 00:00:00,Aqarmap,real_estate,play_store,"[""app_experience""]","{""app_experience"": ""negative""}"
6638,مش قادره احدد سعر الرحله التقريبي قبل تأكيد الرحله,1,2026-02-17 00:00:00,Careem,transport,play_store,"[""app_experience""]","{""app_experience"": ""negative""}"
5028,"أجمد سندوتش مكس فلافل بطاطس سوري مع تومية وتومية سبايسي + سماش ع الجريل✨
Highly recommend",5,قبل 6 أشهر,التاج السوري,مطعم مأكولات سورية,google_maps,"[""food""]","{""food"": ""positive""}"
6263,انتوا ليه متخيلين ان الناس مورهاش غير الابلكيشن!! احنا بنستخدم ابلكيشن للطلب علشان نختصر الوقت والمفروض نوفر فلوس لكن كل حاجة مش شغالة وجرب كمان شوية! ده اسمه ايه؟! حتى استخدام اكواد الخصم نفس الكلام . واضح ان حتى العروض وهمية 👎👎 خسارة الوقت اللي ضاع,1,2025-11-05 00:00:00,Elmenus,food_delivery,play_store,"[""app_experience"", ""price""]","{""app_experience"": ""negative"", ""price"": ""negative""}"
5200,"نصيحه لوجه الله يابنات لحد يصبغ عندهم نهائيا
صبغت عندهم وطلع اكثر من لون ولا عرفو يعدلو اللون وخرب شعري ونكدو علي سفرتي .. حسبي الله ونعم الوكيل فيهم",1,قبل سنة,Jacques Moreno,صالون تجميل,google_maps,"[""service""]","{""service"": ""negative""}"
5301,"مفيش مصداقية نهائى بتصل بيهم بسأل على أنسولين نوفو رابيد حد قالى موجود وقالى على سعره لسه هاطلبه واقوله يجيبه عمل نفسه مش سامعنى وقعد يقول الو وفى الأخر قفل فى وشى اتصلت تانى بيهم واحد رد عليا قالى مش موجود قولتله ازاى لسه زميلك قالى انه موجود قالى لا مش موجود وحسبي الله ونعم الوكيل بيخبوا العلاج من الناس

تعديل للمصداقية بعدها حد تواصل معايا من خدمة العملاء وحكتلهم على إلى حصل وتواصلوا مع الفرع وقالولى موجود بس هتاخدى خرطوشة واحده عشان هو ناقص قلتلهم تمام حولوني على الفرع الفرع قالى متاح علبة وده اكسيبشن لحضرتك عشان تنورينا بالأتصال تانى وقولتلهم تمام وبعتوهالى وكانت محفوظة بشكل كويس عشان ميفسدش ده كل إلى حصل للأمانة",1,تاريخ التعديل: قبل سنة,صيدليات دلمار وعطا الله فرع 26 يوليو,صيدلية,google_maps,"[""service""]","{""service"": ""positive""}"
3872,حاجة تقرف من اول الأمن كل شوية يقلك شوفني و الشاي بتاعنا بكل بحاجة تحس ان انت بتعدي ع كارتة بتاع الاسانسير قمة المتناحة الاستفزاز عايز ياخد منك اي حاجة عافية وياريت الاسانسير شغال عدل بنزل 10 ادوار ع رجلي علشان مفيش اسانسير بيطلع ياخدك طفي سجاير و زبالة فكل حتة وياريت حد بينضف عدل دة كلو كروتة اي حاجة وزعيق وصوت عالي كأنهم بيخسلو السجاد فحوش بيتهم بيسيبو الزبالة تلم حشرات و القطط الحشرات فكل حتة حاجة زفت التمريض محتاج ضمير شوية تحس ان الناس اللي شغالة جايين يقضو الكام ساعة بتوع الشيفت و يتكلو ع الله مفيش اهتمام ب المريض ف العناية قاعدين و سايبنها  عالله واللي يولع يولع و ينامو بليل منصحش حد بيها بجد,1,تاريخ التعديل: قبل 5 أشهر,مستشفى باب الشعرية,مستشفى,google_maps,"[""service"", ""cleanliness"", ""ambiance""]","{""service"": ""negative"", ""cleanliness"": ""negative"", ""ambiance"": ""negative""}"
2106,من اسوا المطاعم اللي اتعملت من حيث الخدمه والتوصيل وسياسه المطعم غبيه جدا يعني ايه لازم تدفع ديبوزت عشان ياكدولك الاورد حاجات متخلفه,1,قبل 3 أسابيع,صاج وشاورما,مطعم شاورما,google_maps,"[""service"", ""delivery""]","{""service"": ""negative"", ""delivery"": ""negative""}"
4025,رائع,1,قبل سنة,سوبرماركت الخليل,سوبرماركت,google_maps,"[""general""]","{""general"": ""positive""}"
4616,"المكان سيى جدا تجربه سيئه
و الله واللذي نفسي بيده
كان في الطحينه شعر راس
و ف البطاطس شعر راس  الله وحده  العالم هو قاصد او لا هذي بذمته
يعني ممكن تكون حركة تطفيش من المكان لان الشعر كان وااااضح في الطحينه
و تعاملهم سيى مع الخليجين وبالذات العائله المحجبات و لا احترام و لا تقدر ويتكلمو مع الشخص بالتعالي وشوفة النفس",1,قبل 8 أشهر,Samakmak Restaurant - 6th of October Branch,مطعم مأكولات بحرية,google_maps,"[""food"", ""cleanliness"", ""service"", ""ambiance""]","{""food"": ""negative"", ""cleanliness"": ""negative"", ""service"": ""negative"", ""ambiance"": ""negative""}"
4341,شكر خاص للمبدع عز على الصبغة والويفي الخوراااافي وتعامل جوزيف الراقي مصداقية وجودة شغل ومتابعة اول بأول وشكر لجميع فريق بيلا من مساعدين وادارة ومصففين يستحق الزيارة الف مرة بكل صدق افضل صالون بالقاهرة 👏👏👏👏👏👏,5,قبل شهرين,Bella salon zamalek,صالون تجميل,google_maps,"[""service""]","{""service"": ""positive""}"
2562,تجربة حلوة جدّا ، المكان خيالي من أحسن المطاعم الي رحناها ، مكان رمنسي و هادئ و خلى زيارتنا لمصر أحلى عشان فيه view روعة بتطل على كامل القاهرة 💙,5,قبل شهرين,المطعم الدوار,مطعم,google_maps,"[""ambiance""]","{""ambiance"": ""positive""}"
3195,شكرا علي الاهتمام والرعاية بي الاطفال,5,قبل 3 أسابيع,مستشفى الجنزوري التخصصي,مستشفى,google_maps,"[""service""]","{""service"": ""positive""}"
2852,الخدمه واداره المكان سئ  مره وقليل الذوق يجب ان يعملون البنات والولاد سوا بعض لكن الاولاد يدفعون حد ادني للطلب لا انصح به,1,قبل أسبوعين,مطعم وكافيه نعومي,مطعم,google_maps,"[""service"", ""ambiance"", ""price""]","{""service"": ""negative"", ""ambiance"": ""negative"", ""price"": ""negative""}"
7436,افشل تسوق لم تصلني فواتير ضريبيه للأجهزة بعد طلبها عن طريق from الخاص بكم كل مرة سوف تصل بعد ثلاثه ايام ولم تصل منذة شهر الجهاز ظهر به عيوب صناعه خدمه ما بعد البيع ؟ بجد افشل شركة واضح بضاعه درجه٣٣٣ انتم شويه نصابين فين الفواتير الضريبيه يا افشل شركة ٣ شهور التحايل نصابين بجد اسوء تجربة,1,2026-02-21 00:00:00,Jumia,ecommerce,play_store,"[""delivery"", ""app_experience"", ""service"", ""food""]","{""delivery"": ""negative"", ""app_experience"": ""negative"", ""service"": ""negative"", ""food"": ""neutral""}"
1131,فطرنا ف المكان وكان حلو والمعاملة لطيفة جدا والstuff هايل,5,قبل شهر,بيسترو مدينة نصر,مطعم مأكولات إيطالية,google_maps,"[""food"", ""service""]","{""food"": ""positive"", ""service"": ""positive""}"
3159,"للأمانه الاكل كان نظيف وطعمه عادى جداً  فى مطاعم كتير افضل منه بمراحل القعده بسيطه فى الشارع بس الشي اللى فعلاً مستغربله الاسعار مبالغ فيها وملهاش علاقه بالواقع وبيحسبها بالبركه كده الاجنبى بسعر والخليجى بسعر وحتى المصرى بسعر غالى يعنى مثلاً ٣ فول و٣ بيض و٢ بطاطس وجبنه ب ٥٠٠ جنيه مره تانيه تبقى بى ٤٢٠ وهكذا الحقيقه ان ده استغلال وفهلوهه فراغه بستغرب جداً عدم الامانه اللى عند الناس ده فى اكله المفروض انها مصنفه بتاعت الناس البسيطه تجربه مش هتتكرر لو عايز نصحيتى عدى الناحيه التانيه عندك الجحش او بشندى او اى عربيه فول هتتبسط اكتر

Overpriced and inconsistent pricing – Better options nearby!
""To be honest, while the food was clean, the taste was very average and didn't live up to the hype. The seating is very basic (street-side), which doesn't justify the extravagant and inconsistent prices.
The biggest issue is the lack of integrity in billing; they seem to charge 'by the look' or nationality—one price for foreigners, another for Gulf tourists, and even the price for Egyptians is way above market standards. Charging 500 EGP for a simple breakfast of beans (Foul), eggs, and potatoes is pure exploitation.
If you want an authentic, delicious, and fairly priced Egyptian breakfast, I highly recommend going to Al Gahsh (الجحش) or Bashandi (بشندي). They offer much better quality, better taste, and most importantly, honest pricing for everyone. Don't waste your money here.""",1,قبل شهرين,فول محروس,مطعم فلافل,google_maps,"[""food"", ""ambiance"", ""price"", ""service""]","{""food"": ""neutral"", ""ambiance"": ""negative"", ""price"": ""negative"", ""service"": ""negative""}"
9986,بصراحه تطبيق بطل لايمكن الاستغناء عنه انصح الجميع بتجربته,5,2025-11-29 00:00:00,Booking,travel,play_store,"[""app_experience""]","{""app_experience"": ""positive""}"
4975,دكتور صلاح  رائع بكل معنى الكلمة عملت عندو فينير  والنتيجة  طبيعية وبكل امانة شغله نظيف ودقيق  جدا  شكرا ع الابتسامة الحلوة  🥰,5,قبل 3 أشهر,Glossy smile Dental Clinic Syrian alrehab,عِيادة أسنان,google_maps,"[""service"", ""food""]","{""service"": ""positive"", ""food"": ""neutral""}"
4883,"اوسخ خدمه طبيه ممكن تحصل عليها
ماعندهمش اشعه مقطعيه
ولا استشاريين حاضرين
بيطلبوهم بالتليفون من مستشفيات تانيه يجولك بعد ساعات و يرموك في الزباله مجرد ما تمضي خروج",1,قبل شهر,مستشفى مصر الجديدة التخصصي,مستشفى,google_maps,"[""service""]","{""service"": ""negative""}"
8379,"بعد التحديث اصبح لايعمل نهائي ولا استطيع الدخول كان صرحا"" فهوى 😕",1,2024-03-25 00:00:00,Aqarmap,real_estate,play_store,"[""app_experience""]","{""app_experience"": ""negative""}"
5182,"عيادة سيئة للغاية إذا عرفوا انك خليجي يبدأون يلفون ويدورون بخصوص الاسعار يلعبون فيها
وشغلهم عادي جداً جداً زيهم زي اي عيادة ثانيه",1,قبل شهرين,Hayat Dental Clinic New Cairo,عِيادة أسنان,google_maps,"[""price"", ""service""]","{""price"": ""negative"", ""service"": ""negative""}"
8890,جميل جدا بجد نزل مفيش تفكر جيدا 💞♥️😝,5,2026-01-19 00:00:00,Anghami,entertainment,play_store,"[""general""]","{""general"": ""positive""}"
3948,مع اني مش بحب الانتظار عند دكاتره الاسنان بس انا بحب العياده,5,قبل 6 أشهر,دكتور فادى رياض,عِيادة أسنان,google_maps,"[""ambiance"", ""service""]","{""ambiance"": ""positive"", ""service"": ""negative""}"
5065,دكتور أحمد من أفضل الأطباء اللي تعاملت معهم. أسلوبه راقٍ جدًا، محترم، ويهتم بالمريض من أول زيارة. يشرح الحالة بطريقة واضحة وبسيطة، ويعطيك إحساس بالراحة والثقة. واضح عليه الإخلاص في عمله وحبه لمهنته. أنصح فيه وبقوة، جزاه الله كل خير,5,قبل شهر,عيادات الفارابي - Al- Farabi Clinics,طبيب أسنان,google_maps,"[""general""]","{""general"": ""positive""}"
4455,القمر رانيا عملت لي احلا فرنش واحلا اطافر ، جميله جذا واسلوبهم جميل كل الموظفات مريم وخوخه ورانيا افضل ستف,5,قبل شهرين,Sand salon,صالون تجميل,google_maps,"[""service"", ""ambiance""]","{""service"": ""positive"", ""ambiance"": ""positive""}"
6752,من الساعه 1.10 للساعه 4.5 وماوصل الطلب وهو كله 6 ساندويتشات والمسافه بالسياره 10 دقايق انا رح احذف التطبيق نهائيا,1,2026-02-01 00:00:00,Careem,transport,play_store,"[""delivery"", ""app_experience""]","{""delivery"": ""negative"", ""app_experience"": ""negative""}"
563,"لسه قبل امس طالبه شاورما فراخ وبطاطس سوري ومن يومها حرارتي ٣٨ + vomiting & diarrhea
حسبي الله ونعم الوكيل",1,قبل شهر,(مطعم انس الدمشقى),مطعم مأكولات سورية,google_maps,"[""food""]","{""food"": ""negative""}"
4452,اخدت موعد ميك اب عندهم من قبل اسبوع واتفقت مع صاحبه الصالون واكدت عليها قبل بيوم وللاسف رحت وقعدت ساعتين ونص الين جابت لي ارتست,2,قبل شهرين,Sand salon,صالون تجميل,google_maps,"[""service""]","{""service"": ""negative""}"
2486,مكان يتجمع فيه الكثير من تجار الملابس والبيع باسعار معقوله ويحتوى علي فات وانواع مختلفه من الملابس والمفروشات  وقريب من المواصلات والطريق العام كرنيش النيل,2,قبل سنتين,El Wekala . -. براندز,متجر ملابس,google_maps,"[""price"", ""ambiance""]","{""price"": ""positive"", ""ambiance"": ""positive""}"
4929,صالون ولا علطه,5,قبل 3 أشهر,Tony Beauty Lounge,مصفف الشعر,google_maps,"[""general""]","{""general"": ""positive""}"
4949,"تجربتي مع المركز كانت مع ابني كان بيعمل تقويم
وكانت المعامله ممتازه من اول الرسبشن للتمريض لدكاتره بصراحه خدمه وزوق وكرم فوق الوصف",5,قبل 6 أشهر,عيادات العبد للأسنان,عِيادة أسنان,google_maps,"[""service""]","{""service"": ""positive""}"
6397,بقى زباله اوى الصراحه فى الاول كان كويس انما مشاكلهم كترت والله ماتستحقوا حتى نجمه خساره فيكم,1,2024-06-30 00:00:00,Elmenus,food_delivery,play_store,"[""general""]","{""general"": ""negative""}"
6169,البنملنزان,5,قبل 7 سنوات,صيدلية ولى العهد,صيدلية,google_maps,"[""none""]","{""none"": ""neutral""}"
6118,احسن مطعم في العالم,5,تاريخ التعديل: قبل 6 سنوات,مطعم الفول والطعمية,مطعم,google_maps,"[""general""]","{""general"": ""positive""}"
3795,الاكل لذيذه للغايه ومطعم نظيف وجميل لاتفوت الفرصه وكل عنده,5,قبل شهر,حاتى أبو خالد,مطعم مأكولات مشوية,google_maps,"[""food"", ""cleanliness"", ""ambiance""]","{""food"": ""positive"", ""cleanliness"": ""positive"", ""ambiance"": ""positive""}"
3996,جولدن مان هاوس محلات جيدة,5,قبل شهرين,جولدن مان هاوس,متجر ملابس,google_maps,"[""general""]","{""general"": ""positive""}"
4419,"كل الطاقم ابتداء من الاستقبال ترحيب وبشاشة واحترام  فيه مساج جميل للشعر والبشرة باسترخاء
وتنظيف البشره العميق جميل جدا
تسلم الايادي",5,قبل 3 أشهر,MOSCOW COLORS BEAUTY LOUNGE & SPA,صالون تجميل,google_maps,"[""service"", ""ambiance""]","{""service"": ""positive"", ""ambiance"": ""positive""}"
8009,ياجماهة شو قصة التطبيق,5,2024-06-03 00:00:00,Shop,ecommerce,play_store,"[""app_experience""]","{""app_experience"": ""negative""}"
8213,اخبل روووووعة  حلو جنن,3,2014-04-15 00:00:00,OLX,ecommerce,play_store,"[""general""]","{""general"": ""positive""}"
8353,البرنامج اصبح فاشل لان انتم التطور عندكم تدهور كان شغال وحلو بس طورتوه خربتو البرنامج كله ياريت تشغلو ناس بتفهم وبلاش المطورين اللي بتجبوهم من تحت السلام والبرنامج اصبح مايستاهل ولا نجمه,1,2024-04-15 00:00:00,Aqarmap,real_estate,play_store,"[""app_experience""]","{""app_experience"": ""negative""}"
3776,اسوء مستشفى من ناحية النظافة ومستشفى استغلالية,1,قبل 9 أشهر,المستشفى القبطي بالقاهرة,مستشفى خاصة,google_maps,"[""cleanliness"", ""price""]","{""cleanliness"": ""negative"", ""price"": ""negative""}"
715,"المشويات (اللي طلبته كفتة وريش ضاني) عادية والكفتة كان فيها عضم!
الممبار سئ جدا ومش طازة أبداً
محشي ورق العنب بالكوارع ، المحشي كويس ومش معجن لكن الكوارع كان فيها عضم!
الفتة عادية والصلصة بتاعتها صلصة مكرونة مش صلصة فتة أبداً!
الطحينة والتومية والكلوسلو كانوا ممتازين الحقيقة",1,قبل أسبوعين,قصر الكبابجي,مطعم مأكولات مصرية,google_maps,"[""food""]","{""food"": ""neutral""}"
9816,شكر ا بوكنق من خلال بوكنق حصدت الكثير من الخصومات والعديد من الترقيات وحصلت على وجبات مجانا ، الجميل أن صور الفندق ومكوناته كانت مطابقة بالفعل للواقع ، تشرفت بأني أحد الأعضاء المتميزين في بوكنق,5,2026-01-23 00:00:00,Booking,travel,play_store,"[""price"", ""app_experience""]","{""price"": ""positive"", ""app_experience"": ""positive""}"
8539,ليس مجدى,1,2021-11-11 00:00:00,Aqarmap,real_estate,play_store,"[""general""]","{""general"": ""negative""}"
3608,السعر لا يناسب الكميه بالنسبه الشاورما.,3,قبل 8 أشهر,ابوحسن السوري,مطعم شاورما,google_maps,"[""price"", ""food""]","{""price"": ""negative"", ""food"": ""negative""}"
6385,ابلكيشن نصاب و زباله اسوء ابلكيشن توصيل ف مصر كلها,1,2024-07-19 00:00:00,Elmenus,food_delivery,play_store,"[""app_experience""]","{""app_experience"": ""negative""}"
5780,احسن جيم ف المنطقه ، و كابتن عبد الله قمه الاحترام و الذوق و من افضل الناس ال هتساعدك جدا تطور من ادائك و عنده المعلومات الكفايه و الزياده ال تخليك تكون فورمه، طبعا الاجهزه نضيفه و جديده و هتلاقي كل ال محتاجه موجود,5,قبل سنتين,Egyptian muscle,صالة رياضة,google_maps,"[ ""service"", ""cleanliness"", ""ambiance""]","{""service"": ""positive"", ""cleanliness"": ""positive"", ""ambiance"": ""positive""}"
3164,"سمارت چيم من احلى الاماكن نظيف ومرتب وعلى مستوى من الروعه طاقة ايجابية مليانة والالات ممتازة واماكن السونا والچاكوزي والبخار مع قسم المساچ على يد محترفة
والبنات من اول الرسبشن لحد المدربات كلهم ممتازين وطبعا بنات بس 🥰🥰🥰",5,قبل شهرين,سمارت جيم,صالة رياضة,google_maps,"[""cleanliness"", ""ambiance"", ""service""]","{""cleanliness"": ""positive"", ""ambiance"": ""positive"", ""service"": ""positive""}"
3071,"الدكاتره كلهم ممتازين بجد.و بشكر جدا دكتور عمر مرسي الله يباركله يارب .و الحسابات و الاستقبال❤️
و خاصه طقم التمريض الدور الرابع الله يبارك لهم و بالاخص اذكر ( محمد و دعاء و صبري ) ...",4,قبل يومين (2),مستشفى الزهيري,مستشفى,google_maps,"[""service""]","{""service"": ""positive""}"
9718,تطبيق جميل ممتاز جدا جدا,5,2026-03-01 00:00:00,Booking,travel,play_store,"[""app_experience""]","{""app_experience"": ""positive""}"
2003,يتوه الواحد بس ومستخدم اسم لمطعم اخر في اللوكيش ليه الحركه دي بس ؟,1,قبل شهر,الجناني الدمشقي,مطعم مأكولات سورية,google_maps,"[""app_experience""]","{""app_experience"": ""negative""}"
1264,ده اوحش سحوور اتسحرتوا فى حياتى بجد وحش بطريقة مش طبيعية فول من غير ملح وبطاطس زيتها يقرف🤮,1,قبل يوم واحد,فول وحيد العظيم,مطعم للإفطار,google_maps,"[""food""]","{""food"": ""negative""}"
425,طالما جاد كان متميزاً في اكلاته,5,قبل أسبوعين,Gad,مطعم مأكولات مصرية,google_maps,"[""food""]","{""food"": ""positive""}"
7688,والله اني دفعت حق التوصيل السريع ووصل المندوب عند الباب وماوصلني رمز الotp وسحب علي وخدمة العملاء مافيه اسوء منهم بس يتعذرون بدون اي حلول واذا طفش منك حولك على موظف اخر وهاكذا بالساعات لا حل ولا تعويض ولاهم يحزنون,1,2026-03-11 00:00:00,Amazon,ecommerce,play_store,"[""delivery"", ""service"", ""price""]","{""delivery"": ""negative"", ""service"": ""negative"", ""price"": ""negative""}"
5219,سعر الكابتن اوفر جدا والموظفين ليس لديهم صلاحية فقط بنفذ تعليمات,5,قبل 4 أشهر,Force Gym,صالة رياضة,google_maps,"[""price"", ""service""]","{""price"": ""negative"", ""service"": ""negative""}"
1971,"زرت مطعم بيت لحم مؤخرًا وكانت تجربة مميزة جدًا تستحق التقييم. المكان معروف بتقديم المشويات والأكلات الشرقية بطابع مميز، والحقيقة إن التجربة كانت أفضل من المتوقع من حيث الطعم وجودة المكونات وحسن الاستقبال.
أول ما تدخل المكان هتحس بأجواء دافئة ومريحة، مناسبة جدًا للعائلات والتجمعات. القعدة منظمة ومريحة، وفي اهتمام واضح بالنظافة وترتيب الطاولات. المكان مناسب سواء لعزومة عائلية أو خروجة مع الأصدقاء، وبيوفر مساحة كويسة تدي إحساس بالراحة.
بالنسبة للأكل، المشويات هي نقطة القوة الأساسية. اللحوم متبّلة كويس جدًا وطعمها متوازن، والتسوية مظبوطة من غير ما تكون ناشفة أو محروقة. الكباب والكفتة كانوا طريين وطعمهم واضح فيه جودة اللحمة نفسها. كمان الفراخ المشوية كانت متسوية كويس وبتتبيلة لذيذة.
الأرز والمقبلات كانوا مكملين التجربة بشكل جميل. السلطات طازة ومتنوعة، والطحينة بطعم مضبوط. واضح إن في اهتمام بالتفاصيل مش بس في الطبق الرئيسي لكن في كل حاجة بتتقدم على الترابيزة.
الخدمة كانت سريعة نسبيًا، والطاقم متعاون وبيحاول يلبّي الطلبات باحترام. وده عنصر مهم جدًا لأن التعامل الجيد بيخلّي التجربة أحسن بكتير. وقت الانتظار كان معقول، خصوصًا مع جودة الأكل اللي بيتقدم.
الأسعار مقارنة بالجودة والكمية تعتبر مناسبة، خصوصًا لو رايح مع مجموعة. المكان بيقدم قيمة كويسة مقابل السعر، وده يخليه اختيار مناسب للعزومات.
بشكل عام، بيت لحم مكان أنصح بيه لأي حد بيدوّر على مشويات بطعم حقيقي وأجواء مناسبة للعائلة. تجربة إيجابية تستحق التكرار، ومكان واضح إنه محافظ على مستوى ثابت في الجودة",5,قبل أسبوع,بيت لحم Beet Lahm,مطعم,google_maps,"[""food"", ""ambiance"", ""cleanliness"", ""service"", ""price""]","{""food"": ""positive"", ""ambiance"": ""positive"", ""cleanliness"": ""positive"", ""service"": ""positive"", ""price"": ""positive""}"
1811,المكان و الخدمه و الأكل و الفقرات روعه,5,قبل شهر,اندريا ممفيس المعادي - Andrea Memphis El Maadi,مطعم,google_maps,"[""ambiance"", ""service"", ""food""]","{""ambiance"": ""positive"", ""service"": ""positive"", ""food"": ""positive""}"
8337,كل يوم تحديث حاجه بقت فوق الوصف حاجه تقرف,1,2024-07-02 00:00:00,Aqarmap,real_estate,play_store,"[""app_experience""]","{""app_experience"": ""negative""}"
854,"المكان مريح ونظيف جدآ
والعاملين كلهم ذوق ومتعاونين جدآ
أما الأكل فكان فوق الممتاز وكله مظبوط أوي،، ف نفس الوقت أسعاره مناسبه فعلاً مقارنة بأسعار السي فود حالياً..",5,قبل أسبوعين,مطاعم الصباحي للمشويات والمأكولات البحرية,مطعم مأكولات بحرية,google_maps,"[""ambiance"", ""cleanliness"", ""service"", ""food"", ""price""]","{""ambiance"": ""positive"", ""cleanliness"": ""positive"", ""service"": ""positive"", ""food"": ""positive"", ""price"": ""positive""}"
4375,"التعامل سئ .
العيش غير طازج.
صحن الجبنة بالطماطم _  الطماطم خربانة .
زيت الزيتون بدون طعم .
الطعمية ممتازة  ..
تجربة لا تكرر ××",1,قبل 8 أشهر,فول وفلافل سعيد المنوفى,مطعم,google_maps,"[""service"", ""food""]","{""service"": ""negative"", ""food"": ""negative""}"
9327,مقدرش اقول عنه غير انو أروع من الراع🥰😍🤑🥳🤯😎☠️,5,2026-02-28 00:00:00,Spotify,entertainment,play_store,"[""general""]","{""general"": ""positive""}"
1813,خدمة ممتازة واكل ممتاز وناس محترمين جدا,5,قبل شهر,اندريا ممفيس المعادي - Andrea Memphis El Maadi,مطعم,google_maps,"[""service"", ""food""]","{""service"": ""positive"", ""food"": ""positive""}"
5582,احسن واجمل دكتور يوسف ف الدنيا بصراحة رجع الابتسامه اللي كانت مختفية❤️,5,قبل 4 أشهر,Souror Dental Clinic,عِيادة أسنان,google_maps,"[""service""]","{""service"": ""positive""}"
8228,ابب,5,2013-01-06 00:00:00,OLX,ecommerce,play_store,"[""none""]","{""none"": ""neutral""}"
7561,جيد جدا,4,2026-01-10 00:00:00,Jumia,ecommerce,play_store,"[""general""]","{""general"": ""positive""}"
2591,رائع,5,تاريخ التعديل: قبل شهر,مطعم شاورما ابو حاتم الدمشقي,مطعم شاورما,google_maps,"[""general""]","{""general"": ""positive""}"
373,الراجل شافنى واخد اوردر ب٨٠٠ جنيه فا راح مدينى كيس الgloves كله,5,قبل شهر,بيتزا السلطان وفطاير,مطعم بيتزا,google_maps,"[""service""]","{""service"": ""positive""}"
7563,جيد جدآ,5,2026-01-09 00:00:00,Jumia,ecommerce,play_store,"[""general""]","{""general"": ""positive""}"
5371,الصيدلية سيئة ترفض الديلفري بمجرد معرفة ان المطلوب قليل ولايهم لهم اذا كانت الحالة فعلا مريضة وتحتاج العلاج في اسرع وقت,1,قبل 10 أشهر,صيدلية الحكمة,صيدلية,google_maps,"[""delivery"", ""service""]","{""delivery"": ""negative"", ""service"": ""negative""}"
7245,ممتاز تعمل رقي والخدمه ممتاز جدا والأسعار معقوله,5,2026-03-08 00:00:00,Noon,ecommerce,play_store,"[""service"", ""price""]","{""service"": ""positive"", ""price"": ""positive""}"
3746,تجربة وحشة جدا واسعار مبالغ فيها لا تتناسب مع كمية الاكل وطعم اقل من العادى,1,قبل 6 أيام,sarayi resturant,مطعم مأكولات تركية,google_maps,"[""price"", ""food""]","{""price"": ""negative"", ""food"": ""negative""}"
3705,تسلم يدها احلى شغل مرتب وجميل وسريعه وعرفت لشعري على طول 🥰,5,قبل شهرين,كوافير ندى,صالون تجميل,google_maps,"[""service""]","{""service"": ""positive""}"
1024,"خدمة واسعار
كويسه جدا",5,قبل شهر,جاد الدقي,مطعم مأكولات مصرية,google_maps,"[""service"", ""price""]","{""service"": ""positive"", ""price"": ""positive""}"
1297,"أود تقديم شكوى رسمية بخصوص تجربتي في مطعم كاراكاس في أركان بلازا، والتي كانت للأسف تجربة سيئة لا تليق بسمعة المكان أو بمستوى الخدمة المتوقع.
منذ لحظة وصولي، لاحظت ضعفًا واضحًا في أسلوب التعامل من قبل طاقم العمل، حيث افتقروا إلى اللباقة والاهتمام بالعميل. تم تجاهلنا لفترة غير مبررة رغم عدم انشغال المطعم بشكل كبير، ما أعطى انطباعًا بعدم احترام وقت الزبائن أو تقديرهم.
الأمر الأكثر إزعاجًا كان إصرار بعض أفراد الطاقم على إجبارنا على طلب وجبات معينة قبل الاستجابة لطلبات أخرى، وهو تصرف غير مهني ويضع العميل تحت ضغط غير مقبول. هذه الممارسات تعكس خللًا في إدارة الخدمة وتؤثر سلبًا على سمعة المطعم.
إن المكان يتمتع بسمعة جيدة وموقع مميز، لكن جودة الخدمة المقدمة حاليًا لا تعكس ذلك إطلاقًا. آمل من إدارة المطعم مراجعة مستوى الخدمة، وإعادة تدريب الطاقم على أسس التعامل الراقي مع العملاء، لضمان تجربة تليق بسمعة المطعم وتوقعات الزوار.
تم إرسال هذه الشكوى بدافع الحرص على تحسين مستوى الخدمة، وليس فقط للتعبير عن الاستياء، على أمل أن يتم اتخاذ الإجراءات اللازمة لتفادي تكرار مثل هذه التجارب مستقبلاً.",1,قبل شهر,Caracas,مطعم مأكولات لبنانية,google_maps,"[""service"", ""ambiance""]","{""service"": ""negative"", ""ambiance"": ""negative""}"
6284,والله ياجماعة دول ناس نصابين ومحدش يدفع بالفيزا لانهم لو خدوا الفلوس والطلب موصلكش زى محصل معايا ولا حد هيسأل فيك,1,2025-09-02 00:00:00,Elmenus,food_delivery,play_store,"[""delivery"", ""service"", ""app_experience""]","{""delivery"": ""negative"", ""service"": ""negative"", ""app_experience"": ""negative""}"
6755,تكسي غالي جدا جدا جدا تطبيق بلي وغيره افضل منه بالف مره,1,2026-01-31 00:00:00,Careem,transport,play_store,"[""price"", ""app_experience""]","{""price"": ""negative"", ""app_experience"": ""negative""}"
5691,الدكتور خالد للامانه بتجربة سنين معه من افضل الأطباء في مجال الاسنان حسب زيارتي لعدة أطباء اسنان في دول كثيرة حول العالم ويشهد الله على ما اقول من افضل الأطباء وفي نظري يعتبر الأول فيهم للامانه والعمل بشكل مهني وجاد ويشرح للمريض كل التفاصيل بكل سهوله ويسر لذلك بارك الله فيه وكثر الله من أمثاله المخلصين لمهنتهم وصدقهم مع الناس أوصى بشده بزيارته والتعامل معه لأنه جدير بالثقة ويستحقها بجدارة,5,قبل شهرين,عيادة أسنان د. خالد شرف,عِيادة أسنان,google_maps,"[""service""]","{""service"": ""positive""}"
7181,هوا برنامج جميل,5,2026-03-10 00:00:00,Noon,ecommerce,play_store,"[""app_experience""]","{""app_experience"": ""positive""}"
288,الاسعار اللي موجودة وهميه وغير حقيقيه,1,قبل يوم واحد,حضرموت عنتر فرع القاهرة الجديدة,مطعم مأكولات مشوية,google_maps,"[""price""]","{""price"": ""negative""}"
9909,مميز .سهل .توفر المطلوب لك شكرا لكم,5,2025-12-22 00:00:00,Booking,travel,play_store,"[""general""]","{""general"": ""positive""}"
5075,الدكتور طارق احمد 👍🏻,5,قبل شهرين,عيادات الفارابي - Al- Farabi Clinics,طبيب أسنان,google_maps,"[""none""]","{""none"": ""neutral""}"
2883,"المكان راقي جدا و الشغل بيرفكت و التعامل ارقى المكان كبير و مرتب ماشاءالله الله يبارك لهم برزقهم
شكرا مستر محمود مدير الفرع ع التعامل الراقي جدا",5,قبل أسبوعين,ELLE Salon,صالون تجميل,google_maps,"[""ambiance"", ""service""]","{""ambiance"": ""positive"", ""service"": ""positive""}"
8305,"قبل 3 سنوات, قيمت التطبيق بـ 4 نجوم, وقلت انه جيد جدا, ولكن ينقصه التسجيل بجوجل وفيسبوك كـ خيارات تسجيل دخول. والآن, بعد تحديثات عدة وتطوير كبير للتطبيق, اري انه يستحق خمس نجوم بلا شك.",5,2024-12-17 00:00:00,Aqarmap,real_estate,play_store,"[""app_experience""]","{""app_experience"": ""positive""}"
9537,أشكر الأستاذ علاء ماهر على تعاونه وسرعة حل المشكلة 🙏 كنت حاجزة فندق عبر تطبيق ويجو ولم يصلني تأكيد الحجز، لكنه تابع الموضوع معي حتى انحلت بالكامل. تعامل راقي واهتمام حقيقي بالعميل — يستاهل أكثر من خمس نجوم ⭐⭐⭐⭐⭐,5,2026-02-03 00:00:00,Wego,travel,play_store,"[""service"", ""app_experience""]","{""service"": ""positive"", ""app_experience"": ""negative""}"
8027,اتمنى ان يمنحني مستر بيست 100 دولار فقط☺️❤️‍🩹,5,2024-02-10 00:00:00,Shop,ecommerce,play_store,"[""none""]","{""none"": ""neutral""}"
8348,اصبح صعب جدا التعامل معاه رجاء معالجة المشكلة,1,2024-04-19 00:00:00,Aqarmap,real_estate,play_store,"[""app_experience""]","{""app_experience"": ""negative""}"
4126,غالى جدااااااااااااا ومنتجات عادية تماما. العروض وهمية كنت شايف نفس الحاجة قبل العرض عنده بسعر معين فى وقت التخفيضات لقيته كاتب سعر اصلى اعلى بكتيير وخلى السعر بعد التخفيض اعلى من السعر الاساسى اللى كان بيبيع بيه قبل التخفيضات. للاسف نصب رسمى. غير المكان حواليه زحمة اوووى,1,قبل 5 أشهر,تاون تيم,متجر ملابس رجالي,google_maps,"[""price"", ""food"", ""ambiance""]","{""price"": ""negative"", ""food"": ""negative"", ""ambiance"": ""negative""}"
6344,اسوء من السئ إن شاء الله غلطه ومش هتكرر,1,2024-12-09 00:00:00,Elmenus,food_delivery,play_store,"[""general""]","{""general"": ""negative""}"
4729,الناس تعاملهم كويس فوق الوصف محترمين وبشوشين وبالنسبة للادوية الحمدلله بلاقيها متوفرة عندهم الموقع قريب من مترو جمال عبدالناصر و دا مريح جدا ليا,5,قبل 6 أشهر,صيدليات مصر-فرع طلعت حرب,صيدلية,google_maps,"[""service"", ""ambiance""]","{""service"": ""positive"", ""ambiance"": ""positive""}"
7525,الاسعار خيالية و مبالغ فيها مقارنة مع المواقع الأخرى,2,2026-01-24 00:00:00,Jumia,ecommerce,play_store,"[""price""]","{""price"": ""negative""}"
2914,حقيقه افضل دكاترة اسنان  ومعامله رايقه جدا فى العيادة ونظام بجد شئ مشرف جدا ربنا يبارك فيهم ويزيدهم من فضله,5,قبل شهرين,White & Bright Dental Center,عِيادة أسنان,google_maps,"[""service"", ""ambiance"", ""cleanliness""]","{""service"": ""positive"", ""ambiance"": ""positive"", ""cleanliness"": ""positive""}"
3104,احلى اكله,5,قبل 4 سنوات,ضيافة سيريانا,مطعم,google_maps,"[""food""]","{""food"": ""positive""}"
1849,دخلت المطعم افطر سالت اللي بياخذ اوردر اني عاوز بطاط صوابع مش اللي متلجه قالي كل اللي عندنا بطاط صوابع فرش ماعندناش شبس قلت تمام جاني شبس بتاع السوبر ماركت المتلج قالي هذا الموجود يعني بيحرجني سبت الطلب ومشيت مطعم نصاب,1,قبل أسبوع,طبالي - الزمالك,مطعم,google_maps,"[""service"", ""food""]","{""service"": ""negative"", ""food"": ""negative""}"
6210,أسوأ صيدلية. أدوية تصل خطأ، وصلني أكثر من مرة دواء خطأ غير المطلوب ولحالة مرضية أخرى.. ويظهر سوء التخزين على العلب. وعمال دليفري في قمة قلة الذوق ، وعندما تشكو للإدارة لاتتلقى رد,1,قبل سنتين,Kiwan Pharmacy صيدليات كيوان,صيدلية,google_maps,"[""delivery"", ""cleanliness"", ""service""]","{""delivery"": ""negative"", ""cleanliness"": ""negative"", ""service"": ""negative""}"
6566,البرنامج يوم عن يوم يسوء اكثر. حاليا اطلب تكسي كريم لا يظهر الكابتن على خريطه بعد موافقته حجز الرحله,1,2026-03-02 00:00:00,Careem,transport,play_store,"[""app_experience""]","{""app_experience"": ""negative""}"
3494,"الشي الإيجابي الوحيد هوة الموقع فقط
مابتعرف تنام بالفندق لا ليل ولا نهار
بالطابق الرابع من ضجة الشارع القوية وفي صراصير كمان بالغرفة
نقلوناع الطابق  السادس لغرفة صغيرة كتير وبدون بلكون وتخت صغير ويادوب تعرف تمشي فيا يعني معنا ٢ هاند باك ومافي للشناتي محل بس خبرونا قبل بشي عشر دقايق بالنقل وهاد الشي كان قلة زوء
والطابق السادس ضجة الكراسي والطاولات  الي بالمطعم ليل نهار ضجة ما طبيعية
والعاملين بشكل عام مو بشوشين بيشتغلوا بلا نفس",1,قبل 4 أشهر,Golden palace Hotel,فندق,google_maps,"[ ""cleanliness"", ""service"", ""ambiance""]","{""ambiance"": ""negative"", ""cleanliness"": ""negative"", ""service"": ""negative""}"
2649,سئ جدا لاقيت ف ساندوتس زلط كانت هتكسر سناني بجد اي قرف واهمال دا,1,قبل سنة,الشبراوي,مطعم فلافل,google_maps,"[""food""]","{""food"": ""negative""}"
578,جميل,5,قبل شهر,بيت ورد,مطعم مأكولات لبنانية,google_maps,"[""general""]","{""general"": ""positive""}"
1861,"روعة يستاهل التجربة والتكرار

الطلبات:
كفتة - بامية مع لحم - رز مصري - ملوخية - سلطة بلدي 😍👏

مدة الانتظار: ٢٠د
الموظفين: بشوشين مضيافين تعامل راقي + يسألوكم عن التجربة واذا فيه اي شي مو مناسبكم! 🤍 اهتمام",5,قبل شهر,طبالي - الزمالك,مطعم,google_maps,"[""food"", ""service"", ""delivery""]","{""food"": ""positive"", ""service"": ""positive"", ""delivery"": ""positive""}"
6495,التطبيق ده فشل.. معدش في مطاعم شغاله الا 3 مطاعم تقريبا,1,2023-10-01 00:00:00,Elmenus,food_delivery,play_store,"[""app_experience""]","{""app_experience"": ""negative""}"
9805,مش كويسين منصحش حد يتعامل مع بوكينج في مصر,1,2026-01-26 00:00:00,Booking,travel,play_store,"[""service""]","{""service"": ""negative""}"
485,الاكل بتاعهم حلو وكمان الخدمه كويسه لان كان فيه طبق من ال احنا حاجزينه الفطار في رمضان اتلغي بسبب مشكله عندهم عملو صنف بدالو وقدمو كمان حلوي ك اعتذار ف اسلوبهم كمان محترم,5,قبل أسبوعين,مطعم وكافيه اولدش,مقهى,google_maps,"[""food"", ""service""]","{""food"": ""positive"", ""service"": ""positive""}"
3201,"رعاية طبيه صفر تمريض صفر

باستثناء شخص واحد في المؤسسه في تمريض اسمه محمد سمير ربنا يكرمه

بس تخيل انت ان مؤسسه ماشيه بفرد واحد تمريض كويس

لا انصح بها نهائي استهتار بحياه ناس كنا بنجيب تمريض خارجي يشتغل مكانهم",1,قبل شهرين,مستشفى الجنزوري التخصصي,مستشفى,google_maps,"[""service""]","{""service"": ""negative""}"
6507,التطبيق مش شغال عندى ومسحته ونزلته مش شغال بردوا ..ايه الحل ؟!,1,2023-09-06 00:00:00,Elmenus,food_delivery,play_store,"[""app_experience""]","{""app_experience"": ""negative""}"
109,Shady,5,قبل 11 ساعة,شتيجنبرجر,فندق,google_maps,"[""none""]","{""none"": ""neutral""}"
1322,"اكتر مطعم في مصر اخد قلبي
اكلهم تحفة وكواليتي ممتاز وخدمة ممتازة
اكتر حاجة عجبتني عندهم الاستيك وطريقة تقديمه مميزة",5,قبل أسبوعين,بيت المشويات,مطعم,google_maps,"[""food"", ""service"", ""ambiance""]","{""food"": ""positive"", ""service"": ""positive"", ""ambiance"": ""positive""}"
4458,استاذ مجدي شغلو جيد جدا والنتيجة تجنن. المدام عملتلي ميك حلو جدا. الاسعار مناسبة قياسا بصالونات ثانية. اتمنالهم التقدم اكثر واكثر,4,قبل أسبوع,Magdy Abdo beauty salon مجدي عبده بيوتي صالون,صالون تجميل,google_maps,"[""service"", ""price""]","{""service"": ""positive"", ""price"": ""positive""}"
5001,ملابس جميله وعصريه والخامات حلوه اوى بس المقاسات عندهم كبيره يعنى الى بيلبس xl فى اى محل يلبس عندهم L ممكن تكون ميزه وعيب لبعض الناس بس فى الاخر ازواق,4,قبل 3 سنوات,كازارى,متجر ملابس رجالي,google_maps,"[""general""]","{""general"": ""neutral""}"
5866,"اشكر الله اللى هداني الي عيادة دكنور بشاي . سولا .
. للاسنان اخيرا.  وذلك بعد رحلة طويلة في عيادات كثيرة حيث العناية الفايقة والمقابلة اللطيفة وحيث انك لا تشعر باي الم نسبة للاجهزة الحديثة التي يستخدمونها.ولذلك اشعر بالامتنان لهم لانه فد اعادوا لي البسمة وعنواني المفقود دون اي الم او جراحة.
اسأل الله لهم التوفيق",5,قبل شهر,Dental District Cairo - Serving New Cairo,عِيادة أسنان,google_maps,"[""service"", ""ambiance"", ""food""]","{""service"": ""positive"", ""ambiance"": ""positive"", ""food"": ""neutral""}"
9336,تحفه بس,5,2026-02-28 00:00:00,Spotify,entertainment,play_store,"[""general""]","{""general"": ""positive""}"
9332,ممتاز جداجدا,5,2026-02-28 00:00:00,Spotify,entertainment,play_store,"[""general""]","{""general"": ""positive""}"
8911,برنامج رائع ربنا يبارك فيكم فيه مشايخ قراء اصوات جميله,5,2026-01-16 00:00:00,Anghami,entertainment,play_store,"[""app_experience""]","{""app_experience"": ""positive""}"
6336,اوقات التوصيل جدا طويله ، بيقولك بيوصل ب ٤٥ دقيقه وبقاله ساعتين ، والمشكله مركز الشكاوي عباره عن ai هوا الي بيرد عليك ، يعني حاجه اخر قرف ، بيذلك بالعروض الي عنده,1,2024-12-27 00:00:00,Elmenus,food_delivery,play_store,"[""delivery"", ""service"", ""app_experience""]","{""delivery"": ""negative"", ""service"": ""negative"", ""app_experience"": ""negative""}"
8391,شكر الموقع ممتاز هوه كان صعب شويه فى الدخول فيه لاكنه ممتاز نزل الاعلان وفى انشاء الله تفاعل من الناس عن طريق الواتساب شكرا لكم وبالتوفيق 👍👍👍,5,2023-12-07 00:00:00,Aqarmap,real_estate,play_store,"[""app_experience""]","{""app_experience"": ""positive""}"
6661,تطبيق حرامي يخصم منك وغير صريح في الأسعار,1,2026-02-13 00:00:00,Careem,transport,play_store,"[""app_experience"", ""price""]","{""app_experience"": ""negative"", ""price"": ""negative""}"
3655,سي جدا و كاشير سي جدا في التعاملً و الاسلوب و ياخد باقي الفلوس من ااناي ومابيرجعش حاجه و منهي قلة الادب و الذوق ، اخر مره واخر تجربة معهم,1,قبل شهرين,المخبز اللبناني,مطعم بيتزا,google_maps,"[""service"", ""price""]","{""service"": ""negative"", ""price"": ""negative""}"
3810,المعامله سيئه جدا وعدم المصداقيه تماما النضافه سيئه ومفيش تعقيم ولا والجهاز نوعه رضيئ جدا وقديم خالص,1,قبل شهر,Cairo Cosmo Center,عيادة جراحة التجميل,google_maps,"[""service"", ""cleanliness""]","{""service"": ""negative"", ""cleanliness"": ""negative""}"
2115,بجد الاكل كان جميل اووي و استاذ سليم شخص ذووق اووي ومحترم و الصاله الاكل فيها كان سريع في التحضير و شكر خاص للمكان و المدربين اللي في,5,قبل شهرين,صاج وشاورما,مطعم شاورما,google_maps,"[""food"", ""service"", ""ambiance""]","{""food"": ""positive"", ""service"": ""positive"", ""ambiance"": ""positive""}"
7075,جيد,5,2026-03-07 00:00:00,Uber,transport,play_store,"[""general""]","{""general"": ""positive""}"
1546,المكان توحفه بجد والسيرفس قمه فى الزوق ومستر حسن كان معانا من بدايه دخلونا المطعم لغايه خروجنا من المطعم بجد شخص زوق جدا والاجواء جميله وان شاء الله مش اخر تجربه,5,قبل أسبوع,مطعم واحة اليمن - فرع الشيخ زايد,مطعم يمني,google_maps,"[""ambiance"", ""service""]","{""ambiance"": ""positive"", ""service"": ""positive""}"
2209,الاتصال التليفوني للطلب او الشكاوي غير مجدي ولايوجد حسن استقبال للمكالمات. صفر كبير,1,قبل شهرين,سوريا ماركت البان اجبان حلويات,متجر بقالة,google_maps,"[""service""]","{""service"": ""negative""}"
5530,"أشكر الدكتورة أميرة على عملها الرائع وأخلاقها العالية، فعلاً كانت تجربة مميزة حتى مع أن الوقت كان متأخر.
وأحب أن أضيف أن حجز الموعد كان سهل جدًا، فقط باتصال هاتفي واحد شعرت أن هذه هي العيادة الأفضل، خاصة من تعامل الأستاذة شهد المسؤولة عن استقبال الاتصالات، كانت في غاية اللطف والاحترافية.",5,قبل 3 أشهر,Dr.Amira Lashin - Dental Clinic,عِيادة أسنان,google_maps,"[""service"", ""app_experience""]","{""service"": ""positive"", ""app_experience"": ""positive""}"
4267,يستحق التجربه خدمه كويسه بس الأكل عادي,4,قبل 3 أشهر,Esplanade cafe restaurant,مطعم,google_maps,"[""service"", ""food""]","{""service"": ""positive"", ""food"": ""neutral""}"
9370,ممتع,5,2026-02-27 00:00:00,Spotify,entertainment,play_store,"[""general""]","{""general"": ""positive""}"
7068,جميل,5,2026-03-08 00:00:00,Uber,transport,play_store,"[""general""]","{""general"": ""positive""}"
7095,رائعا,5,2026-03-13 00:00:00,Noon,ecommerce,play_store,"[""general""]","{""general"": ""positive""}"
8274,اواجه صعوبه في مسح حساب و تعديل حساب قديم ودخول لحساب اخر قديم كنتو مهتمين بالتطبيق اول لما اشتغلتو وبعدين حصل اهمال,1,2025-01-17 00:00:00,Aqarmap,real_estate,play_store,"[""app_experience""]","{""app_experience"": ""negative""}"
1647,صراحة رحتهم على مدح من التيك توك لي احسن الكوفيهات في الزمالك بس بصراحة تجربة سيئة المكان مراا صغير متر في متر وغير كدا الطاولات محدوده وفي طاولة شاغرة الويتر يقول معليش الطاولة على عدد اربع أشخاص ادا اقل ما ينفع تجلسو وادا جلستو وطلبتو ووصل حتى الطلب وجت عايله كبيره تقوم وتعطيهم المكان ايش السياسة الزفت هاذي ما طلبت شي ومستحيل اجلس في مكان زي كذا ما أنصحكم فيه أبدا 👎🏼,1,قبل شهر,Holm Cafe,مقهى,google_maps,"[""ambiance"", ""service""]","{""ambiance"": ""negative"", ""service"": ""negative""}"
9534,التطبيق جميل جدا يُتيح لك خيارات حجز لموعد سفرك كثيره ومناسبه لميزانيتك من حجز تذاكر او فنادق وشقق فندقية في تطبيق واحد ويخبرك كذلك بتوفر العروض من شركات الطيران.........,5,2026-02-04 00:00:00,Wego,travel,play_store,"[""app_experience"", ""price""]","{""app_experience"": ""positive"", ""price"": ""positive""}"
5418,جيد,3,قبل 3 سنوات,أسواق اكتوبر,متجر بقالة راقٍ,google_maps,"[""general""]","{""general"": ""positive""}"
6523,سيء كل ما احاول افتح حسابي بحكي يرجى الاتصال بنا,1,2026-03-11 00:00:00,Careem,transport,play_store,"[""app_experience"", ""service""]","{""app_experience"": ""negative"", ""service"": ""negative""}"
2341,"بصراحه انهارده عملنا من عند حضرتكم أوردر
الفراخ جايه بايته
وناشفه .. والشيش محمض كلمنا حضراتكم تليفونيا وقلنا لحضراتكم محتاجين نتواصل عشان الاكل اللي وصلنا .. مكنش في اي اهتمام . كتبت كده عشان لم يهتم احد بشكوتي",1,قبل 3 أشهر,شامينا - مأكلات سورية -,مطعم مأكولات سورية,google_maps,"[""food"", ""service""]","{""food"": ""negative"", ""service"": ""negative""}"
5122,أسعاره غاليه وبياخد خدمه وضريبه كبيره جدا,1,قبل سنتين,papa cafe & resturant,مطعم,google_maps,"[""price"", ""service""]","{""price"": ""negative"", ""service"": ""negative""}"
8769,انغامي الاول 🥰💖,5,2026-02-09 00:00:00,Anghami,entertainment,play_store,"[""general""]","{""general"": ""positive""}"
4047,جيم كويس جدا و مش زحمه  و الكباتن متعووونه فعلا,5,قبل 4 أشهر,GHgym,صالة رياضة,google_maps,"[""ambiance"", ""service""]","{ ""ambiance"": ""positive"", ""service"": ""positive""}"
7028,تطبيق سيء جدا، سرقت ما يقارب ٦٠ ريالا، لدي ثلاثة مشاوير كنسلتها ولم آخذها ولم يتم إرجاع المبلغ إلى والمشكلة الكبرى أنه لا يمكنك أن تتواصل مع فريق الدعم أبدا هذا التطبيق سيسرقك احذر!,1,2026-03-09 00:00:00,Uber,transport,play_store,"[""app_experience"", ""price"", ""service""]","{""app_experience"": ""negative"", ""price"": ""negative"", ""service"": ""negative""}"
4223,نظراً لجفاف بشرتي الشديد مؤخراً، حجزتُ جلسة ترطيب عميق. مع ذلك، اقتصرت معظم الجلسة على تنظيف عميق مع ترطيب طفيف. خضعتُ لجلسة تقشير دقيق، وتنظيف بالملعقة، وإزالة الرؤوس السوداء، وجلسة تفتيح البشرة. لكن من الواضح أن المعالجة لم تكن تجيد استخدام جهاز التقشير الدقيق والملعقة بشكل صحيح؛ كانت العملية مؤلمة للغاية، وشعرتُ بألم شديد في بشرتي. هذا النوع من العلاج يُلحق الضرر بالطبقة القرنية من الجلد. طلبتُ أيضاً جلسة مانيكير في نفس الوقت، بتكلفة 300 جنيه مصري. لكنها اقتصرت على تقليم الجلد المحيط بالأظافر فقط، دون وضع طلاء أظافر. بعد طلبي، وضعت طلاء الأظافر بشكل سطحي، ما لم يكن مانيكيراً على الإطلاق. علاوة على ذلك، استغرق طلاء الأظافر وقتاً طويلاً ليجف (10 دقائق) وكان غير متناسق. إضافة إلى ذلك، كان روتين العناية بالبشرة لديها دون المستوى المطلوب، ومع ذلك طلبت 2200 جنيه مصري. أعتقد أنها لم تتخرج من تدريبها الطبي. إنها لا تعرف كيفية استخدام أدوات التجميل بشكل صحيح لتقديم تجربة خدمة أفضل لزبائنها.,1,قبل أسبوع,Dehya Beauty Salon ( New Cairo ),صالون تجميل,google_maps,"[""service"", ""price""]","{""service"": ""negative"", ""price"": ""negative""}"
4600,"د عصام نصر طبيب قلب،
ذكي ذو خبرة طويلة و مريح جداً",5,قبل شهر,Gastrocare Clinic New Cairo - عيادات جستروكير,مركز طبي,google_maps,"[""service""]","{""service"": ""positive""}"
9112,يموتتت,5,2026-03-09 00:00:00,Spotify,entertainment,play_store,"[""general""]","{""general"": ""positive""}"
4177,افضل كابتن عندهم حبيبه غيره المركز جداً سيء,1,قبل 7 أشهر,نادى الديب الصحى بالقاهرة,غرفة لياقة,google_maps,"[""service""]","{""service"": ""positive""}"
6646,غير امن وخدمه العملاء سيىء جدا ومتعرفش تتواصل معاهم وقت المشكلة في الرحله,1,2026-02-15 00:00:00,Careem,transport,play_store,"[""service""]","{""service"": ""negative""}"
737,المحل سئ جدا و خدمه العملاء وحشه طالبين اكل من الصبح و قال جي و مجاش و معرفناش نفطر غير علي العشاء ال service في غايه السوء منصحش حد يطلب,1,قبل 6 أيام,كبابجي العربي,مطعم مأكولات مشوية,google_maps,"[""service"", ""delivery""]","{""service"": ""negative"", ""delivery"": ""negative""}"
2519,الخدمه فوق الممتازة ومصطفي زوق جدا والمكان جميل والأجواء بسطتني كتييير اكيد بكررها ♥️♥️♥️,5,قبل 23 ساعة,صاحب السعاده فرع التجمع,كافيه,google_maps,"[""service"", ""ambiance""]","{""service"": ""positive"", ""ambiance"": ""positive""}"
6032,المحل عادي جداً و أسعاره غاليه .,2,قبل 3 سنوات,BOUTIQUE 51,متجر ملابس حريمي,google_maps,"[""price""]","{""price"": ""negative""}"
3001,صالون جميل الأظافر روعه مع نرمين شغلها بطل فنانه ❤️شكرا نرمين 🌹,5,قبل شهر,Malika and Mo Nails Salon,صالون عناية بالأظافر,google_maps,"[""ambiance"", ""service""]","{""ambiance"": ""positive"", ""service"": ""positive""}"
5073,"كانت لي تجربة رائعة ومريحة جدًا في مركز الأسنان، من أول لحظة دخول شعرت بالاهتمام والاحترام.
الاستقبال كان راقياً والتنظيم ممتاز، والمواعيد دقيقة بدون أي تأخير.
الدكتور طارق حداد كان محترفًا وشرح لي حالتي بكل وضوح وبساطة وأشكره ع اهتمامه وإحترافيته .",1,قبل شهرين,عيادات الفارابي - Al- Farabi Clinics,طبيب أسنان,google_maps,"[""service"", ""ambiance""]","{""service"": ""positive"", ""ambiance"": ""positive""}"
3812,حقيقي المكان تحفه وتعامل البنات ولا اروع ومصدقاكي في التعامل واهتمام واضافه وتعقيم حقيقي شكرا كمان لدكتوره نورهان وهلانه من اكتر الناس المحترمه,5,قبل شهر,Cairo Cosmo Center,عيادة جراحة التجميل,google_maps,"[""ambiance"", ""service"", ""cleanliness""]","{""ambiance"": ""positive"", ""service"": ""positive"", ""cleanliness"": ""positive""}"
2096,التاخير فى الدليفرى غير طبيعى اكثر من ١.٣٠ ...لا انصح فى التعامل مع هذا البراند للاسف سوء ادارة واضح جدا,1,قبل 6 أشهر,بيتزا السلطان التجمع الخامس,مطعم بيتزا,google_maps,"[""delivery"", ""service""]","{""delivery"": ""negative"", ""service"": ""negative""}"
2423,فكر جدا قبل ما تطلب منهم يا دكتور ، الناس دي بيستهزؤا بالدكاترة، ويقولك بهزر ، طيب ماتجرب تهزر كده مع مهنة عسكرية ولا قضائية ياابو دم خفيف,1,قبل شهر,بيتزا السلطان القصر العيني,مطعم بيتزا,google_maps,"[""service""]","{""service"": ""negative""}"
4803,تجربة كويسة جدًا ومش آخر مرة,5,قبل أسبوعين,Platinum Clinics - عيادات بلاتينيوم,مركز طبي,google_maps,"[""general""]","{""general"": ""positive""}"
4688,"ناس قليله الذوق ف المعامله
و كمان مش متوفر عندهم كل حاجه
يعني المنيو بتاعهم مش كل حاجه فيه موجوده",1,قبل 4 أشهر,بيتزا القدس,مطعم,google_maps,"[""service"", ""food""]","{""service"": ""negative"", ""food"": ""negative""}"
2200,قمة الذوق والادب من الاخوة السوريين وانصح الجميع التجربة كل التوفيق ❤️❤️,5,قبل 3 أسابيع,سوريا ماركت البان اجبان حلويات,متجر بقالة,google_maps,"[""service""]","{""service"": ""positive""}"
2747,مكان جميل ورائع جدا,5,قبل يومين (2),مطعم ومقهي ستوريا,مطعم مأكولات إيطالية,google_maps,"[""ambiance""]","{""ambiance"": ""positive""}"
8420,رسوم عرض الاعلانات مرتفعة و يرفض التسجيل مع اني سجلت من قبل وأيضاً لقد دفعت النقود في هذا التطبيق ولم يتم نشر اعلاناتي ولا استطيع استرداد اموالي,1,2023-06-02 00:00:00,Aqarmap,real_estate,play_store,"[""price"", ""app_experience""]","{""price"": ""negative"", ""app_experience"": ""negative""}"
6604,للأسف احاول الاشتراك في التطبيق يعطي أنه هناك مشكله كثير كتبنا المشكله على الرابط ولكن بلا فائده,1,2026-02-24 00:00:00,Careem,transport,play_store,"[""app_experience"", ""service""]","{""app_experience"": ""negative"", ""service"": ""negative""}"
4258,جبت بيتزا كريسبي الفراخ بايظه والعجينه بتاعه البيتزا حمضانه والفراخ زفره جدا اسوء تجربه أول واخر مره وخساره النجمه كمان والله بس عشان اعرف اعلق حطيتها ياريت يكون في ذمه عشان مش بنلاقي الفلوس فالشارع,1,قبل 4 أشهر,يامال الشام - Yamal ElSham,مطعم مأكولات سورية,google_maps,"[""food""]","{""food"": ""negative""}"
7671,التطبيق محتاج تطوير بيعلق كتير ومش سلس ف الاستخدام,1,2026-03-13 00:00:00,Amazon,ecommerce,play_store,"[""app_experience""]","{""app_experience"": ""negative""}"
4849,العيادة حلوه وهاديه والاستقبال كلهم محترمين والدكتور اندرو ممتاز جدآ جدآ مستمع جدآ ويتابع مع الحاله بالتليفون حته بعد الاستشاري,5,قبل شهر,Misr Modern Clinics عيادات مصر الحديثه ( فرع ميشيل باخوم ),مركز طبي,google_maps,"[""ambiance"", ""service""]","{""ambiance"": ""positive"", ""service"": ""positive""}"
9363,برنامج حلو,5,2026-02-27 00:00:00,Spotify,entertainment,play_store,"[""app_experience""]","{""app_experience"": ""positive""}"
583,اشكر استاذ يوسف و استاذ مانو على الخدمة,5,قبل شهر,بيت ورد,مطعم مأكولات لبنانية,google_maps,"[""service""]","{""service"": ""positive""}"
3180,لا يلتزم بالحجوزات تحجز جناح يعطيك غرفة وكل واحد اكذب من الثاني ادارته غير متفهمه لا أنصح أبدا بزيارته. والتعامل سيئ جدا,1,قبل 3 أشهر,فندق بوتيك النيل,فندق,google_maps,"[""service""]","{""service"": ""negative""}"
9181,ماشاءالله تبارك الله ماتستاهل ولاااااااااا نجمة اعيتط علشان ااااالتعلفااتةة وجااااااري اااالحذف,1,2026-03-06 00:00:00,Spotify,entertainment,play_store,"[""general""]","{""general"": ""negative""}"
7831,حلوه قوي,5,2026-03-01 00:00:00,Amazon,ecommerce,play_store,"[""general""]","{""general"": ""positive""}"
4548,سوبر ماركت صغير لكن عنده كل حاجه وايضا العاملين معاملتهم جيده,5,قبل سنة,سوبر ماركت هاى لايف,سوبرماركت,google_maps,"[""service""]","{""service"": ""positive""}"
7204,ممتاز,5,2026-03-09 00:00:00,Noon,ecommerce,play_store,"[""general""]","{""general"": ""positive""}"
3519,العيادة جميلة اوى و تعامل الناس الموجودة تحفة و ذوق خالص و المواعيد منتظمة جدا و الدكاتره تعاملهم ذوق و حلو خالص بجد مكان تحفه مش اول مرا اجى و على طول هكون موجودة عندهم بأذن الله😚♥️♥️♥️♥️♥️♥️♥️♥️,5,قبل شهر,Nouvel Age Aesthetic Clinics Cairo Festival City Mall Branch - عيادات نوفيلاج للتجميل و الليزر فرع كايرو فستيفال سيتى مول,عيادة طبية,google_maps,"[""ambiance"", ""service""]","{""ambiance"": ""positive"", ""service"": ""positive""}"
601,الخدمة ممتازة جدا و مستر هشام المدير فى غاية الاحترام و الاحترافية فى الشغل و من احسن الناس فى المكان,5,قبل يوم واحد,Princess Café & Restaurant,مقهى,google_maps,"[""service"", ""ambiance""]","{""service"": ""positive"", ""ambiance"": ""positive""}"
2850,فندق سئ للغايه اوسخ فندق في القاهره الخدمات سيئه معامله سيئه الصور لا تمت للواقع بصله المكيفات مش شغاله السرير فيه حشرات لا يوجد خدمات الحمامات لايوجد بها صابون السباكه متهالكه اسوء تجربه في حياتي حتي الاسعار الي علي جوجل ماب مش صحيحه كلو نصب في نصب 😡😡,1,قبل 8 أشهر,نيو جاردن بالاس هوتيل,فندق,google_maps,"[""cleanliness"", ""service"", ""ambiance"", ""price""]","{""cleanliness"": ""negative"", ""service"": ""negative"", ""ambiance"": ""negative"", ""price"": ""negative""}"
9016,تطبيق اسطوره,5,2026-03-13 00:00:00,Spotify,entertainment,play_store,"[""app_experience""]","{""app_experience"": ""positive""}"
8809,البرنامج حلو جدا في جميع الاغاني فيعني ده احسن برنامج وكمان لو في ناس ما بيعرفوش يكتبوا بيبقى فيه فويس كده يعني تدوسوا عليه في كلمات بحث بتدوس عليها هتلاقوا الفويس بتدوس عليه بقى وبجد بقى يعني ده برنامج تحفه بجد يعني ده احلى برنامج انا اديت له خمس نجوم بس في حاجه ان هو في ده تقييمي للبرنامج,5,2026-02-04 00:00:00,Anghami,entertainment,play_store,"[""app_experience""]","{""app_experience"": ""positive""}"
9773,قمت بالحجز من خلال التطبيق ممتاز وكمان الإقامة فى فندق بيراميدز صان شاين ممتازة من افضل الفنادق,5,2026-02-08 00:00:00,Booking,travel,play_store,"[""app_experience""]","{""app_experience"": ""positive""}"
2774,أحلي chicken Kiev هتاكلو في حياتك,5,قبل 11 شهرًا,مطعم ماي كوين,مطعم,google_maps,"[""food""]","{""food"": ""positive""}"
1729,"استلمت الشغل من الترزي كريم
الشغل مزبووووط و عملوه بسرعه
روان ممتازة ماقصرتش معانا خالص",5,قبل 3 أشهر,مستك ايفينيج,متجر ملابس حريمي,google_maps,"[""service""]","{""service"": ""positive""}"
1270,اسوأ خدمة وبقى غالي على الفاضي,1,قبل 4 أيام,روستو,مطعم مأكولات سورية,google_maps,"[""service"", ""price""]","{""service"": ""negative"", ""price"": ""negative""}"
335,"تمريض الدور التاسع
مس أمل مشرفه التمريض و مرسي و روان و آلاء و أسماء
و رحمة علي طيبة قلبها الجميلة واشكر شفت الصبح بردوا منار وأسماء و شهد و امنية وبوسي
وسهيلة كلكم ربنا يكرمكم
شيفت الصبح وشيفت الليل كلكم ربنا يكرمكم علي حسن الرعاية وقلبكم الطيب❤️ وكمان في كذا حد من الشباب كلكم كتر خيركم بجد
شباب الصبح وبليل
وأحب اشكر مسئول الغدا محمد اللي بيتعب كل يوم علشان يطلع كل حاجة حلوة وبيلف ويسمع ايه اللي نفسك فيه ويعمله
ومسئولين الهاوس بجد كتر خيركم علي تعبكم كلكم",5,تاريخ التعديل: قبل أسبوعين,مستشفى السلام الدولى,مستشفى,google_maps,"[""service"", ""food"", ""cleanliness""]","{""service"": ""positive"", ""food"": ""positive"", ""cleanliness"": ""positive""}"
4167,المساج مكانه مريب جدًا تدخل بمكان غير و يخوف و مافيه خصوصية ابدًا عادي يدخلوا عليك و الابواب تبين اللي داخل للامانة المكان يخوف جدًا,1,قبل شهرين,نادى الديب الصحى بالقاهرة,غرفة لياقة,google_maps,"[""ambiance"", ""cleanliness"", ""service""]","{""ambiance"": ""negative"", ""cleanliness"": ""negative"", ""service"": ""negative""}"
3753,فظيع ..ولذيذ 🫰,5,قبل 3 أسابيع,sarayi resturant,مطعم مأكولات تركية,google_maps,"[""food""]","{""food"": ""positive""}"
3283,قاعدة مميزة للترفيه اللي كل الرجال يبحثون عنه...اكل متاح...شيشة و مشروبات لذيذة...و بلاي ستيشن زي ما انت عايز...مريحة للاعصاب,4,تاريخ التعديل: قبل شهر,ولعة كافية,مقهى,google_maps,"[""ambiance"", ""food""]","{""ambiance"": ""positive"", ""food"": ""positive""}"
5104,من افضل الاماكن للبيتزا وافضل الاسعار,5,تاريخ التعديل: قبل 5 أشهر,مستر بيتزا Mr pizza,مطعم بيتزا,google_maps,"[""food"", ""price""]","{""food"": ""positive"", ""price"": ""positive""}"
4754,كانت تجربه رائعه البيتزا كانت لذيذه,5,قبل سنة,ال ديفينو بيتزيريا,مطعم بيتزا,google_maps,"[""food""]","{""food"": ""positive""}"
26,بعد المعلم صبحي حاجات كتير اتغيرت. بيقولوا مافيش حجز ولما تروح تلاقي المكان كله محجوز. عدم تقدير للناس اللي ضربت مشوار على الفاضي,3,قبل 5 أيام,مطعم صبحي كابر,مطعم مأكولات مصرية,google_maps,"[""service""]","{""service"": ""negative""}"
6419,كل مفتح التطبيق يخرج ابلكيشن سئ جداا,1,2024-04-04 00:00:00,Elmenus,food_delivery,play_store,"[""app_experience""]","{""app_experience"": ""negative""}"
4520,متاح أي رقم للتواصل مكالمات أو واتس اب ؟,3,قبل شهر,صيدلية أفريقيا,صيدلية,google_maps,"[""none""]","{""none"": ""neutral""}"
3561,ممتاز ، بأتعامل معاه من ٨ سنين و تقريبا جربت كل خدمات الأسنان سواء علاج عصب او حشو او خلع او تقويم لأولادي ، د. طارق شخصية هايلة، منتهي الإحترام في التعامل سواء من د. طارق نفسه او كل العاملين بالعيادة. من أكثر عيادات الأسنان الي تعاملت معاها اهتماما بالتعقيم,5,قبل 4 أيام,Dental Care Clinic - Dr. Tarek Moustafa,طبيب أسنان,google_maps,"[""service"", ""cleanliness""]","{""service"": ""positive"", ""cleanliness"": ""positive""}"
2929,في محل ببلاند تشرفت بلقاء موظفة الاستقبال سلمى وكان استقبالها جميل بجمالها وجمال أخلاقها على الرغم من صغر سنها كل الحب والتقدير حبيبتي سلمى❤️,5,قبل شهر,قديمو,مطعم,google_maps,"[""service""]","{""service"": ""positive""}"
6751,غالٍ جدا مقارنة بغيره من أصحاب التكاسي,2,2026-02-01 00:00:00,Careem,transport,play_store,"[""price""]","{""price"": ""negative""}"
4842,"عياده نظيف و دكاتره ممتازه بس للاسف عدم دقه في المواعيد و الحجز و الغاء كتير جدا ، من أصعب العيادات في التنسيق للمواعيد "" عن تجربه مع عياده الاطفال """,1,قبل شهر,Misr Modern Clinics عيادات مصر الحديثه ( فرع ميشيل باخوم ),مركز طبي,google_maps,"[""cleanliness"", ""service""]","{""cleanliness"": ""positive"", ""service"": ""negative""}"
2504,بشكر جيمع العاملين على حسن الاستقبال خاصة العاملين بالمطعم و الاسقبال و الطعام ممتاز و يوجد كافيه بالدور الاخير يطول على النيل و برج القاهرة فيو اكثر من رائع خدمه مقابل السعر تعتبر ممتازه,5,قبل شهرين,فندق انديانا,فندق,google_maps,"[""service"", ""food"", ""ambiance"", ""price""]","{""service"": ""positive"", ""food"": ""positive"", ""ambiance"": ""positive"", ""price"": ""positive""}"
347,"927
انا فؤاد محمود عبد العزيز
حابب اشكر كل التمريض خدمه ممتازه وخاصه مشرفه التمريض مس امل ومستر حسام ومس الاء ومس ايمان وجميع طاقم التمريض",5,قبل أسبوعين,مستشفى السلام الدولى,مستشفى,google_maps,"[""service""]","{""service"": ""positive""}"
3670,"اسوء تجربة واسوء مطعم ممكن تفكر تأكل عنده لو رايح تزور الأزهر والحسين، جاب طلب غير الطلب ولما كلمته بيقولي الي انت طلبته مش موجود بقوله يبقى ترجع تبلغني قبل ما تتصرف يقولي معلش المرة الجاية غير ان صاحب المحل أسلوبه رديء ورده سيء
الخلاصة يا يستحق أكل ومعاملة وتقييم فعلي.",1,قبل شهر,مطعم الدهان,مطعم مأكولات مشوية,google_maps,"[""food"", ""service""]","{""food"": ""negative"", ""service"": ""negative""}"
7867,تجربه سيئة جدا لم يتم توصيل الطلب وغير متاح الدفع عند الاستلام ومنتجات محددة لازم اشترك في فاليو علشان اشتريها اسوء تطبيق بجد,1,2026-02-25 00:00:00,Amazon,ecommerce,play_store,"[""delivery"", ""app_experience"", ""price""]","{""delivery"": ""negative"", ""app_experience"": ""negative"", ""price"": ""negative""}"
7255,يا حبيبي لم ابغا احط انسخ كود مش عارف وين احط كود عشان أنا بدي خصم,3,2026-03-08 00:00:00,Noon,ecommerce,play_store,"[""app_experience"", ""price""]","{""app_experience"": ""negative"", ""price"": ""neutral""}"
3526,"نضاف جدا وممتازين
Well recommended",5,قبل 3 أيام,Hika salon,صالون حلاقة,google_maps,"[""cleanliness"", ""service""]","{""cleanliness"": ""positive"", ""service"": ""positive""}"
4674,احسن عيادة دكتور شاطر جدا ومستمع جيد وحسن التعامل والطاقم ممتاز,5,قبل شهر,Misr Modern Clinics عيادات مصر الحديثه ( فرع مصدق ),مركز طبي,google_maps,"[""service""]","{""service"": ""positive""}"
4927,"تجربه سيئه جداً من بداية الاستشوار وهم يستقبلوا عملاء بعدي ويشتغلوا عليهم وانا جالسه انتظر رغم إني وصلت قبلهم. اللي غسل شعري شخص، واللي بدأ الاستشوار شخص ثاني غير مختص، وبعدها ضيّعوا وقتي وهم يرموني من شخص لشخص بحجة إن هذا هو اللي حيكمل.
التأخير كان واضح وغير مبرر، وما في اي احترام لوقت العميل او تنظيم. وفوق هذا كله حاسبوني على خدمة الويفي وأنا أصلًا ما سويت ويفي فقط استشوار وخرجت بسبب سوء المعاملة اللي شفتها. تجربة غير مقبولة نهائيا ولا أنصح بالتعامل معهم",1,قبل شهرين,Tony Beauty Lounge,مصفف الشعر,google_maps,"[""service"", ""price""]","{""service"": ""negative"", ""price"": ""negative""}"
7578,مشكلته في المندوبين مش كويسين ومبيوصلوش الحاجه كويس,1,2026-01-02 00:00:00,Jumia,ecommerce,play_store,"[""delivery""]","{""delivery"": ""negative""}"
4099,مفيش نظام و لا مراعاة لحالة المريض إدارة فاشلة فى حل ابسط المشاكل لا يوجد حقوق للمرضى على الرغم من الأسعار العالية,1,قبل 7 أشهر,مستشفى دار الشفاء,المستشفى الحكومي,google_maps,"[""service"", ""price""]","{""service"": ""negative"", ""price"": ""negative""}"
1820,تجربه حلوه والأستاف كلهم ممتازين,5,قبل شهر,اندريا ممفيس المعادي - Andrea Memphis El Maadi,مطعم,google_maps,"[""service""]","{""service"": ""positive""}"
155,جميل,5,قبل 4 أيام,كونكورد بلازا مول,مركز تسوق,google_maps,"[""general""]","{""general"": ""positive""}"
2934,"تعامل زي الزفت اقسم بالله
الخدمه ولا تعامل تطلب الحاجه يجيبها بعد. ساعه",1,قبل شهرين,قديمو,مطعم,google_maps,"[""service""]","{""service"": ""negative""}"
285,منّ أسوء المطاعم اللى جربتها الاوردر وصل بارد جدا والطعم مجلد والاوردر ناقص سلطات ومزود سلطات ودافع حسابها ومجتش مع الاوردر بردو ..والحمام فيه شعر والكفتة وحشة جدا والمندى كلة دهنة تقريبا مفيش غير الرز فقط اللى كان كويس …حقيقى كسفونى مع الضيوف فى عزومة رمضان 👎,1,قبل 8 ساعات,حضرموت عنتر فرع القاهرة الجديدة,مطعم مأكولات مشوية,google_maps,"[""delivery"", ""food"", ""service"", ""cleanliness""]","{""delivery"": ""negative"", ""food"": ""negative"", ""service"": ""negative"", ""cleanliness"": ""negative""}"
9476,رسوم الدفع مرتفعه جدا وغير مطابقه للرسوم المذكوره,1,2026-02-20 00:00:00,Wego,travel,play_store,"[""price""]","{""price"": ""negative""}"
2240,طعم الاكل كويس,4,قبل 3 أيام,مطعم سيخ مشوي التجمع الخامس,مطعم,google_maps,"[""food""]","{""food"": ""positive""}"
3911,شكرا ليكم الاكل ممتاز,5,قبل سنتين,مطعم فرح,مطعم أطباق اللحوم,google_maps,"[""food""]","{""food"": ""positive""}"
7328,التطبيق مش راضي يشتغل مسحته وحملته كذا مره وبرضوا سئ جدا مسحت البيانات المؤقته مشتغلش ومسحته خالص ونزلته تاني مشتغلش برضوا حقيقي تطبيق وحش اوي,1,2026-03-06 00:00:00,Noon,ecommerce,play_store,"[""app_experience""]","{""app_experience"": ""negative""}"
7513,رائع,5,2026-01-27 00:00:00,Jumia,ecommerce,play_store,"[""general""]","{""general"": ""positive""}"
2302,"مستشفى تجاري رخيص .. الفلوس عندهم اهم من روح البني ادمين ..
.. جوزي تعب اوي من يومين
واخدته على طوارئ الجوي التخصصي و لما دخلته ورحت عشان ادفع دفعة تحت الحساب تفاجئت ان اللي عالكاشيير بقلي ادفعي بالدولار لاني غير مصرية مع اني مقيمة من ١٠ سنين في مصر و باقامة رسمية .. قلتله معي بطاقة البنك و حدفع اللي عايزينه لكن بالعملة المصرية .. للاسف رفض وصمم بالدولار و قلتله انزل اجيب دولار منين و اليوم الجمعة و المحلات قالفة .. رفض ومرضيش يتعامل مع حالة جوزي مع انه كان تعبان جدا .. قلت للراجل لو واحد غير مصري جالكم وكان بطلع في الروح يستنى عشان يدفع بالدولار قلي ايوا !! . .. انصح بعدم التعامل مع هذا المستشفى",1,قبل شهرين,المستشفى الجوي التخصصي التجمع الخامس,المستشفى العسكري,google_maps,"[""service"", ""price""]","{""service"": ""negative"", ""price"": ""negative""}"
6717,تطبيق ممتاز جدا,5,2026-02-05 00:00:00,Careem,transport,play_store,"[""app_experience""]","{""app_experience"": ""positive""}"
9772,أسوأ تجربة حجز على الإطلاق – تعامل غير إنساني حجزت عبر Booking بالخطأ في البحرين بدل الدمام، وألغيت الحجز فورًا في نفس اللحظة دون أي استخدام أو تسجيل وصول. ورغم ذلك، رفض الفندق إعادة المبلغ دون أي مبرر، في تصرف صادم يفتقر للأخلاق والرحمة. المبلغ هو كامل ما أملك، ومع هذا لم يُراعَ الخطأ غير المقصود ولا ظروفي، بل تم التمسك الأعمى بالشروط. تجربة ظالمة ومخيبة للآمال، وأحذر بشدة من التعامل معهم,1,2026-02-09 00:00:00,Booking,travel,play_store,"[""app_experience"", ""service"", ""price""]","{""app_experience"": ""negative"", ""service"": ""negative"", ""price"": ""negative""}"
1175,بطلب منهم كتير فعلاً بس الخدمة عندهم زي الزفت و مفيش اي تقدير للزبون بتاعهم و المدير بينيمك و يقولك حاضر و بعدها يدبسك في اي اكل بارد حتى مستخسر يجدد الاوردر … الللي حصل ان انا طالب و لقيت الدلفري بيتصل عليا و مش فاهم هو ماله و بيشتمني و يقولي انت راجل قليل الادب و قبل ما يقفل يقولي غور و مجابليش الاوردر اللي انا عامل حسابي افطر بيه و مفطرتش اليوم ده بسبب خدمه تعبانه و عملت شكوى و كلمت المدير مفيش اي تعويض حتى ولا اي حاجة,1,قبل يومين (2),شيف الشام,مطعم مأكولات سورية,google_maps,"[""service"", ""delivery"", ""food""]","{""service"": ""negative"", ""delivery"": ""negative"", ""food"": ""negative""}"
3346,المكان لطيف والخدمة جيدة,4,قبل سنة,لامور بيتزا,مطعم بيتزا,google_maps,"[""ambiance"", ""service""]","{""ambiance"": ""positive"", ""service"": ""positive""}"
5786,"""أفضل تجربة عند دكتورة أسنان! جئت من ألمانيا وعملت علاج عندها وكان العمل أكثر من رائع، دقيقة، محترفة وتعاملها راقي جدًا.""
""Sehr gute Erfahrung bei der Zahnärztin! Ich habe eine Behandlung bei ihr gemacht und war wirklich begeistert. Die Behandlung war präzise, professionell und sie ist außerdem sehr freundlich und angenehm im Umgang. Absolut empfehlenswert!""",5,قبل 5 أشهر,عيادة دكتورة نهى يس عبد الرحمن,عِيادة أسنان,google_maps,"[""service""]","{""service"": ""positive""}"
738,طلبنا اكل ل١٠ أشخاص من الساعة ١١ الصبح علشان يوصل على المغرب وكلمنا المطعم قبل المغرب الساعة ٥ قالنا خرج وجاي في الطريق فضلنا نتكلم ونحاول نوصل ليهم محدش بيرد علينا والاكل لحد الساعة ٨ محدش كلمنا من اسوء تجارب اليوم واخر مرة نطلب منهم,1,قبل 6 أيام,كبابجي العربي,مطعم مأكولات مشوية,google_maps,"[""delivery"", ""service""]","{""delivery"": ""negative"", ""service"": ""negative""}"
6660,سيء ميوصل لكل المناطق,1,2026-02-13 00:00:00,Careem,transport,play_store,"[""delivery""]","{""delivery"": ""negative""}"
2709,"الأكل : الطعم حلو و هتتبسط بيه و بكمية الوجبات و مش هتحس إنك دفعت فلوسك على حاجة قليلة أو مش مستاهلة
الاستاف و التعامل : ذوق جدا و لطاف لطافة من أبو جد دي
الجو العام : نضافة و ينفع مكان تعزم فيه حد أو تخرج فيه حد و هيشرفك
لو هتاكل لوحدك الدنيا رايقة و هتبقى مبسوط",5,قبل يومين (2),Syriana sandwich,مطعم,google_maps,"[""food"", ""price"", ""service"", ""cleanliness"", ""ambiance""]","{""food"": ""positive"", ""price"": ""positive"", ""service"": ""positive"", ""cleanliness"": ""positive"", ""ambiance"": ""positive""}"
9598,Nice,5,2026-01-15 00:00:00,Wego,travel,play_store,"[""general""]","{""general"": ""positive""}"
5520,كل الشكر والإمتنان للدكتورة اميرة لاشين ومساعديها بالعيادة ، على لباقة تعاملهم واحترامهم وحدة من انظف وافضل العيادات اللي دخلتها بالقاهرة و اللي طمني اني وجدت سعوديين بعيادتها ولما سألتهم ذكروها بالخير فتوكلت على الله و عملت عندهم حشو اعصاب وتلبيسات وسويت زراعة الدكتورة أمينة وتنصحك بالأفضل لك وتسمع منك وتشرح لك افضل الخيارات بالنسبة لحالتك يهمها توصل معك لأفضل نتيجة ، بغض النظر عن الفلوس كل الشكر والأمتنان لها,5,قبل شهرين,Dr.Amira Lashin - Dental Clinic,عِيادة أسنان,google_maps,"[""service"", ""cleanliness"", ""price""]","{""service"": ""positive"", ""cleanliness"": ""positive"", ""price"": ""positive""}"
2487,مكان جميل اسعار غالية,4,قبل شهر,Marasy cafe,مقهى,google_maps,"[""ambiance"", ""price""]","{""ambiance"": ""positive"", ""price"": ""negative""}"
6940,تطبيق غير عملي، واجهت مشاكل في تحديد الموقع وخصم مبالغ إضافية دون وجه حق. الدعم الفني غير متعاون في حل المشكلات.,1,2026-03-10 00:00:00,Uber,transport,play_store,"[""app_experience"", ""price"", ""service""]","{""app_experience"": ""negative"", ""price"": ""negative"", ""service"": ""negative""}"
7223,غالي مره فرق دبل الدبل مقارنه بالتطبيقات الباقيه مثل شي أن وتيمو,1,2026-03-09 00:00:00,Noon,ecommerce,play_store,"[""price""]","{""price"": ""negative""}"
8258,الموقع مش عايز يفتح خالص مسحته وعملت اعاده تثبيت لكن دون جدوه فقط شاشه زرقاء واسم الموقع فقط ارجو حل المشكله في اسرع وقت توصلت علي الايميل ولا يوجد رد المشكله اتحلت الحمدلله شكرا علي الاهتمام وعلي سرعه واستجابه الرد,5,2025-07-09 00:00:00,Aqarmap,real_estate,play_store,"[""app_experience"", ""service""]","{""app_experience"": ""negative"", ""service"": ""positive""}"
626,كواليتي قلت عن زمان ،صحيح حاول يغير الاوردر ويظبطهولي ودا يتحسبله ،بس دا معناه انه مفيش ستاندردر عندهم,3,قبل شهر,مطعم و مقهى ستيريو,مطعم,google_maps,"[""food"", ""service""]","{""food"": ""negative"", ""service"": ""positive""}"
9939,ممتاز جدآ يسهل عليك العناء والبحث وتخبط الأسعار,5,2025-12-15 00:00:00,Booking,travel,play_store,"[""app_experience"", ""price""]","{""app_experience"": ""positive"", ""price"": ""positive""}"
7958,لقد تعرضت لعملية خداع واحتيال من قبل متجر وهمي اسمه اسواق الفهيدي وتم. الدفع من تطبيق شوب ويوجد المتجر الوهمي في تطبيق شوب حسبي الله ونعم الوكيل,1,2025-11-15 00:00:00,Shop,ecommerce,play_store,"[""app_experience"", ""service""]","{""app_experience"": ""negative"", ""service"": ""negative""}"
4147,اكلهم لذيذ وخدمتهم رائعة جداً واحب الشكر الموظفة روزين على سرعة الخدمة,5,قبل 5 أشهر,كافيه كورنيش,مقهى,google_maps,"[""food"", ""service""]","{""food"": ""positive"", ""service"": ""positive""}"
904,"الماكن رائع والخدمه ممتازه واجواء الصراحه مفيش احسن من كدا
الدهان واحد بس 🙏❤️❤️",5,قبل 6 ساعات,مطعم الدهان,مطعم,google_maps,"[""ambiance"", ""service""]","{""ambiance"": ""positive"", ""service"": ""positive""}"
4792,الدكتور شاطر و الانتظار مش كتير و الحجز سهل,5,قبل أسبوع,Platinum Clinics - عيادات بلاتينيوم,مركز طبي,google_maps,"[""service"", ""app_experience""]","{""service"": ""positive"", ""app_experience"": ""positive""}"
4168,مكان كويس جدا وخدمه فوق الممتاز,5,قبل 3 أشهر,نادى الديب الصحى بالقاهرة,غرفة لياقة,google_maps,"[""ambiance"", ""service""]","{""ambiance"": ""positive"", ""service"": ""positive""}"
2995,مكان جميل جدا و أميره اشطر واحده في الضوافر ❤️❤️❤️❤️❤️,5,قبل شهر,Malika and Mo Nails Salon,صالون عناية بالأظافر,google_maps,"[""ambiance"", ""service""]","{""ambiance"": ""positive"", ""service"": ""positive""}"
2626,انا زبونه دائمة ف المكان الاكل والتعامل راقي جداً العاملين ناس كويسه جداً والشيشه رائعه جداً حابه اشكر يوسف و الصيني و الاونرات ف المكان اللي يحببو الناس بالمكان صراحه لو في عشر نجوم كمان كنت عطيتهم وهاجر ام عيون حلوه انا احبها جداً 🖤,5,قبل شهر,Dalida Cuisine el zamalek,مطعم,google_maps,"[""food"", ""service"", ""ambiance""]","{""food"": ""positive"", ""service"": ""positive"", ""ambiance"": ""positive""}"
868,"المطعم ممتاز والخدمة رائعه
شكرا على حسن الاستقبال🌹",5,تاريخ التعديل: قبل شهر,مطعم زهرة لبنان,مطعم مأكولات لبنانية,google_maps,"[""service""]","{""service"": ""positive""}"
1405,اروع مطعم واسعارهم ممتازة,5,قبل أسبوعين,مطعم السدة للمأكولات اليمنية,مطعم يمني,google_maps,"[""price""]","{""price"": ""positive""}"
4448,احلللى محل و صالون تعاملت معاهم تيم في منتهى التعاون و الاخلاق و اللزازه طبعا ما اول مره اركب رموش اسبوعيه و حبيييتها جداااا و مريحه ما حسيت فيها من يد رحاااب العسل ربي يسعدها و يسخرلها و صابرين المزه و طبعا ما انسى احمد بدع فشعري الكل بدون استثنااااء حبوبين و مو اخر زياره ❤️❤️😍,5,قبل شهرين,Sand salon,صالون تجميل,google_maps,"[""service"", ""ambiance""]","{""service"": ""positive"", ""ambiance"": ""positive""}"
9425,فقد المصداقيه ولن احجز مره اخرى معكم يومين بحاول اتواصل معاكم لمعرفه حاله التذاكر ولا يوجد رد منكم لا انصح بالحجز من خلال ويجو,1,2026-03-07 00:00:00,Wego,travel,play_store,"[""service"", ""app_experience""]","{""service"": ""negative"", ""app_experience"": ""negative""}"
9601,برنامج سئ مؤخرا لاني حجزت وكان المبلغ واضح امامي وعندما اكملت الدفع خصم مني ٥ دينار كويتي زياده عن السعر المعلن قبل إجراء عمليه الدفع وتواصلت معاهم لم استفد منهم بشئ وكان ع موقع ويجو نفسه اتكلمت مع خدمه العملاء واتس ٣ مرات لم يفيدوني بشئ واتكلمت معاهم تليفونيا ساعه ونصف واخر شي ايميل ان فريق الدعم وجد انه لم يخصم شي وانها مصاريف تحويل,1,2026-01-14 00:00:00,Wego,travel,play_store,"[""app_experience"", ""price"", ""service""]","{""app_experience"": ""negative"", ""price"": ""negative"", ""service"": ""negative""}"
4477,شغل حلو ومرتب. مجدي والصبية يلي بتشتغل شغلن professional والسعر مناسب جدا.,5,قبل 6 أشهر,Magdy Abdo beauty salon مجدي عبده بيوتي صالون,صالون تجميل,google_maps,"[""service"", ""price""]","{""service"": ""positive"", ""price"": ""positive""}"
5170,"المكان جميل والناس بتشتغل صح ومحترمين جدا من اول للريسبشن للدكتور
حقيقى انصح اى حد بالمكان",5,قبل 4 أشهر,Guarantee Dental Centers - New Cairo Center - مراكز جرانتي لزراعة وتجميل الاسنان - مركز القاهرة الجديدة,عِيادة أسنان,google_maps,"[""ambiance"", ""service""]","{""ambiance"": ""positive"", ""service"": ""positive""}"
143,من افضل الاماكن اللي بتعمل مشويات على الفحم مع انهم مشهورين بالشاورما اكتر بس الفراخ المشوية عندهم و الشيش طاووق تحفة و طبعا الشاورما عندهم مفيش كلام عليها تحفة الجودة عندهم دايماً كويسة مفيش مرا بطلب منهم غير لما اكون مبسوط بصراحة و دايما الاوردر بيوصل في افضل شكل ممكن.,5,قبل ساعتين (2),إبن الشام,مطعم مأكولات سورية,google_maps,"[""food"", ""delivery""]","{""food"": ""positive"", ""delivery"": ""positive""}"
9948,شكراً لكم,5,2025-12-09 00:00:00,Booking,travel,play_store,"[""general""]","{""general"": ""positive""}"
2323,مكان راقي وخدمه محترمه وإدارة ممتازه,5,قبل شهر,فايف بيلز,مطعم,google_maps,"[""ambiance"", ""service""]","{""ambiance"": ""positive"", ""service"": ""positive""}"
2853,احسن مطعم في الزمالك بجدارة وتعامل الاستاف كان ممتاز بالذات ابراهيم الكابتن,5,قبل شهر,مطعم وكافيه نعومي,مطعم,google_maps,"[""service""]","{""service"": ""positive""}"
8878,كا اغاني الي فيها حلوه خ,5,2026-01-21 00:00:00,Anghami,entertainment,play_store,"[""general""]","{""general"": ""positive""}"
9036,ممنم,5,2026-03-12 00:00:00,Spotify,entertainment,play_store,"[""none""]","{""none"": ""neutral""}"
6159,عيادة لا أنصح بالتعامل معاها الدكاترة بتجرب في العملاء وليس لديهم الخبرة,1,قبل سنتين,"Diamond Dental Center, الفرع الرئيسي",عِيادة أسنان,google_maps,"[""service""]","{""service"": ""negative""}"
4062,اول مره اعرف ان دخول للمريض ف العنايه المركزه بقت بالفلوس وقطع تذاكر وشغلانه نصب ف نصب داخل المستشفى ومعامله من الدكاترة والممرضين معامله زى الزفت,1,قبل 3 أشهر,مستشفى القاهرة الجديدة,مستشفى,google_maps,"[""price"", ""service""]","{""price"": ""negative"", ""service"": ""negative""}"
3375,"مكان في غايه الجمال
تست ممتاز
اصطاف متعاونين
خدمه علي اعلي مستوي
وعندهم عروض اسبوعيه
كل عرض افضل من التاني
بجد شابووو بهيه 😍😍
وبالتوفيق دائما",5,قبل شهرين,بهية المهندسين,مطعم أطباق اللحوم,google_maps,"[""ambiance"", ""food"", ""service"", ""price""]","{""ambiance"": ""positive"", ""food"": ""positive"", ""service"": ""positive"", ""price"": ""positive""}"
1051,احسن فندق تعاملت في🤍🤍,5,قبل 3 أيام,فندق فلامنكو القاهرة,فندق,google_maps,"[""general""]","{""general"": ""positive""}"
8298,عقار ماب اسهل وافضل عقارات ومناسبه للجميع,5,2024-12-18 00:00:00,Aqarmap,real_estate,play_store,"[""app_experience"", ""price""]","{""app_experience"": ""positive"", ""price"": ""positive""}"
7163,منصحش حد بيه طلبت منتج من على الابلكيشن والمنتج جالي فيه مشكله عملت طلب ارجاع المندوب جاء استلمه وعلقه ابلكيشن ما استلمه وكلمت خدمه العملاء وعملت شكوى من يوم خمسه ليوم 10 متحلتش وبكلم خدمه العملاء تاني بيقول لي ثلاث ايام كمان هخلص شكوى جديده وكل ما اكلمهم يقول لي اصل ده غلط من عندنا طب ما تحل المشكله يا فندم القسم المختص هيكلمك اتفاجئ ان المندوب يكلمني بيقول لي يا فندم الاوردر هيتحمل عليا انا سلمته للمخزن لكن هيتحمل عليا يا فندم كلمت الدعم بتاع النون وقلت له عامل مشكله ما حدش حلها ابلكيشن سيء جد,1,2026-03-10 00:00:00,Noon,ecommerce,play_store,"[""app_experience"", ""service"", ""delivery""]","{""app_experience"": ""negative"", ""service"": ""negative"", ""delivery"": ""negative""}"
9884,الاسعار مرتفعه,1,2025-12-31 00:00:00,Booking,travel,play_store,"[""price""]","{""price"": ""negative""}"
8320,جد,5,2024-11-23 00:00:00,Aqarmap,real_estate,play_store,"[""none""]","{""none"": ""neutral""}"
6676,التطبيق صار مرررة بطيئ ما يفتح واذا فتح ما يظهر طلب مشوار الا بعد مدة طويلة حتى لو طلبت يستغرق وقت على شان تظهر الخريطة مع انه كان قبل كويس,1,2026-02-10 00:00:00,Careem,transport,play_store,"[""app_experience""]","{""app_experience"": ""negative""}"
4408,"السلام عليكم

سويت عندهم الحمام المغربي كان حلو 👍🏼
ودلكة سودانيه الدلكة طريقتها غلط حطوها في اقل من دقيقه شطفت جسمي بالمويا
المفروض تنشف وبعدين يفركوها بزيت خساره 450 جنيه عليها صراحه 👎🏼",3,قبل أسبوعين,MOSCOW COLORS BEAUTY LOUNGE & SPA,صالون تجميل,google_maps,"[""service"", ""price""]","{""service"": ""negative"", ""price"": ""negative""}"
2041,خدمة سيئة و اسعار مبالغ فيها جداً سعر الكيلو ٣٥٠٠ ج و الاكل عادي جداً,1,قبل شهرين,مطعم ميت موت مدينة الشيخ زايد,مطعم,google_maps,"[""service"", ""price"", ""food""]","{""service"": ""negative"", ""price"": ""negative"", ""food"": ""negative""}"
4030,مطعم محترم جدا والاكل جميل واسعار تحفه بالتوفيق,5,قبل شهرين,فول زمان,مطعم فلافل,google_maps,"[""food"", ""price""]","{""food"": ""positive"", ""price"": ""positive""}"
9933,رائع جداً يستاهل ال خمس نجوم لوكان هناك أكثر اعطيته,5,2025-12-16 00:00:00,Booking,travel,play_store,"[""general""]","{""general"": ""positive""}"
2786,مطعم اسماك جيد ولكن الأسعار مبالغ فيها,4,تاريخ التعديل: قبل شهر,مطعم الصلاة على النبي للمأكولات البحريه ٢ فرع التجمع الخامس,مطعم مأكولات بحرية,google_maps,"[""food"", ""price""]","{""food"": ""positive"", ""price"": ""negative""}"
9255,مفيدجدا.لي.سمع.جميع.الاغاني,5,2026-03-03 00:00:00,Spotify,entertainment,play_store,"[""general""]","{""general"": ""positive""}"
5103,يستحق التجربه كل الدعم لفريق العمل,5,قبل 5 أشهر,مستر بيتزا Mr pizza,مطعم بيتزا,google_maps,"[""service""]","{""service"": ""positive""}"
4886,"مستشفى سيئة جدا جدا جدا
قعدنا أكثر من٤ ساعات قبل العملية
الدكتور المسئول عن التجهيز للعملية نسى يشوف التحاليل ونسى يبلغ يعملوا رسم قلب قبل العملية وجة جرى قبل العملية مباشرة يطلب التحاليل ودكتور التخدير الله يباركلة اصر على عمل رسم قلب قبل دخول العمليات والدكتور المباشر وصل للمستشفى واتعقم والحالة مش جاهزة للعملية (قمة الاستهتار)
دورة المياة مفيهاش ورق تواليت ولاصابون ولا مطهر ولا أى حاجة خالص والتمريض ادعى على الدكتور المباشر أنى أدفع ثمن العلاج والمحاليل والمسكنات والسرنجات واجهزة الوريد(بعد العملية) بالرغم من محاسبة الدكتور المباشر على كافة التكاليف بما فيها تكاليف المستشفى وبعد نقاش والاتصال بالدكتور افاد إن كلام التمريض كلة كذب واسترديت ثمن العلاج وعدم انتظام التمريض فى مواعيد التحاليل والادوية وعدم الاهتمام بتفريغ الدرنقة والاسترة ( دة جزء من اللى شفتة فى ٤٨ ساعة فقط فى المستشفى اللى زيها زى مستشفيات التأمين الصحى) أحذروا من التعامل معها",1,قبل 6 أشهر,مستشفى مصر الجديدة التخصصي,مستشفى,google_maps,"[""service"", ""cleanliness"", ""price""]","{""service"": ""negative"", ""cleanliness"": ""negative"", ""price"": ""negative""}"
5797,بصراحه دكتوره نهى كويسه ربنا يكرمها اجت لنا بعد ميعاد العيادة برمضان ونزلت مخصوص يوم الاجازة واسنان جميلة ولون مظبوط الله يوسع عليكم يارب ويزيدكم,5,قبل 11 شهرًا,عيادة دكتورة نهى يس عبد الرحمن,عِيادة أسنان,google_maps,"[""service""]","{""service"": ""positive""}"
8919,تطبيق مش حلو والنت كثير وبيسرق كثير ومش حلو اصلا,1,2026-01-14 00:00:00,Anghami,entertainment,play_store,"[""app_experience""]","{""app_experience"": ""negative""}"
6238,مفيش مطاعم كتير ولا اى حاجة ومطاعم موجودة ومقفولة ... قبل متعمل اعلان اعرف ازاى تفيد المستخدم وتشوف هو عاوز اى,2,2026-01-22 00:00:00,Elmenus,food_delivery,play_store,"[""app_experience""]","{""app_experience"": ""negative""}"
9735,اسواء تجربة مع بوكينج وفندق ليالي لمار لقد تم حجز غرفه غير الصورة الا علي بوكينج كمان روائح كريهه عفش متهالك وتم الالغاء الحجز بعد خمس دقايق الفندق رفض استرجاع المبلغ وإدارة بوكينج شهر وعود كاذبة ما قادرة تسترد لي الفلوس من فندق ليالي لمار بجدة,1,2026-02-24 00:00:00,Booking,travel,play_store,"[""service"", ""ambiance"", ""app_experience"", ""price"", ""cleanliness""]","{""service"": ""negative"", ""ambiance"": ""negative"", ""app_experience"": ""negative"", ""price"": ""negative"", ""cleanliness"": ""negative""}"
5380,المنتجات جيدة والاسعار مناسبة,5,قبل سنة,فوستك,متجر ملابس,google_maps,"[""price""]","{""price"": ""positive""}"
9580,"مع الاسف ما تستاهل ربع نجمه لان التطبيق مع الشركات في غش بدون حقائب تكون تذاكر ب 1000 وشوي مع الحقائب تصير ب 2000 وشوي هذا وين وين مع انه كان سابقا ذهاب واياب مع حقيبتين 23 كيلو وشنطه 7 كيلو يد ب 2,400 2800 الحين مع الحقائب حقيبتين 23 كيلو وسبعه كيلو 4300 ب 4000 اسعار مبالغ فيها والوقت طويل الانتظار طويل في المطارات ثمان ساعات عشر ساعات يعني مثلا ما في خطوط تشيل تودي وترجع خطوط تطبيق في غش ما هو مضبوط كل التطبيقات لاحظنا التطبيق يقول لك اعطيني اذن واذا اخذنا الاذن احط الكوكو صار يتحكم بالتطبيقات",1,2026-01-18 00:00:00,Wego,travel,play_store,"[""price"", ""app_experience"", ""delivery""]","{""price"": ""negative"", ""app_experience"": ""negative"", ""delivery"": ""negative""}"
6443,سي الطبيق لانه لم يتم ارسال الينا كود خصم للمطم 😡😡,3,2024-01-08 00:00:00,Elmenus,food_delivery,play_store,"[""app_experience""]","{""app_experience"": ""negative""}"
768,"المكان رايق والتعامل لطيف والخدمة جدا ممتازة..والأكل لذيذ.. والعاملين بيهتموا تكونوا مبسوطين وبيأخذوا ملاحظاتكم بعين الاهتمام علشان يكون كل شي عندهم وبالنسبة لكم بيرفكت ويبسطكم .. ومدير المطعم الأستاذ أحمد مجاهد اهتمّ انو يكون كل شي ع مزاجنا وان احنا نكون مرتاحين ..
وكان عبدالرحمن في قمة الاحترام وبيخدمك من قلبه
أسعارهم تستاهل ف المناسبات السعيدة ..أو حد بيدلع نفسه علشان تنبسط وتغير جو🤍✨",5,قبل شهر,Brunch & Cake Lake View,مطعم,google_maps,"[""ambiance"", ""service"", ""food"", ""price""]","{""ambiance"": ""positive"", ""service"": ""positive"", ""food"": ""positive"", ""price"": ""neutral""}"
6714,دلوقتي تطبيق كريم فجأه وقف من علي الموبايل مسحته ونزلته تاني طلب مني الباس ورد أو آخر اربع أرقام من credit وانا مش فاكره الباس ورد ولا ربط حساب تطبيق ب credit,1,2026-02-05 00:00:00,Careem,transport,play_store,"[""app_experience""]","{""app_experience"": ""negative""}"
4037,ممتاز,5,قبل 4 أشهر,سوبر ماركت القدس,متجر بقالة,google_maps,"[""general""]","{""general"": ""positive""}"
9713,سيئة جدا لايقبل التطبيق تحويل مبلغ المحفظه للبطاقه وكلمت العم اكثر من مره دون جدوى والمشكله لها اكثر من 3 اشهر بدون حل انا كتبت التعليق بالعربيه فلماذا الرد بغير العربيه قلت ان المشكله مستمره منذ اكثر من 3 اشهر ولم يتواصل معي احد من الدعم بالرغم من تواصلي معهم هاتفيا وبالايميل,1,2026-03-03 00:00:00,Booking,travel,play_store,"[""app_experience"", ""service""]","{""app_experience"": ""negative"", ""service"": ""negative""}"
3757,مش احسن حاجه في عليها شكاوي كتير وكمان علي المستشفي الجوي التخصصي,3,قبل 6 أيام,المستشفى القوات الجويةبالعباسية,مستشفى عام,google_maps,"[""service""]","{""service"": ""negative""}"
7614,لقد احتالو عليا وعي الدليل بهذا التطبيق ارجو الرد,1,2025-12-17 00:00:00,Jumia,ecommerce,play_store,"[""app_experience""]","{""app_experience"": ""negative""}"
7498,ممتاز,5,2026-02-04 00:00:00,Jumia,ecommerce,play_store,"[""general""]","{""general"": ""positive""}"
8746,للاسف تطبيق بقى سلبى ولا انصح به وجارى البحث عن بديل ... يعنى ايه تجبرنى اسمع اغانى مشابهه للى عايز اسمعه؟,1,2026-02-15 00:00:00,Anghami,entertainment,play_store,"[""app_experience""]","{""app_experience"": ""negative""}"
520,طلعت الصاله المدير اللي فوق أسلوبه وحش جدا محدش يروح مع عيلته,1,قبل يوم واحد,أبو العز السوري,مطعم مأكولات سورية,google_maps,"[""service"", ""ambiance""]","{""service"": ""negative"", ""ambiance"": ""negative""}"
9448,برنامج غير موثوق فيه والوكلاء غير موثوق فيه وحراميه ونصابين,1,2026-02-27 00:00:00,Wego,travel,play_store,"[""app_experience"", ""service""]","{""app_experience"": ""negative"", ""service"": ""negative""}"
1209,رائع,5,قبل 4 أيام,الجحش,مطعم فلافل,google_maps,"[""general""]","{""general"": ""positive""}"
537,"كانت تجربه سئه جدا فرع الرحاب الاكل عادي جدا والمكان مش نظيف والخدمه وحشه جدا والحمامات ماتعرفش تخشها حتى المناديل مش بتلاقيه لا على طربيزات ولا في الحمام و من بخلهم ومستخسرين يطبعو منيو
والي شغالين ريحتهم وحشه مافيش اي اهتمام باي حاجه",1,قبل أسبوعين,مطعم زين الشام الرحاب,مطعم مأكولات سورية,google_maps,"[""food"", ""cleanliness"", ""service"", ""ambiance""]","{""food"": ""negative"", ""cleanliness"": ""negative"", ""service"": ""negative"", ""ambiance"": ""negative""}"
5897,سويت اظافري بودكير ومونكير ولون فرنش الصراحه الاستاف كويسين لكن الشغل مو كويس المناكير سيء للامانه متكتل وعدمت جلدي غير كذا اخذت مني ٤٠٠ جنيه والمكان اللي قعدت فيه مو مكان خاص لشغل الاظافر,1,قبل 9 أشهر,Beauty salon Glowing,صالون تجميل,google_maps,"[""service"", ""price"", ""ambiance""]","{""service"": ""negative"", ""price"": ""negative"", ""ambiance"": ""negative""}"
5893,موظفين زي العسل و خدمه سريعه و نظيفه❤️,5,قبل شهرين,Beauty salon Glowing,صالون تجميل,google_maps,"[""service"", ""cleanliness""]","{""service"": ""positive"", ""cleanliness"": ""positive""}"
6562,تطبيق كريم ةفى بورسعيد عربيات فقط,1,2026-03-02 00:00:00,Careem,transport,play_store,"[""app_experience"", ""service""]","{""app_experience"": ""negative"", ""service"": ""negative""}"
2539,الشيشه ممتازه الف شكر لفتحي و عبدالجليل مدير الصالة,5,قبل 4 أيام,صاحب السعاده فرع التجمع,كافيه,google_maps,"[""ambiance"", ""service"", ""food""]","{""ambiance"": ""positive"", ""service"": ""positive"", ""food"": ""positive""}"
2713,"أحلى مطعم أكلت فيه في حياتي المكان نضيف ومنظم جدا
ستاف ودودين ومحترمين
أسعار كويسة
اكل بقه آكتر من رائع مفيش صنف واحد مبيتعملش بأحسن طريقة
والمكان مريح نفسيا جدا
انا رحت المطعم ده آكتر من 30 مرة",5,قبل أسبوع,Syriana sandwich,مطعم,google_maps,"[""food"", ""cleanliness"", ""service"", ""price"", ""ambiance""]","{""food"": ""positive"", ""cleanliness"": ""positive"", ""service"": ""positive"", ""price"": ""positive"", ""ambiance"": ""positive""}"
6688,جيد,5,2026-02-08 00:00:00,Careem,transport,play_store,"[""general""]","{""general"": ""positive""}"
8357,البحث داخل البرنامج لا يعمل نرجوا حل هذه المشكلة,2,2024-04-09 00:00:00,Aqarmap,real_estate,play_store,"[""app_experience""]","{""app_experience"": ""negative""}"
8745,من ازبل التطبيقات حرفيا,1,2026-02-15 00:00:00,Anghami,entertainment,play_store,"[""app_experience""]","{""app_experience"": ""negative""}"
1830,بشكر إدارة المستشفي علي اختيار جميع الإستاف الجميع ممتاز,5,قبل 13 ساعة,القاهره التخصصي مستشفيات كليوبترا,مستشفى,google_maps,"[""service""]","{""service"": ""positive""}"
4881,"لا ينصح بها نهائي

غالية ع الفاضي و فاضية مافيهاش دكاترة",1,قبل شهر,مستشفى مصر الجديدة التخصصي,مستشفى,google_maps,"[""price"", ""service""]","{""price"": ""negative"", ""service"": ""negative""}"
6651,ليه مبطلين تبعتو بروموكود للرحلات ؟,1,2026-02-14 00:00:00,Careem,transport,play_store,"[""app_experience""]","{""app_experience"": ""negative""}"
8241,المعروض بتاريخ قديم و أسعار قديمة كذلك البرنامج بعد المسح ما فتح معي مرة أخرى,3,2025-10-16 00:00:00,Aqarmap,real_estate,play_store,"[""app_experience"", ""price""]","{""app_experience"": ""negative"", ""price"": ""negative""}"
9518,انا قطعت تذكره طيران ب١٤٥يورو وخدو الفلوس ولم يرسل التذكره تطبيق سئ جدا جدا,1,2026-02-08 00:00:00,Wego,travel,play_store,"[""app_experience"", ""service""]","{""app_experience"": ""negative"", ""service"": ""negative""}"
1992,افضل لزانيا في القاهره مطعم ايطالي جميييل,5,قبل شهر,Dido's al Dente,مطعم مأكولات إيطالية,google_maps,"[""food"", ""ambiance""]","{""food"": ""positive"", ""ambiance"": ""positive""}"
5463,بسم الله ماشاء الله اشكر القائمين على هذا الصرح الطبي وعلى رأسهم رئيس مجلس الاداره دكتور رائد وجميع العالمين من استقبال وأطباء وفنيين واشكر الاستاذه ياسمين على حسن الاستقبال والشكر موصول للجميع,5,قبل 9 أشهر,عيادات تمازج التخصصية ومركز تمازج الجراحي ومختبر تمازج الطبي,عيادة متخصصة,google_maps,"[""service""]","{""service"": ""positive""}"
8203,ان شاءالله يعجبكم,5,2014-06-23 00:00:00,OLX,ecommerce,play_store,"[""none""]","{""none"": ""neutral""}"
3762,الخدمه سيئه,3,قبل 5 أشهر,المستشفى القوات الجويةبالعباسية,مستشفى عام,google_maps,"[""service""]","{""service"": ""negative""}"
9725,افضل برنامج للحجوزات عن تجربه شخصيه,5,2026-02-27 00:00:00,Booking,travel,play_store,"[""app_experience""]","{""app_experience"": ""positive""}"
2702,المول اول كان جميل الان تغير مافيه بضاعات جديد واكثر المحلات مقفله,4,قبل 4 أشهر,مول رمسيس,مركز تسوق,google_maps,"[""ambiance""]","{""ambiance"": ""negative""}"
9227,افضل برنامج شفته بحياتي❤️‍🔥😍,5,2026-03-04 00:00:00,Spotify,entertainment,play_store,"[""app_experience""]","{""app_experience"": ""positive""}"
7102,ممتاز,1,2026-03-13 00:00:00,Noon,ecommerce,play_store,"[""general""]","{""general"": ""positive""}"
1255,"مكان راقي جدا وهو داخل فندق فور سيزن
فيه ماركات عالمية",5,قبل شهر,فيرست مول,مركز تسوق,google_maps,"[""ambiance""]","{""ambiance"": ""positive""}"
6522,ممتاز,5,2026-03-11 00:00:00,Careem,transport,play_store,"[""general""]","{""general"": ""positive""}"
5856,لا يوجد به دكترة يوجد به شوية عيال احتمال انهم خرجين من الاعدادية لا يمتلكو اي خبرة امي توفت في العناية المركزة بسبب الجهل والاهمال اسواء مستشفي في مصر يجب غلقه واعتقال دكترة العناية لانهم اغبي دكترة,1,قبل سنة,مستشفي المركز الطبي الإنجيلي بالقاهرة,مستشفى,google_maps,"[""service""]","{""service"": ""negative""}"
8733,تطبيق بجنن بس بده شحن يعني تشحن له مصاري واذا كنت مشغل اغنيه وبتلعب لعبه لازم تطلع من اللعبه عشان بدي الاغنيه خلصت ترجعها,5,2026-02-20 00:00:00,Anghami,entertainment,play_store,"[""app_experience"", ""price""]","{""app_experience"": ""neutral"", ""price"": ""negative""}"
7806,ممتازه جدا,5,2026-03-03 00:00:00,Amazon,ecommerce,play_store,"[""general""]","{""general"": ""positive""}"
7173,غالين وحسن من شي ان بس يتاهرون شي ان,3,2026-03-10 00:00:00,Noon,ecommerce,play_store,"[""price"", ""delivery""]","{""price"": ""negative"", ""delivery"": ""negative""}"
2790,اجواء رمضانية رائعه ، الخدمه ممتازه وخاصه الاستاذ بحر,5,قبل يومين (2),"princess cafe, gateway mall Al-Rehab",مطعم,google_maps,"[""ambiance"", ""service""]","{""ambiance"": ""positive"", ""service"": ""positive""}"
9484,التطبيق سهل جدا ومناسب وعروض قوية للطيران والسكن ..,5,2026-02-16 00:00:00,Wego,travel,play_store,"[""app_experience"", ""price""]","{""app_experience"": ""positive"", ""price"": ""positive""}"
7778,رائع جدا,5,2026-03-05 00:00:00,Amazon,ecommerce,play_store,"[""general""]","{""general"": ""positive""}"
2097,السلطان واحد بس,5,قبل 7 أشهر,بيتزا السلطان التجمع الخامس,مطعم بيتزا,google_maps,"[""general""]","{""general"": ""positive""}"
7338,ممتاز,5,2026-03-05 00:00:00,Noon,ecommerce,play_store,"[""general""]","{""general"": ""positive""}"
6812,في ملاحظه فبعالدفع,5,2026-03-13 00:00:00,Uber,transport,play_store,"[""app_experience""]","{""app_experience"": ""negative""}"
721,"زرت هذا المطعم صراحه ولا غلطة انبسط بالمقبلات وشوربة الكوارع وباقي الأطباق الملوخية كان الملح زايد شويا وعدل الطلب لنا الباميا مزون

أنصح بوزن الملح ينقص ولا يزيد بصراحه

سوف أكرر زيارتي",5,قبل شهر,قصر الكبابجي,مطعم مأكولات مصرية,google_maps,"[""food"", ""service""]","{""food"": ""neutral"", ""service"": ""positive""}"
6248,سىء جدا وقت التوصيل اكتر من ساعة علشان الدليفرى بيوصل اوردرات تانيه والأكل جه بارد ودى مش اول مرة تحصل خدمة الدليفرى سيئة جدا وكمان خدمة شكاوى العملاء سيئة جدا مفيش سرعة فى الرد ولا بتحلوا المشكلة طلبات افضل الاكل بيجى سخن ومبيتأخرش اخر مرة استخدم التطبيق,1,2025-12-20 00:00:00,Elmenus,food_delivery,play_store,"[""delivery"", ""food"", ""service"", ""app_experience""]","{""delivery"": ""negative"", ""food"": ""negative"", ""service"": ""negative"", ""app_experience"": ""negative""}"
7887,منصفين جدا في الخدمة مابعد البيع والاسعار جيدة,5,2026-02-23 00:00:00,Amazon,ecommerce,play_store,"[""service"", ""price""]","{""service"": ""positive"", ""price"": ""positive""}"
5589,كان اول تجربه ليا في عياده سرور بس من اجمل التجربه الدكتور يوسف من اشطر الدكاتره في الاسنان بجد بشكر كل الي في العيادة علي الخدمه الممتازه ❤,5,قبل 6 أشهر,Souror Dental Clinic,عِيادة أسنان,google_maps,"[""service""]","{""service"": ""positive""}"
9792,اذا صار مشكلة في الحجز من المسوؤل البرنامج او الفندق والحجز موؤكد فيه خلل بس وين واضح,1,2026-01-30 00:00:00,Booking,travel,play_store,"[""app_experience"", ""service""]","{""app_experience"": ""negative"", ""service"": ""negative""}"
2859,مكان هادي و ممتاز وعائلي ومحترم وطاقم عمل محترم وممتاز من اول المدير حتي طاقم الشيشة وخصوصا أ حسين شاب مجتهد وشاطر ومؤدب وانصح بقضاء وقت لطيف بهذا المكان,5,تاريخ التعديل: قبل شهر,مطعم وكافيه نعومي,مطعم,google_maps,"[""ambiance"", ""service""]","{""ambiance"": ""positive"", ""service"": ""positive""}"
7127,ممتاز,5,2026-03-12 00:00:00,Noon,ecommerce,play_store,"[""general""]","{""general"": ""positive""}"
884,عادل وي كاريم وعبده معمله محترمه جدًا وطبعا الاكل ممتاز جدا,5,قبل ساعتين (2),الدهان للمشويات فرع المعادي,مطعم,google_maps,"[""service"", ""food""]","{""service"": ""positive"", ""food"": ""positive""}"
4841,المكان نضيف جدا ودكتور اندرو عاطف ممتازومستمع جيد للمريض والاستقبال محترمين ف التعامل,1,قبل شهر,Misr Modern Clinics عيادات مصر الحديثه ( فرع ميشيل باخوم ),مركز طبي,google_maps,"[""cleanliness"", ""service""]","{""cleanliness"": ""positive"", ""service"": ""positive""}"
2635,"اطلب الاوردر وانزل شوف قرايبك في البلد اتطمن عليهم
اطلع اسبوع دهب ولا حاجه
خدلك كورس لغة
اتفرج ع حلقتين من مسلسلك المفضل
ولما ترجع شوف الاوردر بتاعك ممكن يكون جاهز
اكتر ناس ""سكليه"" قابلتهم في حياتي والله
الكاشير باللي بيجهزوا الاوردر باللي جوه المطبخ",1,قبل أسبوعين,الشبراوي,مطعم فلافل,google_maps,"[""service"", ""delivery""]","{""service"": ""negative"", ""delivery"": ""negative""}"
8694,ممتاز جدان الملكية العربية السعودية جازان ابوعريش سلامة ادراج,5,2026-02-27 00:00:00,Anghami,entertainment,play_store,"[""none""]","{""none"": ""neutral""}"
7661,ميقبل مع الدفع عند لاستلام سيا اغلب الناس لا يمكنهم الدفع عند الاستلام,1,2026-03-13 00:00:00,Amazon,ecommerce,play_store,"[""app_experience"", ""delivery""]","{""app_experience"": ""negative"", ""delivery"": ""negative""}"
931,كويسه,5,قبل شهر,الوكاله,متجر,google_maps,"[""general""]","{""general"": ""positive""}"
1362,ممتاز جداااا,5,قبل أسبوعين,مطعم عبد الله بشندي,مطعم فلافل,google_maps,"[""general""]","{""general"": ""positive""}"
3251,اكله حلو ومناسب كسعر جدا للشباب والمغتربين,4,قبل شهر,مطعم تفاحة,مطعم,google_maps,"[""food"", ""price""]","{""food"": ""positive"", ""price"": ""positive""}"
1823,كل الشكر والتقدير لطقم التمريض والساده الدكترة على الرعايه الممتازة والأداء المتميز الف شكر,5,قبل 12 ساعة,القاهره التخصصي مستشفيات كليوبترا,مستشفى,google_maps,"[""service""]","{""service"": ""positive""}"
611,شكرا علي حسن الاستقبال والمعاملة ♥️,5,قبل أسبوع,Princess Café & Restaurant,مقهى,google_maps,"[""service""]","{""service"": ""positive""}"
958,الأسعار مش وحشة لكن جودة الأكل سيئة لدرجة أننا رمينا بعض القطع زي ما هي لأنها حرفيا ما تتاكلش .. لا أنصح بالتجربة,1,قبل شهر,تشك تشكن,مطعم دجاج,google_maps,"[""price"", ""food""]","{""price"": ""positive"", ""food"": ""negative""}"
3556,الدكتور جميل جدا وبيطمن وايده نش بتوجع خالص تجربه جميله,5,قبل 3 ساعات,Dental Care Clinic - Dr. Tarek Moustafa,طبيب أسنان,google_maps,"[""service""]","{""service"": ""positive""}"
5862,زفت من الاخر,1,قبل 3 سنوات,مستشفي المركز الطبي الإنجيلي بالقاهرة,مستشفى,google_maps,"[""general""]","{""general"": ""negative""}"
6808,خدمة ممتازه جدا جدا شكرا لحضرتك,5,2026-03-14 00:00:00,Uber,transport,play_store,"[""service""]","{""service"": ""positive""}"
6686,جيد😔😻,2,2026-02-08 00:00:00,Careem,transport,play_store,"[""general""]","{""general"": ""negative""}"
6727,جيدة,5,2026-02-04 00:00:00,Careem,transport,play_store,"[""general""]","{""general"": ""positive""}"
9705,التجربه سيئه جدا فوق التصور تجربتي مع بوكينج تم الحجز عن طريق الابلكيشن بيوكينج أقامه فى فندق جاز سولايا يمرسي علم بقيمه ١٨٥٠٠ وتم سحب القيمه بزياده ١٢٠٠ جنيه وفوجئت ان بوكينج تحيل الحجز الي شركاء اخريين وتزيد السعر ١٢٠٠ جنيه عن سعر الفندق وهو شامل الضريبه والاخطر ان بعد انتهاء الاقامه شركه بوكينج لا ترسل رساله تقييم للجيست لمعرفه نوع المشاكل التى تواجهه العميل يعني حجز بدون تقييم يعني مش مهم حصل ايه مع النزيل لا وجود لتقييم الفندق مهما حدث علاوه على زياده القيمه لا انصح اطلاقا بيوكينج,1,2026-03-04 00:00:00,Booking,travel,play_store,"[""app_experience"", ""price"", ""service""]","{""app_experience"": ""negative"", ""price"": ""negative"", ""service"": ""negative""}"
4867,التكيفات ضعيفة جدا و الجاكوزي مش شغال,3,قبل سنتين,5GYM & FITNESS CLUB,برنامج اللياقة البدنية,google_maps,"[""ambiance""]","{""ambiance"": ""negative""}"
6595,عدم اظهار الباقات بشكل واضح و تلاعب في الاسعار,1,2026-02-24 00:00:00,Careem,transport,play_store,"[""app_experience"", ""price""]","{""app_experience"": ""negative"", ""price"": ""negative""}"
6943,زباله,1,2026-03-10 00:00:00,Uber,transport,play_store,"[""general""]","{""general"": ""negative""}"
3671,"توقعاتي كانت أعلى لان تجاربي السابقة مع هذا المطعم كانت افضل بكثير
للاسف مخيب للامال",3,قبل شهر,مطعم الدهان,مطعم مأكولات مشوية,google_maps,"[""general""]","{""general"": ""negative""}"
6399,تطبيق زباله وغير محترم. الباشا الطيار عنده العنوان بالتفصيل وجبلي اوردات كتير جدا أسبوعيا وفي آخر مره اتصل والتيليفون في مشكله. بعدها بشويه بكلمه مبيردش وكلمه خدمه العمله بيقولي اوردرك تم هلكه وضاعت فلوسي ومرضيش يرجعه!!!,1,2024-06-12 00:00:00,Elmenus,food_delivery,play_store,"[""app_experience"", ""delivery"", ""service"", ""price""]","{""app_experience"": ""negative"", ""delivery"": ""negative"", ""service"": ""negative"", ""price"": ""negative""}"
9116,زفت زفت زفت يعني التحديث الجديد خلانا حتى منخترش الاغنية اللي نسمعها في البظاية لا هو يختارلك و ميخلكيش تغيري غير ب اشتراك!,1,2026-03-09 00:00:00,Spotify,entertainment,play_store,"[""app_experience"", ""price""]","{""app_experience"": ""negative"", ""price"": ""negative""}"
2793,من افضل الاماكن في الجودة والخدمة والشيف ممتاز في جميع الأطباق الشرقي والغربي يعتبر الاختيار الاول لنا في القاهرة والإسكندرية والساحل الشمالي والعلمين الجديدة,5,قبل أسبوع,"princess cafe, gateway mall Al-Rehab",مطعم,google_maps,"[""food"", ""service""]","{""food"": ""positive"", ""service"": ""positive""}"
19,فطرنا فيه في رمضان كان الاكل بارد بستثناء طاجن البطاطس باللحمة كان تحفة - الكفتة صفر من عشرة - الكباب 8 من عشرة الفراخ 5 المحشي 9 المقبلات 6 الناس في المكان فيهم البركة,3,قبل يوم واحد,مطعم صبحي كابر,مطعم مأكولات مصرية,google_maps,"[""food"", ""ambiance""]","{""food"": ""neutral"", ""ambiance"": ""positive""}"
8519,تطبيق عقاري يخص عقارات مصر اكتر حاجه في غاية الروعة تطبيق ومرتب وسهل جدا وخياراته جدا كثيره ومنوعه تستاهلون مليون نجمه,5,2022-02-07 00:00:00,Aqarmap,real_estate,play_store,"[""app_experience""]","{""app_experience"": ""positive""}"
2994,"Thanks israa🩵
شغل حلو جدا و خدمه سريعه و الاغاني حلوه و رايقه.",5,قبل شهر,Malika and Mo Nails Salon,صالون عناية بالأظافر,google_maps,"[""service"", ""ambiance""]","{""service"": ""positive"", ""ambiance"": ""positive""}"
6524,واجهت مرتين مشاكل ويا الكباتن علمود الدفع و اتصل بالدعم و مسوو كلشي معاملة سيئة جدا و خدمة بعد اسوء افشل تطبيق شفته حرامات بس سيط,1,2026-03-10 00:00:00,Careem,transport,play_store,"[""service"", ""app_experience"", ""delivery""]","{""service"": ""negative"", ""app_experience"": ""negative"", ""delivery"": ""negative""}"
5358,الموقع موجود في فندق رمسيس المطعم مره سيء خدمة واكل اولاً نصحنا في بيتزا الأجبان الثلاث يقول الأفضل واخذناها كانت ثقيله وتغث وسلطة سيزر جيدة بس الدجاج ناشف وبيبسي والمجموع ١٠٥٠ جنيه ؟ حسبت نفس الاسعار اللي بالمنيو طلعت حول ٨٧٠ جنيه فقط ؟ سالته يقول الضرايب م اعرف نصب علينا ولا من جده مع ان الاسعار اساساً مرتفعه وما يستاااااهل م انصح فيه,1,قبل سنة,جاردن كورت كافيه,مقهى,google_maps,"[""food"", ""service"", ""price""]","{""food"": ""negative"", ""service"": ""negative"", ""price"": ""negative""}"
9546,ممتاز بس انا محتاج اللغه العربيه,5,2026-01-31 00:00:00,Wego,travel,play_store,"[""app_experience""]","{""app_experience"": ""neutral""}"
6218,مكان مريح و في دكاترة شاطرين جدا.. يعني انك تروح مكان واحد في اي تخصص انت عايزه و كلهم اشطر من بعض.. المكان نضيف جدا و طقم الاستقبال بيساعدك و يتابع معاك .. ❤️,5,قبل سنة,العيادة al3yada,عيادة طبية,google_maps,"[""ambiance"", ""service"", ""cleanliness""]","{""ambiance"": ""positive"", ""service"": ""positive"", ""cleanliness"": ""positive""}"
7378,اسوأ تجربه بجد مواعيد توصيل متأخره ومناديب بتختار اماكن التوصيل ع مزاجها ميعرفوش اى حاجه عن سياسه الاونلاين حقيقي تطبيق لا يستحق اصلا التجربه اخر مره اتعامل مع التطبيق ده بالفعل قفلت حسابي تجربه سيئه ومضيعه للوقت عالفاضي,1,2026-03-11 00:00:00,Jumia,ecommerce,play_store,"[""delivery"", ""service"", ""app_experience""]","{""delivery"": ""negative"", ""service"": ""negative"", ""app_experience"": ""negative""}"
4785,"خدمه علاجية مميزة وطاقم عمل اكثر من رائع بدايه من الاستقبال لغايه د يحيي ، شكرا للعمل المحترم المحترف الطبي المتقن
Good luck in every step dr yehia",5,قبل 5 أشهر,Dr. Yehia Adel - White Pearl Dental Clinic,عِيادة أسنان,google_maps,"[""service""]","{""service"": ""positive""}"
9644,ماااشاااء الله تبارك الله ماايسيتااااهل ولا نجمه اعطيتةعلشااان اااالتعلقتة علشان اااالتعلقتة وجاااري اااالحذف,1,2025-12-31 00:00:00,Wego,travel,play_store,"[""general""]","{""general"": ""negative""}"
6511,كنت حاجزه قبل كده ولكن لم يتم مجيء السواق في الميعاد المحدد ولم يتم الاتصال بي وكانت المواصله ب7 درهم وأصبحت كغرامه 13 درهم ودفعتهم بعدها حاولت اكتر من مره حجز عن طريق الابلكيشين لكن في كل مره يبعت تم الرفض,5,2026-03-13 00:00:00,Careem,transport,play_store,"[""service"", ""price"", ""app_experience""]","{""service"": ""negative"", ""price"": ""negative"", ""app_experience"": ""negative""}"
7928,توصيل زباله,1,2026-02-18 00:00:00,Amazon,ecommerce,play_store,"[""delivery""]","{""delivery"": ""negative""}"
2885,افضل صالون بجدد اسطاف كله يجنن المدير ومديره البنات كيوته ومتعاونه جدا والبنات كلهم بجددد شاطرين هكرر اكيد الزياره كتييييررر🤩🤩🤩,5,قبل 3 أسابيع,ELLE Salon,صالون تجميل,google_maps,"[""service""]","{""service"": ""positive""}"
2933,مطعم جميل اطلاله جميله واكل لذيذ جداً يعيبه فقط التأخير في الطلبات + الكراسي تحتاج للإهتمام والتجديد في المنطقه المفتوحه,5,قبل شهرين,قديمو,مطعم,google_maps,"[""ambiance"", ""food"", ""service""]","{""ambiance"": ""positive"", ""food"": ""positive"", ""service"": ""negative""}"
5220,ممكن اعرف الاشتراك العمر ٥٥ سنه عايز نظام غذائي وتدريب لنزول البطن والحفاظ على الكتله العضليه في متخصصين يساعدونى في ده ويكون وقت مفهوش اختلاط رجال فقط,4,قبل 4 أشهر,Force Gym,صالة رياضة,google_maps,"[""none""]","{""none"": ""neutral""}"
1469,"شكراً للخدمة تجربة كانت جميلة والأكل كان لذيذ
تسنيم وحبيبة",5,قبل يوم واحد,Vinny's Pizza,مطعم بيتزا,google_maps,"[""service"", ""food""]","{""service"": ""positive"", ""food"": ""positive""}"
2825,حاليا مقهى,5,قبل 3 أشهر,مطعم وكبابجي الفي بك,مطعم مأكولات مشوية,google_maps,"[""none""]","{""none"": ""neutral""}"
5843,مكان منظم و راقى و نظيم و طقم متعاون,5,قبل سنة,مترو ماركت الجديد صحراوى اسكندريه,سوبرماركت,google_maps,"[""ambiance"", ""cleanliness"", ""service""]","{""ambiance"": ""positive"", ""cleanliness"": ""positive"", ""service"": ""positive""}"
6066,التاريخ والذكريات,5,قبل 3 سنوات,ابوظريفة فول وطعمية,مطعم فلافل,google_maps,"[""general""]","{""general"": ""positive""}"
3029,"المكان كويس بس اكتر شي دايقني هو ازاي كل واحد من العاملين عايز يطلع ببقشيش من ورا الزباين .
دا اكتر حاجه خلتني اكره المكان .",1,قبل 3 أشهر,ذا بلكون كافيه الشيخ زايد,مطعم مأكولات ومشروبات,google_maps,"[""ambiance"", ""service""]","{""ambiance"": ""positive"", ""service"": ""negative""}"
5325,انا زرت الفرع اللي في التجمع الخامس جنب مدرسه الخليج صيدليه كويسه فيها منتجات كتير حلوه قوي حاجات للبيبي وحاجات لسكين كير هو في حاجات بتبقى ناقصه بره بلاقيها عندها,4,قبل 3 أشهر,صيدليه نهى,صيدلية,google_maps,"[""general""]","{""general"": ""positive""}"
6996,طلبت رحلة من الخبر إلى الدمام حددت ب ٤٥ ريال وصلنا الموقع ب ٤٧ ريال دفعت للسائق ٥٠ ليس لديه باقي قال أودعها في المحفظة ولم يودع شي ارسلت لخدمة العملاء وشرحت القصة يردون انت لست مؤهل لاسترداد المبلغ,1,2026-03-09 00:00:00,Uber,transport,play_store,"[""price"", ""service"", ""delivery""]","{""price"": ""negative"", ""service"": ""negative"", ""delivery"": ""negative""}"
4105,موقعه ممتاز جدا في قلب وسط البلد هتلاقي تحتيه كافيهات كثير,5,قبل 3 أشهر,Bella Hostel,فندق,google_maps,"[""ambiance""]","{""ambiance"": ""positive""}"
5395,"عيادة راقيه في التعامل جدا. ومواعيدهم بالدقيقه
من عام 2019 وانا معاهم.
تنظيف اسنان. وخلع. وتقويم اسنان.
الدكاتره روحهم حلوه. ويدهم خفيفه
كل الشكر لطاقم الاستقبال. ومدير العيادة.",5,قبل شهرين,Sennaty dental clinics,عِيادة أسنان,google_maps,"[""service"", ""ambiance""]","{""service"": ""positive"", ""ambiance"": ""positive""}"
5728,أعظم مستشفي في مصر وبها أمهر الأطباء في العالم و بأسعار تناسب عامة الشعب,5,قبل شهر,مستشفيات جامعة القاهرة,مستشفى,google_maps,"[""service"", ""price""]","{""service"": ""positive"", ""price"": ""positive""}"
5782,احلي حاجه عجبتني ان الاجهزة كلها جديده والجيم هادى ومن تطور لتطور ان شاء الله,5,قبل سنتين,Egyptian muscle,صالة رياضة,google_maps,"[""ambiance""]","{""ambiance"": ""positive""}"
8942,رايع جدا,5,2026-01-11 00:00:00,Anghami,entertainment,play_store,"[""general""]","{""general"": ""positive""}"
6134,"جبت موزة ...طعمها مش احسن حاجة بصراحه و قالوا عليها فته ....حطلى زر بشعرية ......طعم و جوده مش اد كده فى رمضان
...فا خلو بالكوا لو حد جايبوا فى عزومه مش هيتبسط.....غير انى عملت اورد قبل كده ختوا غلط
...تجربه عامه 3 من 5 ....الجوده مش ثابته و ده مقلق ...يعنى انا كنت جبت كذا مره قبل كده كباب مشكل ....مره يطلع حلو و مره لا ....ف رايى تجنوا فى رمضان ...مش بيعرف يهندل زحمه بجوده عالية ...الحمام تتبلته فيها فلفل اسود كتير ...مش بينظف الخضار كويس فا ممكن يقرش فى البق ....ربنا يصلح حاله",3,تاريخ التعديل: قبل 10 أشهر,مشويات سعودي,مطعم مأكولات مشوية,google_maps,"[""food"", ""cleanliness"", ""service""]","{""food"": ""negative"", ""cleanliness"": ""negative"", ""service"": ""negative""}"
8108,الشي اللي ماعجبني فيه انه يطلب السماح بقراءة ومشاهدة جميع رسائلك! وهذا اللي خلاني احذفه,3,2021-03-27 00:00:00,Shop,ecommerce,play_store,"[""app_experience""]","{""app_experience"": ""negative""}"
6240,سيء ومبيوصلش ارض اللواء لية كوخة,1,2026-01-19 00:00:00,Elmenus,food_delivery,play_store,"[""delivery""]","{""delivery"": ""negative""}"
6600,انا شخص اعيش في الاردن تحديدا في منطقه المفرق ولا استطيع الطلب منكم بسبب انها المنطقتي ليست ضمن التطبيق وهذا ليس عدلا,1,2026-02-24 00:00:00,Careem,transport,play_store,"[""app_experience"", ""delivery""]","{""app_experience"": ""negative"", ""delivery"": ""negative""}"
5552,جيم نضيف وحلو,5,قبل سنتين,Town Gym,صالة رياضة,google_maps,"[""cleanliness"", ""ambiance""]","{""cleanliness"": ""positive"", ""ambiance"": ""positive""}"
9749,تطبيق حالك حلوة جميلة جداً,3,2026-02-19 00:00:00,Booking,travel,play_store,"[""app_experience""]","{""app_experience"": ""positive""}"
9819,افضل برنامج حجوزات فنادق واسعار خيالية استاجرت غرفة فندق بدون البرنامج كان الليلة ب 150 ريال واخذت نفس الغرفة عن طريق التطبيق ب 45 ريال لليلة الواحدة,5,2026-01-21 00:00:00,Booking,travel,play_store,"[""app_experience"", ""price""]","{""app_experience"": ""positive"", ""price"": ""positive""}"
6550,افضل تطبيق,5,2026-03-06 00:00:00,Careem,transport,play_store,"[""app_experience""]","{""app_experience"": ""positive""}"
4435,"جيت مخصوص عشان أسوي رموشي عند رحاب. كنت أبغى كثافة أكثر، بس قالت لي إن رموشي ضعيفة وتحتاج عناية،مو مبسوطة بالطول خصوصا إني قايله لهم ابغى أطوال ١٦ وموريتهم صورة بس حطولي ١٣ كني حاطة ماسكرا مو مركبه رموش ب ١٥٠٠ جنيه

وسويت بعد جل مناكير يهبل عند خلود (يارب أكون كاتبة اسمها صح) لطيفة وصوتها يجنن وخفيفة دم. وكمان سويت شعري ويفي يجنن… وأسعارهم خيال.

والله إني ساكنة في التجمع الخامس بس أمغط مشوار لهم ودعم لبنتنا صاحبه الصالون… يستاهلون 👌 

*********تحديث بخصوص الرموش : أنا مركبه شهرية وطاحوا بعد ثلاث أيام من التركيب*******",3,تاريخ التعديل: قبل شهر,Sand salon,صالون تجميل,google_maps,"[""service"", ""price""]","{""service"": ""negative"", ""price"": ""positive""}"
3364,اول مرة اكل عندهم واخر مرة مفيش اي جودة مقابل سعر طلبت ريش وكباب وكفتة وممبار وشوربة لسان عصفور ورز بسمتي احلي حاجة ف الاكل دا كله الشوربة الاكل نازل بارد الطعم مش حلو خالص العيش مش طازة خالص وفوق كل دا الاكل اتأخر ع اساس ينزل سخن منصحش بيه,1,قبل شهر,بهية المهندسين,مطعم أطباق اللحوم,google_maps,"[""food"", ""price"", ""delivery""]","{""food"": ""negative"", ""price"": ""negative"", ""delivery"": ""negative""}"
6425,للاسف لايوجد اي وسيلة تواصل .,1,2024-03-05 00:00:00,Elmenus,food_delivery,play_store,"[""app_experience""]","{""app_experience"": ""negative""}"
7242,جميل,5,2026-03-08 00:00:00,Noon,ecommerce,play_store,"[""general""]","{""general"": ""positive""}"
6773,للاسف هناك عروض على البطاقه الائتمانيه لم استفد منها بدعوى (ان العرض منتهي) كانت هذه اجابتهم على الشكوى المقدمه و هذا غير صحيح لان العرض من ميزات البطاقه الثابته في البنك وليس محدد بوقت . وحصل لي في السابق ان وجدت مبلغ مديونيه واستفسرت منهم واتصلت بهم وافاد الموظف انه لايمكنه الافاده اضطريت اسدده عشان اطلب مشوار . اتمنى من المسؤولين احترام عقولنا ، والسوق مفتوح هناك المنافس الافضل والاقل سعرا,1,2026-01-29 00:00:00,Careem,transport,play_store,"[""service"", ""app_experience"", ""price""]","{""service"": ""negative"", ""app_experience"": ""negative"", ""price"": ""negative""}"
4964,بصراحه مكان ممتاز جدا جدا ومعاملة رائعه واستقبال ومعاملة ممتازة من الدكاترة وخصوصا دكتور محمد انصح الناس بتجربة بزيارة المكان,5,قبل سنة,عيادات العبد للأسنان,عِيادة أسنان,google_maps,"[""ambiance"", ""service""]","{""ambiance"": ""positive"", ""service"": ""positive""}"
4447,الشغل رائع جدا عملت شعري مع خطاب واضافري مع مريم واختي عملت مع خلود كلهم شغلهم يجنن وصابربن العسل عملتلي بدكير رجل شغلها راااااااااااااائع وقمة في الادب والذوق والصالون نظيف وتعامل الموظفين لطيف وقمة فالأخلاق والاسعار تحفة ،شكرااااا❤️,5,تاريخ التعديل: قبل شهرين,Sand salon,صالون تجميل,google_maps,"[""service"", ""cleanliness"", ""price""]","{""service"": ""positive"", ""cleanliness"": ""positive"", ""price"": ""positive""}"
2310,طعم المكرونة والفراخ المشوية كويس جدا البروست محتاج اهتمام,3,قبل أسبوعين,ست الشام,مطعم مأكولات سورية,google_maps,"[""food""]","{""food"": ""neutral""}"
6645,سيء,1,2026-02-15 00:00:00,Careem,transport,play_store,"[""general""]","{""general"": ""negative""}"
9622,رائع ويجيب عروض كويسة,4,2026-01-08 00:00:00,Wego,travel,play_store,"[""price""]","{""price"": ""positive""}"
6939,ممتازة جدا جدا,5,2026-03-10 00:00:00,Uber,transport,play_store,"[""general""]","{""general"": ""positive""}"
7623,فريق جوميا الأعزاء، نرجو إضافة دعم كامل لقارئي الشاشة TalkBack و VoiceOver في تطبيقكم. هذا يضمن تجربة تسوق سلسة وشاملة لجميع المستخدمين المكفوفين وضعاف البصر. شكرًا لاهتمامكم بتطوير التطبيق.,1,2025-12-11 00:00:00,Jumia,ecommerce,play_store,"[""app_experience""]","{""app_experience"": ""negative""}"
510,ابداع,5,قبل يومين (2),مطاعم أبو عمار السوري المهندسين,مطعم مأكولات سورية,google_maps,"[""general""]","{""general"": ""positive""}"
4297,good,5,تاريخ التعديل: قبل شهرين,اسكوير كافيه,كافيه,google_maps,"[""general""]","{""general"": ""positive""}"
2443,من اسوء العيادات اللى ممكن تجربها ومعمل تحاليل تحت السلم ودكاترة فى منتهى. الاهمال والتعالى,1,قبل 3 أيام,عيادات كليوباترا - القاهرة الجديدة,عيادة طبية,google_maps,"[""cleanliness"", ""service""]","{""cleanliness"": ""negative"", ""service"": ""negative""}"
3696,المكان نظيف جدا وديما بروح عنده والخدمه كويسه جدا تنظيف البشره عنده جميل وصبغه الشعر ممتازه ربنا يسلم ايده ماشاء الله ربنا يبارك,5,قبل شهر,كوافير ندى,صالون تجميل,google_maps,"[""cleanliness"", ""service""]","{""cleanliness"": ""positive"", ""service"": ""positive""}"
6081,اكله جميل وفائق السرعه مابيأخرش طلب,5,قبل 6 سنوات,فول فلافل المعلمين,مطعم فلافل,google_maps,"[""food"", ""service""]","{""food"": ""positive"", ""service"": ""positive""}"
7490,خصومات وهميه وأسعار مبالغ فيها مقارنة بالمواقع الأخرى,1,2026-02-05 00:00:00,Jumia,ecommerce,play_store,"[""price""]","{""price"": ""negative""}"
4366,تجربة حلوه اوي اوي ومكان جميل ونضيف والاستقبال كان حلواوي بصراحة حبيت المكان واحلى حاجه فيه الخصوصيه,5,قبل 3 أشهر,Women's Beauty salon,صالون تجميل,google_maps,"[""ambiance"", ""cleanliness"", ""service""]","{""ambiance"": ""positive"", ""cleanliness"": ""positive"", ""service"": ""positive""}"
969,أسواء توميه واسوء كولا بدون صودا تتشرب و الاكل عينات حرفيا و قله ذوق حتي ف التعامل من موظف اللي بيرد علي التلفونات,1,قبل 3 أشهر,تشك تشكن,مطعم دجاج,google_maps,"[""food"", ""service""]","{""food"": ""negative"", ""service"": ""negative""}"
1802,"محتاجين تظبيط جامد للخدمة عملاء ولا يعرفو عنها حاجه
مطعم سئ بالاخص في التوصيل اونلاين",1,قبل شهر,مأكولات أبو العز السورى,مطعم مأكولات سورية,google_maps,"[""service"", ""delivery""]","{""service"": ""negative"", ""delivery"": ""negative""}"
3737,شكراً جداً مطعم أكله حلو جداً وشكر خاص لسيد,5,قبل يومين (2),sarayi resturant,مطعم مأكولات تركية,google_maps,"[""food"", ""service""]","{""food"": ""positive"", ""service"": ""positive""}"
1815,مصداقيه جداا ورحله روعه وبرنامج مميز وشكرا ليكم,5,قبل شهر,اندريا ممفيس المعادي - Andrea Memphis El Maadi,مطعم,google_maps,"[""general""]","{""general"": ""positive""}"
9607,ممتاز جدا وسلس في التعامل,4,2026-01-13 00:00:00,Wego,travel,play_store,"[""service""]","{""service"": ""positive""}"
4329,افضل صالون نظافه واحترام وشغل بضمير شكرا للاخت شيماء والاخ اكرم على الشغل الاحترافي,5,قبل شهر,Bella salon zamalek,صالون تجميل,google_maps,"[""cleanliness"", ""service""]","{""cleanliness"": ""positive"", ""service"": ""positive""}"
6094,مكان جميل وأكلهم نظيف جدا وزوق ربنا يبارك ليكم,5,قبل 3 أسابيع,مطعم البيت بيتك,مطعم مأكولات مشوية,google_maps,"[""ambiance"", ""cleanliness"", ""food""]","{""ambiance"": ""positive"", ""cleanliness"": ""positive"", ""food"": ""positive""}"
4063,نفسي اعرف مين المسؤل عن المهزله اللي بتحصل ف المستشفى دي اروح طوارئ ب ابره ف ايد بنتي وعشان يخرجوها يكسروها جوه أيدها ويدخلوها عمليات ومن اول ما دخلت اشاعات وتحاليل وف الاخر الفين جنيه تحت حساب العمليه اللي هما اصلا السبب فيها هتروحو من ربنا فين,1,قبل 3 أشهر,مستشفى القاهرة الجديدة,مستشفى,google_maps,"[""service"", ""price""]","{""service"": ""negative"", ""price"": ""negative""}"
6340,تأخر التوصيل عن الميعاد المحدد اكتر من ساعة ونص و كان الطلب بيتزا إيطالي ووصلت اطرافها محروقه ولم استطيع تقييم المطعم,1,2024-12-15 00:00:00,Elmenus,food_delivery,play_store,"[""delivery"", ""food"", ""app_experience""]","{""delivery"": ""negative"", ""food"": ""negative"", ""app_experience"": ""negative""}"
7537,التطبيق رائع,5,2026-01-20 00:00:00,Jumia,ecommerce,play_store,"[""app_experience""]","{""app_experience"": ""positive""}"
8478,ممتازة شكرااا لكم,3,2022-06-29 00:00:00,Aqarmap,real_estate,play_store,"[""general""]","{""general"": ""positive""}"
3398,"الجو و القاعده عند عم إبراهيم. لها راحه نفسيه . اعلي ما تكون. وقت المغربيه . او بعد منتصف الليل . و النيفه و الكفته.،.،.بريمو ..
الملوخيه جامده . الفراخ لا... الحمام نص نص",4,قبل 10 أشهر,مطعم وكبابجى الأمانة,مطعم مأكولات مشوية,google_maps,"[""ambiance"", ""food""]","{""ambiance"": ""positive"", ""food"": ""neutral""}"
6888,يطالب بدفع مبلع لعدم سداد علما ان ليس لدي بطاقة بدفع كاش,2,2026-03-11 00:00:00,Uber,transport,play_store,"[""app_experience"", ""service""]","{""app_experience"": ""negative"", ""service"": ""negative""}"
2148,صراحة بيتزا لذيذه وهشه الذ بيتزا ذقتها خفيفه وحلوه رغم بساطة المكان الا انه رايق وهادي والخدمه كويسه وسريعه,5,قبل شهر,وات ذا كرست,مطعم بيتزا,google_maps,"[""food"", ""ambiance"", ""service""]","{""food"": ""positive"", ""ambiance"": ""positive"", ""service"": ""positive""}"
3323,ممتاز جدا شغل مريان😘😘😘,5,قبل شهر,ZOEYA Beauty Lounge (New Cairo),صالون تجميل,google_maps,"[""general""]","{""general"": ""positive""}"
7424,طالب اوردرين في نفس اليوم اسكرينة وجراب واسكرينة وجراب تقوم جوميا بعتالك الاسكرينات الاتنين معا بعض و المندوب محصل اكتر من تمنهم لان التوتل كان مكتوب علي الاوردر المطلوب الي هوا اسكرينة وجراب انما لما تبعتلي طلب من كل اوردر منفصل يبقا انتا كدة متخلف ولما سالت عن فاتوره من المندوب قالي لا هيا الحاجة بتيجي كدة والاوسخ من كدة بقا انهم بعتين الجرابات كل جراب موبايل لواحدو يعني طلبين جايين معا ٣ مندوبين في اوقات مختلفة في الشهر كل دا علشان جراب واسكرينة دا غير رسوم التوصيل نصيحة نصيحة نصيحة بلاش جومي,1,2026-02-25 00:00:00,Jumia,ecommerce,play_store,"[""delivery"", ""service"", ""price"", ""app_experience""]","{""delivery"": ""negative"", ""service"": ""negative"", ""price"": ""negative"", ""app_experience"": ""negative""}"
949,اها,5,قبل 3 أشهر,Starbucks,كافيه,google_maps,"[""none""]","{""none"": ""neutral""}"
8642,👎👎👎👎👎 والله غريب جدا هذا التطبيق المسمى ( أنغامي ) يعني معقول إذا برجع الأغنية إلى الوراء أو أقدمها إلى الأمام وأنا أسمعها وأسرع الأغنية لازم أدفع وأشتري عرض إشتراك ؟!!!!!!!!!!!!! أنا أول مرة في حياتي كلها أشوف تطبيق بهذا الأسلوب الغريب جدا وغير منطقي أبدا - للعلم رد على تعليقكم الغير منطقي والغير معقول تم إلغاء تثبيت تطبيق أنغامي على جوالي بتاريخ ٩ مارس ٢٠٢٦ وأعلن مقاطعتي لكم وأنصح بمقاطعة هذا التطبيق الغريب وسوف أستخدم يوتيوب للأغاني أفضل,1,2026-03-09 00:00:00,Anghami,entertainment,play_store,"[""app_experience"", ""price""]","{""app_experience"": ""negative"", ""price"": ""negative""}"
8327,التطبيق فيه بعض الأخطاء أهمها لا يقبل تحميل صور المنتج المراد بيعه نرجو إعادة الضبط لإعادة ثقتنا فيكم وشكرا للمرة الخامسة أحمل التطبيق لوجود بعض المشاكل الفنية بالتطبيق وللأسف خاب ظني فيكم التطبيق أصبح فاشل بإمتياز,1,2024-09-20 00:00:00,Aqarmap,real_estate,play_store,"[""app_experience""]","{""app_experience"": ""negative""}"
9182,تطبيق ممتاز بصوت واضح و مكتبه كبيره,5,2026-03-06 00:00:00,Spotify,entertainment,play_store,"[""app_experience""]","{""app_experience"": ""positive""}"
7142,المندوب دق مره وحده وم رديت لاني كنت نايمه ، صحيت واستغرب انه تم الغاء طلبي ورد مبلغ الطلب؟؟؟!!!!!! اتمنى تتخذون اجراءات في مناديب الزفت اللي توظفونهم,1,2026-03-11 00:00:00,Noon,ecommerce,play_store,"[""delivery"", ""service""]","{""delivery"": ""negative"", ""service"": ""negative""}"
1751,زباله.... بعتولى لحمة النهاردة كلها ريحة صرف صحى .... هروح احللها واشوف الارف اللى فى مترو دة من اى داهية,1,قبل أسبوعين,مترو ماركت,سوبرماركت,google_maps,"[""food"", ""service""]","{""food"": ""negative"", ""service"": ""negative""}"
9485,مر اكثر من ١٤ ساعه على الحجز ولم يتم التاكيد ليش تظحكون ع الناس في امور مثل هذي ربما يكون الشخص مسافر لغرض لايتحمل التاخير اتمنى اتمام الحجز بسرعه لاني محتاج الرحله ضروووري,1,2026-02-16 00:00:00,Wego,travel,play_store,"[""app_experience"", ""service"", ""delivery""]","{""app_experience"": ""negative"", ""service"": ""negative"", ""delivery"": ""negative""}"
1862,ابصراحه جيت المطعم بالغلط وكنت معصبه وستقبلني الاستاذ مصطفى عاشور وكان استقبالو جدا جميل امتص غضبي وكانت خدمتو تحفه والاكل لذيذ جدا,5,قبل شهر,طبالي - الزمالك,مطعم,google_maps,"[""service"", ""food""]","{""service"": ""positive"", ""food"": ""positive""}"
6696,ممتاز,5,2026-02-07 00:00:00,Careem,transport,play_store,"[""general""]","{""general"": ""positive""}"
1799,"أسوأ تجربة أكل في حياتي حرفيًا.
رحت يوم 30/1/2026 فرع مدينتي وطلبنا وجبتين زنجر، واللي حصل ده كارثة بكل المقاييس.
الفراخ زفِرة بشكل مقرف، ريحتها لا تطاق، ومن أول قضمة حسينا إن في حاجة غلط.
اضطرينا نرجّع الأكل ومقدرناش نكمّل لقمة واحدة، وده مش طبيعي ولا مقبول لأي مكان بيبيع أكل.

والأكتر استفزازًا إن بعد كل ده المكان مرعاش ولا قدّر إننا اتضايقنا ورجعنا الأكل،
لا، ده كمان خلّانا ندفع تمن وجبة كامل وكأن مفيش أي مشكلة حصلت! و باقي الاكل الكله كان سيء للغاية بارد مالهوش طعم مجلد و الاكل بشع

ده مش مجرد أكل وحش، ده استهتار بصحة الناس وقلة رقابة وجودة صفر.
لو في تقييم أقل من صفر كنت اديته.
تجربة سيئة جدًا ومش هتتكرر، ومش بنصح أي حد يقرب من الفرع ده.",1,قبل شهر,مأكولات أبو العز السورى,مطعم مأكولات سورية,google_maps,"[""food"", ""service"", ""price""]","{""food"": ""negative"", ""service"": ""negative"", ""price"": ""negative""}"
6225,للأسف الخدمة مش ثابته طوال ال 3 سنين اللي فاتو حصلي مشاكل كتير اوي سواء من اوردرات متأخرة او توصلي باردة او حتى اوردرات مش بيتعين لها مندوب اصلا وهي في المطعم جاهزة بجد مش راضي عن الخدمة تماما بالرغم من كفائة خدمة المساعدة عندهم بس الابلكيشن مش بيحاول تماما يصلح اي مشكله وحتى الاسعار اللي موجودة في الابلكيشن مش نفسها اسعار المطعم اصلا وبتكون اعلى ومع خدمة توصيل بالرغم من ان مطعم مثلا يكون جنبي ممكن يوصلولي اوردر ب 50 ج بالرغم لو طلبت من المطعم هيكون ارخص والتوصيل حتى بالكتير هيبقا 25 ج,2,2026-03-08 00:00:00,Elmenus,food_delivery,play_store,"[""service"", ""delivery"", ""app_experience"", ""price""]","{""service"": ""positive"", ""delivery"": ""negative"", ""app_experience"": ""negative"", ""price"": ""negative""}"
4890,شكرا لكل الطاقم الطبي علي جهودهم واوجه شكري لدكتورة رحمة علي تعاونها الجميل والمستمر خلال فترة اقامتي في المستشفي وتحياتي للجميع,5,قبل 7 أشهر,مستشفى مصر الجديدة التخصصي,مستشفى,google_maps,"[""service""]","{""service"": ""positive""}"
6132,مفيش حد بيرد اصلا مش من اول مره ده علطول,1,قبل 9 أشهر,مشويات سعودي,مطعم مأكولات مشوية,google_maps,"[""service""]","{""service"": ""negative""}"
8065,تطبيق نصب واحتيال يتم خصم ثمن المنتج ولا يتم ارساله منتجات وهمية,1,2023-01-27 00:00:00,Shop,ecommerce,play_store,"[""app_experience"", ""delivery""]","{""app_experience"": ""negative"", ""delivery"": ""negative""}"
4862,"جيم من اسوء الجيمات ومدربين مش هيدربو غير
بل بريفت ولازم يدربو برافيت و يخصبو عليك تدريب البيرفيت اسوء جيم في مصر.",1,قبل 11 شهرًا,5GYM & FITNESS CLUB,برنامج اللياقة البدنية,google_maps,"[""service"", ""price""]","{""service"": ""negative"", ""price"": ""negative""}"
5585,الدكتور يوسف اسطوري بالتعامل والشغل، انصح وبشدة التعامل عنده.,5,قبل 4 أشهر,Souror Dental Clinic,عِيادة أسنان,google_maps,"[""service""]","{""service"": ""positive""}"
399,محمد جابر وميدو 👍🏻👍🏻👍🏻,5,قبل أسبوعين,أبو الزوز ـ مقهي و مطعم سوري الزمالك,مطعم مأكولات سورية,google_maps,"[""none""]","{""none"": ""neutral""}"
8252,الابلكيش كل مااعمل سيرش عن مكان يخرج ويجيب شاشه زرقا,1,2025-07-22 00:00:00,Aqarmap,real_estate,play_store,"[""app_experience""]","{""app_experience"": ""negative""}"
4960,مركز متميز وأسعاره ممتازة,5,قبل 8 أشهر,عيادات العبد للأسنان,عِيادة أسنان,google_maps,"[""price""]","{""price"": ""positive""}"
2107,"الاكل ممتاز
لاكن الخدمه ولاسلوب مش احسن حاجه",3,قبل 3 أسابيع,صاج وشاورما,مطعم شاورما,google_maps,"[""food"", ""service""]","{""food"": ""positive"", ""service"": ""negative""}"
1752,ملوش لازمه عامل نفسه سعودي وهوه ماجبش حتي المحلاوي عمري ماروحت أشتري حاجه ولقيتها مره واحده لقيت اللازانيا ايطاليانو لقيتها ب43 جميع وهي في المحلاوي ب،36 دورت علي صودا شويبس مفيش تورتيلاا قمح مفيش طيب حضرتك فاتح ليه,2,قبل 3 أسابيع,مترو ماركت,سوبرماركت,google_maps,"[""price"", ""service""]","{""price"": ""negative"", ""service"": ""negative""}"
8925,جيد لكن يوجد دفع دخل تطبيق,3,2026-01-13 00:00:00,Anghami,entertainment,play_store,"[""app_experience""]","{""app_experience"": ""negative""}"
3243,مستشفي جميل بس عملة في عيادات الخارجية معندوش أخلاقية,3,قبل شهر,مستشفى عين شمس التخصصي العيادات الخارجية شارع الخليفة المأمون,مستشفى متخصص,google_maps,"[""ambiance"", ""service""]","{""ambiance"": ""positive"", ""service"": ""negative""}"
9105,اغاني رائع وجميلة انصحكم بتجربته,5,2026-03-09 00:00:00,Spotify,entertainment,play_store,"[""general""]","{""general"": ""positive""}"
3358,"طلبت اوردر و طلب كبير
الجبنة طماطم كانت حمضانة وحشة اوي
طلبت فول محوج ولا فيه ريحة تحويج وحش جدا
الطعمية نسيت تتحط فى شنطة بس كان متعاون و جيبهالى و الطعمية حلوة و بابا غنوج كان حلو
لكن فول سئ جدا جدا فوق وصف و الجبنة خصوصا وحشة اوي
لو تجربة مكررهاش تاني خصوصا انه محل فول و ده اهم حاجة",1,قبل 4 أشهر,مطعم المصطفى,مطعم,google_maps,"[""food"", ""service""]","{""food"": ""negative"", ""service"": ""positive""}"
4518,بعد تجارب كتير حلوة و وحشة اشهد انه بيعمل بطاطس جبنة جميلة و شاورما حلوة بس انا مش هاكل منه تانى,3,قبل سنة,Aboalyalshami,مطعم,google_maps,"[""food""]","{""food"": ""positive""}"
3760,لا يوجد اى اهتمام بالمريض من حيث التمريض وعن تجربة فى قسم الأطفال,1,قبل 4 أشهر,المستشفى القوات الجويةبالعباسية,مستشفى عام,google_maps,"[""service""]","{""service"": ""negative""}"
1568,طلبت شوربه ماشروم والي جالي من غير ماشروم حرفيا و لما ناديت علي حد من الستاف قالتلي أن دا الطبيعي و دا الي بيتقدم دا غير الخدمه بطيئه جدا جدا و كل شويه بقي لما تعوز حاجه فين و فين حد يجيلك و الاكل قالو هيجي في 25 دقيقه و جه في حوالي ساعه و لما اتقدم قدموه من غير ال عيش و لما جابوه كنا قربنا نخلص اكل اصلا دا غير الفرع مكنش زحمه عشان نغفر التأخير دا كله و الاكل مبقاش حلو زي الاول,1,قبل شهرين,دجاج تكا,مطعم وجبات سريعة,google_maps,"[""food"", ""service"", ""ambiance""]","{""food"": ""negative"", ""service"": ""negative"", ""ambiance"": ""neutral""}"
9513,الرد على المسافر يحتاج الي سرعه احتمال تطير عليا الرحله بسبب سوء الرد من قبل برنامجكم,1,2026-02-09 00:00:00,Wego,travel,play_store,"[""service"", ""app_experience""]","{""service"": ""negative"", ""app_experience"": ""negative""}"
4271,"طلبنا ٢ ايس لاتيه ده اسوء حاجه شربتها في حياتي في كوبيات قديمه وشكلها ردئ والاتنين ب ٥٠٠ جنيه!
خدمة وتقديم لاتليق بالانتركونتينتال",1,قبل 4 أشهر,Esplanade cafe restaurant,مطعم,google_maps,"[""food"", ""cleanliness"", ""price"", ""service"", ""ambiance""]","{""food"": ""negative"", ""cleanliness"": ""negative"", ""price"": ""negative"", ""service"": ""negative"", ""ambiance"": ""negative""}"
5297,اسواء الصيدليات الا ممكن تتعامل معها لم اجد لها علاجي لأكثر من مره,1,قبل 5 أشهر,صيدليات دلمار وعطا الله فرع 26 يوليو,صيدلية,google_maps,"[""service""]","{""service"": ""negative""}"
2004,واحد من اسوء الاماكن اللي كلت فيها في حياتي حرفيا الفراخ الشواية زفرة الفراخ الشاورما ناشفه الرز ناشف وبارد في قطط في كل مكان وريحه زفارة سمك جمدا الاكل كلو كا مجمل وحش جدا,1,قبل شهر,الجناني الدمشقي,مطعم مأكولات سورية,google_maps,"[""food"", ""cleanliness"", ""ambiance""]","{""food"": ""negative"", ""cleanliness"": ""negative"", ""ambiance"": ""negative""}"
3455,جيد,4,قبل سنة,سوبر ماركت مؤمن وبشار رحاب 1,سوبرماركت,google_maps,"[""general""]","{""general"": ""positive""}"
9379,أحسن تطبيق لى اغاني العالمية,5,2026-02-27 00:00:00,Spotify,entertainment,play_store,"[""app_experience""]","{""app_experience"": ""positive""}"
4176,"عملت عندهم مساج ومكملتش الوقت
ميعرفوش المساج ابدا
ازعاج من الخارج
الخصوصية صفر
المكان وسخ وغير مرتب
لو قطعت فلوسي افضل من الي حصل",1,قبل 7 أشهر,نادى الديب الصحى بالقاهرة,غرفة لياقة,google_maps,"[""service"", ""ambiance"", ""cleanliness""]","{""service"": ""negative"", ""ambiance"": ""negative"", ""cleanliness"": ""negative""}"
7865,انه جيدا,5,2026-02-25 00:00:00,Amazon,ecommerce,play_store,"[""general""]","{""general"": ""positive""}"
955,في اثنين موظفين تعاملهم جدا سيء وليس المرة الأولى يتم التعامل بهذا السوء الرجاء تدريبهم على التعامل مع العملاء أو استبدالهم,1,قبل 4 أشهر,Starbucks,كافيه,google_maps,"[""service""]","{""service"": ""negative""}"
781,"أسوأ مطعم فول فى الدنيا
مفيش اوسخ من كده،
الصحة لازم تعمله غلق
كفاية شكل الأطباق و الأكل الفاسد",1,قبل 6 ساعات,مطاعم ناصر الفيومي بمصر الجديده(فول وفلافل ),مطعم فلافل,google_maps,"[""food"", ""cleanliness""]","{""food"": ""negative"", ""cleanliness"": ""negative""}"
6369,تطبيق فاشل وبيدخلنى على جوجل كروم والمطعم اللى انا عايزه كل مادخل عليه يتوهنى ولا عرفت اطلب حتى نجمة واحدة خسارة فيه,1,2024-09-20 00:00:00,Elmenus,food_delivery,play_store,"[""app_experience""]","{""app_experience"": ""negative""}"
3000,"احلى واجمل رموش سويتها عند ملكه رموشها خياليه ونفسيتها حلوه وشغلها سريع يجنن
الأفضل صراحه بالرموش ⭐️⭐️⭐️⭐️⭐️",5,قبل شهر,Malika and Mo Nails Salon,صالون عناية بالأظافر,google_maps,"[""service""]","{""service"": ""positive""}"
6146,الخدمات ضعيفه جدا,2,قبل 4 سنوات,مشويات سعودي,مطعم مأكولات مشوية,google_maps,"[""service""]","{""service"": ""negative""}"
4763,اسواء مطعم و اوسخ تعامل من الناس اللي شغاله هناك وقلة ادب وعدم احترام منهم كلهم,1,قبل سنتين,ال ديفينو بيتزيريا,مطعم بيتزا,google_maps,"[""service""]","{""service"": ""negative""}"
4301,معقول,5,قبل 9 أشهر,اسكوير كافيه,كافيه,google_maps,"[""general""]","{""general"": ""positive""}"
6382,اسوء تطيق اكل معندهم طيارين اودر بقالوا 3 ساعات وساحبين الفلوس من الفيزا وخدمة عملاء سئه ولا ليها لزمة,1,2024-08-01 00:00:00,Elmenus,food_delivery,play_store,"[""app_experience"", ""delivery"", ""price"", ""service""]","{""app_experience"": ""negative"", ""delivery"": ""negative"", ""price"": ""negative"", ""service"": ""negative""}"
7758,مش اصل مش راضي يدخلني,5,2026-03-06 00:00:00,Amazon,ecommerce,play_store,"[""app_experience""]","{""app_experience"": ""negative""}"
9033,الأب تحفهههههههه بس المشكلة أن فيه إعلانات كثيره,4,2026-03-12 00:00:00,Spotify,entertainment,play_store,"[""app_experience""]","{""app_experience"": ""neutral""}"
274,حاولت اعطي المطعم اكثر من فرصه وللأسف كل مره يكون أسوء اللحم سيء كل شي سيء ! طلبت مكرونه وبرضو سيئه المكرونه فيها طعم حرق على طعم تخميج وبعض الباستا مو مستويه ! واللحم المفروم طعمه غريب وما ينوكل ولا ينمضغ صفر صفر,1,قبل 3 أسابيع,المنوفي الكبابجي - كامل المنوفي فرع القاهرة الجديدة,مطعم مأكولات مشوية,google_maps,"[""food""]","{""food"": ""negative""}"
3297,ممتاز,5,قبل 6 أشهر,مطعم فول وفلافل السني,مطعم فلافل,google_maps,"[""general""]","{""general"": ""positive""}"
6062,غير موجود في المكان . لا انصح بالذهاب . مكان خطر لا يمن الخروج منه بسرعة و يمكن التعرض للنصب,1,قبل سنتين,ابوظريفة فول وطعمية,مطعم فلافل,google_maps,"[""ambiance"", ""service""]","{""ambiance"": ""negative"", ""service"": ""negative""}"
5689,شيلت الغدة الدرقية هناك، مستشفي ممتازة، نظيفة، فريق طبي متعاون وعلي اعلي مستوي. مكنش في مضاعفات و مشيت في نفس اليوم الحمد لله. شكرا جدا ليكم,5,قبل 4 سنوات,المستشفي اليوناني بالقاهرة,مستشفى,google_maps,"[""cleanliness"", ""service""]","{""cleanliness"": ""positive"", ""service"": ""positive""}"
8451,كل ماجي ادور علي اي حاجه مش بلاقي اللي عاوزه يبجبلي حجات انا مش عايزه اصلا,1,2022-10-29 00:00:00,Aqarmap,real_estate,play_store,"[""app_experience""]","{""app_experience"": ""negative""}"
5579,"The best dentist 🦷 clinic ever really awesome cleanliness clinic hygiene the receptionist is professional and special thanks to Dr. Youssef is awesome and professional. Highly recommended 👏🏻
أنا عملت تنظيف أسنان و جير الحقيقه تحفه و روعه دكتور يوسف عسكر دكتور فوق ممتاز و مهنى و شاطر جدا غير أسلوبه الرائع مع مريض بجد تحفه وبجد والله يستحق كل فلوس و كمان مساعده دكتور يوسف بنت كويسه و محترمه كفايه ذوق و احترام دكتور والله و عياده نظيفه جدا و بيهتموا بالتعقيم جدا وبيشغل موسيقى حاجه بجد تحفه فى كل حاجه اول مره اخرج وأنا مبسوطه من تنظيف الأسنان بجد دكتور يوسف عنده ضميره ربنا يبارك فيه بجد و هتعامل معهم على طول ان شاء الله ياجماعه والله أرشح مركز ده بقوه فى الأسنان احسن مركز مش بس فى منيل فى القاهره كلها بجد شكرا 🌹🤍😍🌷",5,قبل 3 أشهر,Souror Dental Clinic,عِيادة أسنان,google_maps,"[""cleanliness"", ""service"", ""ambiance"", ""price""]","{""cleanliness"": ""positive"", ""service"": ""positive"", ""ambiance"": ""positive"", ""price"": ""positive""}"
8131,نزلو سوق العراق المفتوح احسن من هذ,1,2016-04-04 00:00:00,OLX,ecommerce,play_store,"[""general""]","{""general"": ""negative""}"
1151,اوحش كنافة نبولسي اكلتها في حياتي بجد متوقعتش تبقي كدة لا فيها جبنة ولا سكر و لا حتي متحمرة عدل تجيب وجع البطن,1,قبل أسبوع,انس الدمشقي,مطعم مأكولات سورية,google_maps,"[""food""]","{""food"": ""negative""}"
8251,ارقام التليفونات اللي فيه بتاعت الاعلانات كلها غلط تطبيق زبالة الزبالة لا انصح بيه,1,2025-07-25 00:00:00,Aqarmap,real_estate,play_store,"[""app_experience""]","{""app_experience"": ""negative""}"
9582,سهل في البحث وجربت تطبيقات ثانيه انا اشوف وي قو مسهل الامور في البحث والحجز,5,2026-01-18 00:00:00,Wego,travel,play_store,"[""app_experience""]","{""app_experience"": ""positive""}"
2602,"أسواء فطيرة طلبتها محروقة وطعم مش حلو و غالى على القاضى
و الحلو بتاعته تجيب اكتئاب وحشة جدا ولا لها اى طعم",1,قبل 3 أسابيع,فطاطرى وبيتزا أولاد الحسين,مطعم بيتزا,google_maps,"[""food"", ""price""]","{""food"": ""negative"", ""price"": ""negative""}"
5373,خدمه ممتازه الصراحه لقيت فيها علاج لفيت علي كتير,5,تاريخ التعديل: قبل 11 شهرًا,صيدلية الحكمة,صيدلية,google_maps,"[""service""]","{""service"": ""positive""}"
8823,جميل جداً بجد,5,2026-01-31 00:00:00,Anghami,entertainment,play_store,"[""general""]","{""general"": ""positive""}"
8271,تطبيق ممتاز انصح الكل بيه بيهتم بكل التفاصيل وادق المعلومات وبيعرض العقار بكل دقه على الخريطة,5,2025-03-10 00:00:00,Aqarmap,real_estate,play_store,"[""app_experience""]","{""app_experience"": ""positive""}"
2816,ممتاز ولاكن كم الشحاتين غير طبيعي,4,قبل 4 أشهر,Zulu in Cairo,مطعم مأكولات من جنوب إفريقيا,google_maps,"[""ambiance""]","{""ambiance"": ""negative""}"
6239,ناس محترمه مع ان المطاعم محدوده بس خصومات كتير,5,2026-01-20 00:00:00,Elmenus,food_delivery,play_store,"[""service"", ""app_experience"", ""price""]","{""service"": ""positive"", ""price"": ""positive"", ""app_experience"": ""negative""}"
5264,المكان جميل جدا الاكل تحفة ❤️❤️,5,قبل 6 أشهر,Ridz ريدز 6 أكتوبر,مطعم وجبات سريعة,google_maps,"[""ambiance"", ""food""]","{""ambiance"": ""positive"", ""food"": ""positive""}"
7554,شركة سيئة جدا اول مرة واخر مرة اطلب حاجة من جوميا اوردر يقعد اسبوع علشان يوصل ولسة مجاش لية؟ كنت بطلب نفس الاوردر من نون او امازون بيوصل تانى يوم. لا انصح احد باستخدام التطبيق ده,1,2026-01-15 00:00:00,Jumia,ecommerce,play_store,"[""delivery"", ""app_experience""]","{""delivery"": ""negative"", ""app_experience"": ""negative""}"
2440,اكمل سوق بالمنتجات اللي يحتاجها السائح الخليجي وفيه ملحوظه صغننه الأسعار عاليه,4,تاريخ التعديل: قبل شهر,سعودى سوبر ماركت الزمالك,سوبرماركت,google_maps,"[""price""]","{""price"": ""negative""}"
901,اكل جميل و الخدمه تحفه و زوق,5,قبل 4 ساعات,مطعم الدهان,مطعم,google_maps,"[""food"", ""service"", ""ambiance""]","{""food"": ""positive"", ""service"": ""positive"", ""ambiance"": ""positive""}"
7191,ممتاز,5,2026-03-09 00:00:00,Noon,ecommerce,play_store,"[""general""]","{""general"": ""positive""}"
4121,رخيص ويمشي الوضع لكن خدماته سيئة والفرش قديم ولا انصح كثيرا .,2,قبل 9 أشهر,Bella Hostel,فندق,google_maps,"[""price"", ""service"", ""ambiance""]","{""price"": ""positive"", ""service"": ""negative"", ""ambiance"": ""negative""}"
8193,لا اله الاالله محمد رسول الله,5,2014-10-14 00:00:00,OLX,ecommerce,play_store,"[""none""]","{""none"": ""neutral""}"
4550,خدمة ٢٤ ساعة متوفر فيه اهم الأشياء المطلوبة لكل بيت وأسعار مرضية,3,قبل سنة,سوبر ماركت هاى لايف,سوبرماركت,google_maps,"[""service"", ""price""]","{""service"": ""positive"", ""price"": ""positive""}"
2048,"للاسف نقص نجمه بسبب صوت الاغاني عااااالي. واغاني غربيه فيها كمية صراخ غير عادي بلغناهم قالوا السيستم 🤔
الخدمه ممتازه. الاكل لذيذ بس كان منتهي واخذنا كتف كان ناشف شويه لكن لذيذ🇸🇦",4,قبل شهرين,مطعم ميت موت مدينة الشيخ زايد,مطعم,google_maps,"[""ambiance"", ""service"", ""food""]","{""ambiance"": ""negative"", ""service"": ""positive"", ""food"": ""negative""}"
3189,ليال فييين؟؟؟؟؟,1,قبل 6 أشهر,فندق بوتيك النيل,فندق,google_maps,"[""none""]","{""none"": ""neutral""}"
9295,واااااااااااااااااااعر بزاااااااااااااااااااااااااف ولكن فيه عيب واحد هو أنه مكيخدش بلا ويفي ولكن واعر,5,2026-03-02 00:00:00,Spotify,entertainment,play_store,"[""app_experience""]","{""app_experience"": ""negative""}"
216,"الأكل سئ جدا
تلاعب في الاسعار",1,قبل 22 ساعة,لوما,مطعم,google_maps,"[""food"", ""price""]","{""food"": ""negative"", ""price"": ""negative""}"
2019,مره وحده من الموظفات عملت معانا مشكله بدون سبب وكانت وقحه جدا ومن بعدها بطلت اروح ليا اكتر من سنه بسببها ولا الاكل مره لذيذ وحرام ينظلم بسبب الخدمه السيئه وحتى لما اجي اطلب توصيل مافي اي تعاون يطولو عشان يوصلو الطلب والتوصيل غالي وكمان مافي طرق دفع متعدده التعاون صفر,3,قبل 3 أشهر,مطعم ريدان,مطعم أطباق اللحوم,google_maps,"[""service"", ""food"", ""delivery"", ""price"", ""app_experience""]","{""service"": ""negative"", ""food"": ""positive"", ""delivery"": ""negative"", ""price"": ""negative"", ""app_experience"": ""negative""}"
4965,"ماشاء الله دكتور صلاح مبدع مرررره شاطر
كنت خايفه من النتيجه لكن طلع الفنير جميل جدا
بدل لي الفنير القديم بفنير جديد وأسعاره معقوله ومتعاون جدا وحريص ع المريض
الله يسعده أنا مره معجبه بالنتيجه",5,قبل شهر,Glossy smile Dental Clinic Syrian alrehab,عِيادة أسنان,google_maps,"[""service"", ""price""]","{""service"": ""positive"", ""price"": ""positive""}"
9412,انا حجزت من على ويجو ولم يتم إرسال رسالة التاكيد حتى الآن ارجو الرد لو سمحتوا,3,2026-03-10 00:00:00,Wego,travel,play_store,"[""app_experience""]","{""app_experience"": ""negative""}"
4035,"طعم خرافة اسعار روعة
الزحام هو المشكلة الوحيدة",5,قبل سنة,فول زمان,مطعم فلافل,google_maps,"[""food"", ""price"", ""ambiance""]","{""food"": ""positive"", ""price"": ""positive"", ""ambiance"": ""negative""}"
5092,الصالون المفضل عندي ،، الفرعين شغلهم روعه،، هدير شغلها في الأظافر خيااااال ماشالله وبسنت واكرم موظفين الاستقبال عسل عسل,5,قبل سنة,FOUR Beauty Lounge,صالون تجميل,google_maps,"[""service"", ""ambiance""]","{""service"": ""positive"", ""ambiance"": ""positive""}"
9871,تم الغاء حجزي لظروف خاصه من سنه والى الان الرساله التي توجد في الموقع انه يتم مراجعة مبلغ الاسترداد,1,2026-01-04 00:00:00,Booking,travel,play_store,"[""service"", ""app_experience""]","{""service"": ""negative"", ""app_experience"": ""negative""}"
6209,حقيقى اسوا صيدليه ممكن تتواصل معاها مفيش احترام مواعيد ولا كاننا بنطلب دليفرى بيتزا فيجى براحته بعد ساعتين مثلا ..ويجيب كمان الدوا غلط ..قمه قله الذوق ...اقلبوها طابونه عيش احسن اهى تبقى افيد,1,قبل سنة,Kiwan Pharmacy صيدليات كيوان,صيدلية,google_maps,"[""service"", ""delivery""]","{""service"": ""negative"", ""delivery"": ""negative""}"
9652,سئ,1,2025-12-28 00:00:00,Wego,travel,play_store,"[""general""]","{""general"": ""negative""}"
3260,"المكااااان راااااايق وهادي بشكل خياااااالي !!!!
أعجبني جداً .. وكررت الزياره
أصناف الحلا لذيذه والقهوه التركيه كذلك",5,قبل شهرين,Garden Promenade Café,مطعم,google_maps,"[""ambiance"", ""food""]","{""ambiance"": ""positive"", ""food"": ""positive""}"
6658,سئ جدا,1,2026-02-13 00:00:00,Careem,transport,play_store,"[""general""]","{""general"": ""negative""}"
648,السلام عليكم وكل عام وانتم بخير لو سمحت لوبشتغل ممبار ممكن ابعت لك عينه تشوفها لو عجبك ابعت لك وكل عام وانتم بخير,1,قبل 3 أيام,كبابجي الأزهر فرحات,مطعم عائلي,google_maps,"[""none""]","{""none"": ""neutral""}"
8442,برنامج مفيد جدا لكن فى مشكله وهى عند الرجوع خطوة للخلف يرجع للشاشة الرئيسية يرجى المبادرة بتعديلها لكم منى كل الاحترام والتقدير,5,2023-01-02 00:00:00,Aqarmap,real_estate,play_store,"[""app_experience""]","{""app_experience"": ""neutral""}"
6073,ممتاز من حيث الاسعار والجودة والتعامل وكل شئ,5,قبل سنتين,فول فلافل المعلمين,مطعم فلافل,google_maps,"[""price"", ""food"", ""service""]","{""price"": ""positive"", ""food"": ""positive"", ""service"": ""positive""}"
1533,للأسف سيء جداً وتجربة سيئة لن تتكرر,1,قبل 4 أشهر,Favilla Lounge,مطعم مأكولات إيطالية,google_maps,"[""general""]","{""general"": ""negative""}"
5158,"مكان جميل، حتى ان الدكتور عبيدة قالنا مفيش مشكلة في الاسنان بالرغم ان ممكن كان يعمل عمليات دون داع

كان صريح و قلنا على كل حاجة. امين جدا ارجحه",5,قبل شهرين,Guarantee Dental Centers - New Cairo Center - مراكز جرانتي لزراعة وتجميل الاسنان - مركز القاهرة الجديدة,عِيادة أسنان,google_maps,"[""ambiance"", ""service""]","{""ambiance"": ""positive"", ""service"": ""positive""}"
2037,"من اسوء الفروع اللي دخلتها ك خدمة وجودة اكل،
فرع عشوائي واللحم المدخن بارد والمشروب الغازي منتج محلي سيئ جداً قد ذهبت لفروع تركيا وقطر فرق كبير في الخدمة والجوده لن اكرر تجربة مرة اخرى في هذا الفرع وللأسف ياخذ 12٪ خدمة وهو لايستحق طلبت كل طلب يتأخر 10 دقائق",2,قبل شهر,مطعم ميت موت مدينة الشيخ زايد,مطعم,google_maps,"[""service"", ""food"", ""price"", ""ambiance""]","{""service"": ""negative"", ""food"": ""negative"", ""price"": ""negative"", ""ambiance"": ""negative""}"
8583,ممكن توضحوا ادفع اية علشان اعمل اعلان مفيش اي اخطارات بالتطبيق لذالك,1,2021-03-28 00:00:00,Aqarmap,real_estate,play_store,"[""app_experience"", ""service""]","{""app_experience"": ""negative"", ""service"": ""negative""}"
6530,بصراحه كنت بحبو جدا جدا والناس كانت محترمه بس ف مره السواق هو اللى لغى الرحله وخلانى ف الشارع وقت طويل جدا وكمان حط فلوس عليا ومش عارفه اتعامل مع اللابلكيش بقالى سنه,1,2026-03-10 00:00:00,Careem,transport,play_store,"[""service"", ""delivery"", ""price"", ""app_experience""]","{""service"": ""positive"", ""delivery"": ""negative"", ""price"": ""negative"", ""app_experience"": ""negative""}"
4612,"المطعم قعدته حلوه وفى زحليقه ومرجيحه للاطفال
الاكل كويس مش وحش ومش تحفه الاسعار شويه عاليه مع طبعا نسبة للخدمه
كيلو فليه ٦٠٠ ج
كيلو بورى ٤٠٠ ج
رز ٧٥ ج
سلطه ٥٠ ج",3,قبل 3 أشهر,Samakmak Restaurant - 6th of October Branch,مطعم مأكولات بحرية,google_maps,"[""ambiance"", ""food"", ""price"", ""service""]","{""ambiance"": ""positive"", ""food"": ""neutral"", ""price"": ""negative"", ""service"": ""negative""}"
4769,"The worst experience at the HUB. Place is dirty , food is bad and the drinking pot ...

الشفشق بتاع عصير الليمون كان ""مصدي"" من الداخل !!!!!👎👎👎👎👎👎👎👎👎👎👎👎👎👎👎👎👎",1,قبل سنتين,ال ديفينو بيتزيريا,مطعم بيتزا,google_maps,"[""cleanliness"", ""food""]","{""cleanliness"": ""negative"", ""food"": ""negative""}"
5366,"الكوفي في فندق الهيلتون رمسيس...

تم اضافه سلطه الماكولات البحريه ب ٢٥٠ جينه في الفاتوره ونحن كنا طالبين فقط ٤ قهوة

وتم الانتباه لذالك في الفاتوره .. والموظف اعتذر

الرجاء التأكد من الفاتوره قبل الدفع",1,قبل 4 سنوات,جاردن كورت كافيه,مقهى,google_maps,"[""service""]","{""service"": ""negative""}"
3691,الشغل كتير حلو ونظيف والاستقبال جميل جدا وهي كتير مهضومة,5,قبل شهر,كوافير ندى,صالون تجميل,google_maps,"[""cleanliness"", ""service""]","{""cleanliness"": ""positive"", ""service"": ""positive""}"
9,ممتاز,5,,,مركز تسوق,google_maps,"[""general""]","{""general"": ""positive""}"
10,المكان جميل انبسطنا فيه,5,,,مركز تسوق,google_maps,"[""ambiance""]","{""ambiance"": ""positive""}"
17,مكان تحفه واكل جميل,5,,,مطعم مأكولات مصرية,google_maps,"[""food"", ""ambiance""]","{""food"": ""positive"", ""ambiance"": ""positive""}"
37,حلو جدا ومميز,5,,,مركز تسوق,google_maps,"[""general""]","{""general"": ""positive""}"
39,جميل,5,,,مركز تسوق,google_maps,"[""ambiance"", ""general""]","{""ambiance"": ""positive"", ""general"": ""positive""}"
44,جميل وفي كل الخدمات,5,,,مركز تسوق,google_maps,"[""service"", ""ambiance""]","{""service"": ""positive"", ""ambiance"": ""positive""}"
52,تمامً,5,,,مركز تسوق,google_maps,"[""general""]","{""general"": ""positive""}"
54,مكان جميل,5,,,مركز تسوق,google_maps,"[""ambiance"", ""general""]","{""ambiance"": ""positive"", ""general"": ""positive""}"
57,مكان جيد و...,5,,,مركز تسوق,google_maps,"[""ambiance"", ""general""]","{""ambiance"": ""positive"", ""general"": ""positive""}"
58,مكان مناسب بجميع الاعمار,5,,,مركز تسوق,google_maps,"[""ambiance""]","{""ambiance"": ""positive""}"
64,تجربة ممتازة,5,,,مركز تسوق,google_maps,"[""general""]","{""general"": ""positive""}"
69,محلات متنوعه فى مكان مميز,5,,,مركز تسوق,google_maps,"[""ambiance""]","{""ambiance"": ""positive""}"
76,حلو,5,,,مركز تسوق,google_maps,"[""general""]","{""general"": ""positive""}"
77,•	“فندق جميل وهادي، والاهتمام بالتفاصيل واضح جدًا. شكرًا للإدارة على التجربة الرائعة,5,,,فندق,google_maps,"[""service"", ""ambiance""]","{""service"": ""positive"", ""ambiance"": ""positive""}"
85,فندق رائع و خدمة ممتازه,5,,,فندق,google_maps,"[""service"", ""ambiance""]","{""service"": ""positive"", ""ambiance"": ""positive""}"
92,مكان راقي لكن أسعار عالية,5,,,مركز تسوق,google_maps,"[""price"", ""ambiance""]","{""price"": ""positive"", ""ambiance"": ""positive""}"
93,جميل,5,,,مركز تسوق,google_maps,"[""ambiance"", ""general""]","{""ambiance"": ""positive"", ""general"": ""positive""}"
129,افضل مكان للأطفال الصغار والكبار,5,,,مركز تسوق,google_maps,"[""ambiance""]","{""ambiance"": ""positive""}"
131,ممتاز,5,,,مركز تسوق,google_maps,"[""general""]","{""general"": ""positive""}"
135,جيد جداً,5,,,سوق,google_maps,"[""general""]","{""general"": ""positive""}"
145,"محدش يطلب منهم يا جماعة ❌❌❌
الاكل جاي بايت أقسم بالله ما يتاكل اتكلمنا اشتكينا راح قال هبدله كان المغرب أذن اصلا قولناله احنا خلاص قرفنا مش هنعرف ناكله، وصلنا لمدير الفرع بقوله تقدر تطلع اكل زي دا الصالة يقولي ""مستحيل!!!!""
بجد حسبي الله ونعم الوكيل مفيش ضمير ❌❌❌",5,,,مطعم مأكولات سورية,google_maps,"[""food"", ""service"", ""ambiance""]","{""food"": ""negative"", ""service"": ""negative"", ""ambiance"": ""negative""}"
147,مطعم لطيف و اكله حلو,5,,,مطعم مأكولات سورية,google_maps,"[""food""]","{""food"": ""positive""}"
158,مكان جميل خاصة لمن يحب البيتزا,5,,,مطعم مأكولات إيطالية,google_maps,"[""food"", ""ambiance""]","{""food"": ""positive"", ""ambiance"": ""positive""}"
160,حقيقي مدير الفرع وصاحب المكان قمة في الاحترام والكرم والأخلاق ومحافظين جدًا على جودة ونظافة كل حاجة ♥️,5,,,مطعم مأكولات إيطالية,google_maps,"[""food"", ""service"", ""cleanliness"", ""ambiance""]","{""food"": ""positive"", ""service"": ""positive"", ""cleanliness"": ""positive"", ""ambiance"": ""positive""}"
163,المكان تحبه اوي و المعامل كويسه,5,,,مطعم مأكولات إيطالية,google_maps,"[""service"", ""ambiance""]","{""service"": ""positive"", ""ambiance"": ""positive""}"
171,مكان راقى جدا وstaff محترم وذوق وبشكر استاذ علاء مدير المكان,5,,,مطعم مأكولات إيطالية,google_maps,"[""service"", ""ambiance""]","{""service"": ""positive"", ""ambiance"": ""positive""}"
180,الاكل جميل جداً تسلم ايدكم♥️😍,5,,,مطعم مأكولات مصرية,google_maps,"[""food""]","{""food"": ""positive""}"
199,ممتاز خاصة الفول,5,,,مطعم فلافل,google_maps,"[""general""]","{""general"": ""positive""}"
204,مطعم جميل و اسعاره متوسطة و اكله لذيذ للغاية,5,,,مطعم فلافل,google_maps,"[""food"", ""price"", ""ambiance""]","{""food"": ""positive"", ""price"": ""positive"", ""ambiance"": ""positive""}"
205,مكان ممتاز,5,,,مطعم فلافل,google_maps,"[""ambiance"", ""general""]","{""ambiance"": ""positive"", ""general"": ""positive""}"
206,Tasty food,5,,,مطعم فلافل,google_maps,"[""general""]","{""general"": ""positive""}"
218,الاكل جميل والخدمه رائعه جدا وشكر خاص لرحاب واسماعيل,5,,,مطعم,google_maps,"[""food"", ""service"", ""ambiance""]","{""food"": ""positive"", ""service"": ""positive"", ""ambiance"": ""positive""}"
236,المكان جميل ونظيف وراقي جدا واكلهم بصراحه ممتاز والمقابله بصراحه زي الفل ما شفتش حاجه حلوه بالشكل ده من سنين بصراحه ربنا يوسع عليهم ويوفقهم ومن نجاح لنجاح,5,,,مطعم,google_maps,"[""food"", ""service"", ""cleanliness"", ""ambiance""]","{""food"": ""positive"", ""service"": ""positive"", ""cleanliness"": ""positive"", ""ambiance"": ""positive""}"
245,الطعام حلو بس كانت ف بطاطس نيا م مستوي اوي,5,,,مطعم وجبات سريعة,google_maps,"[""food"", ""ambiance""]","{""food"": ""positive"", ""ambiance"": ""positive""}"
264,اطيب مطعم في مصر من حيث الاكل والاجواء رائعة,5,,,مطعم مأكولات سورية,google_maps,"[""food"", ""ambiance""]","{""food"": ""positive"", ""ambiance"": ""positive""}"
268,مطعم رائع معامله جميله والاكل بجد حلووجميل,5,,,مطعم مأكولات سورية,google_maps,"[""food"", ""service"", ""ambiance""]","{""food"": ""positive"", ""service"": ""positive"", ""ambiance"": ""positive""}"
271,"مكان ممتاز والأكل طعمه جميل جدا
وكمان الخدمة جيدة جدا",5,,,مطعم مأكولات مشوية,google_maps,"[""food"", ""service"", ""ambiance""]","{""food"": ""positive"", ""service"": ""positive"", ""ambiance"": ""positive""}"
273,ممتاز في كل حاجه,5,,,مطعم مأكولات مشوية,google_maps,"[""general""]","{""general"": ""positive""}"
277,المكان رائع جدا والأكل أروع,5,,,مطعم مأكولات مشوية,google_maps,"[""food"", ""ambiance""]","{""food"": ""positive"", ""ambiance"": ""positive""}"
278,مكان راقي جدا والأجواء تمتلئ بالهدوء المريح للنفس,5,,,مطعم مأكولات مشوية,google_maps,"[""ambiance""]","{""ambiance"": ""positive""}"
281,ممتاز,5,,,منفذ بيع بالتجزئة,google_maps,"[""general""]","{""general"": ""positive""}"
282,جميل,5,,,منفذ بيع بالتجزئة,google_maps,"[""ambiance"", ""general""]","{""ambiance"": ""positive"", ""general"": ""positive""}"
284,حلو,5,,,منفذ بيع بالتجزئة,google_maps,"[""general""]","{""general"": ""positive""}"
301,جميل,5,,,فندق,google_maps,"[""ambiance"", ""general""]","{""ambiance"": ""positive"", ""general"": ""positive""}"
317,الاكل حلو جدا مع ان الدنيا زحمه وفي رمضان بس احلي جوده وخدمه وستاف كويس جدا,5,,,مطعم,google_maps,"[""food"", ""service"", ""ambiance""]","{""food"": ""positive"", ""service"": ""positive"", ""ambiance"": ""positive""}"
324,اكل مشاء الله كويس اجواء تحفه واحلي عم فرغلي♥️,5,,,مطعم,google_maps,"[""food"", ""service"", ""ambiance""]","{""food"": ""positive"", ""service"": ""positive"", ""ambiance"": ""positive""}"
337,معامله حيوانات يدخلوك لازم تقرير دخول تضل ساعه في الانتظار مع اصوات صيانه تكسر الاذن بعدين ياخدوك مكان تاني تنتظر عشان بعد ساعه تقدر تدخل الغرفة و يضلو ساعتين عشان يشوفو اي فحص انت بتاخد بعدها ساعتين و يركبو لك كنولا بتحرق ايدك ساعات بدون سبب ليه؟ بروتوكول ما بتقدر تضل في غرفه بدون كنولا. بختصار بروتوكولات تعبانه المستشفى عاملين صيانه و يدخلو ناس وهما مش عارفين يتصرفو بالي معاهم اولا  و الي تطلب منهم شي سواء سكرتير او شي يخلص الشفت حقه او يقول بفطر و ينسيك كلياً ضليت فيها فوق ال 12 ساعه بس عشان خديت فحوصات و تخطيط,5,,,مستشفى,google_maps,"[""service"", ""ambiance""]","{""service"": ""negative"", ""ambiance"": ""negative""}"
343,٥٠٩ التمريض رائع و متعاون جدا و ذوق جدا في المعاملة,5,,,مستشفى,google_maps,"[""service""]","{""service"": ""positive""}"
344,"I recently stayed at the hospital, and I truly cannot speak highly enough about the level of care we received.

The service and nursing team were absolutely amazing — genuinely kind, attentive, and always willing to help. From the moment we arrived, I felt supported and cared for. Every member of the team showed professionalism, compassion, and a positive attitude that made a real difference during my stay.

I would especially like to recognize Omniya and Amal for their impeccable service, consistency, and outstanding attitude. Their dedication was evident in everything they did. They clearly love their work, and most importantly, they truly love helping people. Their warmth and care brought comfort and reassurance during a time when it was needed most.

Thank you to the entire team for turning what could have been a stressful experience into one filled with kindness and professionalism.",5,,,مستشفى,google_maps,"[""service"", ""price"", ""cleanliness"", ""ambiance""]","{""service"": ""negative"", ""price"": ""negative"", ""cleanliness"": ""negative"", ""ambiance"": ""negative""}"
346,"غرفة 935
انا محمد عادل إبراهيم
حابب اشكر كل التمريض خدمه ممتازة وخاصه مشرفه الدور مس امل ومستر مصطفى عطالله محترم جداً وشاطر جدا ومستر سلامه وجميع التيم بصراحة محترمين",5,,,مستشفى,google_maps,"[""service""]","{""service"": ""positive""}"
370,البيتزا حلوة اوي من زمان,5,,,مطعم بيتزا,google_maps,"[""food""]","{""food"": ""positive""}"
374,"الاكل حلو
و الاسعار حلوة",5,,,مطعم بيتزا,google_maps,"[""food"", ""price""]","{""food"": ""positive"", ""price"": ""positive""}"
377,"الاكل 10/10 ماشاءالله لذيذ مره انا اشتريت كوبون ٢  من تطبيق وفرها وفعلا طلع لذيذ ماشاءالله وكفي وزياده علي 3 اشخاص كبار وطفل
وخدمتهم ممتازه واخلاقهم عاليه جدا",5,,,مطعم مأكولات سورية,google_maps,"[""food"", ""service"", ""ambiance""]","{""food"": ""positive"", ""service"": ""positive"", ""ambiance"": ""positive""}"
397,"مطعم جميل جداا واكله تحفه
محمد جابر وميدو ❤️",5,,,مطعم مأكولات سورية,google_maps,"[""food""]","{""food"": ""positive""}"
409,جميل جداً,5,,,مطعم مأكولات سورية,google_maps,"[""general""]","{""general"": ""positive""}"
426,البرجر ممتاز,5,,,مطعم مأكولات مصرية,google_maps,"[""general""]","{""general"": ""positive""}"
431,مطعم تحفه بالاستقبال والاكل ♥️♥️♥️✨,5,,,مطعم مأكولات مشوية,google_maps,"[""food"", ""ambiance""]","{""food"": ""positive"", ""ambiance"": ""positive""}"
433,الاكل رائع,5,,,مطعم مأكولات مشوية,google_maps,"[""food"", ""general""]","{""food"": ""positive"", ""general"": ""positive""}"
435,تجربه اكتر من رائع والاكل تحفه ❤️,5,,,مطعم مأكولات مشوية,google_maps,"[""food"", ""ambiance""]","{""food"": ""positive"", ""ambiance"": ""positive""}"
441,المكان جميل ومكانه في المهندسين سهل الوصول له,5,,,مطعم مأكولات مصرية,google_maps,"[""ambiance""]","{""ambiance"": ""positive""}"
442,الاكل جميل عندهم الصراحه,5,,,مطعم مأكولات مصرية,google_maps,"[""food""]","{""food"": ""positive""}"
447,اسوء تجربة ممكن تاكل من عند مطعم ام حسن ، اقسم بالله العظيم الاكل وصلني بارد ، والوجبات من غير سلطات مع العلم دي تاني مرة تحصل مش اول مرة ،، نصيحة بلاش ام حسن وشكرا ..,5,,,مطعم مأكولات مصرية,google_maps,"[""food"", ""service""]","{""food"": ""negative"", ""service"": ""negative""}"
450,الأكل سئ جدا وقُدم بارد، الطري بارد، السحق حادق. الاسعار مبالغ فيها مقارنة الجودة. الحدمة سيئة.,5,,,مطعم أطباق اللحوم,google_maps,"[""food"", ""price""]","{""food"": ""negative"", ""price"": ""negative""}"
456,سئ جدا والاكل ناقص و السلطه حامضه بجد اسوء اكل اكلته في حياتي,5,,,مطعم أطباق اللحوم,google_maps,"[""food""]","{""food"": ""negative""}"
457,خدمة تحفة و احسن اكل برمضان,5,,,مطعم أطباق اللحوم,google_maps,"[""food"", ""service""]","{""food"": ""positive"", ""service"": ""positive""}"
459,"Everything was bad I never explain it when I came the room was not clean and I had to change the rooms more than 3 times because they have an internet problem and they also have a problem with the services and also the room services do not answer the phones and are very late in the orders and my stomach hurt because of the salad I ordered when I arrived and they don't care about anything and I also wanted to deliver the room to them because it was my exit time I didn't find anyone at the reception, and I had to have someone I regret that I went there",5,,,فندق,google_maps,"[""food"", ""service"", ""price"", ""cleanliness"", ""ambiance""]","{""food"": ""negative"", ""service"": ""negative"", ""price"": ""negative"", ""cleanliness"": ""negative"", ""ambiance"": ""negative""}"
503,"الأكل جدا لذيذ والستاف لطيفين وسرعه في الطلب
تحديدا احمد محسن وابراهيم",5,,,مطعم مأكولات مشوية,google_maps,"[""food"", ""service""]","{""food"": ""positive"", ""service"": ""positive""}"
506,مكان ممتاز وخدمة ممتازة,5,,,مطعم مأكولات مشوية,google_maps,"[""service"", ""ambiance""]","{""service"": ""positive"", ""ambiance"": ""positive""}"
511,الاسعار غالية نوعا ما,5,,,مطعم مأكولات سورية,google_maps,"[""food"", ""price""]","{""food"": ""negative"", ""price"": ""negative""}"
514,ممتاز والخدمة ممتازه,5,,,مطعم مأكولات سورية,google_maps,"[""general""]","{""general"": ""positive""}"
519,ممتاز,5,,,مطعم مأكولات سورية,google_maps,"[""general""]","{""general"": ""positive""}"
522,طعم جميل جدا,5,,,مطعم مأكولات سورية,google_maps,"[""food"", ""general""]","{""food"": ""positive"", ""general"": ""positive""}"
541,مطعم ممتاز والاكل كتير جيد، خاصة شاورما السجق,5,,,مطعم مأكولات سورية,google_maps,"[""food""]","{""food"": ""positive""}"
565,لذيذ والاسعار معقولة والخدمة رائعة,5,,,مطعم مأكولات سورية,google_maps,"[""food"", ""service"", ""price"", ""ambiance""]","{""food"": ""positive"", ""service"": ""positive"", ""price"": ""positive"", ""ambiance"": ""positive""}"
573,الخدمة جداً رائه والموظف مانو جدا لطيف,5,,,مطعم مأكولات لبنانية,google_maps,"[""service""]","{""service"": ""positive""}"
574,شكرا لاحمد زيزو على حسن التعامل,5,,,مطعم مأكولات لبنانية,google_maps,"[""service""]","{""service"": ""positive""}"
576,مكان جميل و محترمين أوي,5,,,مطعم مأكولات لبنانية,google_maps,"[""service"", ""ambiance""]","{""service"": ""positive"", ""ambiance"": ""positive""}"
577,جميل,5,,,مطعم مأكولات لبنانية,google_maps,"[""ambiance"", ""general""]","{""ambiance"": ""positive"", ""general"": ""positive""}"
579,الاكل سيئ ومو زي اول,5,,,مطعم مأكولات لبنانية,google_maps,"[""food"", ""service""]","{""food"": ""negative"", ""service"": ""negative""}"
584,اكل لذيذ وخدمة رائعة اشكر الموظفين يوسف ومانو 🙏💖,5,,,مطعم مأكولات لبنانية,google_maps,"[""food"", ""service""]","{""food"": ""positive"", ""service"": ""positive""}"
587,جميل جدا,5,,,كافيه,google_maps,"[""ambiance"", ""general""]","{""ambiance"": ""positive"", ""general"": ""positive""}"
593,ممتاز,5,,,كافيه,google_maps,"[""general""]","{""general"": ""positive""}"
606,المكان جميل,5,,,مقهى,google_maps,"[""ambiance"", ""general""]","{""ambiance"": ""positive"", ""general"": ""positive""}"
625,الاسعار مبالغ فيها نوعا ما,5,,,مطعم,google_maps,"[""food"", ""price""]","{""food"": ""negative"", ""price"": ""negative""}"
636,حلو,5,,,مطعم,google_maps,"[""general""]","{""general"": ""positive""}"
642,"تجربة سيئة جدا جدا جدا
تاخر الطلب والستاف مايتكلمون عربي ولما وصل الطلب كان فيه طعم كشنه علما اني طالب فطيره",5,,,مطعم,google_maps,"[""food"", ""service""]","{""food"": ""negative"", ""service"": ""negative""}"
661,الجو العام حلو والاصطف محترم ولذيذ ف التعامل والاكل حلو,5,,,مطعم مأكولات مشوية,google_maps,"[""food"", ""service"", ""ambiance""]","{""food"": ""positive"", ""service"": ""positive"", ""ambiance"": ""positive""}"
662,كل سنه وانتم طيبين الاكل جميل والخدمه اجمل والناس بتتعامل بذوق جدا ومحترمين,5,,,مطعم مأكولات مشوية,google_maps,"[""food"", ""service"", ""ambiance""]","{""food"": ""positive"", ""service"": ""positive"", ""ambiance"": ""positive""}"
677,مكان تحفه والاكل تحفه أجواء رمضان جميله الموظفين كلهم عسل وخدومين ودمهم خفيف,5,,,مطعم,google_maps,"[""food"", ""service"", ""ambiance""]","{""food"": ""positive"", ""service"": ""positive"", ""ambiance"": ""positive""}"
683,"مكان اكتر من رائع والأكل طعم جدا
وأستاذ محمد صلاح إنسان محترم وزوق واستقباله واهتمامه كان رائع
شكرا ليكم واهتمامكم وان شاء الله دا بقي مكاني المفضل دايما ♥️",5,,,مطعم,google_maps,"[""food"", ""service"", ""ambiance""]","{""food"": ""positive"", ""service"": ""positive"", ""ambiance"": ""positive""}"
689,اجمل مطعم على النيل والأسعار مناسبه لجميع ومكان هادي ومميز,5,,,مطعم,google_maps,"[""food"", ""price"", ""ambiance""]","{""food"": ""positive"", ""price"": ""positive"", ""ambiance"": ""positive""}"
694,مطعم ظاظا (Zaza Cuisine) في ممشى أهل مصر هو وجهة مميزة تجمع بين إطلالة النيل الساحرة والأكلات المصرية الأصيلة، ويُعد خياراً رائعاً لتناول الطعام في أجواء عصرية راقية (خمس نجوم). يشتهر بتقديم أطباق متنوعة مثل الشاورما، السجق، والمشويات، إلى جانب الشيشة، مع خدمة ممتازة وقعدات مريحة.,5,,,مطعم,google_maps,"[""food"", ""service"", ""price"", ""ambiance""]","{""food"": ""positive"", ""service"": ""positive"", ""price"": ""positive"", ""ambiance"": ""positive""}"
699,حلو,5,,,مطعم,google_maps,"[""general""]","{""general"": ""positive""}"
778,المكان جميل مخبز رائع والكميه راهيه.,5,,,مطعم,google_maps,"[""food"", ""service"", ""ambiance""]","{""food"": ""positive"", ""service"": ""positive"", ""ambiance"": ""positive""}"
793,المطعم ممتاز و الخدمه رائعه,5,,,مطعم مأكولات بحرية,google_maps,"[""food"", ""service"", ""ambiance""]","{""food"": ""positive"", ""service"": ""positive"", ""ambiance"": ""positive""}"
800,ممتاز,5,,,مطعم مأكولات مشوية,google_maps,"[""general""]","{""general"": ""positive""}"
805,ممتاز,5,,,مطعم مأكولات مشوية,google_maps,"[""general""]","{""general"": ""positive""}"
821,ممتاز,5,,,مطعم مأكولات سورية,google_maps,"[""general""]","{""general"": ""positive""}"
823,"مطعم يقدم الوجبات السورية، بمذاق جميل.
تجربتي معهم كانت ممتازة مع ورق العنب وكذلك الشاورما والمشاوي",5,,,مطعم مأكولات سورية,google_maps,"[""food"", ""ambiance""]","{""food"": ""positive"", ""ambiance"": ""positive""}"
831,نظيف واكل ممتاز,5,,,مطعم مأكولات الشرق الأوسط,google_maps,"[""cleanliness"", ""general""]","{""cleanliness"": ""positive"", ""general"": ""positive""}"
859,المكان جميل و الأكل في منتهي الجمال و التعامل راقي جداً و سيد الويتر محترم جداً,5,,,مطعم مأكولات لبنانية,google_maps,"[""food"", ""service"", ""ambiance""]","{""food"": ""positive"", ""service"": ""positive"", ""ambiance"": ""positive""}"
862,"الاكل في منتهي الروعة و الجمال ر النضافة
و الإستاف ناس زوق. اجمل مطعم لبناني في مصر  شيك شكرا  محمد صلاح",5,,,مطعم مأكولات لبنانية,google_maps,"[""food"", ""service"", ""ambiance""]","{""food"": ""positive"", ""service"": ""positive"", ""ambiance"": ""positive""}"
865,انا اشكرمحمد صلاح علي الخدمه الممتازه وعلي حسن التعامل وربنا يوفقه وشكراجزيلا له وللاداره المطعم زهره لبنان الف شكرلكم جميعا  طلال بانه,5,,,مطعم مأكولات لبنانية,google_maps,"[""service""]","{""service"": ""positive""}"
874,سيد وحسام واحمد ، خدمتهم جميله جداً والاكل لذيذ أوي ويستاهل الزياره .,5,,,مطعم مأكولات لبنانية,google_maps,"[""food"", ""service"", ""ambiance""]","{""food"": ""positive"", ""service"": ""positive"", ""ambiance"": ""positive""}"
878,مكان جميل واكل لذيذ  وخاصة الباشا حسام تعاملة راقي,5,,,مطعم مأكولات لبنانية,google_maps,"[""service"", ""ambiance""]","{""service"": ""positive"", ""ambiance"": ""positive""}"
890,مطعم زبالة بكل معنى الكلمة. في رمضان و طالبة اكل وقت الفطار وطلبت مع طلبات عشان مشغولة مش عارفة اتكلم في التليفون و المندوب بيتصل وقت الفطار يقولي ابعتي اللوكيشن و مجاش اصلا في وقت التسليم و اضطريت افضل من غير اكل والمطاعم قفلت وحاجة منتهى قلة الزمة و الاحترام. منكم لله غير ان المرة اللي قبلها الأكل جه ميتاكلش,5,,,مطعم,google_maps,"[""food"", ""service"", ""ambiance""]","{""food"": ""negative"", ""service"": ""negative"", ""ambiance"": ""negative""}"
902,"خدمة ممتازة والمكان جميل والاكل كان اجمل
شكرا على حسن الإستقبال مستر سمير",5,,,مطعم,google_maps,"[""food"", ""service"", ""ambiance""]","{""food"": ""positive"", ""service"": ""positive"", ""ambiance"": ""positive""}"
903,"الدهاان واحد بس والاكل و الخدمة فوووق الممتازة
و شكرا علي الضيافه الجميلة
كابتن سمير
❤❤",5,,,مطعم,google_maps,"[""food"", ""service"", ""ambiance""]","{""food"": ""positive"", ""service"": ""positive"", ""ambiance"": ""positive""}"
905,"الدهان رقم 1
والخدمة والاصطف ممتازييين
شكرا علي الأداء والضيافة الجميله 😍",5,,,مطعم,google_maps,"[""service""]","{""service"": ""positive""}"
907,الاكل اكثر من رائع,5,,,مطعم,google_maps,"[""food""]","{""food"": ""positive""}"
910,كابتن سمير جامد و الاكل جامد,5,,,مطعم,google_maps,"[""food"", ""service""]","{""food"": ""positive"", ""service"": ""positive""}"
911,الاجواء كويسه جدا والأكل حلو,5,,,مطعم,google_maps,"[""food"", ""service"", ""ambiance""]","{""food"": ""positive"", ""service"": ""positive"", ""ambiance"": ""positive""}"
913,أكل رائع جدا والجودة ممتازة والأكل ساخن وشكراً جزيلاً للشيفات والكابتن سمير وكل الكابتنز,5,,,مطعم,google_maps,"[""food"", ""service""]","{""food"": ""positive"", ""service"": ""positive""}"
914,المكان جميل بصراحة و الاكل تحفة,5,,,مطعم,google_maps,"[""food"", ""ambiance""]","{""food"": ""positive"", ""ambiance"": ""positive""}"
917,كابتن سمير افضل حد في المكان و الاكل والاجواء رائعة,5,,,مطعم,google_maps,"[""food"", ""service"", ""ambiance""]","{""food"": ""positive"", ""service"": ""positive"", ""ambiance"": ""positive""}"
918,"خدمه محترمه جدآ
كابتن سامير اللي كان معايا
قمه الزوق والاحترام في التعامل",5,,,مطعم,google_maps,"[""service""]","{""service"": ""positive""}"
920,بسم الله ما شاء الله خدمه ممتازة وطعم الاكل تحفه,5,,,مطعم,google_maps,"[""food"", ""service""]","{""food"": ""positive"", ""service"": ""positive""}"
921,"حابب أتقدم بخالص الشكر والتقدير لمطعم الدهان على الخدمة الممتازة والاحترام في التعامل.وكبتن سمير خاصة
الأكل كان أكثر من رائع، والتنظيم والاستقبال كانوا في منتهى الرقي.
بجد مكان يستحق التقدير، وكل التوفيق والنجاح ليكم دايماً.",5,,,مطعم,google_maps,"[""food"", ""service"", ""ambiance""]","{""food"": ""positive"", ""service"": ""positive"", ""ambiance"": ""positive""}"
935,ممتاز,5,,,مطعم عائلي,google_maps,"[""general""]","{""general"": ""positive""}"
950,الاجواء حلوة في الداون تاون . خلف ستاربكس جلسه حلوه على النافورة,5,,,كافيه,google_maps,"[""service"", ""ambiance""]","{""service"": ""positive"", ""ambiance"": ""positive""}"
952,للاسف خدمه سيئه جداً من الموظف احمد .. وللاسف مكشر بوجه الزباين  وبرضو تطلب طلبات وتدفع وينسى يسجلها بالاوردر,5,,,كافيه,google_maps,"[""service"", ""ambiance""]","{""service"": ""negative"", ""ambiance"": ""negative""}"
956,مطعم جميل,5,,,مطعم دجاج,google_maps,"[""general""]","{""general"": ""positive""}"
965,جميل واقتصادي,5,,,مطعم دجاج,google_maps,"[""general""]","{""general"": ""positive""}"
976,ممتاز,5,,,مطعم يمني,google_maps,"[""general""]","{""general"": ""positive""}"
979,"مكان حلو
الاكل جميل جدا والأسعار مناسبة اوي",5,,,مطعم يمني,google_maps,"[""food"", ""price"", ""ambiance""]","{""food"": ""positive"", ""price"": ""positive"", ""ambiance"": ""positive""}"
980,"للاسف المواعيد في التوصيل اعطيها صفر من ١٠.
والموظفين المصرين مو محترمين الزباين
بدون احترام بعد ما قعدني ساعه انتظر فوق الوقت المحدد للتوصيل يقولي اذا تبغي اوك واذا ما تبغي الغي الطلب بكل برود...",5,,,مطعم يمني,google_maps,"[""food"", ""service"", ""ambiance""]","{""food"": ""negative"", ""service"": ""negative"", ""ambiance"": ""negative""}"
996,الاكل ممتاز ، الضيافة ممتازة، قابلنا ا سيف وكان متابع معانا في كل طلباتنا وتعامله ممتاز وراقي,5,,,مطعم,google_maps,"[""food"", ""service"", ""ambiance""]","{""food"": ""positive"", ""service"": ""positive"", ""ambiance"": ""positive""}"
1010,مكان جميل جداً جداً,5,,,مطعم مأكولات مشوية,google_maps,"[""ambiance""]","{""ambiance"": ""positive""}"
1011,للاسف خدمة و اكل مستواهم بقا سيئ و من أسوء لأسوء و دليفري قلة ادب في التعامل,5,,,مطعم مأكولات مشوية,google_maps,"[""food"", ""service""]","{""food"": ""negative"", ""service"": ""negative""}"
1028,المكان ممتع جدا وجميل روووعه ميرسي للجميع وخصوصا كابتن محمد ناصر 🥰وسيد الموس,5,,,كافيه,google_maps,"[""service"", ""ambiance""]","{""service"": ""positive"", ""ambiance"": ""positive""}"
1032,مكان ممتاز جدا,5,,,كافيه,google_maps,"[""ambiance"", ""general""]","{""ambiance"": ""positive"", ""general"": ""positive""}"
1034,كل حاجه حلوه والخدمه ممتازه,5,,,كافيه,google_maps,"[""service"", ""ambiance""]","{""service"": ""positive"", ""ambiance"": ""positive""}"
1035,"مكان جميل والاكل حلو
تجربه هكررها تاني ان شاء الله",5,,,كافيه,google_maps,"[""food"", ""ambiance""]","{""food"": ""positive"", ""ambiance"": ""positive""}"
1040,من أفضل الأماكن الجميلة جدا والجو بتاعها جميل جدا,5,,,كافيه,google_maps,"[""ambiance""]","{""ambiance"": ""positive""}"
1042,المكان تحفه تحفه والأجواء جميله والاكل بجد جميل جداً,5,,,كافيه,google_maps,"[""food"", ""service"", ""ambiance""]","{""food"": ""positive"", ""service"": ""positive"", ""ambiance"": ""positive""}"
1043,الاكل جميل و الاتموسفير رائع بالإضافة لاهتمام الاستاف و الخدمات,5,,,كافيه,google_maps,"[""food"", ""service"", ""ambiance""]","{""food"": ""positive"", ""service"": ""positive"", ""ambiance"": ""positive""}"
1045,مكان لذيذ والناس لذيذه ان شاء الله مش اخر مره ❤️❤️,5,,,كافيه,google_maps,"[""service"", ""ambiance""]","{""service"": ""positive"", ""ambiance"": ""positive""}"
1054,ممتاز,5,,,فندق,google_maps,"[""general""]","{""general"": ""positive""}"
1058,فندق جيد جدا,5,,,فندق,google_maps,"[""general""]","{""general"": ""positive""}"
1076,مطعم جميل احلى شي البيتزا عجبتني بيتزا الترافيل,5,,,مطعم مأكولات إيطالية,google_maps,"[""food"", ""ambiance""]","{""food"": ""positive"", ""ambiance"": ""positive""}"
1108,روعة,5,,,مطعم,google_maps,"[""general""]","{""general"": ""positive""}"
1126,"الاكل كويس مقارنة ما ولكن المدير اسلوبه مش احسن حاجة ، جاي وقت الفطار انا و اصدقائي ويقولي لازم تاخد من ال Set Menu ، اقوله طيب هو مينفعش اخد من المنيو العادي مش موافق برضه ويقولي تعليمات الادارة تعالى بعد الساعة ٧ و نص ، ياعم ده وقت فطااااار مفيش خالص
حتى لو مش خطأوا ف خطأ الادارة",5,,,مطعم مأكولات إيطالية,google_maps,"[""food"", ""service"", ""ambiance""]","{""food"": ""negative"", ""service"": ""negative"", ""ambiance"": ""negative""}"
1129,"My favorite restaurant so far 😍😍
١. الخدمة: ممتازة، من اول الويتر اللي بيسجل الاوردر، لحد ما تدفع الحساب فعلا محترمين جدا.. اكتر من مرة طلبنا تعديل في مكونات الطبق وبيعملولنا بالظبط اللي بنطلبه وبكل ترحاب.
٢. نظافة المكان: المكان نظيف جدا من حيث الطرابيزات، الحمامات، الأرضيات.
٣. الأكل: جودة الأكل ممتازة.. مكونات عالية الجودة، حتى الأكل النباتي أو الصيامي طعمه حلو ومخدوم كويس جدا.
٤. خدمة التوصيل سريعة والأكل بيوصل سخن ومتغلف كويس.
٥. التنوع في الأصناف: منيو متنوع من أول الفطار، سلطات، أصناف جانبية، معجناب وبيتزا، أطباق رئيسية ، حلويات، اطباق نباتية.
٦. الأسعار: في رأيي ان الأسعار جيدة خاصة مقابل الجودة المقدمة.

بيسترو تجربة ممتازة فعلا وبيرحبوا بأي تعليق على الاكل بترحاب واحترام.",5,,,مطعم مأكولات إيطالية,google_maps,"[""food"", ""service"", ""price"", ""cleanliness"", ""ambiance""]","{""food"": ""positive"", ""service"": ""positive"", ""price"": ""positive"", ""cleanliness"": ""positive"", ""ambiance"": ""positive""}"
1134,بجد بجد من احسن المطاعم ع الاطلاق باروح كل فروعه بس بقيت مدمنه فرع مدينه نصر بسبب مريم القمر بتعمل احلي هوت شوكليت واحلي فريبتشينو ف الدنيا,5,,,مطعم مأكولات إيطالية,google_maps,"[""food"", ""service"", ""ambiance""]","{""food"": ""positive"", ""service"": ""positive"", ""ambiance"": ""positive""}"
1138,"المكان جميل
والخدمه مميزه
يستحق التجربه.",5,,,مطعم يمني,google_maps,"[""service"", ""ambiance""]","{""service"": ""positive"", ""ambiance"": ""positive""}"
1141,مكان جميل ونظيف والخدمه كويسه جدااا والناس ذوق ومتعاونيين,5,,,مطعم يمني,google_maps,"[""service"", ""ambiance""]","{""service"": ""positive"", ""ambiance"": ""positive""}"
1143,المكان حلو جدا والأكل تحفة,5,,,مطعم يمني,google_maps,"[""food"", ""ambiance""]","{""food"": ""positive"", ""ambiance"": ""positive""}"
1144,المكان جميل والاكل تحفه,5,,,مطعم يمني,google_maps,"[""food"", ""ambiance""]","{""food"": ""positive"", ""ambiance"": ""positive""}"
1147,مدير جيد جدا,5,,,مطعم يمني,google_maps,"[""general""]","{""general"": ""positive""}"
1155,الاكل تحفة جدا والخدمة فوق الممتاز,5,,,مطعم مأكولات سورية,google_maps,"[""food"", ""service""]","{""food"": ""positive"", ""service"": ""positive""}"
1181,طلبت اوردر الساعه ٣ عشان يجيلي ٥ ونص وجالي الساعه ٧ الا ربع بعد الفطار بساعه اسوء تجربه الصراحه,5,,,مطعم مأكولات سورية,google_maps,"[""food"", ""service""]","{""food"": ""negative"", ""service"": ""negative""}"
1185,طعام سئ وليس له علاقه بالاكل السوري,5,,,مطعم مأكولات سورية,google_maps,"[""food""]","{""food"": ""negative""}"
1199,للأسف تجربة اسوء ما يكون لما دكتور يبلغ المريض و اهله ان فيه ورم ولازم تدخل سريع ولازم ندخل عمليات حالا و هنقص الأمعاء و نشيل و نفتح في الجنب و نركب كيس خارجي للإخراج و لما اتكلمنا و سألنا طاب فيه اي حاجة تأكد التشخيص يبصلنا بقرف و يقرر انه يمشي و يسيبنا و يقولنا انت بتفتوا او بتقولوا اي كلام لما دكتور ياكد ان المشكلة ورم بنسبة ٩٩٪؜ و لما نسال هي حاله المريض تسمح بعملية زي ديه و يقول اصل لو معملتوش العملية هتموت و لو عملتوها و حصل خطا خلاص مش فارقه … وطالما انتوا مش عايزين عملية يبقي اكتبوا تعهد و امضوا و عشان الحمد لله ربنا بيحبنا خرجنا من المستشفي و رحنا لدكتور تاني و اول كلمه قالها ان ده مش ورم وان ده انعكاس الأمعاء في الاشعه  و الحمد لله روحنا مستشفي تانية محترمه و بيفهموا و بيعرفوا يتعاملوا مع المريض انه انسان و في أزمة صحية و عملنا العملية و مطلعش ورم و طلع انسداد معوي بسبب التصاقات في الأمعاء ، ياريت لو يبقي عندكم دكاتره بتفهم و تعرف تتعامل مع المرضي ازاي و يبقي إنسان يعرف يقول ايه و يتكلم ازاي مش يبقي بيحاول يضغط علي المرضي عشان ياخدوا اجراء مش محتاجين ليه بغرض سحب فلوس من المريض و استغلاله لو الكلام ده من دكتور صغير ساعتها نقول معلش قلة خبرة بس لما يبقي استشاري الجراحة دكتور علاء الدين عبد الله فراج يبقي مش عارفة اقول ايه غير حسبي الله و نعم الوكيل فيك,5,,,مستشفى,google_maps,"[""service"", ""price"", ""ambiance""]","{""service"": ""negative"", ""price"": ""negative"", ""ambiance"": ""negative""}"
1203,اسوء سحور في مصر مفيش نظام تقف في دماغ اللى قاعد عشان تلحق ترابيزة الاكل بيطلع من طاسة القلية في منتهى القذارة، سيبنا المكان ومشينا,5,,,مطعم فلافل,google_maps,"[""food"", ""service"", ""cleanliness"", ""ambiance""]","{""food"": ""negative"", ""service"": ""negative"", ""cleanliness"": ""negative"", ""ambiance"": ""negative""}"
1205,جميل,5,,,مطعم فلافل,google_maps,"[""ambiance"", ""general""]","{""ambiance"": ""positive"", ""general"": ""positive""}"
1208,مطعم غالى بالاونطه والأكل طعمه وحش وبارد يا خساره الفلوس حسبى الله ونعم الوكيل,5,,,مطعم فلافل,google_maps,"[""food""]","{""food"": ""negative""}"
1224,المكان في الليل هادى وجميل,5,,,مقهى,google_maps,"[""ambiance""]","{""ambiance"": ""positive""}"
1247,مكان ممتاز,5,,,مركز تسوق,google_maps,"[""ambiance"", ""general""]","{""ambiance"": ""positive"", ""general"": ""positive""}"
1253,مكان جميل للتسوق,5,,,مركز تسوق,google_maps,"[""ambiance"", ""general""]","{""ambiance"": ""positive"", ""general"": ""positive""}"
1254,مول رائع وراقي والأجواء رائعه هدوء نظافة,5,,,مركز تسوق,google_maps,"[""ambiance""]","{""ambiance"": ""positive""}"
1273,الاسعار اوفر ومفيش يعتبر عروض,5,,,مطعم مأكولات سورية,google_maps,"[""price""]","{""price"": ""negative""}"
1274,"الكل كويس معاهك الدجاج المشوي جميل جدا والبطاطس والثوميه حلوه اوي بس الرز مزيت شويه
و الخدمه جميله والمكان نضيف وحلو والاسعار متوسطه",5,,,مطعم مأكولات سورية,google_maps,"[""food"", ""service"", ""cleanliness"", ""ambiance""]","{""food"": ""positive"", ""service"": ""positive"", ""cleanliness"": ""positive"", ""ambiance"": ""positive""}"
1275,الخدمة ممتازة وأفراد المكان محترمين ولكن جودة الأكل غير لائق بحجم المكان,5,,,مطعم مأكولات سورية,google_maps,"[""food"", ""service"", ""ambiance""]","{""food"": ""positive"", ""service"": ""positive"", ""ambiance"": ""positive""}"
1287,مطعم سيئ وتعامل الموظفين سيئ ويجبرون الشخص على اكل معين وخصوصا الموظف علي بدير,5,,,مطعم مأكولات لبنانية,google_maps,"[""service""]","{""service"": ""negative""}"
1293,كان طيب جدا بس اسعارو غالي,5,,,مطعم مأكولات لبنانية,google_maps,"[""service"", ""price""]","{""service"": ""negative"", ""price"": ""negative""}"
1302,اكلهم لذيذ .. وترتيب مميز 🤍🫰,5,,,مطعم مأكولات لبنانية,google_maps,"[""food"", ""service""]","{""food"": ""positive"", ""service"": ""positive""}"
1313,من زمان والطعم احلي من اي مكان,5,,,مطعم مأكولات مشوية,google_maps,"[""food"", ""ambiance""]","{""food"": ""positive"", ""ambiance"": ""positive""}"
1315,المكان جميل والأكل روعه,5,,,مطعم مأكولات مشوية,google_maps,"[""food"", ""ambiance""]","{""food"": ""positive"", ""ambiance"": ""positive""}"
1316,المكان فوق الممتاز والخدمه جميله و الأكل تحفه ماشاء الله,5,,,مطعم مأكولات مشوية,google_maps,"[""food"", ""service"", ""ambiance""]","{""food"": ""positive"", ""service"": ""positive"", ""ambiance"": ""positive""}"
1319,المكان ممتاز,5,,,مطعم,google_maps,"[""ambiance"", ""general""]","{""ambiance"": ""positive"", ""general"": ""positive""}"
1320,جميل جداااا,5,,,مطعم,google_maps,"[""general""]","{""general"": ""positive""}"
1324,الاكل تحفه الخدمه تحفه و الوتير محمد فرج ممتاز في الاداء و الخدمه,5,,,مطعم,google_maps,"[""food"", ""service"", ""ambiance""]","{""food"": ""positive"", ""service"": ""positive"", ""ambiance"": ""positive""}"
1331,المطعم اكله جميل جدا و مضمون,5,,,مطعم مأكولات لبنانية,google_maps,"[""food"", ""service"", ""ambiance""]","{""food"": ""positive"", ""service"": ""positive"", ""ambiance"": ""positive""}"
1359,خدمة ممتازة وتعامل راقي,5,,,مطعم فلافل,google_maps,"[""service""]","{""service"": ""positive""}"
1360,جيد,5,,,مطعم فلافل,google_maps,"[""general""]","{""general"": ""positive""}"
1373,تجربة سيئة ودون المستوى مع اني دافع مبلغ وقدره لكن الخدمة سيئة وفيه مماطلة من قبل الصيانه والاستقبال,5,,,فندق,google_maps,"[""service"", ""price"", ""ambiance""]","{""service"": ""negative"", ""price"": ""negative"", ""ambiance"": ""negative""}"
1381,"تجربه افطار في رمضان

اسوا تجربه طعام في هذا المطعم.
موظفه الاستقبال مالها نفس تشتغل.
تم توضيح ان نظامهم افطار على الشخص وكنا شخصين. قالوا الدخول للشخص 450. واتفاجأ بعدين الفاتوره 5300 يعني نصب في نصب.

اخر مره اجي المطعم ذا والفندق. تجربه سيئه بالكامل مقابل اسعار وخدمه لاترتقي بالمأمول",5,,,مطعم مأكولات مشوية,google_maps,"[""food"", ""service"", ""price"", ""ambiance""]","{""food"": ""negative"", ""service"": ""negative"", ""price"": ""negative"", ""ambiance"": ""negative""}"
1390,الاكل جيد جداً والمكان والخدمة رائعه، المكان يحتاج حجز,5,,,مطعم مأكولات مشوية,google_maps,"[""food"", ""service"", ""ambiance""]","{""food"": ""positive"", ""service"": ""positive"", ""ambiance"": ""positive""}"
1396,"مكان رائع و الخدمة ممتازه و الاكل لذيذ و الاسعار معقوله
👌🏻",5,,,مطعم مأكولات مشوية,google_maps,"[""food"", ""service"", ""price"", ""ambiance""]","{""food"": ""positive"", ""service"": ""positive"", ""price"": ""positive"", ""ambiance"": ""positive""}"
1401,انا ماشوفتش سرقة علنية بالشكل ده انا روحت مع عائلتي للفرع اللي في الماظة بارك وقريت المنيو والاسعار كان عالية جدا بس قررت اروح يمكن السعر المبالغ فيه ده هيكون قدامه مقابل مناسب طلبت ربع تيس يجي لي 3 قطع لحم عبارة عن جلد وعظم ايه هو نوع التيس اللي الربع منه بالحجم ده واللي كان طالب نفر لحم يجي له قطعة لحم فقط ومفيش اي سلطات جانية بتنزل مع الاكل اي سلطة انت اللي تشتريها بسعر اضافي مبالغ فيه جدا وينزل لك عينة سلطة مش كمية مناسبة حتى وخدمة 400ج وضرايب 600ج اسوأ تجربة اكل انا شوفتها ماانصحش اي حد يروح يجرب واللي هيروح يشتري فراخ فقط مايشتريش اي اطباق لحم,5,,,مطعم يمني,google_maps,"[""food"", ""service"", ""price"", ""ambiance""]","{""food"": ""negative"", ""service"": ""negative"", ""price"": ""negative"", ""ambiance"": ""negative""}"
1418,اكل تحفه بصراحه لذيذ جدا,5,,,مقهى,google_maps,"[""food"", ""service"", ""ambiance""]","{""food"": ""positive"", ""service"": ""positive"", ""ambiance"": ""positive""}"
1422,ممتاز,5,,,مطعم وجبات سريعة,google_maps,"[""general""]","{""general"": ""positive""}"
1423,مطعم ممتاز,5,,,مطعم وجبات سريعة,google_maps,"[""general""]","{""general"": ""positive""}"
1427,احلى فول مدمس من عنده,5,,,مطعم وجبات سريعة,google_maps,"[""food""]","{""food"": ""positive""}"
1432,شكرا ايناس شاطرة جدااا ومحترفه في التعامل بجد و إنسانة زوق جدا ربنا يباركلها يارب,5,,,مستشفى,google_maps,"[""service""]","{""service"": ""positive""}"
1443,"خضعت لجراحة استئصال غضروف و الحمد لله كانت ناجحه جدا رغم صعوبة الحالة أوجه كل الشكر و العرفان للدكتور الجميل ذو الشخصية العظيمة د/ محمد عاطف النقلي (مخ و اعصاب و عمود فقري) ربنا يبارك فيه و يحفظه على مجهوداته الرائعه مهما شكرت لن أوفي حق هذا الدكتور العظيم 🌺❤️
و طبعا لا انسى طاقم التمريض الأكثر من رائع على اهتمامهم و تعاملهم مع المرضى كأنهم اهل بمعنى الكلمة
كل الشكر و التقدير للعاملين بالمستشفى على تعاونهم و ادائهم المميز

كل ملاحظاتي على الإداريون بالمستشفى خاصة مكتب تنسيق الدخول و الخروج و بعض أفراد الامن للأسف كان تعاملهم سيء و لا يراعون اي مشاعر للمرضى محتاجين يشتغلوا على نفسهم شويه في طريقة التعامل و التنظيم اتمنى حل الامور البسيطه دي لتصبح المستشفى كاملة الرعاية 🙏",5,,,مستشفى,google_maps,"[""service"", ""cleanliness""]","{""service"": ""positive"", ""cleanliness"": ""positive""}"
1458,المكان جميل صراحه ويستحق الزياره .. 👍🏻,5,,,مطعم,google_maps,"[""ambiance""]","{""ambiance"": ""positive""}"
1468,الاكل حلو جدا و الاستف زوق جدا تسنيم و حبيبه,5,,,مطعم بيتزا,google_maps,"[""food"", ""service""]","{""food"": ""positive"", ""service"": ""positive""}"
1473,أطعم بيتزا وأفضل ستاف وخصوصا تسنيم وحبيبة 🥰♥️♥️♥️♥️♥️,5,,,مطعم بيتزا,google_maps,"[""food"", ""service""]","{""food"": ""positive"", ""service"": ""positive""}"
1478,الاكل والمكان تحفه والبنت اسمها رانيا فريد شوقي لذيذه اوي وفريندلي وجميله,5,,,مطعم بيتزا,google_maps,"[""food"", ""service"", ""ambiance""]","{""food"": ""positive"", ""service"": ""positive"", ""ambiance"": ""positive""}"
1505,"مكان ممتاز ومريح جدا
والأكل تحفة والاسعار تمام",5,,,مطعم مأكولات مصرية,google_maps,"[""food"", ""price"", ""ambiance""]","{""food"": ""positive"", ""price"": ""positive"", ""ambiance"": ""positive""}"
1526,"المكان والخدمة ممتازين
انصح بالمكان 👍👍",5,,,مطعم مأكولات إيطالية,google_maps,"[""service"", ""ambiance""]","{""service"": ""positive"", ""ambiance"": ""positive""}"
1538,مطعم محترم و اكل ممتاز و مجهود كويس من العاملين في زحمه الفطار و خصوصا كابتن حسن شخص محترم جدا و الويتر حسن الدالي,5,,,مطعم يمني,google_maps,"[""food"", ""service"", ""ambiance""]","{""food"": ""positive"", ""service"": ""positive"", ""ambiance"": ""positive""}"
1553,الاكل جميل,5,,,مطعم وجبات سريعة,google_maps,"[""food""]","{""food"": ""positive""}"
1555,ممتازة,5,,,مطعم وجبات سريعة,google_maps,"[""general""]","{""general"": ""positive""}"
1556,مطعم راىع,5,,,مطعم وجبات سريعة,google_maps,"[""general""]","{""general"": ""positive""}"
1557,جميل جدا,5,,,مطعم وجبات سريعة,google_maps,"[""general""]","{""general"": ""positive""}"
1560,مطعم مناسب جدا وخدمه  محترمه والاكل مختلف عن أي مطعم,5,,,مطعم وجبات سريعة,google_maps,"[""food"", ""service"", ""ambiance""]","{""food"": ""positive"", ""service"": ""positive"", ""ambiance"": ""positive""}"
1562,طعم رائع وخدمه ممتاذه جدااا,5,,,مطعم وجبات سريعة,google_maps,"[""food"", ""ambiance""]","{""food"": ""positive"", ""ambiance"": ""positive""}"
1606,أكل حلو وأسعار كويسة,5,,,مطعم,google_maps,"[""food"", ""price""]","{""food"": ""positive"", ""price"": ""positive""}"
1608,حلو,5,,,مطعم,google_maps,"[""general""]","{""general"": ""positive""}"
1609,حلو جدا🫶,5,,,مطعم,google_maps,"[""general""]","{""general"": ""positive""}"
1610,جميل جدا والاكل اسعاره مناسبة و كمياته كبيرة ماشاء الله,5,,,مطعم,google_maps,"[""food"", ""service"", ""price"", ""ambiance""]","{""food"": ""positive"", ""service"": ""positive"", ""price"": ""positive"", ""ambiance"": ""positive""}"
1611,قيمه مقابل سعر و اكلو لذيذ,5,,,مطعم,google_maps,"[""food"", ""price""]","{""food"": ""positive"", ""price"": ""positive""}"
1612,المكان محترم والخدمة كويس,5,,,مطعم,google_maps,"[""service"", ""ambiance""]","{""service"": ""positive"", ""ambiance"": ""positive""}"
1616,"طلبت اوفر ٢ زنجر دليفري

الكمية كويسة جدا ، بس الطلب بارد جدا و البطاطس كانت باردة ، و على الفراخ جبنة المفروض سايحة ، بس مجلدة و طعمها وحش ، كمان تتبيله الفراخ ملهاش طعم، و الاوردر وصل خلال ساعة زي ما بلغو",5,,,مطعم,google_maps,"[""food"", ""service"", ""delivery""]","{""food"": ""negative"", ""service"": ""negative"", ""delivery"": ""negative""}"
1622,مطعم جميل والاكل حلو اوي و الخدمه محترمه ❤️,5,,,مطعم,google_maps,"[""food"", ""service"", ""ambiance""]","{""food"": ""positive"", ""service"": ""positive"", ""ambiance"": ""positive""}"
1631,"المذاق جيد جدا والحشو جيد
السعر رائع",5,,,مطعم,google_maps,"[""food"", ""price""]","{""food"": ""positive"", ""price"": ""positive""}"
1632,جيد,5,,,مطعم,google_maps,"[""general""]","{""general"": ""positive""}"
1633,مطعم ممتاز واسعاره وجودة الاكل فوق الممتاز,5,,,مطعم,google_maps,"[""food"", ""price""]","{""food"": ""positive"", ""price"": ""positive""}"
1634,مكان جميل جدا وبيقدم خدمة ممتازة وجودة ثابتة,5,,,مطعم,google_maps,"[""food"", ""service"", ""ambiance""]","{""food"": ""positive"", ""service"": ""positive"", ""ambiance"": ""positive""}"
1636,احلى شاورما في مصر,5,,,مطعم,google_maps,"[""food""]","{""food"": ""positive""}"
1652,السعر جدا جدا غالي ع قهوه وحده,5,,,مقهى,google_maps,"[""price""]","{""price"": ""negative""}"
1655,"السويت لذييييييذ و المكان جميل جدا ،، كيكة الچوكلت خياااااال
يستاهل الزيارة",5,,,مقهى,google_maps,"[""service"", ""ambiance""]","{""service"": ""positive"", ""ambiance"": ""positive""}"
1656,مكان سي واجواء سيئة وصغير جدا ولم يعجبني القهوة ولا الكيكة ايضا,5,,,مقهى,google_maps,"[""ambiance""]","{""ambiance"": ""negative""}"
1698,مكان رائع جدا,5,,,مقهى,google_maps,"[""ambiance"", ""general""]","{""ambiance"": ""positive"", ""general"": ""positive""}"
1703,قعدت في فرع ميراكي كومبلكس طلبت باستا ولما جيت احاسب لقيتهم حاسبين المية قولت للويتر انا مفتحتش المية قالي لازم تدفعيها فهمتوا اني قعدت قبلها بيوم وطلبت نفس الاوردر ومفتحتش المية ومدفعتهاش قاللي انتي بتهئي؟ مدفعتيهاش امبارح تدفعيها انهاردة قولتله هات حد اعلى منك قاللي انا اكبر واحد في المكان وبقولك لازم تدفعيها وقمة قلة الادب بعدها جالي المانچر بيقولي معلش اصل المية لازم تتشال قبل ما اطبع الشيك وطالما طبعته لازم تدفعي طيب وانتوا مبتقولوش الكلام دة ليه للناس قبل ما تحاسب؟؟ قاللي كل المطاعم كدة وانتي شكلك صغير ومش فاهمة!!!! (بيحبوا يسرقوا الناس الصغيرين تقريبا) لما قولتله سني رجع في كلامه، حكيتله على اللي الويتر عمله وان طريقته وحشة ومبيعرفش يتعامل مع الناس لقيت الويتر جه و شتمني قدامهم كلهم وقدام المانچر نفسه وقاللي انا مقولتش حاجة وانتي قليلة الادب ومحدش عمله حاجة خالص كتر خيرهم قالوله خش جوة هيوقفوه تقريبا في النوتي كورنر رافع ايده 😂 اول ما قولت اني هبلغ البوليس والناس اللي قاعدة في المكان شاهدين و الكاميرات موجودة طلع يجري وكلهم اتلموا عليا بيقولولي انتي صاحبة مكان 😅 اخر كلمة قولتها للمانچر لو بنتك قاعدة في مكان ترضى ان حد يشتمها ومحدش يعمله حاجة مردش (ما هو يا دة مش المانچر وحد بيبعتوه يضحك بس عشان محدش يطالب بحقه يا دة المانچر فعلا بس سلبي جدا ومبيعرفش يتصرف),5,,,مقهى,google_maps,"[""food"", ""service"", ""price"", ""ambiance""]","{""food"": ""negative"", ""service"": ""negative"", ""price"": ""negative"", ""ambiance"": ""negative""}"
1725,"This used to be my favorite place to buy dresses and I always recommended it. After my last visit, I will never step inside again.

We found a suit we were fully ready to purchase. We simply asked about minor tailoring adjustments and mentioned that the white pants were slightly transparent. Instead of helping, the CFC store manager, Maria, immediately responded with attitude and arrogance. She told us that if it is not our style then it is not for us and that many popular people wear it, so the problem is ours and not the design.

When I asked for the tailor to come so I could show the adjustments I wanted, she refused to even let him see the suit and shut the discussion down completely.

Her manner was dismissive, condescending, and openly disrespectful. There was no attempt to assist, no professionalism, and no basic courtesy. The whole interaction felt uncomfortable and unwelcoming rather than a customer service experience.

A store manager represents the brand, and this behavior reflected extremely poorly on it. Because of this experience I will not return and I will actively warn anyone who asks me about this store.

One of the worst retail experiences I have had.",5,,,متجر ملابس حريمي,google_maps,"[""food"", ""service"", ""price"", ""cleanliness"", ""ambiance""]","{""food"": ""negative"", ""service"": ""negative"", ""price"": ""negative"", ""cleanliness"": ""negative"", ""ambiance"": ""negative""}"
1745,دبوس عندهم حلو قوي,5,,,مطعم مأكولات سورية,google_maps,"[""food""]","{""food"": ""positive""}"
1747,"الفراخ كانت زفره جدا ووجعت بطننا كلنا تاني يوم
للاسف كان اجمل بروست بس بقا من سئ ل اسوء",5,,,مطعم مأكولات سورية,google_maps,"[""food""]","{""food"": ""negative""}"
1748,ممتاز,5,,,سوبرماركت,google_maps,"[""general""]","{""general"": ""positive""}"
1750,به جميع الاحتياجات,5,,,سوبرماركت,google_maps,"[""general""]","{""general"": ""positive""}"
1753,ممتاز,5,,,سوبرماركت,google_maps,"[""general""]","{""general"": ""positive""}"
1760,اسوء تجربه الاكل بارد اكثر الطلبات في المنيو غير متوفر شاي مفيش تجربه سيئه جدا,5,,,مطعم مأكولات مشوية,google_maps,"[""food""]","{""food"": ""negative""}"
1761,المكان تحفه والأكل تحفه,5,,,مطعم مأكولات مشوية,google_maps,"[""food"", ""ambiance""]","{""food"": ""positive"", ""ambiance"": ""positive""}"
1763,الاكل ممتاز والخدمه ممتازه اشكر الجميع بالتوفيق,5,,,مطعم مأكولات مشوية,google_maps,"[""food"", ""service"", ""ambiance""]","{""food"": ""positive"", ""service"": ""positive"", ""ambiance"": ""positive""}"
1764,محترمين وذوق والاكل حلو ماشاء الله,5,,,مطعم مأكولات مشوية,google_maps,"[""food"", ""service""]","{""food"": ""positive"", ""service"": ""positive""}"
1767,المكان تحفه و الاكل روعه والخدمه ممتازه,5,,,مطعم مأكولات مشوية,google_maps,"[""food"", ""service"", ""ambiance""]","{""food"": ""positive"", ""service"": ""positive"", ""ambiance"": ""positive""}"
1771,مكان رائع والخدمة ممتازة,5,,,مطعم مأكولات مشوية,google_maps,"[""service"", ""ambiance""]","{""service"": ""positive"", ""ambiance"": ""positive""}"
1773,المكان تحفه والاكل جميل,5,,,مطعم مأكولات مشوية,google_maps,"[""food"", ""ambiance""]","{""food"": ""positive"", ""ambiance"": ""positive""}"
1777,الخدمة جيدة والاكل جيد,5,,,مطعم,google_maps,"[""food"", ""service""]","{""food"": ""positive"", ""service"": ""positive""}"
1783,"الاكل تحفهههه
المعمله تحفهه",5,,,مطعم,google_maps,"[""food""]","{""food"": ""positive""}"
1784,الاكل تحفه اوي,5,,,مطعم,google_maps,"[""food""]","{""food"": ""positive""}"
1810,تجربه ممتازة,5,,,مطعم,google_maps,"[""general""]","{""general"": ""positive""}"
1814,المكان حلو جدا والجو جميل ونضيف,5,,,مطعم,google_maps,"[""food"", ""service"", ""cleanliness"", ""ambiance""]","{""food"": ""positive"", ""service"": ""positive"", ""cleanliness"": ""positive"", ""ambiance"": ""positive""}"
1824,انا بشكر المنظومة بالكامل وإدارة المستشفي شكرا جدا علي الاهتمام والجودة العالية,5,,,مستشفى,google_maps,"[""service""]","{""service"": ""positive""}"
1828,الخدمة كلها بلا تفرقة ممتازة والناس متعاونة وبشوشة وجعلونى اشعر اننى فى بيتى تماما,5,,,مستشفى,google_maps,"[""service""]","{""service"": ""positive""}"
1837,التمريض ممتاز جدا والدكاترة ممتازة وادارة المستشفي منظمة وبالاخص الدور السابع,5,,,مستشفى,google_maps,"[""service""]","{""service"": ""positive""}"
1838,جميع خدمات المستشفي ممتازة من إدارة وتمريض ودكاترة ونظافة وتغذية وأخص بالشكر الدور العاشر,5,,,مستشفى,google_maps,"[""service"", ""cleanliness""]","{""service"": ""positive"", ""cleanliness"": ""positive""}"
1841,جزيل الشكر لطاقم مستشفى القاهرة التخصصى من اطباء و تمريض و معاونين على الاهتمام و الرعاية بوالدتى الدور العاشر غرفة ٨ تحت اشراف الاستاذ الدكتور احمد هانى و مس سحر محمد و مستر محمد عبدربه,5,,,مستشفى,google_maps,"[""service""]","{""service"": ""positive""}"
1842,المعامله ممتازة من التمريض والدكاترة والنظافة في الدور السادس والمعامله اللطيفه من طاقم العمليات والاهتمام من العلاقات العامة بالاخص ميس ايمان,5,,,مستشفى,google_maps,"[""service"", ""cleanliness""]","{""service"": ""positive"", ""cleanliness"": ""positive""}"
1845,ممتاز,5,,,مستشفى,google_maps,"[""general""]","{""general"": ""positive""}"
1855,مطعم جميل واكله لذيذ 👍,5,,,مطعم,google_maps,"[""food"", ""ambiance""]","{""food"": ""positive"", ""ambiance"": ""positive""}"
1868,حلو فطور مكان رايق انصح الصبح بدري الاجواء حلوه في الزمالك,5,,,مطعم,google_maps,"[""food"", ""service"", ""ambiance""]","{""food"": ""positive"", ""service"": ""positive"", ""ambiance"": ""positive""}"
1871,الاكل وصل ناقص و بارد  لا انصح ابدا بالتعامل معهم و خدمة العملاء تكلمهم ميعرفوش يعملوا حاجة للاسف,5,,,مطعم مأكولات سورية,google_maps,"[""food"", ""service""]","{""food"": ""negative"", ""service"": ""negative""}"
1872,مكان رائع,5,,,مطعم مأكولات سورية,google_maps,"[""ambiance"", ""general""]","{""ambiance"": ""positive"", ""general"": ""positive""}"
1873,طلبت ساندوتش شاورما من غير مخلل، جابولي ساندوتش مليان مخلل، المشكله اني طلبته و روحت البيت فمش هعرف ارجع تاني,5,,,مطعم مأكولات سورية,google_maps,"[""food""]","{""food"": ""negative""}"
1878,خدمة ممتازة والأكل طيب وشهى,5,,,مطعم مأكولات سورية,google_maps,"[""food"", ""service""]","{""food"": ""positive"", ""service"": ""positive""}"
1879,"بالسم الهاري
اسوء و أقذر اكل
لا طعم و لا ريحة و لا مذاق
اكل فاسد و لحوم",5,,,مطعم مأكولات سورية,google_maps,"[""food""]","{""food"": ""negative""}"
1888,جيد,5,,,سوبرماركت,google_maps,"[""general""]","{""general"": ""positive""}"
1900,ممتاز,5,,,مطعم,google_maps,"[""general""]","{""general"": ""positive""}"
1913,ناس محترمه الاكل كويس الحمد لله,5,,,مطعم,google_maps,"[""food"", ""service""]","{""food"": ""positive"", ""service"": ""positive""}"
1914,جو جميل و اكل جميل نتمني الاستمرارية,5,,,مطعم,google_maps,"[""food"", ""service"", ""ambiance""]","{""food"": ""positive"", ""service"": ""positive"", ""ambiance"": ""positive""}"
1918,اسعاره مبالغ فيها شويه,5,,,مطعم,google_maps,"[""food"", ""price""]","{""food"": ""negative"", ""price"": ""negative""}"
1935,أسعار مناسبة مقابل جودة ممتازة 💰✨,5,,,مطعم مأكولات سورية,google_maps,"[""food"", ""price""]","{""food"": ""positive"", ""price"": ""positive""}"
1944,الاسعار مبالغ فيها جدا جدا    ..,5,,,مطعم,google_maps,"[""food"", ""price""]","{""food"": ""negative"", ""price"": ""negative""}"
1945,مكان ممتاز,5,,,مطعم,google_maps,"[""ambiance"", ""general""]","{""ambiance"": ""positive"", ""general"": ""positive""}"
1946,الاكل عجبني والخدمه حلوه جدا شكرا للاستاف,5,,,مطعم,google_maps,"[""food"", ""service"", ""ambiance""]","{""food"": ""positive"", ""service"": ""positive"", ""ambiance"": ""positive""}"
1948,احلي مطعم ف مصر,5,,,مطعم,google_maps,"[""food""]","{""food"": ""positive""}"
1955,مطعم حلو و اكلة جميل بصراحة,5,,,مطعم,google_maps,"[""food"", ""ambiance""]","{""food"": ""positive"", ""ambiance"": ""positive""}"
1973,الاسعار  والخدمة والضريبة غالية,5,,,مطعم,google_maps,"[""service"", ""price""]","{""service"": ""negative"", ""price"": ""negative""}"
1974,مطعم جميل,5,,,مطعم,google_maps,"[""general""]","{""general"": ""positive""}"
2008,اسعارهم كويسه جدا والأكل تحفه اوي,5,,,مطعم مأكولات سورية,google_maps,"[""food"", ""price""]","{""food"": ""positive"", ""price"": ""positive""}"
2018,ممتاز,5,,,مطعم أطباق اللحوم,google_maps,"[""general""]","{""general"": ""positive""}"
2023,الأكل كان جميل، و المعاملة جميلة جداً و لكن العاملين بالمكان عددهم مش كافي لو في زحمة,5,,,مطعم أطباق اللحوم,google_maps,"[""food"", ""service"", ""ambiance""]","{""food"": ""positive"", ""service"": ""positive"", ""ambiance"": ""positive""}"
2029,"ابدا لا انصح بتجربة اللحم المندي عندهم، اللحم المندي دائما سيئ جدددددا وناااااشف وغير طازج وفيه كمية زفرررررر، اسوء تجربه للحم المندي.
بالنسبه للدجاج لازم يكون طااااازج والى هيكون سيئ وزفررر",5,,,مطعم أطباق اللحوم,google_maps,"[""food"", ""service""]","{""food"": ""negative"", ""service"": ""negative""}"
2032,المكان خيال وكل حاجه حلوه,5,,,مطعم,google_maps,"[""service"", ""ambiance""]","{""service"": ""positive"", ""ambiance"": ""positive""}"
2049,مكان كويس وشوو حلوو جدا,5,,,مطعم,google_maps,"[""ambiance""]","{""ambiance"": ""positive""}"
2065,"This is my first time coming to Egypt and I never thought it would be a delightful experience. I brought my father for a medical treatment from Eritrea and from the first minute we arrive at As Salam international hospital Maadi branch, they took everything serious and they did what we needed to stabilize my father's heart condition before any further tests. From the emergency room with in couple hours they transfer as to CCU which is cardiac care unit. After intensive tests and diagnostics they did intervention and everything went well. Thanks to God my father is in great condition now. I want to name those nurses who did everything to make me and my dad feel home and relaxed. I could write about my delighted experience but I will end it here. I am sorry I couldn't remember the name of the Dr.s but they are as helpful as all the nurses we came across. With out any specific orders here are the amazing nurses, Mr. Rabbani Mahmoud
Mr. Mohammed Abdullah
Miss. Rabab Hosni Mr.mustafa |brahim
Mr. Ahmed Tarik
Press and hold",5,,,مستشفى,google_maps,"[""service"", ""price"", ""cleanliness"", ""ambiance""]","{""service"": ""negative"", ""price"": ""negative"", ""cleanliness"": ""negative"", ""ambiance"": ""negative""}"
2077,احب اشكر قسم اغذيه ومشروبات علي الخدمه الممتازه في تقديم الاكل وجوده الطعام الممتازه بجد شكرا ليكم جدا,5,,,مستشفى,google_maps,"[""service""]","{""service"": ""positive""}"
2080,مكان لطيف و هادئ و قهوه جميله,5,,,مقهى,google_maps,"[""service"", ""ambiance""]","{""service"": ""positive"", ""ambiance"": ""positive""}"
2091,"قبل ما اعمل الكومنت دة، لسة قافل مع المطعم و طلبت اوردر توصيل منزلي و بعد مخلصت الاوردر قولتلوا يبعت مندوب التوصيل بالفيزا ، راح قالي لازم كاش 🤷🏻‍♂️ يا فندم ازاي كاش بس دة ٣/٤ معاملات التجارية في المحلات و المطاعم من خلال الفيزا ، رد عليا يقولي لا سياسة المطعم نقدي فقط ، روحت قولتلوا طيب ابعتلي مندوب توصيل عندوا حساب بنكي انستاباي احول عليه ، راح رفض بردوا 🤷🏻‍♂️ قولتلوا الغي الاوردر

بصراحة انا مستغرب من الاسلوب و التعامل الغريب دة ، دة الف باء في اي مكان بيقدم خدمة سواء اكل او غيروا يكون عندوا فيزا

لا انصح به لان الاسلوب و المعاملة المحترمة هيا اساس التقييم و زي مبيقولوا التربيه قبل التعليم ( معلم في شغلك بس قليل الادب و الذوق يبقا ولا ليك لزمة )",5,,,مطعم بيتزا,google_maps,"[""food"", ""service"", ""delivery""]","{""food"": ""negative"", ""service"": ""negative"", ""delivery"": ""negative""}"
2093,الاكل ممتاز و اسعار معقوله جدا,5,,,مطعم بيتزا,google_maps,"[""food"", ""price""]","{""food"": ""positive"", ""price"": ""positive""}"
2102,جميل,5,,,مطعم شاورما,google_maps,"[""general""]","{""general"": ""positive""}"
2110,ممتاز,5,,,مطعم شاورما,google_maps,"[""general""]","{""general"": ""positive""}"
2113,المكان جميل اووي و الاكل و بجد في ويتر اسم  اسلام كان محترم و زووق اووي,5,,,مطعم شاورما,google_maps,"[""food"", ""service"", ""ambiance""]","{""food"": ""positive"", ""service"": ""positive"", ""ambiance"": ""positive""}"
2114,ممتاز,5,,,مطعم شاورما,google_maps,"[""general""]","{""general"": ""positive""}"
2116,كانت التجربة جميلة و استقبلنا الموظف عمر حلمي وكان محترم جداً و خدوم و الأطباق لذيذة,5,,,مطعم,google_maps,"[""food"", ""service"", ""ambiance""]","{""food"": ""positive"", ""service"": ""positive"", ""ambiance"": ""positive""}"
2124,جيد,5,,,مطعم,google_maps,"[""general""]","{""general"": ""positive""}"
2126,"احمد تركي كان ممتاز معانا
وخدمة ممتازة
والأكل لذيذ جداً",5,,,مطعم,google_maps,"[""food"", ""service"", ""ambiance""]","{""food"": ""positive"", ""service"": ""positive"", ""ambiance"": ""positive""}"
2156,"بصراحه لسة مشتري بيتزا سوبر سوبريم ممتازة طعمها حلو
حشو ممتاز
حجم كويس جدا
ألف شكر للشيف اللى عملها",5,,,مطعم بيتزا,google_maps,"[""food"", ""service""]","{""food"": ""positive"", ""service"": ""positive""}"
2166,الاكل كان حلو و الاسعار معقوله,5,,,مطعم بيتزا,google_maps,"[""food"", ""price""]","{""food"": ""positive"", ""price"": ""positive""}"
2171,تجرّبه جميله جدا وتعامل راقي من الجميع  ويختص الاستاذه يارا,5,,,فندق,google_maps,"[""service"", ""ambiance""]","{""service"": ""positive"", ""ambiance"": ""positive""}"
2175,"اشكركم على حسن الاستقبال صراحه من افضل الفنادق من واقع تجربتي نظافه وفخامه
وايضا لاننسى طاقم الريسبشن يستاهلو كل تقدير واحترام كانوا في قمة الاخلاق وحسن التعامل
وهم الاستاذه منى والاستاذ محمد والاستاذه يارا
وان شاءالله معكم دائما في هذا الفندق
وانقل تجربتي لأخواني في السعوديه
تحياتي لكم جميعا",5,,,فندق,google_maps,"[""service"", ""cleanliness"", ""ambiance""]","{""service"": ""positive"", ""cleanliness"": ""positive"", ""ambiance"": ""positive""}"
2206,"طلبت من الابلكيشن ٢ كيلو ونص يالنجي و جالي كيلو ونص بس بعد ساعتين اساسا و خدمة العملاء عندهم فالضياع الاليم بجد بقولهم مستعجله و محتاجه الكيلو التاني تقولي البنت منا مستنيه رد الفرع مرتين اكلمها تقولي نفس الكلام و حاجه في منتهى الاستهتار بوقت العميل .. لو مش عارفين
تاخدوا طلبات من ابلكيشن يبقى متعملوش ابلكيشن اصلا دا كدا منتهى الفشل
و لما كتبت الكلام دا فكومنتات على صفحتهم عملولي بلوك .. قله ادب",5,,,متجر بقالة,google_maps,"[""service"", ""ambiance""]","{""service"": ""negative"", ""ambiance"": ""negative""}"
2208,جيد,5,,,متجر بقالة,google_maps,"[""general""]","{""general"": ""positive""}"
2213,الاستقبال كويس جدا والخدمة ممتازة,5,,,مستشفى,google_maps,"[""service""]","{""service"": ""positive""}"
2224,"بصراحة كانت تجربة استثنائية بفضل الممرضة إسراء. من أول لحظة وهي بتتعامل بأقصى درجات الرحمة والاهتمام والاحترافية بشكل يميزها فعلًا. كانت دايمًا موجودة، منتبهة لكل تفصيلة، وبتسبق احتياجاتي قبل ما أطلبها.

أنا اتعاملت مع أنظمة رعاية صحية في أمريكا وإنجلترا، وأقدر أقول بثقة إن مستوى الرعاية اللي بتقدمه الممرضة إسراء مش بس على نفس المستوى، ده كمان أعلى وأفضل. مهارتها الطبية، وهدوءها، وطيبتها الحقيقية بيخلّوا أي مريض يحس بالراحة والأمان.

هي فعلًا مثال للتمريض على مستوى عالمي، والمستشفى محظوظة جدًا بوجودها.",5,,,مستشفى,google_maps,"[""service"", ""cleanliness""]","{""service"": ""positive"", ""cleanliness"": ""positive""}"
2225,مستشفي ممتازه ممتازه ومعامله فوق الممتاز محدش قصر معايا نهائي,5,,,مستشفى,google_maps,"[""service""]","{""service"": ""positive""}"
2229,"تعامل راقي وتجاوب مع المريض والمرافقين وتوفير كل المتطلبات بدون تعقيد
وشكر خاص لقسم العلاقات العامه واستاذة نيرمين علي اهتمامها باستعجال الاجراءات واسلوبها الراقي في التعامل",5,,,مستشفى,google_maps,"[""service""]","{""service"": ""positive""}"
2237,"الاكل بارد و غالي و الخدمه زفت وحاسبونا  على العيش مع الاكل
لا انصح به و لن اكرر التجربه",5,,,مطعم,google_maps,"[""food"", ""service"", ""ambiance""]","{""food"": ""negative"", ""service"": ""negative"", ""ambiance"": ""negative""}"
2250,سيخ مشوي ياخد جايزة اسوء مطعم مشاوي واسوء خدمة ممكن تشوفها، قلة ذوق من ال staff غير محترمين بالمرة.,5,,,مطعم,google_maps,"[""food"", ""service""]","{""food"": ""negative"", ""service"": ""negative""}"
2251,مطعم رائع واجوائه جميله ورايقه واكلهم لذيذ,5,,,مطعم,google_maps,"[""food"", ""service"", ""ambiance""]","{""food"": ""positive"", ""service"": ""positive"", ""ambiance"": ""positive""}"
2254,اكل لذيذ ونظيف الأسف فنان بشوشين,5,,,مطعم مأكولات لبنانية,google_maps,"[""food"", ""service"", ""ambiance""]","{""food"": ""positive"", ""service"": ""positive"", ""ambiance"": ""positive""}"
2264,كل حاجة جميلة,5,,,مطعم مأكولات لبنانية,google_maps,"[""general""]","{""general"": ""positive""}"
2276,"الاكل جودته ممتازة
المشكلة في الزحمة وبطء الخدمة",5,,,مطعم فلافل,google_maps,"[""food"", ""service"", ""ambiance""]","{""food"": ""positive"", ""service"": ""positive"", ""ambiance"": ""positive""}"
2281,جميل,5,,,مطعم فلافل,google_maps,"[""ambiance"", ""general""]","{""ambiance"": ""positive"", ""general"": ""positive""}"
2296,حرفيا ممتازه جدا,5,,,المستشفى العسكري,google_maps,"[""general""]","{""general"": ""positive""}"
2303,ممتاز,5,,,المستشفى العسكري,google_maps,"[""general""]","{""general"": ""positive""}"
2321,مكان حلو قوي ونظيف جدا قضيت في وقت ممتع الصراحه,5,,,مطعم,google_maps,"[""food"", ""cleanliness"", ""ambiance""]","{""food"": ""positive"", ""cleanliness"": ""positive"", ""ambiance"": ""positive""}"
2336,الاكل مشاء الله جميل ومختلف عن أى مكان اخر,5,,,مطعم مأكولات سورية,google_maps,"[""food"", ""ambiance""]","{""food"": ""positive"", ""ambiance"": ""positive""}"
2342,للاسف اخر مره اطلب من عندهم الاكل سئ وحمضان,5,,,مطعم مأكولات سورية,google_maps,"[""food""]","{""food"": ""negative""}"
2361,جيد,5,,,مطعم مأكولات تركية,google_maps,"[""general""]","{""general"": ""positive""}"
2363,خدمه ممتازه و اسعار معقوله الاطباق كبيره و خاماتها ممتازه,5,,,مطعم مأكولات تركية,google_maps,"[""service"", ""price"", ""ambiance""]","{""service"": ""positive"", ""price"": ""positive"", ""ambiance"": ""positive""}"
2420,خامات جيدة,5,,,مطعم بيتزا,google_maps,"[""general""]","{""general"": ""positive""}"
2430,جميل ...برجر بالجبنه...ميكس كفته...طبق بطاطس بالجبنه...اكل جميل ونضيف....,5,,,مطعم,google_maps,"[""food"", ""ambiance""]","{""food"": ""positive"", ""ambiance"": ""positive""}"
2437,جيد,5,,,سوبرماركت,google_maps,"[""general""]","{""general"": ""positive""}"
2447,مكان ممتاز العائلة كلها بتشكر فيها,5,,,عيادة طبية,google_maps,"[""ambiance""]","{""ambiance"": ""positive""}"
2449,معاملة جميلة ناس محترمة,5,,,عيادة طبية,google_maps,"[""service""]","{""service"": ""positive""}"
2455,إستقبال محترم ودكاتره ممتازه,5,,,عيادة طبية,google_maps,"[""service"", ""ambiance""]","{""service"": ""positive"", ""ambiance"": ""positive""}"
2457,خدمة ممتازة و الاطباء علي اعلي مستوي,5,,,عيادة طبية,google_maps,"[""service""]","{""service"": ""positive""}"
2465,ممتاز,5,,,مطعم مأكولات مصرية,google_maps,"[""general""]","{""general"": ""positive""}"
2498,فندق ماشاء الله تبارك الله خدمة ممتازة المسبح بالدور الثاني جميل والكافيه اللي بالروف تبارك الله فيو برج القاهرة ونهر النيل الافطار بالمطعم متنوع وأحيانا كنت أطلب الأفطار بالغرفة العاملين جزاهم الله خير ما يتاخروا عند طلب اي شئ كل الشكر للعامين وإدارة الفندق على حسن الضيافة,5,,,فندق,google_maps,"[""service"", ""ambiance""]","{""service"": ""positive"", ""ambiance"": ""positive""}"
2499,"كل الخدمات في فندق انديانا  ش عادل حسين رستم سيئه جدا
خدمة الغرف جدا جدا سيئه
تتكلم مع موظفي الاستقبال وتطلب تنضيف الغرفه مايتجاوبون
الشاشه ماهي شغاله من وقت الدخول الي وقت المغادرة
النت سئ جدا جدا جدا
ما انصح في أي شخص يفكر أنه يدخل هذا الفندق",5,,,فندق,google_maps,"[""service"", ""cleanliness"", ""ambiance""]","{""service"": ""negative"", ""cleanliness"": ""negative"", ""ambiance"": ""negative""}"
2505,فندق جميل ومريح وقريب من وسط البلد وقريب من جميع  الخدمات والاستطاف متعاون والافطار ممتاز ومتنوع,5,,,فندق,google_maps,"[""service"", ""cleanliness"", ""ambiance""]","{""service"": ""positive"", ""cleanliness"": ""positive"", ""ambiance"": ""positive""}"
2513,ممتاز,5,,,مطعم,google_maps,"[""general""]","{""general"": ""positive""}"
2516,جالي تسمم ربنا ينتقم منكم، لما تواصلت معاكم قولتولي مش بسببنا حسبي الله و نعم الوكيل.. محدش ياكل عندهم احتمال كبير بينزلوا اوردرات لحوم فاسدة,5,,,مطعم,google_maps,"[""food"", ""service""]","{""food"": ""negative"", ""service"": ""negative""}"
2529,جميل,5,,,كافيه,google_maps,"[""ambiance"", ""general""]","{""ambiance"": ""positive"", ""general"": ""positive""}"
2537,"معامله حلوه اوي  والشيشه حلوه اوى.  ومعامله فتحى كويسه جدا
مستر عبد الكريم",5,,,كافيه,google_maps,"[""service"", ""ambiance""]","{""service"": ""positive"", ""ambiance"": ""positive""}"
2540,"الاستف جميل خصوصا عمار واحمد مصطفى
والشيشة كانت حلوة اوى",5,,,كافيه,google_maps,"[""service"", ""ambiance""]","{""service"": ""positive"", ""ambiance"": ""positive""}"
2545,مكان جميل وممتاز,5,,,مطعم,google_maps,"[""ambiance"", ""general""]","{""ambiance"": ""positive"", ""general"": ""positive""}"
2560,المكان رائع,5,,,مطعم,google_maps,"[""ambiance"", ""general""]","{""ambiance"": ""positive"", ""general"": ""positive""}"
2570,زباله في زباله سويت خروج الظهر ونسيت جوازي وفي الليل رجعت أدور عليه لقيته تحت البطانيه يعني لا غيروا الشرشف ولا البطانيه ولا اهتموا في نظافه الشقه ولا العميل ولا اهتموا في شي بس رجعوا البطانيه واجر على واحد ثاني نظافه صفر حسبنا الله ونعم الوكيل,5,,,فندق,google_maps,"[""service"", ""price"", ""cleanliness"", ""ambiance""]","{""service"": ""negative"", ""price"": ""negative"", ""cleanliness"": ""negative"", ""ambiance"": ""negative""}"
2572,موقع ممتاز وخدمات ممتازه هاذي ثاني مره لي تزل بالوتيل انصح في والموظفات تعاملهم جدا راقي وذوق,5,,,فندق,google_maps,"[""service"", ""ambiance""]","{""service"": ""positive"", ""ambiance"": ""positive""}"
2574,"الفندق في مكان حيوي وحلو جداً صح الاثاث قديم بس المنطقة اللي انت فيها تعتبر مركزية وتحت في خدمات في ماركت ومطاعم اكلات سريعة وحاجات حلوة.
عندهم نظافة يومية ينفع للشباب بحسب تجربتي وسعرة جميل جداً",5,,,فندق,google_maps,"[""service"", ""price"", ""cleanliness"", ""ambiance""]","{""service"": ""positive"", ""price"": ""positive"", ""cleanliness"": ""positive"", ""ambiance"": ""positive""}"
2589,اكل جميل ومن الإضافات الجديدة شاورما لحمة وكانت مميزة جدا,5,,,مطعم شاورما,google_maps,"[""food"", ""service""]","{""food"": ""positive"", ""service"": ""positive""}"
2596,الاكل جامد,5,,,مطعم فلافل,google_maps,"[""food"", ""general""]","{""food"": ""positive"", ""general"": ""positive""}"
2598,تحفه,5,,,مطعم فلافل,google_maps,"[""general""]","{""general"": ""positive""}"
2606,الاكل كويس والاسعار مناسبه,5,,,مطعم بيتزا,google_maps,"[""food"", ""price""]","{""food"": ""positive"", ""price"": ""positive""}"
2607,"حط بلوبيف بدل السجق و كان لونه احمر و شكله مش سجق خالص و الكيرى مكنش باين طعمها اصلا
الحلو اللى هو اصلا رخيص فى عمايله حتى مش تعبانين فيه و اقل محل فطير جمبهم احسن منه بامانة",5,,,مطعم بيتزا,google_maps,"[""food"", ""service""]","{""food"": ""negative"", ""service"": ""negative""}"
2608,جميل جدا,5,,,مطعم بيتزا,google_maps,"[""general""]","{""general"": ""positive""}"
2610,"اول مره اجربه وصراحة صدمني ماتوقعت لذيذ ونظيف وكمية وسعر من المشاوي جميله والمقبلات روعه وختمتها بسويت روعه .. برافو انصح بشده

وشكرا للأخ محمد شيكا على السيرفس المضبووووط 👌",5,,,مطعم,google_maps,"[""food"", ""service"", ""cleanliness"", ""ambiance""]","{""food"": ""positive"", ""service"": ""positive"", ""cleanliness"": ""positive"", ""ambiance"": ""positive""}"
2613,"المكان مرتب ورايق جربت عندهم العصيرات وطبعا لذيذه وفرش والمعسل عندهم فنااااااان جربت كذا مكان لكن دا احسن مكان انصحكم فيه
اي احد يجي القاهره ويبغى معسل فنان يروح عندهم",5,,,مطعم,google_maps,"[""food"", ""service"", ""ambiance""]","{""food"": ""positive"", ""service"": ""positive"", ""ambiance"": ""positive""}"
2616,اسلوبهم سيء ، المكان غير نظيف ، الكنبات وسخه ، تعامل المدير غير لبق ..,5,,,مطعم,google_maps,"[""service"", ""cleanliness"", ""ambiance""]","{""service"": ""negative"", ""cleanliness"": ""negative"", ""ambiance"": ""negative""}"
2617,للاسف الموظف اللي يستقبل الزباين في يوم ٢.٢.٢٠٢٦ في فتره النهار لا اسلوب ولا كلام من اول ما شافنا مدخل نفسه في كلامنا مع بعض .. الفلسفه الزايده يا ليت يبطلها ... و بيجبرني اكل او اطلب و يقول معليش ده مطعم و كافيه مش للقعده اللي معايه جايه للشيشه وانا ما ابغى اطلب كنسلناو طلعنا الزبون برحته مو هو اللي يقرر عني اطلب او ما اطلب والحمد لله ما دفعت ريال واحد في هذا المكان,5,,,مطعم,google_maps,"[""food"", ""service"", ""ambiance""]","{""food"": ""negative"", ""service"": ""negative"", ""ambiance"": ""negative""}"
2623,"ماشاء الله تبارك الرحمن
لذيذ بشكل وخدمه والله دخلنا بالصدفه ولكن اختيار موفق
واشكر  استاذ خاطر ع اخلاقه
موفقين",5,,,مطعم,google_maps,"[""food"", ""service""]","{""food"": ""positive"", ""service"": ""positive""}"
2625,خدمه ممنازه شكرا هاجر وشروق والشيشه يوسف والصيني اسلوب راقي جدا,5,,,مطعم,google_maps,"[""service""]","{""service"": ""positive""}"
2629,ياحظ أهل مصر بالمكان التحفة دا ، أجواء رائعة أكل طعم الله يبارك لهم ، تحية من السعودية,5,,,مطعم,google_maps,"[""food"", ""service"", ""ambiance""]","{""food"": ""positive"", ""service"": ""positive"", ""ambiance"": ""positive""}"
2630,من افضل الاماكن وبصراحة الاكل مره نظيف ولذيذ والخدمة ممتازه,5,,,مطعم,google_maps,"[""food"", ""service"", ""ambiance""]","{""food"": ""positive"", ""service"": ""positive"", ""ambiance"": ""positive""}"
2631,المكان جميل محترمين جدا وتوني ويوسف احلي حاجه ف المكان❤️❤️,5,,,مطعم,google_maps,"[""service"", ""ambiance""]","{""service"": ""positive"", ""ambiance"": ""positive""}"
2633,الأكل لذيذ والمكان جميل والخدمه ممتازه  وتعامل الأستاذ خاطر جدا جميل,5,,,مطعم,google_maps,"[""food"", ""service"", ""ambiance""]","{""food"": ""positive"", ""service"": ""positive"", ""ambiance"": ""positive""}"
2646,ممتاز,5,,,مطعم فلافل,google_maps,"[""general""]","{""general"": ""positive""}"
2651,جميل,5,,,مطعم فلافل,google_maps,"[""ambiance"", ""general""]","{""ambiance"": ""positive"", ""general"": ""positive""}"
2682,جميل,5,,,مطعم,google_maps,"[""ambiance"", ""general""]","{""ambiance"": ""positive"", ""general"": ""positive""}"
2699,روعة,5,,,مركز تسوق,google_maps,"[""general""]","{""general"": ""positive""}"
2723,مكان ممتاز والاكل رائع,5,,,مطعم,google_maps,"[""food"", ""service"", ""ambiance""]","{""food"": ""positive"", ""service"": ""positive"", ""ambiance"": ""positive""}"
2729,الاكل ممتاز ، و الخدمه ممتازه خاصه أ ابو نوح,5,,,مطعم,google_maps,"[""food"", ""service""]","{""food"": ""positive"", ""service"": ""positive""}"
2740,المكان كويس جدا ونضيف والاكل سخن والطعم مظبوط,5,,,مطعم مأكولات إيطالية,google_maps,"[""food"", ""service"", ""ambiance""]","{""food"": ""positive"", ""service"": ""positive"", ""ambiance"": ""positive""}"
2741,المكان كويس جداً و الاكل جميل دايما بقالى اكتر من ٣ سنين باجى المكان و نفس الروح الحلوه فى المكان,5,,,مطعم مأكولات إيطالية,google_maps,"[""food"", ""service"", ""ambiance""]","{""food"": ""positive"", ""service"": ""positive"", ""ambiance"": ""positive""}"
2745,مكان جميل وهادى,5,,,مطعم مأكولات إيطالية,google_maps,"[""ambiance"", ""general""]","{""ambiance"": ""positive"", ""general"": ""positive""}"
2776,ممتاز,5,,,مطعم,google_maps,"[""general""]","{""general"": ""positive""}"
2777,حلو,5,,,مطعم,google_maps,"[""general""]","{""general"": ""positive""}"
2780,اخر مره كان اكل سيئ جدا ولما بلغتهم مفيش استجابة خالص,5,,,مطعم,google_maps,"[""food"", ""service""]","{""food"": ""negative"", ""service"": ""negative""}"
2783,السعر متغالي فيه جدا,5,,,مطعم مأكولات بحرية,google_maps,"[""food"", ""price"", ""ambiance""]","{""food"": ""positive"", ""price"": ""negative"", ""ambiance"": ""negative""}"
2796,جيدة جدا,5,,,سوبرماركت,google_maps,"[""general""]","{""general"": ""positive""}"
2803,جيد,5,,,مطعم مأكولات ومشروبات,google_maps,"[""general""]","{""general"": ""positive""}"
2805,ممتاز ... خدمة علي مستوي,5,,,مطعم مأكولات ومشروبات,google_maps,"[""service""]","{""service"": ""positive""}"
2806,مكان جميل اسعاره معقوله جدآ,5,,,مطعم مأكولات ومشروبات,google_maps,"[""price"", ""ambiance""]","{""price"": ""positive"", ""ambiance"": ""positive""}"
2809,مكان جميل والخدمة ممتازة,5,,,مطعم مأكولات ومشروبات,google_maps,"[""service"", ""ambiance""]","{""service"": ""positive"", ""ambiance"": ""positive""}"
2823,مكان رائع,5,,,مطعم مأكولات مشوية,google_maps,"[""ambiance"", ""general""]","{""ambiance"": ""positive"", ""general"": ""positive""}"
2836,مكان جميل وهادئ وانيق ومجهز على اعلي مستوي من الرفاهية,5,,,فندق,google_maps,"[""service"", ""ambiance""]","{""service"": ""positive"", ""ambiance"": ""positive""}"
2837,جميل,5,,,فندق,google_maps,"[""ambiance"", ""general""]","{""ambiance"": ""positive"", ""general"": ""positive""}"
2864,مكان جميل  و الخدمة سريعه و الاكل طعمه و لا احلي و بالخصوص الاستقبال شهد,5,,,مطعم,google_maps,"[""food"", ""service"", ""ambiance""]","{""food"": ""positive"", ""service"": ""positive"", ""ambiance"": ""positive""}"
2866,ممتاز,5,,,مطعم,google_maps,"[""general""]","{""general"": ""positive""}"
2867,روعة,5,,,مطعم,google_maps,"[""general""]","{""general"": ""positive""}"
2868,ممتاز,5,,,مطعم,google_maps,"[""general""]","{""general"": ""positive""}"
2869,ممتاز,5,,,مطعم,google_maps,"[""general""]","{""general"": ""positive""}"
2873,مكان رائع جدا انصح الجميع في زيارته سرعة في الخدمه خدمة ممتازة,5,,,مطعم,google_maps,"[""service"", ""ambiance""]","{""service"": ""positive"", ""ambiance"": ""positive""}"
2874,جميل جدا,5,,,مطعم,google_maps,"[""general""]","{""general"": ""positive""}"
2876,مكان جميل,5,,,مقهى,google_maps,"[""ambiance"", ""general""]","{""ambiance"": ""positive"", ""general"": ""positive""}"
2880,لا يوجد احد ولا يوجد موسيقى مكان كئيب,5,,,مقهى,google_maps,"[""service"", ""ambiance""]","{""service"": ""negative"", ""ambiance"": ""negative""}"
2890,حابه اشكر اول شي المدير فهمي على التعامل الراقي والاستقبال الحلو  حقيقي دخلت ونفسيتي تعبانه بسبب شعري بس ماقصر ودلعوني وخدمة اكتر من رائعه وحابه اشكر المتخصص حسام على القصة الجميلة حقيقي بنات اي وحده تبغى تقص او تعدل قصه حسام يده شاطره مشاء الله مو اخر ولا اول مره باذن الله😍❤️❤️❤️,5,,,صالون تجميل,google_maps,"[""service""]","{""service"": ""positive""}"
2911,شكرا لكل طاقم العمل في العيادة من أطباء و ممرضين وطاقم الاستقبال تعامل مهني بامتياز أطباء و ممرضين اكفاء 🙂 عملنا حشوات عادية وحشوات جذر وتلبيسات للاسنان بالإضافة إلى تنضيف عميق للاسنان للعلم نحن أربعة اشخاص عملنا اسنانا في العيادة أثناء زيارتنا لمصر وطاقم العمل كان متعاون جدا في تسهيل المواعيد علينا والنظافة في العيادة عشرة من عشرة حقيقة تجربة ممتازة بكل المقاييس.,5,,,عِيادة أسنان,google_maps,"[""service"", ""cleanliness"", ""ambiance""]","{""service"": ""positive"", ""cleanliness"": ""positive"", ""ambiance"": ""positive""}"
2919,"مكان مميز .. تعامل احترافي راقي ..جميع التخصصات ..  اسعار متوسطة نسبيا .. خامات عالمية

طبعا شكرا جزيلا دكتور معتز الشوبري 🤍🤍",5,,,عِيادة أسنان,google_maps,"[""service"", ""ambiance""]","{""service"": ""positive"", ""ambiance"": ""positive""}"
2923,مكان ممتاز ... مثالي لعلاج الأسنان... ودكتور معتز الشوبري ... محترم وشاطر و عنده ضمير في شغله ...,5,,,عِيادة أسنان,google_maps,"[""service"", ""cleanliness"", ""ambiance""]","{""service"": ""positive"", ""cleanliness"": ""positive"", ""ambiance"": ""positive""}"
2930,نجمة بس عشان التعليق اللي راح اكتبه مسوين نظام مدري من وين طالع لازم تطلب عشا حتى لو متعشي حرام فيكم الموقع على النيل مع انه طالبين طلب يوصل ١٥٠٠ جنيه بالراحة لكن للاسف مشينا من المكان بسبب السياسة اللي مسوينها والتعامل من الطاقم جداً سيء وسوقي,5,,,مطعم,google_maps,"[""food"", ""service"", ""ambiance""]","{""food"": ""negative"", ""service"": ""negative"", ""ambiance"": ""negative""}"
2939,بجد مكان حلو اووى والأكل روعه شكرا جداا للطباخين على متعه الاكل وشكرا كمان للكابتن فوزى على خدمته الجميله ليا ولى اصدقائي,5,,,مطعم,google_maps,"[""food"", ""service"", ""ambiance""]","{""food"": ""positive"", ""service"": ""positive"", ""ambiance"": ""positive""}"
2945,"المكان جميل والخدمه روعه ١٠ من ١٠
وشكر خاص لمحمد شحاته على حسن الضيافة",5,,,مطعم,google_maps,"[""service"", ""ambiance""]","{""service"": ""positive"", ""ambiance"": ""positive""}"
2947,"الطعام فااااخر افضل مطعم اكلت فيه للامانة

الاستقبال جيد
دورة مياة النساء (عليه ملاحظات لو عندك عائلة حصل موقف مع العاملة فيه)

الخدمة والموقع جميل للامانة
الموظفة والموظف اللي خدمونا كانو في قمة الاحترافية والله شكراً",5,,,مطعم,google_maps,"[""food"", ""service"", ""ambiance""]","{""food"": ""positive"", ""service"": ""positive"", ""ambiance"": ""positive""}"
2949,المكان محتاج اهتمام اكثر من كدا من المسؤلين لانه مكان تحفه تحفه وحرام الإهمال فيه,5,,,مطعم,google_maps,"[""service"", ""ambiance""]","{""service"": ""positive"", ""ambiance"": ""positive""}"
2951,مستشفى ممتاز وخدمة رائعة من التمريض. جزاهم الله خيرا,5,,,مستشفى,google_maps,"[""service""]","{""service"": ""positive""}"
2962,"اتوجه بالشكر والتقدير والاحترام للمستشفى والدكاترة واهتمامهم واتوجه بالشكر والتقدير بالأخص ندي ياسر ماركتينج عيادات  بجد ندي ياسر قد ايه مخلصه في شغلها وذوق جدااا   واهتمامها بالمرضي   انا بكتب الكومنت دا بناء علي تجربتي الحقيقه مع ندي ياسر انسانه محترمه  وذو  خلق  جزاها الله خيرا
انا صابرين ماضي زوجه دكتور سمير",5,,,مستشفى,google_maps,"[""service"", ""cleanliness""]","{""service"": ""positive"", ""cleanliness"": ""positive""}"
2974,المعامله سيئه جداً والاكل مش احسن حاجه والاسعار غاليه ع حاجه اصلا متستاهلش وبجد أسوء تجربه جربتها,5,,,مطعم,google_maps,"[""food"", ""service"", ""price"", ""ambiance""]","{""food"": ""negative"", ""service"": ""negative"", ""price"": ""negative"", ""ambiance"": ""negative""}"
2976,المكان هاد وجميل,5,,,مطعم,google_maps,"[""ambiance"", ""general""]","{""ambiance"": ""positive"", ""general"": ""positive""}"
2982,الاسعار مبالغ فيها و بيدفعوا خدمة و ضريبة ازيد من 26٪؜ مش زى اللى مكتوب فى المنيو,5,,,مطعم,google_maps,"[""food"", ""service"", ""price""]","{""food"": ""negative"", ""service"": ""negative"", ""price"": ""negative""}"
2983,"خدمه حلوه وناس رايقه ومشاريب حلوه
مجربتش الاكل",5,,,مطعم,google_maps,"[""food"", ""service"", ""ambiance""]","{""food"": ""positive"", ""service"": ""positive"", ""ambiance"": ""positive""}"
3008,"دينا اي لوف يو سو ماتش وشكككراً على شغلك الحححلو
حنان وهند احلى شغل تلاقونه عندهم محترفات شكراً شكراً طلعت وانا راضيه اتم الرضااا 🙏🏻♥️♥️♥️♥️♥️",5,,,صالون عناية بالأظافر,google_maps,"[""service"", ""ambiance""]","{""service"": ""positive"", ""ambiance"": ""positive""}"
3014,محدش لا يروح و لايطلب من الفرع دا .. من سئ الي اسوأ .. اكل ملوش طعم و وصل ساعتين متأخر ..,5,,,مطعم أطباق اللحوم,google_maps,"[""food"", ""service""]","{""food"": ""negative"", ""service"": ""negative""}"
3018,"مكان جميل وراقى
وطعام فوق الممتاز",5,,,مطعم أطباق اللحوم,google_maps,"[""ambiance""]","{""ambiance"": ""positive""}"
3019,الاكل تحفة والنظافه ممتازة والسرفيز هايلة بجد من اجمل اماكن الاكل ف المعادى,5,,,مطعم أطباق اللحوم,google_maps,"[""food""]","{""food"": ""positive""}"
3021,مكان رائع,5,,,مطعم مأكولات ومشروبات,google_maps,"[""ambiance"", ""general""]","{""ambiance"": ""positive"", ""general"": ""positive""}"
3034,تمام,5,,,مطعم مأكولات ومشروبات,google_maps,"[""general""]","{""general"": ""positive""}"
3046,المكان جدا رائع والخدمه والاستف اكثر من رائع شكرا لكم,5,,,مطعم,google_maps,"[""service"", ""ambiance""]","{""service"": ""positive"", ""ambiance"": ""positive""}"
3048,"اليوم الجمعة ١٢ ديسمبر طلبت أورد من عندهم ومن ضمنه بيض ولكنهم أرسلوا لي بيض للأسف منتهي صلاحيته تاريخ إنتاجه 22 نوفمبر أي مضي علي إنتاجه 20 يوم ومدة الصلاحية المكتوبه من الشركة المنتجة علي الكرتونة هي 21 يوم فقط
ولولا أني انتبهت إلي تاريخ الصلاحية كان ممكن أن تتاذي صحة أسرتي
واتصلت بالمندوب وطلبت منه إرجاعه أو استبداله بمنتج جديد لايتعدي علي إنتاجه أكثر من ثلاثة أيام
وبعدها اتصل بي مسؤول وابلغني أنه سيرسل مندوب بعد ساعة ولكن مرت اكتر من 4 ساعات ففمت بإعادة الإتصال بهم وقدمت شكوي عبر الهاتف
فاتصل بي المسؤول مرة أخري وتحدث معي بشكل غير لائق وزعل جدا لأني قلت له إن ذلك يعرضني ويعرض العملاء لمشاكل صحية ولولا تقديري للماركت كنت حررت محضر بالشرطة فما كان منه أن احتد في كلامه وقال بتحدي أعمل محضر وأنا مش هاابعت المندوب
وأنا أتقدم إلي إدارة الماركت بشكوي رسمية ضد هذا المسؤول الذي يعرض صحة العملاء للخطر ويسيء إلي سمعة المتجر الذي نقدمه ونتعامل معه
لهذا أتقدم بشكوي إلي إدارة المتجر
رقم الاوردر 5632150",5,,,سوبرماركت,google_maps,"[""service"", ""price"", ""delivery"", ""ambiance""]","{""service"": ""negative"", ""price"": ""negative"", ""delivery"": ""negative"", ""ambiance"": ""negative""}"
3049,جميلة جدا,5,,,سوبرماركت,google_maps,"[""general""]","{""general"": ""positive""}"
3050,منتهي العبث ومعظم المنتجات غير متوفره كميه حشرات ونموس منتهي القذارة وأسعار الخضار مبالغ فيها 3اضعاف اي مكان تاني تعامل العاملين منتهي البرود فرع المحكمه لاانصح احد ان يجرب تجربه سيئه للغايه,5,,,سوبرماركت,google_maps,"[""service"", ""price"", ""cleanliness"", ""ambiance""]","{""service"": ""negative"", ""price"": ""negative"", ""cleanliness"": ""negative"", ""ambiance"": ""negative""}"
3073,بصراحه المستشفى كتر حلوه وممتاز يبدا من الاستقبال الى فريق التمريض و الحسابات شكر خاص لدكتور مجدي الشربيني دكتور عمرو دكتور اشرف وشكرا خاص لى دكتور محمد ابوالناصر%%% بنصاح الجميع,5,,,مستشفى,google_maps,"[""service""]","{""service"": ""positive""}"
3099,ممتاز,5,,,مطعم,google_maps,"[""general""]","{""general"": ""positive""}"
3117,مكان جميل بصحابه.,5,,,مطعم مأكولات إيطالية,google_maps,"[""ambiance"", ""general""]","{""ambiance"": ""positive"", ""general"": ""positive""}"
3132,خدمة ممتازة وطاقم عمل ممتاز,5,,,مطعم ببوفيه,google_maps,"[""service""]","{""service"": ""positive""}"
3136,الخدمه كويسه جدا وأحب اشكر الجميع جدا جدا جدا,5,,,مطعم ببوفيه,google_maps,"[""service""]","{""service"": ""positive""}"
3138,تجربه ممتعه جدا كل الشكر والتقدير والاحترام للموظفين جميعا ❤️,5,,,مطعم ببوفيه,google_maps,"[""service""]","{""service"": ""positive""}"
3143,حلو,5,,,مطعم ببوفيه,google_maps,"[""general""]","{""general"": ""positive""}"
3162,"لا يوجد احد يأتي ل اخذ طلبيتك
الطاولات غير نظيفة يجب ان تخبرهم بتنظيف الطاولات
غير مهتمين للعميل",5,,,مطعم فلافل,google_maps,"[""service"", ""cleanliness"", ""ambiance""]","{""service"": ""negative"", ""cleanliness"": ""negative"", ""ambiance"": ""negative""}"
3169,جيد جدا,5,,,صالة رياضة,google_maps,"[""general""]","{""general"": ""positive""}"
3170,"Very disappointing experience with this place. The entire staff including the agents and the manager at reception are extremely unprofessional and irresponsible. They constantly repeat the phrase “It’s not our fault” instead of taking accountability, which is completely unacceptable for a service-oriented business. They lack attention to detail and customer care, and it’s clear they need serious training in professionalism and communication.
I also had a serious issue where I lost two weeks of my paid subscription due to a system error and the staff’s lack of responsibility. Even after following up and escalating several times, they only offered me 2–3 invitations and then just one week, while my actual right was 18 full days (2 weeks as per their system).
This is completely unfair and unprofessional. I’m taking this matter to حماية المستهلك (Consumer Protection), and I’ll make sure my experience is shared everywhere so others are aware of how poorly customers are treated here.
Smart Gym is losing customers because of this management and attitude, and if things don’t change soon, it will definitely harm their reputation and success over time.

أسوأ تجربة ممكن تتخيلوها! 😡
الموظفين ومدير الاستقبال مش مسؤولين خالص، وكل شوية يقولوا ""مش غلطتنا"" كأنها شماعة! بسبب إهمالهم خسرت أسبوعين من اشتراكي المدفوع، وبعد تصعيد ومتابعة طويلة عرضوا عليا أسبوع واحد بس!
بصراحة مكان غير محترف، وهقدّم شكوى لحماية المستهلك وهشارك التجربة دي علشان الناس تعرف تتجنبهم.",5,,,صالة رياضة,google_maps,"[""service"", ""price"", ""cleanliness"", ""ambiance""]","{""service"": ""negative"", ""price"": ""negative"", ""cleanliness"": ""negative"", ""ambiance"": ""negative""}"
3193,"اسوء و اقذر مستشفي ف القاهرة
متقدرش تحدد هي حكومة ولا خاصة بل انها اسوء من المستشفيات الحكومة زي منشية البكري القريبة منها والله انضف منها
من اول الموظفين في الريسبشن اللي بيتخانقو مع بعض علي البريك و الاجازات وقدام المرضي ولا الممرضين اللي بيتعاملو بتكبر وتعالي علي المرضي كانهم شغالين في سنتر دروس خصوصية مش مستشفي خاصة ولا الدكاترة اللي حرفيا عايزين دكاترة
قسما بالله بروحها بسبب التامين وبطلت اروحها وهروح مشوار للهرم ارحم و اهون من التعامل مع المستشفي دي مجرد دخولها بيجيب اكتئاب ولا انصح بها اطلاقا",5,,,مستشفى,google_maps,"[""service""]","{""service"": ""negative""}"
3197,"دخلت زوجتي لعمل عمليه لشيل الرحم
اربع ايام ما رضيوش يخرجوها وكل يوم يقولو شاكين في جلطه قلبيه ويعملو اشعه وتحاليل شويه لا اصل شاكين في جلطه علي الرئه
ولازم تطلع بعربه اسعاف لعمل اشعه بره
اربع ايام بهدله
واليوم الخامس دخلوها العمليات تاني بدون اي تبرير
دخلت اكتر من 6 ساعات طلعت فاتحه بطنها بالطول وبالعرض
ويعدها قعدنا في المستشفي اكتر من 10 ايام ممنوع عنها الاكل والشرب
طلعنا كنا مسافرين لاني اعمل بالخارج
يا دوب سافرنا والجرح فتح وبقا بينزل مباه من كل مكان
لمده شهر علي ما قدرو الدكاتره يعملو عمليه تانيه علشان يصححو عمليتهم
وللان لا يوجد اي تبرير لا لسبب دخول العمليه التانيه ولا لفشلهم في العمليه الاولي ولكن اللهم لك الحمد هي ماتت وربنا سبحانه وتعالي حياها من اول وجديد",5,,,مستشفى,google_maps,"[""service"", ""ambiance""]","{""service"": ""negative"", ""ambiance"": ""negative""}"
3241,لو في اقل من ١ كنت هديهم و الله، أسوء مستشفى و أسوء خدمة الفلوس اهم من أي حاجة حتى لو هتيجي على صحة المريض أو لو هيموت حتى و يا ريتهم بيقدموا خدمة تستاهل,5,,,مستشفى متخصص,google_maps,"[""service"", ""ambiance""]","{""service"": ""negative"", ""ambiance"": ""negative""}"
3247,اهمال من التمريض في الغرف و اهمال اقل بشئ بسيط في الرعاية و الدكتور النائب صغير و غير كفائه و ينسي يكتب الدواء للمرضي و عندو برد يخش علي مرضي القلب بدون كمامه و مناخيره نازله وبدون خبره في التعامل صراحه فيها من المستشفيات الحكومي مع انها غاليه جدا و ياخدو منك ٦٠الف او ٤٠الف فوق الحساب,5,,,مستشفى متخصص,google_maps,"[""service"", ""ambiance""]","{""service"": ""negative"", ""ambiance"": ""negative""}"
3253,الاكل ممتاز,5,,,مطعم,google_maps,"[""food"", ""general""]","{""food"": ""positive"", ""general"": ""positive""}"
3255,حقيقي مطعم تحفه و الخدمه تحفه و الاكل تحفه عشره من عشره والله😍😍😍😍😍♥️,5,,,مطعم,google_maps,"[""food"", ""service""]","{""food"": ""positive"", ""service"": ""positive""}"
3273,من افضل الفنادق والمطاعم في مصر والخدمة ممتازة اشكرهم علي حسن الاستقبال,5,,,مطعم,google_maps,"[""service""]","{""service"": ""positive""}"
3292,جيد,5,,,مطعم فلافل,google_maps,"[""general""]","{""general"": ""positive""}"
3293,ممتاز,5,,,مطعم فلافل,google_maps,"[""general""]","{""general"": ""positive""}"
3296,مطعم جميل ومحترمين,5,,,مطعم فلافل,google_maps,"[""general""]","{""general"": ""positive""}"
3311,طعام جيد اسعار غاليه اتمنى خفض الأسعار,5,,,مطعم مأكولات هندية,google_maps,"[""price""]","{""price"": ""negative""}"
3313,كل حاجه سبايسى حتى لو انت طالب العادى و الاسعار و الكميات غير متناسبين مع بعض,5,,,مطعم مأكولات هندية,google_maps,"[""price"", ""ambiance""]","{""price"": ""negative"", ""ambiance"": ""negative""}"
3329,شغلهم تحفة وجورج وقص الشعر جميل جدا  كل حاجة عملتها حلوة,5,,,صالون تجميل,google_maps,"[""service""]","{""service"": ""positive""}"
3341,"سئ جدا  فى الخدمه والتعامل
الشكل سئ  أنصح بعدم التعامل
سعر غالى وما فيش طعم خالص",5,,,مطعم بيتزا,google_maps,"[""food"", ""service"", ""price""]","{""food"": ""negative"", ""service"": ""negative"", ""price"": ""negative""}"
3344,جيد جدا,5,,,مطعم بيتزا,google_maps,"[""general""]","{""general"": ""positive""}"
3380,جميل,5,,,متجر بقالة,google_maps,"[""general""]","{""general"": ""positive""}"
3385,مكان جميل,5,,,متجر بقالة,google_maps,"[""ambiance"", ""general""]","{""ambiance"": ""positive"", ""general"": ""positive""}"
3387,ممتاز ماركت وخضروات,5,,,متجر بقالة,google_maps,"[""general""]","{""general"": ""positive""}"
3392,ممتاز,5,,,مطعم مأكولات مشوية,google_maps,"[""general""]","{""general"": ""positive""}"
3393,بحبه جدا واكله اكتر من رائع والخدمه ممتازة جدا واكله ولا اروع فعلا وتقريبا بروح كل اسبوع,5,,,مطعم مأكولات مشوية,google_maps,"[""food"", ""service"", ""ambiance""]","{""food"": ""positive"", ""service"": ""positive"", ""ambiance"": ""positive""}"
3399,"مطعم شعبى اكل مميز
خدمه متوسطه أسعار جيده تنوع فى انواع الطعام والاصناف",5,,,مطعم مأكولات مشوية,google_maps,"[""food"", ""price"", ""ambiance""]","{""food"": ""positive"", ""price"": ""positive"", ""ambiance"": ""positive""}"
3421,الاكل عندهم كويس جدا,5,,,مطعم مأكولات هندية,google_maps,"[""food""]","{""food"": ""positive""}"
3438,"للاسف الكفيه والمطعم استغلالي والاسطف الصالة الداخلية يقلل من احترامك ويعاملك معاملة فلوس فقط. استغلال واضح حتى للزبائن القدامى. الاصطف يكرهك في المكان. انا حريص اني اكتب التعليق ده لاني حكيت كثير للمسولين ومش على بالهم. وتم اليوم التقليل مني والتسبب في احراج ليا بدون اي سبب فقط لان الاصطف يستظرف ويعاملك معاملة استغلال
بقعد في هذا الكفيه قبل ٦ سنوات وفي الاخير يتم احراجي والتقليل مني وده كلام اتحاسب عليه اما ربنا ونصيحة للمسؤولين للمرة الثالثة بقول بيتم استغلال الزبائن. لن ادخل الكفيه مرة ثانية ولا انصح احد من اصحابي يدخله بعد ما كان هو افضل كافيه وافضل اصطف على مستوى اكتوبر
الفترة الاخير كثير من الاصدقاء قالوا نفس الكلام
اتمنى اتمنى اتمنى لكم الافضل وانا عمري ما كتبت تعليق لمطعم او كفيه ولكن هذه المرة غير عن كل مرة واتمنى لكم التوفيق والسداد
هذه نصحية وعتب في نفس الوقت
الوقت",5,,,مطعم,google_maps,"[""food"", ""service"", ""price"", ""ambiance""]","{""food"": ""negative"", ""service"": ""negative"", ""price"": ""negative"", ""ambiance"": ""negative""}"
3445,ممتاز,5,,,مطعم كريب,google_maps,"[""general""]","{""general"": ""positive""}"
3454,"في غلط بالحساب يضيف زيادة عالحساب ولما  راجعنهم
لم نتوصل لحل  بالحساب
خدمة سيئة توصيل بطئء ودايما",5,,,سوبرماركت,google_maps,"[""service"", ""price""]","{""service"": ""negative"", ""price"": ""negative""}"
3456,اسعاره اغلا من الي جنبه ب 30 جنيه تجربتي كانت بون لا انصح بتعامل معه ابد,5,,,سوبرماركت,google_maps,"[""service"", ""price""]","{""service"": ""negative"", ""price"": ""negative""}"
3462,ممتاز,5,,,مطعم مأكولات مشوية,google_maps,"[""general""]","{""general"": ""positive""}"
3486,مكان جميل وفيها العمارة من التراث القديم .. وخدمة الطاقم جميل منهم كريم .. شكرا جزيلا,5,,,فندق,google_maps,"[""service"", ""ambiance""]","{""service"": ""positive"", ""ambiance"": ""positive""}"
3488,"فندق جدا بسيط ولكن ممتاز الفطور كان مميز وطاقم الخدمة جدا متعاون على راسهم الاخ انور والأخت مها وان شاء الله سوف اسكن في كل ما أزور مصر
بس ارجو يشوفون حل للاصنصير",5,,,فندق,google_maps,"[""service"", ""ambiance""]","{""service"": ""positive"", ""ambiance"": ""positive""}"
3538,ممتاز جداً,5,,,صالون حلاقة,google_maps,"[""general""]","{""general"": ""positive""}"
3539,شغل جميل ومرتب,5,,,صالون حلاقة,google_maps,"[""general""]","{""general"": ""positive""}"
3542,"المكان جميل ورايق والحلاقة جدا جميلة
اشكر الطاقم على أداءهم وتعاملهم الراقي
يستاهلو الزيارة",5,,,صالون حلاقة,google_maps,"[""service"", ""ambiance""]","{""service"": ""positive"", ""ambiance"": ""positive""}"
3548,اكل حلو و اجوا فرحه و بهجه في رمضان,5,,,مطعم,google_maps,"[""food"", ""service"", ""ambiance""]","{""food"": ""positive"", ""service"": ""positive"", ""ambiance"": ""positive""}"
3550,جميل جدا,5,,,مطعم,google_maps,"[""general""]","{""general"": ""positive""}"
3551,مكان رائع جدا,5,,,مطعم,google_maps,"[""ambiance"", ""general""]","{""ambiance"": ""positive"", ""general"": ""positive""}"
3562,ممتاز والانفكشن ممتاز,5,,,طبيب أسنان,google_maps,"[""general""]","{""general"": ""positive""}"
3599,❤️💪 احسن محل سوري و الخدمه فوق الممتازه و الناس محترمه اوي,5,,,مطعم شاورما,google_maps,"[""service""]","{""service"": ""positive""}"
3600,"❤️💪 احسن محل سوري في عزبه النخل وعين شمس
والاداره محترمه جدا الناس في قمه الذوق والاحترام❤️💪",5,,,مطعم شاورما,google_maps,"[""service""]","{""service"": ""positive""}"
3606,الاكل فعلا وحش و بايت و التوميه جايه بايظه و حمضانه اول و اخر مره اجربه و اسوء اكل فعلا,5,,,مطعم شاورما,google_maps,"[""food"", ""service""]","{""food"": ""negative"", ""service"": ""negative""}"
3665,الاكل سئ جدا,5,,,مطعم مأكولات مشوية,google_maps,"[""food"", ""general""]","{""food"": ""negative"", ""general"": ""negative""}"
3712,شغل رائع ومعاملة راقية جدا انصح بشدة,5,,,صالون تجميل,google_maps,"[""service""]","{""service"": ""positive""}"
3720,الڤيو جامد والخدمة ممتازة,5,,,مطعم,google_maps,"[""food"", ""service""]","{""food"": ""positive"", ""service"": ""positive""}"
3722,مكان اكثر من رآئع و الطعام ممتاز جداً و الخدمه مميزة,5,,,مطعم,google_maps,"[""food"", ""service"", ""ambiance""]","{""food"": ""positive"", ""service"": ""positive"", ""ambiance"": ""positive""}"
3724,"Consider this a permanent warning: never visit this restaurant. From start to finish the experience was unprofessional and disrespectful. Orders arrived wrong, dishes came cold, requests were answered with impatience or ignored, and management did nothing to remedy the situation. For the rates on the menu this is inexcusable — you pay top-tier prices and receive shabby treatment and poor value. I left angry and regretful, and I will actively tell friends and family to avoid this place indefinitely. Do not be tempted by the view or the photos online; the moment you walk through the door you risk a ruined evening and money wasted.",5,,,مطعم,google_maps,"[""food"", ""service"", ""price"", ""cleanliness"", ""ambiance""]","{""food"": ""negative"", ""service"": ""negative"", ""price"": ""negative"", ""cleanliness"": ""negative"", ""ambiance"": ""negative""}"
3727,"I have never left such a blunt warning before: do not go to this restaurant. The food is barely acceptable, but that would be forgivable if the staff treated customers with basic decency. Instead I encountered rude, dismissive employees who ignored requests, delivered wrong and cold dishes, and responded to complaints with excuses and indifference. There was no apology, no real attempt to fix anything, and no management presence to intervene. For the high prices they charge this is theft by disappointment. This place offers a nice view but that is the only thing worth the visit — otherwise you will pay premium money for the full experience of being disrespected. Do yourself a favor and never set foot in this restaurant. Tell your friends to avoid it forever.",5,,,مطعم,google_maps,"[""food"", ""service"", ""price"", ""cleanliness"", ""ambiance""]","{""food"": ""negative"", ""service"": ""negative"", ""price"": ""negative"", ""cleanliness"": ""negative"", ""ambiance"": ""negative""}"
3736,مطعم محترم و خدمه ممتازه و شكر خاص لسيد🤍,5,,,مطعم مأكولات تركية,google_maps,"[""service"", ""ambiance""]","{""service"": ""positive"", ""ambiance"": ""positive""}"
3739,الخدمة جميلة وكابتن سماح قمر🤍,5,,,مطعم مأكولات تركية,google_maps,"[""service"", ""ambiance""]","{""service"": ""positive"", ""ambiance"": ""positive""}"
3740,المطعم رائع والتنورة والأكل والله انبسطت اوى,5,,,مطعم مأكولات تركية,google_maps,"[""food"", ""service"", ""ambiance""]","{""food"": ""positive"", ""service"": ""positive"", ""ambiance"": ""positive""}"
3749,المطعم جوه حلو جدا، وكابتن سماح قمر ولذيذة وسريعة والشباب مهذبين جدا والاكل كان حلو جدا,5,,,مطعم مأكولات تركية,google_maps,"[""food"", ""service"", ""ambiance""]","{""food"": ""positive"", ""service"": ""positive"", ""ambiance"": ""positive""}"
3775,ممتاز,5,,,مستشفى خاصة,google_maps,"[""general""]","{""general"": ""positive""}"
3784,"the gym appears amazing and luxurious at first, but wait until you start, making up weird rules, rude staff( not all), inflexible, almost you are paying money to get stuck in their silly rules.The staff lacks the least skills to deal with clients and they are able to make your mood worse. Their only focus is on their strict rules as if you’re working for them, if you’re late 1 min after 15 min from your class you can’t enter by any means, and tend to be verrrry rude. And everywhere they will reach you to force you to do other silly rules.",5,,,صالة رياضة,google_maps,"[""service"", ""price"", ""cleanliness"", ""ambiance""]","{""service"": ""negative"", ""price"": ""negative"", ""cleanliness"": ""negative"", ""ambiance"": ""negative""}"
3790,"Over priced with Plenty of rules that doesn't make sense;
1- you can't wear a chest bag with your mobile and tiny things in gym floor
2- you're nit allowed to take off your shoes while Blanking on a Bosso ball with your feets!
- Not to mention CS team is not cooperative,
- Freez police is pretty unfair.
- They will give you a couple of free sessions and whoever is resposible for it will keep calling and messaging you to subscribe in an extra package with an extra over priced non sense.

-They lie about their prices increase in 48 hours to rush you to subscribe then a couple of weeks later prices go down as an offer afterwards! Trying to catch a financial targets I guess. 3 of their coaches gave me this type of call, prices will increase hurry up, am calling you privately 🤣",5,,,صالة رياضة,google_maps,"[""service"", ""price"", ""ambiance""]","{""service"": ""negative"", ""price"": ""negative"", ""ambiance"": ""negative""}"
3811,المكان معدوم المصداقيه في الحساب ويقول سعر وشويه يقولي سعر تاني خالص ومفيش دكاتره نهائي فالمكان ده بنات عادي ولا دكاتره ولا حاجه ومش بتصبر عليك  تاخد نفسك فالجلسه وبتبقه عايزه تشوف العميل الي بعدك,5,,,عيادة جراحة التجميل,google_maps,"[""service"", ""ambiance""]","{""service"": ""negative"", ""ambiance"": ""negative""}"
3813,المكان كويس اوي ونضيف ودكتور هدي من اشطر الدكاتره بجد♥️♥️,5,,,عيادة جراحة التجميل,google_maps,"[""service"", ""cleanliness"", ""ambiance""]","{""service"": ""positive"", ""cleanliness"": ""positive"", ""ambiance"": ""positive""}"
3823,احلي عياده تجميل واحلي دكتوره هدي بجد والمكان تحفه والدكاترة لذاذ جدا بجد,5,,,عيادة جراحة التجميل,google_maps,"[""service"", ""ambiance""]","{""service"": ""positive"", ""ambiance"": ""positive""}"
3824,"أجمل مكان ليزر بجد ريسيبشن فى قمة الذوق والرقى ودكتور نورهان بجد بجد فوق الممتازة
شكرا ليكم جدا على حسن إستقبالكم ومعاملتكم",5,,,عيادة جراحة التجميل,google_maps,"[""service"", ""cleanliness"", ""ambiance""]","{""service"": ""positive"", ""cleanliness"": ""positive"", ""ambiance"": ""positive""}"
3827,المكان كويس جدا وانا بحبه والناس ذوق ودكتور الاء شاطرة جدا,5,,,عيادة جراحة التجميل,google_maps,"[""service"", ""ambiance""]","{""service"": ""positive"", ""ambiance"": ""positive""}"
3839,جيد,5,,,مطعم مأكولات مشوية,google_maps,"[""general""]","{""general"": ""positive""}"
3846,صبغت شعري كتير حلو والخدمة ممتازة جدا,5,,,صالون تجميل,google_maps,"[""service""]","{""service"": ""positive""}"
3849,من اجمل الصالونات في القاهرة وموقعهم ممتاز ، خدمتهم سريعة وشغلهم ممتاز .,5,,,صالون تجميل,google_maps,"[""service""]","{""service"": ""positive""}"
3855,تعامل جدا رائع من قبل موظفين الاستقبال والكوافير نونو شغله ممتاز,5,,,صالون تجميل,google_maps,"[""service""]","{""service"": ""positive""}"
3890,الطعام جميل البيتزا أحلى بس السعر أغلى ما مر علي من جيت مصر....التعامل ممتاز جدا...شباب مؤدبين,5,,,مطعم مأكولات إيطالية,google_maps,"[""food"", ""ambiance""]","{""food"": ""positive"", ""ambiance"": ""positive""}"
3891,من افضل المطاعم في القاهرة ، تجربة ايطالية بامتياز ووجهة لمحبي النكهات الحقيقية، انصح فيه وبشدة,5,,,مطعم مأكولات إيطالية,google_maps,"[""food"", ""ambiance""]","{""food"": ""positive"", ""ambiance"": ""positive""}"
3906,اكله حلوه انا زبون عنده من زمن,5,,,مطعم مأكولات مشوية,google_maps,"[""food""]","{""food"": ""positive""}"
3921,المكان جميل جدا. الخدمة أكثر من ممتازة. الطعام ولا أروع. تجربة تحفة. تستحق التكرار أكثر من مرة,5,,,مطعم,google_maps,"[""food"", ""service"", ""ambiance""]","{""food"": ""positive"", ""service"": ""positive"", ""ambiance"": ""positive""}"
3924,الاكل لذيذ والمكان حلو,5,,,مطعم,google_maps,"[""food"", ""ambiance""]","{""food"": ""positive"", ""ambiance"": ""positive""}"
3927,انا كنت طالب اوردر قعد سعتين وفي الاخر موصلش والكول سينتر بيتعامل باسلوب وحش جدا وحقيقي انا ندمان اني فضلت مستني اكل لمده سعتين وفي الاخر موصلش ولاغيت الاوردر عشان الاسلوب بتاعكم الاكل حلو اه جميل لكن المعامله وحشه جدا ودي اخر مره اطلب من عندكم حقيقي كنت بطلب من ٢٠١٧ بس خلاص شكرا جدا,5,,,مطعم بيتزا,google_maps,"[""food"", ""service"", ""delivery""]","{""food"": ""negative"", ""service"": ""negative"", ""delivery"": ""negative""}"
3931,مكان تحفه و جميل جدا و الناس محترمه في التعامل,5,,,مطعم بيتزا,google_maps,"[""service"", ""ambiance""]","{""service"": ""positive"", ""ambiance"": ""positive""}"
3933,ممتاز,5,,,مطعم بيتزا,google_maps,"[""general""]","{""general"": ""positive""}"
3941,"الاكل اكتر من رائع  و الخدمة ممتازة و جربته اكتر من مرة في اكتر من حاجة و اخرهم الباستا كانت جامدة جدا و ثابت على المستوى جدا و اول مكان بفكر اطلب منه اكل من بره
استمروا",5,,,مطعم بيتزا,google_maps,"[""food"", ""service""]","{""food"": ""positive"", ""service"": ""positive""}"
3967,بجد ناس محترمه و شغلهم متميز و شكرا لدكتور فادي و الاطباء اللي معاه كلهم,5,,,عِيادة أسنان,google_maps,"[""service""]","{""service"": ""positive""}"
3969,جيد جدا,5,,,مطعم بيتزا,google_maps,"[""general""]","{""general"": ""positive""}"
3977,تجربة جيدة ومفيدة,5,,,مطعم بيتزا,google_maps,"[""general""]","{""general"": ""positive""}"
3987,"شكرا لإدارة الفندق على النظافة الممتازة للغرفة والحمام، وعلى طعام الإفطار الجيد.
كما أشكر موظفة الاستقبال نانسي على حسن التعامل والخدمات المميزة التي قدمتها لي خلال الإقامة.
تجربة رائعة
محمد العودي",5,,,فندق,google_maps,"[""service"", ""cleanliness"", ""ambiance""]","{""service"": ""positive"", ""cleanliness"": ""positive"", ""ambiance"": ""positive""}"
3989,الفندق مهتم في النظافة وايضا الاستقبال كان جدا راقي من الجميع وخصوصاً الاستاذ كرم ابو مروان,5,,,فندق,google_maps,"[""service"", ""cleanliness"", ""ambiance""]","{""service"": ""positive"", ""cleanliness"": ""positive"", ""ambiance"": ""positive""}"
3991,صراحه الموقع جميل جدآ ع النيل واطلاله اروعه وحاب اشكر الاستاذه /والاستاذ/ نانسي و محمود على حسن الاستقبال الجميل جدا وحسن المعامله والذوق راح اكرر الزياره مره ثانيه اكيد 🥰,5,,,فندق,google_maps,"[""service"", ""ambiance""]","{""service"": ""positive"", ""ambiance"": ""positive""}"
3992,"فندق نظيف العاملين جدا محترمين طاقم الرسبشن خلوقين الاستاذ محمود ونانسي وعلياء قمة في الاخلاق "" والجميلة خُلق واخلاق دعاء متعاونه واي شي تطلبه تحاول تلبيه بصراحة باذن الله اكرر تجربتي معاهم شكرا ادارة وموظفي فندق نايل فيو إن 🥰",5,,,فندق,google_maps,"[""service"", ""cleanliness"", ""ambiance""]","{""service"": ""positive"", ""cleanliness"": ""positive"", ""ambiance"": ""positive""}"
4006,خدمه ممتازه جدا، الف شكر دكتور هاشم,5,,,عِيادة أسنان,google_maps,"[""service""]","{""service"": ""positive""}"
4020,معامله وحشه و حاجاتهم غاليه عن الباقي و اداره فاشله و ناس شغالين في قمه قله الذوق,5,,,سوبرماركت,google_maps,"[""service""]","{""service"": ""negative""}"
4021,جيد,5,,,سوبرماركت,google_maps,"[""general""]","{""general"": ""positive""}"
4027,ممتازين,5,,,سوبرماركت,google_maps,"[""general""]","{""general"": ""positive""}"
4028,ممتاز,5,,,سوبرماركت,google_maps,"[""general""]","{""general"": ""positive""}"
4029,ممتاز,5,,,مطعم فلافل,google_maps,"[""general""]","{""general"": ""positive""}"
4032,"الفول مميز وخاصة الإسكندراني رائع
الطعمية جيدة
الباذنجان المخلل ممتاز
الناس محترمين وخدومين
خدمة التوصيل سريعة
ومتاح من خلال تطبيق طلبات
المكان بسيط و مساحة معقولة للجلوس
السعر أعلى من المتوسط",5,,,مطعم فلافل,google_maps,"[""food"", ""service"", ""price"", ""ambiance""]","{""food"": ""positive"", ""service"": ""positive"", ""price"": ""positive"", ""ambiance"": ""positive""}"
4043,جيد,5,,,متجر بقالة,google_maps,"[""general""]","{""general"": ""positive""}"
4048,جيم محترم و كل الناس متعووونه بصراحه و الاستقبال بتعهم كويس جدا,5,,,صالة رياضة,google_maps,"[""service"", ""ambiance""]","{""service"": ""positive"", ""ambiance"": ""positive""}"
4049,جيم نضيف وكل الكابتن محترمين الصراحه ومن نجاح لنجاح,5,,,صالة رياضة,google_maps,"[""service"", ""cleanliness"", ""ambiance""]","{""service"": ""positive"", ""cleanliness"": ""positive"", ""ambiance"": ""positive""}"
4058,سرعة استجابة  وتطعيم مجانى خدمة ممتازة ٢٤ساعة,5,,,مستشفى,google_maps,"[""service""]","{""service"": ""positive""}"
4090,مستشفى محترم وخدمه ممتازه,5,,,المستشفى الحكومي,google_maps,"[""service""]","{""service"": ""positive""}"
4094,كويسه جدا,5,,,المستشفى الحكومي,google_maps,"[""general""]","{""general"": ""positive""}"
4125,"أسعاره غاليه جدا
ولمه بتكون فيه عروض مش بتكون علي الحاجه الكويسه اللي الواحد يقول هتدفع فيه المبلغ
و الخدمه سيئه",5,,,متجر ملابس رجالي,google_maps,"[""service"", ""price""]","{""service"": ""negative"", ""price"": ""negative""}"
4127,مكان  جميل ومناسب للشباب وهدم رائعه وبأسعار مناسبه وخدمه عملا ممتازة,5,,,متجر ملابس رجالي,google_maps,"[""service"", ""price"", ""ambiance""]","{""service"": ""positive"", ""price"": ""positive"", ""ambiance"": ""positive""}"
4128,احلي جيم احلي كباتن مكان جميل,5,,,متجر ملابس رجالي,google_maps,"[""ambiance""]","{""ambiance"": ""positive""}"
4136,المكان حلو و رايق و خصوصا شيماء و مستر هاني لطيفين جدا,5,,,مقهى,google_maps,"[""service"", ""ambiance""]","{""service"": ""positive"", ""ambiance"": ""positive""}"
4150,اشكر عبدالرحمن ولد ممتاز و خدمه ممتازه من الكافيه اشكره من المغرب,5,,,مقهى,google_maps,"[""service"", ""ambiance""]","{""service"": ""positive"", ""ambiance"": ""positive""}"
4153,خدمه ممتازه من النادل عبدالرحمن و مهرائيل و بشكرهم علي الاحترام و التقدير ❤️❤️,5,,,مقهى,google_maps,"[""service"", ""ambiance""]","{""service"": ""positive"", ""ambiance"": ""positive""}"
4162,المكان حلو والجلسه ممتازه,5,,,غرفة لياقة,google_maps,"[""service"", ""ambiance""]","{""service"": ""positive"", ""ambiance"": ""positive""}"
4187,ممتاز,5,,,صالة رياضة,google_maps,"[""general""]","{""general"": ""positive""}"
4190,جميل,5,,,صالة رياضة,google_maps,"[""ambiance"", ""general""]","{""ambiance"": ""positive"", ""general"": ""positive""}"
4193,تحفه ونضيف والمعامله حلوه اوي والموقع حلو وجنبه كل حاجه,5,,,فندق,google_maps,"[""service"", ""cleanliness"", ""ambiance""]","{""service"": ""positive"", ""cleanliness"": ""positive"", ""ambiance"": ""positive""}"
4222,نظراً لجفاف بشرتي الشديد مؤخراً، حجزتُ جلسة ترطيب عميق. مع ذلك، اقتصرت معظم الجلسة على تنظيف عميق مع ترطيب طفيف. خضعتُ لجلسة تقشير دقيق، وتنظيف بالملعقة، وإزالة الرؤوس السوداء، وجلسة تفتيح البشرة. لكن من الواضح أن المعالجة لم تكن تجيد استخدام جهاز التقشير الدقيق والملعقة بشكل صحيح؛ كانت العملية مؤلمة للغاية، وشعرتُ بألم شديد في بشرتي. هذا النوع من العلاج يُلحق الضرر بالطبقة القرنية من الجلد. طلبتُ أيضاً جلسة مانيكير في نفس الوقت، بتكلفة 300 جنيه مصري. لكنها اقتصرت على تقليم الجلد المحيط بالأظافر فقط، دون وضع طلاء أظافر. بعد طلبي، وضعت طلاء الأظافر بشكل سطحي، ما لم يكن مانيكيراً على الإطلاق. علاوة على ذلك، استغرق طلاء الأظافر وقتاً طويلاً ليجف (10 دقائق) وكان غير متناسق. إضافة إلى ذلك، كان روتين العناية بالبشرة لديها دون المستوى المطلوب، ومع ذلك طلبت 2200 جنيه مصري. أعتقد أنها لم تتخرج من تدريبها الطبي. إنها لا تعرف كيفية استخدام أدوات التجميل بشكل صحيح لتقديم تجربة خدمة أفضل لزبائنها.,5,,,صالون تجميل,google_maps,"[""service"", ""price"", ""cleanliness"", ""ambiance""]","{""service"": ""negative"", ""price"": ""negative"", ""cleanliness"": ""negative"", ""ambiance"": ""negative""}"
4227,"رحتلهم على الأسعار حقت المنيو و جاني واحد طويل و نحيف وكان لابس اسود إداني أسعار مختلفه لان عرفو أننا خليجيين و
يقولون إنها الأسعار الجديده و غير عن منيو القديم في الواتساب
و كنا حاجزين معاهم اكريليك نيلز من ٦ ونص و خلونا نسوي فيك نيلز مع جيل الساعه ١٠ و يدخلون ناس يسوون لهم قبلنا و الجيل ثاني يوم بدأ يتقشر و التركيب مركبين ظفر عريض ظفر صغير و مسوين ظفر مايل و ظفر مشطوف و طلعلنا فطريات
التونسيه كان تعاملها كويس بس الي يزعل أنها عارفه و كل الاستف يعرفون انو ناصب علينا و  كيف تبغون عملاء دائمين عندكم و هذا قاعد ينصب على كيفه؟ فين الذمه و الضمير و حاول فينا ندفع فلوس كاش

We checked the prices on their WhatsApp menu, but when we arrived, a tall, slim guy wearing black gave us completely different prices after realizing we were Gulf customers. He claimed these were “new prices” and different from the old menu.

We had booked acrylic nails at 6:30 PM, but they made us wait until 10 PM and convinced us to do fake nails with gel instead. Meanwhile, they kept letting other customers go before us.

The gel started peeling the very next day. The nail application was terrible — one nail was wide, another was small, one was crooked, another was unevenly filed. On top of that, we ended up with fungal infections.

The Tunisian staff member had a good attitude, but what’s disappointing is that she and the rest of the staff clearly knew what was happening. If this is how you treat customers, how do you expect to have loyal clients? Where is the honesty and professionalism? He even tried to make us pay in cash.

Very unprofessional and disappointing experience. I would not recommend this place.",5,,,صالون تجميل,google_maps,"[""service"", ""price"", ""cleanliness"", ""ambiance""]","{""service"": ""negative"", ""price"": ""negative"", ""cleanliness"": ""negative"", ""ambiance"": ""negative""}"
4230,"جربت الصبغة مع شهد واعجبتني مرة
والنيلز مع ميادة مرة حلو
عسولات البنات وتعامل جميل جدًا واسلوب🤍
أكرر الزيارة",5,,,صالون تجميل,google_maps,"[""service"", ""ambiance""]","{""service"": ""positive"", ""ambiance"": ""positive""}"
4244,خدمة بروفيشنال جدا انا محجبه و صبغت شعري جيجي هيا الي عملتلي و كنت عاوزه لون فاتح بس مكنش هيناسب فتله شعري و بحثت معايا عن الوان تناسب خامه شعري و متبوظهاش بجد نادر لما انشان يروح يلاقي انسان فاهم في الشغلانه بالشكل دا ويطلع شغل تحفه انا مش بروح و لا بسيب حد يلعب ف شعري او يقصه بس هيا عملتلي قصه تحفه كل الي بيشوفها عليا بينبهر بجد جيجي دي Hidden Gem بجد تعامل راقي جدا و اسلوبهم جميل بجد ❤❤❤,5,,,صالون تجميل,google_maps,"[""service"", ""ambiance""]","{""service"": ""positive"", ""ambiance"": ""positive""}"
4249,مطعم ممتازه قوي,5,,,مطعم فلافل,google_maps,"[""general""]","{""general"": ""positive""}"
4255,احسن مطعم فول وطعمية واحلى اكل,5,,,مطعم فلافل,google_maps,"[""food""]","{""food"": ""positive""}"
4256,جميل ونظيف جدا,5,,,مطعم مأكولات سورية,google_maps,"[""cleanliness"", ""general""]","{""cleanliness"": ""positive"", ""general"": ""positive""}"
4265,مكان راقي جدآ واكلوا جميل والفعاليات كويسه,5,,,مطعم,google_maps,"[""service"", ""ambiance""]","{""service"": ""positive"", ""ambiance"": ""positive""}"
4269,الاكل حلو زي الاسعار بجد ممتزه,5,,,مطعم,google_maps,"[""food"", ""price""]","{""food"": ""positive"", ""price"": ""positive""}"
4274,حلو,5,,,مطعم,google_maps,"[""general""]","{""general"": ""positive""}"
4276,جميل,5,,,مطعم,google_maps,"[""ambiance"", ""general""]","{""ambiance"": ""positive"", ""general"": ""positive""}"
4302,المكان كويس جدا فيه كل حاجه اسعار كويسه الاستف هايل جدا و دودو ذوقهما في الاغاني حلو اوووي,5,,,كافيه,google_maps,"[""food"", ""service"", ""price"", ""ambiance""]","{""food"": ""positive"", ""service"": ""positive"", ""price"": ""positive"", ""ambiance"": ""positive""}"
4305,الاكل و الاسعار كويسه اوي,5,,,مطعم بيتزا,google_maps,"[""food"", ""price""]","{""food"": ""positive"", ""price"": ""positive""}"
4306,ممتاز,5,,,مطعم بيتزا,google_maps,"[""general""]","{""general"": ""positive""}"
4310,"لا انصحكم التعامل مع هذا الفرع
تلقيت منهم اسواء معاملة في مصر
انا رحت عندهم كذا بالصدفة كنت اتمشى
انا جاي من السعودية

وكانت الساعة ١ الليل سألت العامل متى تقفلوا قال ٤ الفجر
طلبت بيتزا وبيبسي
عاوز اقعد على الطاولات اللي جوا المحل
العامل خرجني قال خلاص قفلنا المحل او تدفع فلوش زيادة حقت القعدة جوة المحل
وخلاني اكل خارج وخدمتهم والله صفر
غير كذا قلة ادب ونصب من العمال",5,,,مطعم بيتزا,google_maps,"[""food"", ""service""]","{""food"": ""negative"", ""service"": ""negative""}"
4314,الفراخ سوده من جوه ومش مستويه خالص حتي القطع غير بعضها في درج لون ونايه من جوه ومش راضي أحط الفديو علشان المنظر سي للغايه,5,,,مطعم بيتزا,google_maps,"[""food"", ""service""]","{""food"": ""negative"", ""service"": ""negative""}"
4334,راااائع وبروفيشنال شغلهم فنان والستاف كلهم شاطرين ، المكان المعتمد بالنسبالي لكل المرات الجايه,5,,,صالون تجميل,google_maps,"[""service"", ""ambiance""]","{""service"": ""positive"", ""ambiance"": ""positive""}"
4337,"من السعودية إلى مصر، كانت تجربة ولا أروع ✨
زرت صالون شخصيا جوزيف وبكل أمانة حسّيت نفسي بين أهلي. احترافية عالية، ذوق راقٍ، اهتمام بأدق التفاصيل، ونتيجة فوق التوقعات.
شغل يشرح الصدر، ذوق يرضي العين، وتعامل يخلّي الواحد يرجع وهو مطمئن وسعيد.
شكراً من القلب على الإبداع والذوق العالي، تجربة تستاهل كل مدح وتوصية شكرااا لذوق العالي والراقي  جوزيييف 🤍🇸🇦🇪🇬",5,,,صالون تجميل,google_maps,"[""service"", ""cleanliness""]","{""service"": ""positive"", ""cleanliness"": ""positive""}"
4343,احلى قصة شعر من ايد فنان القص جووزيف يعطيه العافيه واحلى صالون واحلى سيرفس,5,,,صالون تجميل,google_maps,"[""service""]","{""service"": ""positive""}"
4346,جربت حمادة قص و كذا خدمه جدا ممتازه انصح بيه,5,,,صالون تجميل,google_maps,"[""service""]","{""service"": ""positive""}"
4351,ممتازين ماشاء الله انا انبسط جدا وخصوصا من منه ماشاء الله شغلها متميز الشعر منتجات كلها فوق الممتازه,5,,,صالون تجميل,google_maps,"[""service""]","{""service"": ""positive""}"
4355,أنا حبيت شعري جدا والمكان رايق وجميل واشكر خاصة كيرو الي قص شعري واستشوره، انصح في الصالون جدا وطبعا راح اعتمده كل مره اجي فيها مصر ❤️,5,,,صالون تجميل,google_maps,"[""service"", ""ambiance""]","{""service"": ""positive"", ""ambiance"": ""positive""}"
4356,المكان بجد تحفه و ممتاز و شغلهم بجد ضمير جدا و مكان في خصوصية و احترام 🤍,5,,,صالون تجميل,google_maps,"[""service"", ""cleanliness"", ""ambiance""]","{""service"": ""positive"", ""cleanliness"": ""positive"", ""ambiance"": ""positive""}"
4380,جيد,5,,,مطعم مأكولات سورية,google_maps,"[""general""]","{""general"": ""positive""}"
4385,مكان هادي ورايق اوي,5,,,كافيه,google_maps,"[""ambiance""]","{""ambiance"": ""positive""}"
4393,خدمة المناكير سيئة جدا، اللي شفته كل الزباين كبار في السن ويعملوا شعرهم قص وصبغات، لكن خدمة الاظافر سيئة، ولا عندهم الادوات اللازمة، كريم عادي واويل جونسون وتشل الجلد الزايد بطريقة تجرح الجلد وتستخدم ايدها اكثر من الادوات، وما عندهم ادوات متعددة مثل باقي الصالونات..,5,,,صالون تجميل,google_maps,"[""service"", ""ambiance""]","{""service"": ""negative"", ""ambiance"": ""negative""}"
4409,مكان دافي وجميل  وكل ال staff  بجد شاطرين جدا وذوق كانت تجربة حلوة جدا واكيد هكررها كتير 🥹♥️,5,,,صالون تجميل,google_maps,"[""service"", ""cleanliness"", ""ambiance""]","{""service"": ""positive"", ""cleanliness"": ""positive"", ""ambiance"": ""positive""}"
4429,"انبسط اوى بالحمام المغربى مع فرح شاطره اوى وجميله ومريحه والاستقبال حلو اوى مع ندى مكان بروفشنال جدا
انصح بيه",5,,,صالون تجميل,google_maps,"[""service"", ""cleanliness"", ""ambiance""]","{""service"": ""positive"", ""cleanliness"": ""positive"", ""ambiance"": ""positive""}"
4444,"شغلهم جداا جميل ونظيف وأسعارهم حلوه
خصوصاً خلود ، شغلها نظيف وجميل وانسانه مريحه ارجو منكم زيارررتهم",5,,,صالون تجميل,google_maps,"[""service"", ""price"", ""cleanliness"", ""ambiance""]","{""service"": ""positive"", ""price"": ""positive"", ""cleanliness"": ""positive"", ""ambiance"": ""positive""}"
4457,انبسطت بتعامل معاهم رحاب ومريم وصابرين وأدهم كلهم رائعين رحاب عملتلي فتلة حواجب و رفعة الحواجب الي انا مررررره مبسوطه فيها اللحين ومريم شغلها في الاظافر رائع وصابرين اشتغلت بذمه ولي اول مره اروح لي وحده تشتغل بذمه في البدكير عموماً كل الموضفين رائعين ومجتهدين شكراً لكم,5,,,صالون تجميل,google_maps,"[""service"", ""ambiance""]","{""service"": ""positive"", ""ambiance"": ""positive""}"
4461,"شكرا مجدي
شغلهم احترافي الويفي طالع طبيعي وحلو جدًا 😍😍",5,,,صالون تجميل,google_maps,"[""service""]","{""service"": ""positive""}"
4462,.الاخ مجدي عبدو مبدع.. احلى ويفي للشعر ممكن تسوونه عنده .. مبدع مبدع مبدع .. شكرا شكرا مجدي  🙏🤍,5,,,صالون تجميل,google_maps,"[""service""]","{""service"": ""positive""}"
4466,شكرا جدا استاذ مجدي علي شغلك الجميل و شكرا لذوقك، مبسوطة جدا بالنتيجة 🤍,5,,,صالون تجميل,google_maps,"[""service""]","{""service"": ""positive""}"
4467,شغل روعه وتعامل راقي,5,,,صالون تجميل,google_maps,"[""service""]","{""service"": ""positive""}"
4476,الصالون خدمتهم ممتازه سويت استشوار وقص شعر اسعاره حلوه والعائله روحهم حلوه جدا,5,,,صالون تجميل,google_maps,"[""service"", ""ambiance""]","{""service"": ""positive"", ""ambiance"": ""positive""}"
4478,قصة الشعر حلوة جدا و الأستاذة سماح  شغلها جميل تسلم ايدها,5,,,صالون تجميل,google_maps,"[""service""]","{""service"": ""positive""}"
4480,من افضل الصالونات لقص الشعر والتعامل جدا راقي أنصحكم فيه,5,,,صالون تجميل,google_maps,"[""service""]","{""service"": ""positive""}"
4486,حلو جدا واكلهم نضيف 10/10,5,,,مطعم فلافل,google_maps,"[""food"", ""cleanliness"", ""ambiance""]","{""food"": ""positive"", ""cleanliness"": ""positive"", ""ambiance"": ""positive""}"
4495,مطعم ممتاز وأكل نظيف,5,,,مطعم فلافل,google_maps,"[""food"", ""cleanliness"", ""ambiance""]","{""food"": ""positive"", ""cleanliness"": ""positive"", ""ambiance"": ""positive""}"
4506,الاكل وحش اوى و الفراخ مش مستوية و مفيش نضافة منصحش حد يجربه,5,,,مطعم,google_maps,"[""food"", ""service"", ""ambiance""]","{""food"": ""negative"", ""service"": ""negative"", ""ambiance"": ""negative""}"
4529,حلو,5,,,سوبرماركت,google_maps,"[""general""]","{""general"": ""positive""}"
4538,اكله حلو وطور من نفسه,5,,,مطعم مأكولات مشوية,google_maps,"[""food""]","{""food"": ""positive""}"
4545,جيد,5,,,سوبرماركت,google_maps,"[""general""]","{""general"": ""positive""}"
4571,"A scam. Reviews are bought or their own family members. Especially tourists- beware. Read this for 2 minutes and save a lot of money.

I went in to get my nails done. A simple nude hard coat with reference photos. No length added. It looked professional in clean so I let my guard down, huge mistake.

They have NO set prices and charge you whatever they think you'd pay. Since im foreign I got significantly overcharged but they even overcharge the locals. I wouldn't even be that mad if the nails looked good, but its genuinely the worst they have ever looked.

Uneven coat, lumpy, no cuticle softener was used, just straight scraping. Look at the photos to see how uneven it is. You can see tiny holes aswell. She didn't file them down or anything. No hate to her but she was completely untrained.

I was charged 67 dollars or 3200 Egyptian pounds. WELL over what is normally charged in this area, and more expensive than CALIFORNIA USA.

I showed them how bad it looked and pointed out the imperfections, and they told me it was because ""your nails are too short."" They are not and ive gotten my nails done many times with no issues for half the price.

Do not consider this place. Do not let positive reviews sway you. It is not worth it and you'll spend more money and time fixing it later.",5,,,صالون تجميل,google_maps,"[""service"", ""price"", ""cleanliness"", ""ambiance""]","{""service"": ""negative"", ""price"": ""negative"", ""cleanliness"": ""negative"", ""ambiance"": ""negative""}"
4580,جميل جدا جدا والله وشغلهم نظييييف,5,,,صالون تجميل,google_maps,"[""service""]","{""service"": ""positive""}"
4590,من افضل الصالونات اللي عملت فيها شعري والاسعار مقارنه يالخدمه ممتازة جدا,5,,,صالون تجميل,google_maps,"[""service"", ""price""]","{""service"": ""positive"", ""price"": ""positive""}"
4594,بصراحه كل الدكاتره ممتازين و مستمعين و عندهم طولة بال  و عن تجربه دكتور عصام و دكتور عبد اللطيف,5,,,مركز طبي,google_maps,"[""service""]","{""service"": ""positive""}"
4602,المعاملة ممتازة والدكتور عصام نصر ممتاز شكرا ليكم,5,,,مركز طبي,google_maps,"[""service""]","{""service"": ""positive""}"
4607,تجربه سيئه جدا للاسف ولن تتكرر,5,,,مركز طبي,google_maps,"[""service"", ""general""]","{""service"": ""negative"", ""general"": ""negative""}"
4618,مطعم جيد ....اصطف محترم....جوده عاليه,5,,,مطعم مأكولات بحرية,google_maps,"[""food"", ""ambiance"", ""general""]","{""food"": ""positive"", ""ambiance"": ""positive"", ""general"": ""positive""}"
4619,"احلي مافي المكان السلطه
غير كده الاكل سيء
اسعار جدا مبالغ فيها
والطعم غير جيد",5,,,مطعم مأكولات بحرية,google_maps,"[""food"", ""price"", ""ambiance""]","{""food"": ""negative"", ""price"": ""negative"", ""ambiance"": ""negative""}"
4620,المكان تحفه,5,,,مطعم مأكولات بحرية,google_maps,"[""ambiance""]","{""ambiance"": ""positive""}"
4623,"كافيه جميل
واسع جداً
ممكن يشيل حوالي ٣٥٠ فرد
الخدمة سريعة و الشباب محترمين و اهم حاجة الويترز بشوش و فاهم شغله",5,,,مقهى,google_maps,"[""food"", ""service"", ""ambiance""]","{""food"": ""positive"", ""service"": ""positive"", ""ambiance"": ""positive""}"
4626,مكان ممتاز و الخدمه ممتازه جدا ..,5,,,مقهى,google_maps,"[""service"", ""ambiance""]","{""service"": ""positive"", ""ambiance"": ""positive""}"
4633,للاسف كانت تجربتي في فندق الياسمين بالمنيل سيئة جدا . النظافة كانت دون المستوى . ووجدت صراصير في الغرفة ، وهذا شئ غير مقبول في اي فندق . كذلك الانترنت كان ضعيفا جدا لدرجة انه لا يعمل والمعاملة سيئة جدا . اوسخ فندق قابلته بحياتي  لا انصح بالاقامة فيه.,5,,,فندق,google_maps,"[""service"", ""cleanliness"", ""ambiance""]","{""service"": ""negative"", ""cleanliness"": ""negative"", ""ambiance"": ""negative""}"
4634,الفندق قديم يمتاز ب اطلاله ممتازة على النيل,5,,,فندق,google_maps,"[""service"", ""ambiance""]","{""service"": ""positive"", ""ambiance"": ""positive""}"
4635,الفندق تحفة و الموقع استراتيجي قريب من وسط البلد واسعاره متوسطة و مناسبة,5,,,فندق,google_maps,"[""service"", ""price"", ""ambiance""]","{""service"": ""positive"", ""price"": ""positive"", ""ambiance"": ""positive""}"
4638,اشكر مدام مرفت على حسن الضيافه،، فندق محترم وناس محترمين،,5,,,فندق,google_maps,"[""service"", ""ambiance""]","{""service"": ""positive"", ""ambiance"": ""positive""}"
4640,"الفندق جماله في المنظر الجميل حيث أنه يطل على النيل مباشرة بإطلالة رائعة
وكذلك بأخلاق موظفيه خاصة مدام ميرفت التي أحب أن أشكرها على حسن ودماثة أخلاقها
الموقع قريب من الخدمات",5,,,فندق,google_maps,"[""service"", ""ambiance""]","{""service"": ""positive"", ""ambiance"": ""positive""}"
4642,ممتازه والاستاذه ميرفت قمة ف التعاون والأخلاق واللطف,5,,,فندق,google_maps,"[""service"", ""ambiance""]","{""service"": ""positive"", ""ambiance"": ""positive""}"
4650,مطعم اكله طيب واسعاره ممتازة,5,,,مطعم أطباق اللحوم,google_maps,"[""food"", ""price""]","{""food"": ""positive"", ""price"": ""positive""}"
4651,الاكل جميل والاسعار افضل من أماكن تانيه,5,,,مطعم أطباق اللحوم,google_maps,"[""food"", ""price""]","{""food"": ""positive"", ""price"": ""positive""}"
4662,من دخلت المبني نضيف طلعت المكان جميل. هادئ نضيف خدمه الرسبشن راقيه سريعة اهتمام دخلت الدكتور قمه الإحترام اسلوب تعامل راقي بفهك مشكلتك بطريقة سلسله بتحس بأمان راحه وعافيه في اختيارك لعييادات مصر الحديثة موفقين دائما يارب ٣لو,5,,,مركز طبي,google_maps,"[""service"", ""cleanliness"", ""ambiance""]","{""service"": ""positive"", ""cleanliness"": ""positive"", ""ambiance"": ""positive""}"
4666,عيادات ممتزة وتعامل جميل,5,,,مركز طبي,google_maps,"[""service"", ""ambiance""]","{""service"": ""positive"", ""ambiance"": ""positive""}"
4673,ممتازة,5,,,مركز طبي,google_maps,"[""general""]","{""general"": ""positive""}"
4676,عيادة نظيفه جداً و استقبال و خدمه محترمه و دكتور عمر شاطر حداً و مستمع جيد,5,,,مركز طبي,google_maps,"[""service"", ""cleanliness"", ""ambiance""]","{""service"": ""positive"", ""cleanliness"": ""positive"", ""ambiance"": ""positive""}"
4682,ممتازجدا,5,,,مطعم,google_maps,"[""general""]","{""general"": ""positive""}"
4710,"الفندق نظيف و الغرف مرتبة  و نظيفة
الموظفين محترمين و متعاونين والافطار جيد و يفي بالغرض.
يقع الفندق في عمارة في حي جميل و هاديء جدا.
الفندق ثلاث نجوم ولكن الخدمة و المعاملة خمس نجوم.",5,,,فندق,google_maps,"[""service"", ""cleanliness"", ""ambiance""]","{""service"": ""positive"", ""cleanliness"": ""positive"", ""ambiance"": ""positive""}"
4723,المكان جميل ونظيف وقريب من الاماكن السياحية خدمتهم سريعه ومتعاونين جدا 👍🏻,5,,,فندق,google_maps,"[""service"", ""cleanliness"", ""ambiance""]","{""service"": ""positive"", ""cleanliness"": ""positive"", ""ambiance"": ""positive""}"
4724,تجربتنا فيه كان جميله المكان نظيف وجميع طاقم العمل معاون معنا👍🏻,5,,,فندق,google_maps,"[""service"", ""cleanliness"", ""ambiance""]","{""service"": ""positive"", ""cleanliness"": ""positive"", ""ambiance"": ""positive""}"
4725,ممتاز,5,,,صيدلية,google_maps,"[""general""]","{""general"": ""positive""}"
4775,دكتور ممتاز,5,,,عِيادة أسنان,google_maps,"[""general""]","{""general"": ""positive""}"
4777,خدمة علاجية ومتابعة ممتازة,5,,,عِيادة أسنان,google_maps,"[""service""]","{""service"": ""positive""}"
4782,.كانت ممتازة,5,,,عِيادة أسنان,google_maps,"[""general""]","{""general"": ""positive""}"
4789,خدمه ممتازه و مقاومات كثيره متوفره,5,,,مركز طبي,google_maps,"[""service""]","{""service"": ""positive""}"
4793,عيادة محترمة جدا و كويسه و الدكتور شاطر و محترم  جدا,5,,,مركز طبي,google_maps,"[""service"", ""cleanliness""]","{""service"": ""positive"", ""cleanliness"": ""positive""}"
4796,دكتور كويس و عياده محترمه,5,,,مركز طبي,google_maps,"[""service""]","{""service"": ""positive""}"
4798,عيادة و استقبال ممتازة و دكتور رائع و الانتظار قليل,5,,,مركز طبي,google_maps,"[""service"", ""ambiance""]","{""service"": ""positive"", ""ambiance"": ""positive""}"
4802,ملك كانت متعاونه جدًا وحقيقي شكرًا علي التعامل الحلو والذوق,5,,,مركز طبي,google_maps,"[""service""]","{""service"": ""positive""}"
4804,خدمه ممتازه وتنظيم محترم,5,,,مركز طبي,google_maps,"[""service"", ""ambiance""]","{""service"": ""positive"", ""ambiance"": ""positive""}"
4810,عيادات بلاتنيوم عيادات منظمة و الاستقبال كويس جدا و المواعيد مظبوطة و دكتور ابرام و عمر سلامة محترمين و شطار جدا و بيسمعو المريض,5,,,مركز طبي,google_maps,"[""service"", ""cleanliness"", ""ambiance""]","{""service"": ""positive"", ""cleanliness"": ""positive"", ""ambiance"": ""positive""}"
4843,مكان راقي فعلا والمعامله فيه فوق الممتازه ده غيرالطاقم الطبي اللي موجود اللي بيشخص الحاله بدقه 👌❤️,5,,,مركز طبي,google_maps,"[""service"", ""cleanliness"", ""ambiance""]","{""service"": ""positive"", ""cleanliness"": ""positive"", ""ambiance"": ""positive""}"
4844,الاستقبال محترمين جدا والمكان نضيف ومنظم و دكتور اندرو محترم جداو ممتاز,5,,,مركز طبي,google_maps,"[""service"", ""cleanliness"", ""ambiance""]","{""service"": ""positive"", ""cleanliness"": ""positive"", ""ambiance"": ""positive""}"
4846,خدمه كويسه وفي متابعه ودكاتره كويسه,5,,,مركز طبي,google_maps,"[""service""]","{""service"": ""positive""}"
4847,عيادات مصر الحديثة يضم عدد كبير من افضل الدكاترة والمعاملة من الاستف كويسة خالص وذوق والمكان نضيف والدكتور بيتابع معانا بعد الكشف شكرا جزيلا لكم 🌷🌷🌷,5,,,مركز طبي,google_maps,"[""service"", ""cleanliness"", ""ambiance""]","{""service"": ""positive"", ""cleanliness"": ""positive"", ""ambiance"": ""positive""}"
4850,"الاستقبال ممتاز
والخدمات الطبية غاية الروعة
والدكتور بالتأكيد مستمع وشاطر",5,,,مركز طبي,google_maps,"[""service"", ""ambiance""]","{""service"": ""positive"", ""ambiance"": ""positive""}"
4851,العيادة نظيفة وتوقيتهم مظبوط و الاستاذ الدكتور أحمد دوي شاطر ومستمع جيدا لمريضه وبتاع حالته,5,,,مركز طبي,google_maps,"[""service"", ""cleanliness""]","{""service"": ""positive"", ""cleanliness"": ""positive""}"
4853,ممتازة,5,,,سوبرماركت,google_maps,"[""general""]","{""general"": ""positive""}"
4857,ممتازة,5,,,سوبرماركت,google_maps,"[""general""]","{""general"": ""positive""}"
4870,"A women's only gym that has all the basics you need in terms of equipment and weights. They offer classes at certain times (no yoga) as well as personal training. If you're there during peak hours, you'll struggle to find the more common weights (only two sets), and many of the machines need quite a bit of TLC (missing knobs, out of service regularly etc) but they've changed some of the padding of some machines since I've been there.

Update : all above still valid however I feel I must add the below warning. There are children regularly allowed to run around and play in the weight zones (super dangerous) with little to no supervision (even saw one smack someone's bum). Here are signs everywhere saying don't leave your bag in the weight area, that's what lockers are for.... And yet there are constantly bags and clothing everywhere; completely unenforced by any staff member there. The professionalism leaves to be desired. If you're not picky, it may be a bit more pricey, but there's another gym nearby that's better.",5,,,صالة رياضة,google_maps,"[""service"", ""price"", ""cleanliness"", ""ambiance""]","{""service"": ""negative"", ""price"": ""negative"", ""cleanliness"": ""negative"", ""ambiance"": ""negative""}"
4872,"have been going to this gym for the past few weeks and all the treadmills are horrible they keep electrocuting you the moment you touch it,it wasn’t a big deal at first as it was just a tiny zap and I kept telling everyone that works there to take care of it and their answer every single time is that they’re going to tell the maintenance guys but nothing changed. And today while I was running and trying to adjust the speed I touched the handle and it sent a very strong electric wave down my whole body that I shouted and jumped off the moving treadmill,when I went to complain to the girls working there their answer was “sorry,we will let the maintenance guys know”.
This is a serious safety hazard and it’s very disappointing how a big and pricey gym like that one can’t even fix faulty treadmills!
Most of the treadmills are always either broken or shut down after a few minutes of using and there’s only 2 stairmasters,one of them has been out of service since I started going.",5,,,صالة رياضة,google_maps,"[""food"", ""service"", ""price"", ""cleanliness"", ""ambiance""]","{""food"": ""negative"", ""service"": ""negative"", ""price"": ""negative"", ""cleanliness"": ""negative"", ""ambiance"": ""negative""}"
4878,"The women who ‘run’ this place could be more respectful. But they go for doing less; they are consistent in that regard.

The equipment is the basics and mostly nice.  The cycling room is my fav bc … I love cycling. Oh, and sadly no elliptical machines.  I thought that was gym equipment 101.

When the sauna is hot and ready to use, it’s nice. The showers are nice too; good water pressure.

I’ve had my issues here; mostly poor attitudes. But ppl (staff) only know what they’ve learned from others, so bad behavior persists. Ppl would rather tell you no than to actually try to help you. The place def has potential to be better than it is.",5,,,صالة رياضة,google_maps,"[""service"", ""price"", ""cleanliness"", ""ambiance""]","{""service"": ""negative"", ""price"": ""negative"", ""cleanliness"": ""negative"", ""ambiance"": ""negative""}"
4884,ممتاز,5,,,مستشفى,google_maps,"[""general""]","{""general"": ""positive""}"
4942,محل جميل مكان جميل والي فيه خدومين واسعار مناسبه,5,,,متجر ملابس,google_maps,"[""price"", ""ambiance""]","{""price"": ""positive"", ""ambiance"": ""positive""}"
4946,"مركز العبد ممتازين وعندهم اخصائيين في كل
تخصصات الأسنان ما شاء الله خدمه طبيه متميزه تعاملت معاهم في الزراعه لوالدتي وبنج كلي لابني 5 سنوات والحمدلله الأمور تمام",5,,,عِيادة أسنان,google_maps,"[""service""]","{""service"": ""positive""}"
4952,مكان مميز,5,,,عِيادة أسنان,google_maps,"[""general""]","{""general"": ""positive""}"
4962,"بيعتمدوا علي شاطرتهم في التسويق والإعلانات  لكن مفيش ذمة ولا جودة في الشغل وممكن يسلمك شغل مش مضبوط .. وبيدبسك بالفلوس عشان تقبل باي حاجة
ويقولولك استاذ في جامعة الازهر طب فين الأمانة المصداقية قبل ما تتكلموا عالازهر .. حتي لما رجعت للادرة بتستحل تاكل الحرام عادي",5,,,عِيادة أسنان,google_maps,"[""service""]","{""service"": ""negative""}"
4966,شكراً جزيلاً د. صلاح سالم، فعلا ًمن أمهر أطباء الأسنان، يده خفيفة وشغله متقن في الزراعة والخلع وسحب العصب والتلبيسات، بدون ألم ونتيجة ممتازة، ويتميز بالإنجاز بوقت قياسي . شكرًا على احترافيتك واهتمامك براحة المريض.وايضا الدكتوره بنان ماقصرت يدها خفيفه ومحترفه واهم شي دقيقه وتركيزها عالي وهذا الشي يطمن المريض 👍🏻,5,,,عِيادة أسنان,google_maps,"[""service""]","{""service"": ""positive""}"
4977,"عيادة ممتازة و الدكتور صلاح دكتور شاطر و مخلص و متفهم جدا.
تجربة ممتازة ١٠/١٠",5,,,عِيادة أسنان,google_maps,"[""service""]","{""service"": ""positive""}"
4993,المكان جميل والكلوكيكشن تحف بجد,5,,,متجر ملابس رجالي,google_maps,"[""ambiance""]","{""ambiance"": ""positive""}"
5018,"تجربه سيئه جدا
فيه كذا حاجه الفراخ زفره
سندوتش الشاروما بتكون دافع فيه والحشو قليل
والتوميه مش احسن حاجه حتي البطاطس
ارجو التحسن
ويكون فيه اسعار أقل من كدا أو عروض",5,,,مطعم مأكولات سورية,google_maps,"[""food"", ""price""]","{""food"": ""negative"", ""price"": ""negative""}"
5019,احلى اكل جوده و سعر ممتاز مناسب جدا,5,,,مطعم مأكولات سورية,google_maps,"[""food"", ""price""]","{""food"": ""positive"", ""price"": ""positive""}"
5020,طعم الشاورما جميل جدا لكن العيش مغطي على طعم الشاورما,5,,,مطعم مأكولات سورية,google_maps,"[""food""]","{""food"": ""positive""}"
5043,جميل وراقي,5,,,سوبرماركت,google_maps,"[""general""]","{""general"": ""positive""}"
5045,مكان حلو جداً و كباتن محترمة و السعر ممتاز,5,,,صالة رياضة,google_maps,"[""service"", ""ambiance""]","{""service"": ""positive"", ""ambiance"": ""positive""}"
5047,مكان ممتاز وسعر علي اد الايد,5,,,صالة رياضة,google_maps,"[""ambiance""]","{""ambiance"": ""positive""}"
5057,"العياده نضيفه جدا و الدكاتره محترمين
و شكرا لدكتوره شروق",5,,,طبيب أسنان,google_maps,"[""service"", ""cleanliness""]","{""service"": ""positive"", ""cleanliness"": ""positive""}"
5066,المكان جدا حلو و الدكاترة محترفين بالأخص دكتور داليا و طاقم التمريض بتاعها أستاذة مني حد متقن و مخلص في شغله جدا و تجربه كتير مميزة,5,,,طبيب أسنان,google_maps,"[""service"", ""ambiance""]","{""service"": ""positive"", ""ambiance"": ""positive""}"
5071,"حقيقي افضل عيادة وكادر الموظفين رهيبين والدكاترة فنانين بشغلهم ، انا حابه اقول لكم اسناني صارت تحفففة بشكل !!
بنات الريسبشن فاتن وشهد عسل وخدومات ودائما بشوشات ، كل التوفيق يارب وشكراً لكم ❤️",5,,,طبيب أسنان,google_maps,"[""service"", ""ambiance""]","{""service"": ""positive"", ""ambiance"": ""positive""}"
5087,مشالله شغلهم تحفة مش آخر مره أتعامل معاهم مريم بتشتغل أظافر شغلها جميل وتحفة واكتر من تحفة وسريعة مشالله تعامل وأسلوب 💕💕💕💕,5,,,صالون تجميل,google_maps,"[""service""]","{""service"": ""positive""}"
5098,مطعم ممتاز واسلوب متميز وطعم رائع وخدمه رائعه ولكم التحيه جميعا 👌👌من اجمل مااكلت بيتزا صراحه,5,,,مطعم بيتزا,google_maps,"[""food"", ""service""]","{""food"": ""positive"", ""service"": ""positive""}"
5100,احب الاكل الإيطالي وجربت عندهم بيتزاء جبيري هي جميله لكن يقدر يخلها افضل بكثير فيه افضل منه  خاصة العجينه عك. مديرهم ولي يشتغلون معه رهيبين الله يرزقهم ويبارك لهم,5,,,مطعم بيتزا,google_maps,"[""food"", ""service""]","{""food"": ""positive"", ""service"": ""positive""}"
5102,أفضل مطعم بيتزا فى مصر,5,,,مطعم بيتزا,google_maps,"[""food""]","{""food"": ""positive""}"
5113,ممتاز,5,,,مطعم,google_maps,"[""general""]","{""general"": ""positive""}"
5129,صالون جميل جدا والاصتف لذيذ جدا,5,,,صالون تجميل,google_maps,"[""service"", ""ambiance""]","{""service"": ""positive"", ""ambiance"": ""positive""}"
5131,"Amazing service and such a lovely place
خدمة رائعة ومكان جميل جدًا",5,,,صالون تجميل,google_maps,"[""service"", ""ambiance""]","{""service"": ""positive"", ""ambiance"": ""positive""}"
5132,المكان حلو والموظفين عسل.,5,,,صالون تجميل,google_maps,"[""service"", ""ambiance""]","{""service"": ""positive"", ""ambiance"": ""positive""}"
5145,تعامل راقي واخلاق عاليه وشغل فوق الممتاز جميع الاستف فوق المستوى الراقي,5,,,صالون تجميل,google_maps,"[""service""]","{""service"": ""positive""}"
5146,شغلهم مرااا حلو والتعامل احلى الله يسعدهم وشكرررا,5,,,صالون تجميل,google_maps,"[""service""]","{""service"": ""positive""}"
5147,افضل صالون فيكي ياقاهرة شغلهم ماشالله تبارك الرحمن ولا غلطة وعندكم صاحبة المكان اسمها شيماء تهببببل واللي يسوي الشعر ابانوب تسلم ايده وبصراحه الطاقم كامل كلهم يجننون من غير استثناء,5,,,صالون تجميل,google_maps,"[""service"", ""ambiance""]","{""service"": ""positive"", ""ambiance"": ""positive""}"
5154,المكان ممتاز والخدمة على أعلى مستوى والموظفين في قمة الزوق بجد و حرفياً انصحكم بالتعامل معاهم,5,,,عِيادة أسنان,google_maps,"[""service"", ""ambiance""]","{""service"": ""positive"", ""ambiance"": ""positive""}"
5157,"حقيقي مكان جميل جداً واستقبل رائع شكرا جدا لحضرتكم
♥",5,,,عِيادة أسنان,google_maps,"[""service"", ""ambiance""]","{""service"": ""positive"", ""ambiance"": ""positive""}"
5163,"المكان جميل والناس محترمة جدا من اول السكرتارية لحد الدكاترة
شكراً جدا",5,,,عِيادة أسنان,google_maps,"[""service"", ""ambiance""]","{""service"": ""positive"", ""ambiance"": ""positive""}"
5164,"بصراحة من يوم دخلت عيادة جرانتي وأنا مبسوط من التعامل الراقي. بدايةً من الأخت رحمة في الاستقبال، اللي تعاملها ذوق وابتسامتها تهوّن على الواحد تعب الانتظار، وتخلي جوّ العيادة مريح وحلو.
وبعدها جيت للدكتور أسامة، وما شاء الله تبارك الله… أسلوبه وشرحه واهتمامه بالتفاصيل يخلّي الواحد يثق في كلامه من دون تردد. يعطيك راحة نفسية ويحسسّك إنك بين أيدٍ أمينة.
بصراحة الاثنين يرفعون سمعة المكان، وتعاملهم يخلي الواحد يرجع وهو راضي ومرتاح",5,,,عِيادة أسنان,google_maps,"[""service"", ""cleanliness"", ""ambiance""]","{""service"": ""positive"", ""cleanliness"": ""positive"", ""ambiance"": ""positive""}"
5165,"حقيقة حاب أشكر موظفة الاستقبال الأستاذة رحمة على تعاملها الراقي ولطافتها اللي تشرح الصدر. من أول ما دخلت وأنا أحس براحة من أسلوبها المحترم وابتسامتها اللي تعكس احترافية عالية. ساعدتني بكل رحابة صدر وقدمت لي المعلومات بكل وضوح واهتمام. بصراحة تستاهل خمسة نجوم وأكثر، ونموذج مشرف للواجهة الأولى للمكان. يعطيها العافية وما قصّرت.
وبرضو أحب أشكر الدكاترة على مهنيتهم العالية وتعاملهم الرائع. كانوا واضحين في شرح الإجراءات ومريحين جدًا في أسلوبهم، وما حسّيت بأي آلام خلال العلاج. عن جد فريق احترافي ويستحق كل الشكر والتقدير",5,,,عِيادة أسنان,google_maps,"[""service"", ""cleanliness"", ""ambiance""]","{""service"": ""positive"", ""cleanliness"": ""positive"", ""ambiance"": ""positive""}"
5167,عيادة رائعة جدا شكرا الدكتور المحترم احمد علوان,5,,,عِيادة أسنان,google_maps,"[""service""]","{""service"": ""positive""}"
5172,العياده نظيفه جدا والدكاتره شاطرين جداا والاداره منظمه العمل بحيث المريض مابخدتش وقت واذكر بالشكر استاذ علاء,5,,,عِيادة أسنان,google_maps,"[""service"", ""cleanliness"", ""ambiance""]","{""service"": ""positive"", ""cleanliness"": ""positive"", ""ambiance"": ""positive""}"
5174,خدمه ممتازه و أطباء ذو كفاءه,5,,,عِيادة أسنان,google_maps,"[""service""]","{""service"": ""positive""}"
5175,المكان محترم جدا أطباء ممتازين و المتابعه بعد الكشف ممتازه,5,,,عِيادة أسنان,google_maps,"[""service"", ""ambiance""]","{""service"": ""positive"", ""ambiance"": ""positive""}"
5189,مكان زي الفل ومحترم والناس الموجوده جميله جدا وربنا يباركلهم كلهم,5,,,صالون تجميل,google_maps,"[""service"", ""ambiance""]","{""service"": ""positive"", ""ambiance"": ""positive""}"
5196,من احلا الصالون الي اتعملت فيه والخدمات بتاعتهم حلوه جدا وناس محترمه وناس شغلهم حلوه جدا,5,,,صالون تجميل,google_maps,"[""service"", ""ambiance""]","{""service"": ""positive"", ""ambiance"": ""positive""}"
5197,خدمه ممتازه جدا والمكان وكل حاجه فيه تحفه,5,,,صالون تجميل,google_maps,"[""service"", ""ambiance""]","{""service"": ""positive"", ""ambiance"": ""positive""}"
5207,مكان رائع,5,,,صالة رياضة,google_maps,"[""ambiance"", ""general""]","{""ambiance"": ""positive"", ""general"": ""positive""}"
5218,مكان جميل ونظيف وفيه كل الاجهزه والناس محترمين ومتعاونين جدا,5,,,صالة رياضة,google_maps,"[""service"", ""cleanliness"", ""ambiance""]","{""service"": ""positive"", ""cleanliness"": ""positive"", ""ambiance"": ""positive""}"
5231,مكان مميز و مدربين علي اعلي مستوي,5,,,صالة رياضة,google_maps,"[""ambiance""]","{""ambiance"": ""positive""}"
5235,بحب الرياضه وطبيعة المكان ممتاز,5,,,صالة رياضة,google_maps,"[""service"", ""ambiance""]","{""service"": ""positive"", ""ambiance"": ""positive""}"
5238,"The worst ever!!!!!!!!!!
Bad delivery, bad attitude, no receipt and fake prices!!!!
Total mess!!!!!",5,,,سوبرماركت,google_maps,"[""food"", ""price"", ""ambiance""]","{""food"": ""negative"", ""price"": ""negative"", ""ambiance"": ""negative""}"
5240,الخدمه سيئه جدا طالبه اوردر بقالي ساعه ونص اقسم بالله وكل ما اكلمهم يقولو خرج حاجه في منتهاء الاستفزاز,5,,,سوبرماركت,google_maps,"[""service""]","{""service"": ""negative""}"
5257,الخدمه ممتازه و الاكل تحفه 😍,5,,,مطعم وجبات سريعة,google_maps,"[""food"", ""service"", ""ambiance""]","{""food"": ""positive"", ""service"": ""positive"", ""ambiance"": ""positive""}"
5262,حلو جدا ونضيف وتيم لذيذ,5,,,مطعم وجبات سريعة,google_maps,"[""food"", ""ambiance""]","{""food"": ""positive"", ""ambiance"": ""positive""}"
5276,جميل,5,,,متجر بقالة,google_maps,"[""general""]","{""general"": ""positive""}"
5281,ممتاز,5,,,صيدلية,google_maps,"[""general""]","{""general"": ""positive""}"
5288,صيدليه ممتازة وكذالك جميع العاملين فيها ناس محترمين وتعاملهم راقي,5,,,صيدلية,google_maps,"[""service""]","{""service"": ""positive""}"
5293,فرع  سيئ للغاية في التعامل واصطف في قمة قلة الذوق منصحش اي شخص بالتعامل معاهم,5,,,صيدلية,google_maps,"[""service""]","{""service"": ""negative""}"
5314,مكان جميل وفي مصدقيه والملابس متنوعه وجميله,5,,,غرفة لياقة,google_maps,"[""service"", ""ambiance""]","{""service"": ""positive"", ""ambiance"": ""positive""}"
5316,جميل ومميز,5,,,غرفة لياقة,google_maps,"[""ambiance"", ""general""]","{""ambiance"": ""positive"", ""general"": ""positive""}"
5317,فيو رائع وتدريب هايل وإدارة فوق الممتازة بجد ناس محترمين جدا واحلي جدول كلاسات,5,,,غرفة لياقة,google_maps,"[""service"", ""ambiance""]","{""service"": ""positive"", ""ambiance"": ""positive""}"
5319,الجيم محترم جدا وبيقدم خدمات ممتازة ومستوي المدربين عالي يكفي الفيو علي النيل,5,,,غرفة لياقة,google_maps,"[""service"", ""ambiance""]","{""service"": ""positive"", ""ambiance"": ""positive""}"
5320,المكان جميل جدا وادارة ممتازة والاجهزة محترمة,5,,,غرفة لياقة,google_maps,"[""service"", ""cleanliness"", ""ambiance""]","{""service"": ""positive"", ""cleanliness"": ""positive"", ""ambiance"": ""positive""}"
5346,اسوء معاملة واسوء ردود على العملاء واسوء طيارين توصيل طلبات بالتالي هيكون اسوء جودة اكل,5,,,مطعم مأكولات سورية,google_maps,"[""food"", ""service""]","{""food"": ""negative"", ""service"": ""negative""}"
5348,الاكل طعمه رائع واسعاره حلوه اقل من بره وجوده حلوه ..,5,,,مطعم مأكولات سورية,google_maps,"[""food""]","{""food"": ""positive""}"
5351,الطعم مقرف و أسعار غاليه,5,,,مطعم مأكولات سورية,google_maps,"[""food"", ""price""]","{""food"": ""negative"", ""price"": ""negative""}"
5374,ممتاذ جدا,5,,,صيدلية,google_maps,"[""general""]","{""general"": ""positive""}"
5393,مشاء الله العيادة جميله جدا والدكاتره كمان شغلهم جميل خالص م,5,,,عِيادة أسنان,google_maps,"[""service""]","{""service"": ""positive""}"
5420,ممتاز,5,,,متجر بقالة راقٍ,google_maps,"[""general""]","{""general"": ""positive""}"
5436,تجربه اتمني محدش يجربها جيم في منتهي الاهمال وقله الادب كان في تصليحات وعمال رايحة جايه في الجيم وبعد مارحت ومقلوش حتي ان في عمال وحاجه قله ادي جداااا محدش يروح الجيم ده تاني ومرضوش يدوني بقيه الفلوس لما المهزله ديحصلت,5,,,صالة رياضة,google_maps,"[""service"", ""ambiance""]","{""service"": ""negative"", ""ambiance"": ""negative""}"
5439,"من احلى والطف الاماكن اللي ممكن تجيلها وتسهر فيها وتقضي وقت ممتع ورايق جداً 💕
والاحلى كمان استاذ وليد اللي كل مرة بيغمرنا بلطفه وطاقته الحلوة اللي بتضيف عالمكان كله جو مميز مستحيل تلاقيه في اي مكان تاني ، تحس انك بين اهلك وصحابك بجد وكمان كل الطاقم اللي في المكان

ربنا يبارك لاستاذ وليد واستاذ خالد المحترمين ♥️

لو عايز مكان تتبسط وتروق فيه هيكون دقة عود احلى مكان تجيله فعلاً",5,,,كافيه,google_maps,"[""service"", ""cleanliness"", ""ambiance""]","{""service"": ""positive"", ""cleanliness"": ""positive"", ""ambiance"": ""positive""}"
5471,صراحه بيتزا طعمها حلو,5,,,مطعم,google_maps,"[""food""]","{""food"": ""positive""}"
5472,ممتاز♥️♥️,5,,,مطعم,google_maps,"[""general""]","{""general"": ""positive""}"
5482,بصراحة من اجمل الفطاير اللي ممكن اكون طلبتها في القاهرة الاكل نضيف جداً و فريش الطعم تحفة والخدمة فوق الممتازة مستنية اجرب الفطير الحلو وهكتبله ريڤيو لوحده ❤️❤️❤️,5,,,مطعم,google_maps,"[""food"", ""service"", ""ambiance""]","{""food"": ""positive"", ""service"": ""positive"", ""ambiance"": ""positive""}"
5486,اكل نزلسخن جدا و حلو .. مصطفى كان لطيف,5,,,مطعم أطباق اللحوم,google_maps,"[""food""]","{""food"": ""positive""}"
5487,الاكل لذيذ والاسعار مناسبة والاجواء مميزة,5,,,مطعم أطباق اللحوم,google_maps,"[""food"", ""price"", ""ambiance""]","{""food"": ""positive"", ""price"": ""positive"", ""ambiance"": ""positive""}"
5489,بصراحه لما مالقتش زباين كتير قولت ده مطعم وحش بس لما جه الاكل طلع فوق الممتاز وخدمه ممتازه ...الف شكر,5,,,مطعم أطباق اللحوم,google_maps,"[""food"", ""service""]","{""food"": ""positive"", ""service"": ""positive""}"
5490,جميل ونظيف وسعر حلو والمشاوي حلوة جدا,5,,,مطعم أطباق اللحوم,google_maps,"[""food"", ""cleanliness"", ""ambiance""]","{""food"": ""positive"", ""cleanliness"": ""positive"", ""ambiance"": ""positive""}"
5492,الاكل هناك تحفه والاسعار في متناول الجميع,5,,,مطعم أطباق اللحوم,google_maps,"[""food"", ""price""]","{""food"": ""positive"", ""price"": ""positive""}"
5493,مطعم رائع الاكل جيد الخدمة جيدة والافراد والعاملين ودودين للغاية ينقصه التحديث في الاساسات وفي الموسيقي وشاشات التلفاز,5,,,مطعم أطباق اللحوم,google_maps,"[""food"", ""service"", ""ambiance""]","{""food"": ""positive"", ""service"": ""positive"", ""ambiance"": ""positive""}"
5494,"المكان جميل والاكل لذيذ ومكان عائلى
والخدمة كويسة والمكان نضيف",5,,,مطعم أطباق اللحوم,google_maps,"[""food"", ""service"", ""ambiance""]","{""food"": ""positive"", ""service"": ""positive"", ""ambiance"": ""positive""}"
5495,التجربة فطار رمضاني ... المطعم بيقدم وجبات شرقي متنوعة ... مكان المطعم والفيو المطل عليه كان أجمل حاجة ... الاكل كان جميل جدا ... اختيارنا كان مكرونة بالبشاميل وكانت جميلة جدا الحقيقة و مشويات مشكلة جت اتقدمت على شواية علشان تحتفظ بسخونتها طول الوقت وكانت المشويات الحقيقة جميلة جدا وبطاطس وارز بالمكسرات وكبدة بدبس الرمان كانت تحفة وارز ابيض بالشعرية وملوخية ... الحقيقة كانت الوجبات ممتازة وتقديمها شيك والاسعار متوسطة ... الخدمة كانت بردو محترمة جدا من الناس ودودين وبشوشين... الحقيقة كانت تجربة حلوة وان شاء الله تتكرر,5,,,مطعم أطباق اللحوم,google_maps,"[""food"", ""service"", ""price"", ""cleanliness"", ""ambiance""]","{""food"": ""positive"", ""service"": ""positive"", ""price"": ""positive"", ""cleanliness"": ""positive"", ""ambiance"": ""positive""}"
5502,طلبت اورد جالي خلال ساعة ونص طبعا الاكل جه بارد وملوش طعم تجربة سيئة جدا,5,,,مطعم,google_maps,"[""food"", ""service""]","{""food"": ""negative"", ""service"": ""negative""}"
5514,معاكم أخوكم حبيب من المغرب صراحة أحسن عيادة في مصر بدون مبالغة شغل إحترافي من بداية حتى نهاية و متابعة مستمرة من دكتورة أميرة المتميزة بشغلها  و طاقم المساعد ،إضافة إلى التعامل المحترم من  سكرتارية في ترتيب مواعيد,5,,,عِيادة أسنان,google_maps,"[""service""]","{""service"": ""positive""}"
5515,شكرا لك كثييير دكتورة أميرة و الطاقم كامل ماشاء الله عن تجربة للأمانة ٣ عيادات في مصر زرتها خلال آخر ٣ سنوات تبقى عيادة Dr.Amira الأفضل من عيادة مميز و التعقيم درجة اولى بعدها خفة يد الدكتورة و فعلا ممارسة المهنة بتميز الف شكر 🌟,5,,,عِيادة أسنان,google_maps,"[""service""]","{""service"": ""positive""}"
5529,دكتور اميره بجد ممتازه وشغلها متقن جدا وعندها ضمير وبتهتم باصغر التفاصيل ❤️❤️❤️,5,,,عِيادة أسنان,google_maps,"[""service""]","{""service"": ""positive""}"
5532,"الدكتورة أميرة أمينة وتخاف الله في عملها خفيفة يد وتنصح المراجع بما يناسبه للامانة ما يركزون على الفلوس بقدر ما يحرصون على شغلهم النظيف خاصة في الحشوات والتنظيف الي سويتها مريت عليهم وأنا في زيارة سياحية وكانت تجربتي كويسه وبإذن الله برجع لها في زيارة علاج لمصر
مهند من السعودية",5,,,عِيادة أسنان,google_maps,"[""service"", ""cleanliness""]","{""service"": ""positive"", ""cleanliness"": ""positive""}"
5544,خدمه ممتازه وخصم نقدى على جميع الأدوية,5,,,صيدلية,google_maps,"[""service""]","{""service"": ""positive""}"
5548,جيد,5,,,صالة رياضة,google_maps,"[""general""]","{""general"": ""positive""}"
5567,"من افضل الدكاتره( يوسف سمير عسكر )
تعامل ممتاز جداً وعمل ماشاء الله تبارك الرحمن
حفظكم الله ي دكتور  ونتمنى لكم مزيداً من التفوق والنجاح 🤲🏼🤲🏼👍🏻👍🏻",5,,,عِيادة أسنان,google_maps,"[""service""]","{""service"": ""positive""}"
5569,بجد دكتور يوسف دكتور شاطر جدا وكنت جيالة في حالة صعبة جدا وايدو كويسة جدا ومحستش بأي حاجة بجد تسلم ايدك حضرتك وطبعا التعقيم ١٠٠/١٠٠ وبجد العيادة نظيفة جدا والتعامل بجد جميل معاهم بجد شكرا جدا,5,,,عِيادة أسنان,google_maps,"[""service"", ""cleanliness""]","{""service"": ""positive"", ""cleanliness"": ""positive""}"
5587,دكتور يوسف دكتور ممتاز جدآ عندي عدة تجارب معاه وكل الفي العيادة تعاملهم راقي صراحه,5,,,عِيادة أسنان,google_maps,"[""service""]","{""service"": ""positive""}"
5593,ممتازة,5,,,صيدلية,google_maps,"[""general""]","{""general"": ""positive""}"
5598,قاعده حلوه,5,,,مقهى,google_maps,"[""general""]","{""general"": ""positive""}"
5606,مكان ممتاز وناس محترمه,5,,,عيادة طبية,google_maps,"[""service"", ""ambiance""]","{""service"": ""positive"", ""ambiance"": ""positive""}"
5611,ممتاز,5,,,صيدلية,google_maps,"[""general""]","{""general"": ""positive""}"
5625,حلو اوي و شيك,5,,,صالة رياضة,google_maps,"[""ambiance""]","{""ambiance"": ""positive""}"
5627,مكان محترم وناس محترمه جدا,5,,,صالة رياضة,google_maps,"[""service"", ""ambiance""]","{""service"": ""positive"", ""ambiance"": ""positive""}"
5629,جيم جامد جدآ فى كل حاجة المكان جميل جدآ ومساحة حلوة وأجهزة تحفة بجد,5,,,صالة رياضة,google_maps,"[""ambiance""]","{""ambiance"": ""positive""}"
5635,الشباب اللي ف الاستقبال كانو متعاونين جداً وغاية ف اللطف ،والكوتش اللي معاهم متعاون جدا اي شغله اسألو عليها يستجيب بدون تردد، شكراً لكم كانت تجربه جميله ، ملاحظه بس لو يزيد عدد الاجهزه يكون افضل👍🏻,5,,,صالة رياضة,google_maps,"[""service"", ""ambiance""]","{""service"": ""positive"", ""ambiance"": ""positive""}"
5642,المكان جيد ومتنوع وراقى,5,,,متجر ملابس حريمي,google_maps,"[""ambiance""]","{""ambiance"": ""positive""}"
5679,"بمنتهى الامانة مستوى عالى جدا جدا من الاحترافية و الاحترام والذوق والرقى فى التعامل ، من اصغر موظف وادارى لأكبر طبيب وتمريض،
مكنتش متخيل ان المكان بالرقى والاحترافية دى ،،
شكر خاص للاستاذ الدكتور ريمون مدير الرعاية
والدكتور اسامة لطفى والدكتورة  امنية
وطقم تمريض المستشفى بالكامل وبالاخص طاقم تمريض الرعاية ومستر مينا",5,,,مستشفى,google_maps,"[""service""]","{""service"": ""positive""}"
5705,روعه الدكتور خالد متمكن في التشخيص والتجميل والحشوات صراحه دكتور مميز ولديه خبرة طويله ومتقن شغله اشكرك من الاعماق حقيقة دكتور محترف والله على ما اقول شهيد,5,,,عِيادة أسنان,google_maps,"[""service""]","{""service"": ""positive""}"
5708,دكتور محترف حقيقي ودقيق في عمله لايقبل إلا النهايات الجميله من الناحيه الطبية والتجميليه ويشرك صاحب الحالة في تفاصيل الخطة العلاجية وافضل الحلول شكراً د/خالد واتمنى لك دوام التوفيق 🇸🇦,5,,,عِيادة أسنان,google_maps,"[""service""]","{""service"": ""positive""}"
5715,دكتور خالد من امهر الدكاترة.. كانت تجربتنا جدا جميلة معه وقام بعمل حشوات تجميلية من أفضل ما يمكن.. وكان تعاملة جدا رائع,5,,,عِيادة أسنان,google_maps,"[""service""]","{""service"": ""positive""}"
5716,"السلام عليكم ورحمة الله تعالى وبركاته...
اولا احى الدكتور الخلوق د.خالد والذى تشرفت بلقائه واجريت عدة جلسات على يديه بخصوص حشوات الاسنان ...وبعد الله سبحانه وتعالى فقد احسست بالفرق الكبير وتم علاجى والحمد لله...
كطبيب تهمنى الاجراءات التى تتعلق بالتعقيم ولقد لاحظت اهتمامه بهذا الجانب حماية للطبيب والمريض.
لكل ذلك ارسلت ابنتى وزوجتى
لزيارة د.خالد..
الشكر موصول للمساعدة والتى ظلت تبذل الجهد الكبير اثناء العلاج.
والشكر ايضا لموظف الاستقبال ذلك الرجل المهذب الهادئ...
جزاكم الله كل خير
حفظكم الله ووفقكم لخدمة العباد
عبدالله محمد الحاج
استشارى النساء والتوليد
السودان.",5,,,عِيادة أسنان,google_maps,"[""service"", ""cleanliness"", ""ambiance""]","{""service"": ""positive"", ""cleanliness"": ""positive"", ""ambiance"": ""positive""}"
5726,Do not be fooled by his reviews. By far the worst Dr. I have ever been to. Every time my husband and I had a question we got very rude replies. Has no clue about how to properly inform his patients of the IVF process. All he sees is dollar signs. After getting a second opinion do I know that I actually have a cyst in my ovaries. Didn't even do the first step which is an ultrasound. If I could give him 0 stars I would. Do not let this Dr. ruin you're IVF experience.,5,,,عيادة الخصوبة,google_maps,"[""food"", ""service"", ""ambiance""]","{""food"": ""negative"", ""service"": ""negative"", ""ambiance"": ""negative""}"
5740,هل المستشفى بتدي للمواليد الجدد الي مولودين في المستشفى لقاح فايروس الكبد الوبائي ولا لا عشان عايز اعرف ابني اخد التطعيم ولا لا لو بياخد اضغط على مفيد لو مش بياخد اضغط على غير مفيد لو ماتعرفش ونبي ماتدوسش حاجة,5,,,مستشفى,google_maps,"[""service""]","{""service"": ""negative""}"
5743,خدمه ممتازه جدا والمكان نظيف وجديد يفرق عن الاماكن اللي يحب يرتاح يجي عندهم الاستقبال ام علاء و محمد افضل ناس,5,,,فندق,google_maps,"[""service"", ""cleanliness"", ""ambiance""]","{""service"": ""positive"", ""cleanliness"": ""positive"", ""ambiance"": ""positive""}"
5747,ام على اطيب قلب وانسانه خدومه ومريحه احسن فندق من ناحية الامان والخدمه ونظيف جدا جدا ومو اواخر زيارة انشالله,5,,,فندق,google_maps,"[""service"", ""cleanliness"", ""ambiance""]","{""service"": ""positive"", ""cleanliness"": ""positive"", ""ambiance"": ""positive""}"
5762,‏شكرا للقائمين على هذه الضيافة خدمة متميزة ومكان نظيف وموقع جميل شكرا لكم,5,,,فندق,google_maps,"[""service"", ""cleanliness"", ""ambiance""]","{""service"": ""positive"", ""cleanliness"": ""positive"", ""ambiance"": ""positive""}"
5764,غرف جميلة جدا من نظافه وتعامل ام علا جدا رائع,5,,,فندق,google_maps,"[""service"", ""cleanliness"", ""ambiance""]","{""service"": ""positive"", ""cleanliness"": ""positive"", ""ambiance"": ""positive""}"
5770,مكان كويس الناس بصراحة محترمة وكباتن جدعان اوي بصراحة وشكرا علي مجهودهم معنا,5,,,صالة رياضة,google_maps,"[""service"", ""ambiance""]","{""service"": ""positive"", ""ambiance"": ""positive""}"
5774,المكان مريح نفسيا ونظيف وافضل حاجه وجود القرآن باستمرار,5,,,صالة رياضة,google_maps,"[""cleanliness"", ""ambiance""]","{""cleanliness"": ""positive"", ""ambiance"": ""positive""}"
5783,مكان كويس مدرب كويس جدا,5,,,صالة رياضة,google_maps,"[""service"", ""ambiance""]","{""service"": ""positive"", ""ambiance"": ""positive""}"
5789,"ما شاء الله تبارك الله دكتوره ممتازه جدا
انا عملت تنظيف +تلميع خدمه جميله والسعر كويس جدا تستاهل 10 نجوم",5,,,عِيادة أسنان,google_maps,"[""service""]","{""service"": ""positive""}"
5796,سويت اسنانى  جميلة ولون مظبوط وابتسامة جميلة الله يسعدك دكتورتى ودائما زباينك يارب من اليمن الجميلة,5,,,عِيادة أسنان,google_maps,"[""service"", ""ambiance""]","{""service"": ""positive"", ""ambiance"": ""positive""}"
5806,"مشاءالله والله فعلا انقذت الدكتورة ضروسي شافت تسوسات  في الضروس اكبر دكتور في مصر ماكان يتوقعها
انا اصلا ما كنت مصدق إللى شفته
الله يباركلك دكتورة نهى ويزيدك خبرة وعلم
حتى التركيب ماشاء الله الزيركون طبيعى الشكل واللون
تسلم ايدك",5,,,عِيادة أسنان,google_maps,"[""service""]","{""service"": ""positive""}"
5810,مكان ممتاذ جدااا والاكل جاامد اوي,5,,,كافيه,google_maps,"[""food"", ""ambiance""]","{""food"": ""positive"", ""ambiance"": ""positive""}"
5817,افضل كافيه ومطعم في التجمع . اجواء جميله جداً 👌👌👌,5,,,كافيه,google_maps,"[""ambiance""]","{""ambiance"": ""positive""}"
5826,مكان شيك جدا والمأكولات والمشروبات ممتازه و الخدمه ممتازه جدا والاداره وجميع العاملين حاجه فى منتهى الروعه,5,,,كافيه,google_maps,"[""service"", ""ambiance""]","{""service"": ""positive"", ""ambiance"": ""positive""}"
5830,"اسوء صيدلية عملت اوردر اون لاين تاخير لحد 3 ساعات ونص لحد دلوقتي وماجاش لسه وكلمتهم اكتر من مره يقولي هنستعجله وهنخلي الفرع يتواصل ولا اي حد بيتصل وفالاخر يقولي الاوردر بتاع شركة التامين بيكون من 3 ساعات ل 4 ع الرغم الموافقه بتاعت الشركة دي بتيجي بسرعه جدا
يعني طفله عندها سخنيه وتعبانه جدا يتاخر كل ده لحد مايجيلي
ودي مش اول مره دايما حتي لو اوردر كاش نفس الكلام آخر تعامل ان شاء الله
ومانصحش حد بالتعامل معاهم
تحديث بعد ساعه إلا ربع اتصل تاني يقولي ف مشكله ف الفرع مافيش مندوب يوصل دلوقتي ف هيتاخر لسه اكتر
فعلا حسبي الله ونعم الوكيل ف كل واحد مستهتر ومش مقدر ان ده علاج لطفلة",5,,,صيدلية,google_maps,"[""service"", ""delivery""]","{""service"": ""negative"", ""delivery"": ""negative""}"
5836,مركز للتسوق رائع,5,,,سوبرماركت,google_maps,"[""general""]","{""general"": ""positive""}"
5847,"جامد جدا وامان جدا كانك في بيتك
مكان محترم وهاي كواليتي😍",5,,,صالة رياضة,google_maps,"[""service"", ""ambiance""]","{""service"": ""positive"", ""ambiance"": ""positive""}"
5849,جيد جدا,5,,,صالة رياضة,google_maps,"[""general""]","{""general"": ""positive""}"
5857,"المركز الطبي الإنجيلي بالقاهرة ..
مركز جميل ومنظم ونظيف ومرتب جداً، لكنه يحتاج للقليل من الإهتمام من القائمين علي أمره بالصيانة والترتيب ومراجعة بعض التفاصيل بالمبني.",5,,,مستشفى,google_maps,"[""service"", ""cleanliness"", ""ambiance""]","{""service"": ""positive"", ""cleanliness"": ""positive"", ""ambiance"": ""positive""}"
5885,مشاء الله عياده جميله اوي و دكتور شاطر و ممتاز اوي و المعامله,5,,,عِيادة أسنان,google_maps,"[""service""]","{""service"": ""positive""}"
5892,بجد بجد انتي رائعه من غير الچيل بتاعك مقدرش أعيش😍حقيقي كل حاجه في المكان حلوه اوي ودايما امشي مبسوطه من عندك بجد شكرا يا مارينا ❤️🌹🫶😘🥰,5,,,صالون تجميل,google_maps,"[""service"", ""ambiance""]","{""service"": ""positive"", ""ambiance"": ""positive""}"
5894,شغلهم بالشع حلو مره شعري صعب بسرعه ينفش ضبطه لي و الرموش جميله,5,,,صالون تجميل,google_maps,"[""service""]","{""service"": ""positive""}"
5904,خدمة فوق الممتازة في كل حاجة عملت شعرى واظافرى وكانت احلي مرة اعمل فيها بصراحة انصح كل الناس بالصالون شكرا بيبو ومارينا,5,,,صالون تجميل,google_maps,"[""service""]","{""service"": ""positive""}"
5908,صالون جميل,5,,,صالون تجميل,google_maps,"[""general""]","{""general"": ""positive""}"
5910,جيد والطاقم مميز,5,,,صالون تجميل,google_maps,"[""general""]","{""general"": ""positive""}"
5926,مكان جيدا جدا في البيتزا,5,,,مطعم بيتزا,google_maps,"[""food""]","{""food"": ""positive""}"
5927,بيتزا الزعيم احسن بيتزا في مصر,5,,,مطعم بيتزا,google_maps,"[""food""]","{""food"": ""positive""}"
5928,البيتزا طعم ممتاز👍👏,5,,,مطعم بيتزا,google_maps,"[""food"", ""general""]","{""food"": ""positive"", ""general"": ""positive""}"
5929,بيتزا تشيكن بارب كيو راءعه جدا بسعر ممتاز,5,,,مطعم بيتزا,google_maps,"[""food""]","{""food"": ""positive""}"
5931,"بسم الله ماشاء الله افضل واحسن بيتزا كلتها فى
😋😋❤️ حياتى",5,,,مطعم بيتزا,google_maps,"[""food""]","{""food"": ""positive""}"
5933,تجربه ممتاز ولاكل تحفه,5,,,مطعم بيتزا,google_maps,"[""food""]","{""food"": ""positive""}"
5936,البيتزا روعه,5,,,مطعم بيتزا,google_maps,"[""general""]","{""general"": ""positive""}"
5937,تسلم ايدك ممتاز,5,,,مطعم بيتزا,google_maps,"[""general""]","{""general"": ""positive""}"
5949,مكان جامد بجد الخدمه ممتازه و المكان كويس جدا,5,,,كافيه,google_maps,"[""service"", ""ambiance""]","{""service"": ""positive"", ""ambiance"": ""positive""}"
5950,الشيشة والقعدة حلوة اوي اوي اوي,5,,,كافيه,google_maps,"[""service"", ""ambiance""]","{""service"": ""positive"", ""ambiance"": ""positive""}"
5972,جيد,5,,,سوبرماركت,google_maps,"[""general""]","{""general"": ""positive""}"
5993,بجد تحفهه والمكان نضيف,5,,,مطعم,google_maps,"[""service"", ""cleanliness"", ""ambiance""]","{""service"": ""positive"", ""cleanliness"": ""positive"", ""ambiance"": ""positive""}"
5997,طعم ممتاز,5,,,مطعم,google_maps,"[""general""]","{""general"": ""positive""}"
5998,ولا اديلو ولا نجمه انا طلبت اوردر عشان انا في المستشفي قالي أن المكان بعيد والفرق بين المكان اللي انا فيه والمكان اللي المطعم فيه 13دقيقه بالظبط  ازي يعني يرفض هو فاتح عشان يختار الزبون ولا ايه مش فاهمه,5,,,مطعم,google_maps,"[""food"", ""service"", ""ambiance""]","{""food"": ""negative"", ""service"": ""negative"", ""ambiance"": ""negative""}"
6000,ممتاز ومن افضل المطاعم,5,,,مطعم,google_maps,"[""food""]","{""food"": ""positive""}"
6004,أطعم بيتزا في عابدين ❤️,5,,,مطعم,google_maps,"[""food""]","{""food"": ""positive""}"
6007,ممتاز,5,,,مطعم,google_maps,"[""general""]","{""general"": ""positive""}"
6009,الاكل تحفه والخدمة ممتازة والمعامله ذوق جدا والاسعار مش غاليه خالص ربنا يبارك في رزقكم دايما,5,,,مطعم مأكولات مشوية,google_maps,"[""food"", ""service"", ""price"", ""ambiance""]","{""food"": ""positive"", ""service"": ""positive"", ""price"": ""positive"", ""ambiance"": ""positive""}"
6012,الطعم و الخامات ممتازه .بصراحه ما اكلتش اكل حلو كده من فتره كبيره,5,,,مطعم مأكولات مشوية,google_maps,"[""food""]","{""food"": ""positive""}"
6016,"مطعم جميل.
والاكل. فوق. الممتاز",5,,,مطعم مأكولات مشوية,google_maps,"[""food"", ""ambiance""]","{""food"": ""positive"", ""ambiance"": ""positive""}"
6020,اكثر من رائع,5,,,مطعم مأكولات مشوية,google_maps,"[""general""]","{""general"": ""positive""}"
6033,جيد جدا ومختلف,5,,,متجر ملابس حريمي,google_maps,"[""general""]","{""general"": ""positive""}"
6052,جميل جدا تسلم الايادي على المجهود الرائع في إحضار الاكل والشرب كل من يريد شئ والخدمه غوق الامتياز والجودة العالية في كل الأصناف التي اتخذتها داخل المطعم ... اشكرك على هذا المجهود الرائع,5,,,مطعم مأكولات مشوية,google_maps,"[""food"", ""service"", ""ambiance""]","{""food"": ""positive"", ""service"": ""positive"", ""ambiance"": ""positive""}"
6055,اكلة كويس اسعارة غالية,5,,,مطعم مأكولات مشوية,google_maps,"[""price""]","{""price"": ""negative""}"
6056,طعم ممتاز,5,,,مطعم مأكولات مشوية,google_maps,"[""general""]","{""general"": ""positive""}"
6057,ممتاز,5,,,مطعم مأكولات مشوية,google_maps,"[""general""]","{""general"": ""positive""}"
6069,احلى مطعم,5,,,مطعم فلافل,google_maps,"[""general""]","{""general"": ""positive""}"
6076,مطعم ممتاذ,5,,,مطعم فلافل,google_maps,"[""general""]","{""general"": ""positive""}"
6096,طعم الأكل فوق الممتاز,5,,,مطعم مأكولات مشوية,google_maps,"[""food""]","{""food"": ""positive""}"
6100,مطعم محترم وفعلا الاكل جميل واللحمه والكفته بلدى وروعه تسلم ايدك والله وان شاء تكرر كتير,5,,,مطعم مأكولات مشوية,google_maps,"[""food"", ""service"", ""ambiance""]","{""food"": ""positive"", ""service"": ""positive"", ""ambiance"": ""positive""}"
6117,مطعم جميل,5,,,مطعم,google_maps,"[""general""]","{""general"": ""positive""}"
6119,جميل,5,,,فندق,google_maps,"[""ambiance"", ""general""]","{""ambiance"": ""positive"", ""general"": ""positive""}"
6138,ممتاز,5,,,مطعم مأكولات مشوية,google_maps,"[""general""]","{""general"": ""positive""}"
6139,"خدمة عملاء اسوأ ما يكون .. بنتصل محدش بيرد.. الاكل جه حمضان ولما كلمناهم قالك هنبدله ولحد بعدها ب ٥ ساعات ولا اي حاجة حصلت. ونكلمهم ميردوش
فللاسف المكان اصبح عبء على الواحد انه يطلب منه حاجة",5,,,مطعم مأكولات مشوية,google_maps,"[""food"", ""service"", ""ambiance""]","{""food"": ""negative"", ""service"": ""negative"", ""ambiance"": ""negative""}"
6141,الأكل جيد جدا والأجواء مريحه,5,,,مطعم مأكولات مشوية,google_maps,"[""food"", ""ambiance""]","{""food"": ""positive"", ""ambiance"": ""positive""}"
6143,جيد جدا,5,,,مطعم مأكولات مشوية,google_maps,"[""general""]","{""general"": ""positive""}"
6154,حسب تجربتي الشخصيه أنصح الجميع بالتعامل مع عيادة دياموند وتحديدا فريق العمل الطبي وعلى رأسهم الدكتور محمد طلعت فقد كانوا على أعلى مستوى من المهنيه والاحتراف في العمل تحقيقا لأعلى مستويات النظافه ودقة العمل والمواعيد رغم تقدم وتعقيد حالتي المرضيه إلا أن النتائج كانت مبهره بفضل الله سبحانه وتعالى ثم مجهودات فريق العمل الطبي ذو الامكانيات الفنيه العالميه والخلق الرفيع,5,,,عِيادة أسنان,google_maps,"[""service"", ""cleanliness"", ""ambiance""]","{""service"": ""positive"", ""cleanliness"": ""positive"", ""ambiance"": ""positive""}"
6158,خدمه ممتازه و سريعه والاطباء علي اعلي مستوي,5,,,عِيادة أسنان,google_maps,"[""service""]","{""service"": ""positive""}"
6162,عيادة محترمة جدا والدكاترة محترفين بجد والشغل كويس جدا جدا من احسن العيادات الي دخلتها,5,,,عِيادة أسنان,google_maps,"[""service"", ""cleanliness""]","{""service"": ""positive"", ""cleanliness"": ""positive""}"
6172,مكان جيد,5,,,صيدلية,google_maps,"[""general""]","{""general"": ""positive""}"
6175,ممتاز,5,,,مطعم فلافل,google_maps,"[""general""]","{""general"": ""positive""}"
6180,"If I could’ve given this place zero stars I would’ve. This place is so unhygienic and unsafe. I’ve been getting laser here for over a year. The lady who does laser has changed in that time. The current woman is highly unprofessional and extremely lazy. She doesn’t map out the body like any professional would with lines she just does any garbage and waste your money. She also doesn’t have the basic education and hygiene awareness to wear gloves when touching your body. Like an idiot this woman was not paying attention and my labia during a Brazilian and said nothing. She shouldn’t be doing this job. She’s highly unqualified and will lead to injury. Also, the laser itself is extremely old and has not had any maintenance on it. It’s falling apart and looks disgusting. I’ve had 12 sessions and I’ve stopped having any improvements. They’re using burnt out laser and charging full price. Avoid this place they don’t do business ethically or hygienically.",5,,,مركز طبي,google_maps,"[""service"", ""price"", ""cleanliness"", ""ambiance""]","{""service"": ""negative"", ""price"": ""negative"", ""cleanliness"": ""negative"", ""ambiance"": ""negative""}"
6200,د.بيشوي شاطر ماشاء الله والعيادة نضيفة وبيهتموا بالتعقيم,5,,,عِيادة أسنان,google_maps,"[""service"", ""cleanliness""]","{""service"": ""positive"", ""cleanliness"": ""positive""}"
6208,من احسن دكاترة الاسنان في مصر اهتمام بالنظافة وموقع ممتاز واسعار كويسة جدا مواعيدة مظبوطة جدا 👍🏼👍🏼👌,5,,,عِيادة أسنان,google_maps,"[""service"", ""price"", ""cleanliness""]","{""service"": ""positive"", ""price"": ""positive"", ""cleanliness"": ""positive""}"
6217,جيدة تعاون ممتاز,5,,,عيادة طبية,google_maps,"[""general""]","{""general"": ""positive""}"
6226,تمام,5,,,food_delivery,play_store,"[""general""]","{""general"": ""positive""}"
6231,جميل,5,,,food_delivery,play_store,"[""general""]","{""general"": ""positive""}"
6245,ممتاز,5,,,food_delivery,play_store,"[""general""]","{""general"": ""positive""}"
6261,ممتاز,5,,,food_delivery,play_store,"[""general""]","{""general"": ""positive""}"
6268,تطبيق فاشل لا يقبل التسجيل ولا الدخول,5,,,food_delivery,play_store,"[""app_experience""]","{""app_experience"": ""negative""}"
6271,سئ جدا المطعم طلب ديبوزت وطلبت المطعم يتواصل معايا عشان نكسب وقت وللاسف خدمه عملاء الابلكيشن ضيعت نص ساعه وفي الاخر عاوزني هستني ساعه كأني لسه طالب الاوردر ولما موافقتش لغو الاوردر,5,,,food_delivery,play_store,"[""service"", ""delivery"", ""app_experience""]","{""service"": ""negative"", ""delivery"": ""negative"", ""app_experience"": ""negative""}"
6273,ممتاز,5,,,food_delivery,play_store,"[""general""]","{""general"": ""positive""}"
6274,خدمة عملاء ممتازة,5,,,food_delivery,play_store,"[""service"", ""general""]","{""service"": ""positive"", ""general"": ""positive""}"
6276,كثير مطاعم مش موجودة في التطبيق او لا تعمل، بيهتموش ابدا بتعديلات على الطلب,5,,,food_delivery,play_store,"[""app_experience""]","{""app_experience"": ""negative""}"
6277,جيد,5,,,food_delivery,play_store,"[""general""]","{""general"": ""positive""}"
6282,جميل جدا,5,,,food_delivery,play_store,"[""general""]","{""general"": ""positive""}"
6289,اسوء ابلكيشن مفيش مره اطلب اوردر وف اهتمام ولا يوصل مشفتش اسوء من كده,5,,,food_delivery,play_store,"[""app_experience""]","{""app_experience"": ""negative""}"
6291,ممتاز,5,,,food_delivery,play_store,"[""general""]","{""general"": ""positive""}"
6294,سئ جدا .. تأخير في الاوردر اكتر من ساعتين .. و لما كلمت الدعم لقيت متسحل عندهم اوردر تاني خالص و اتلغي الاوردر .. اخر مرة اتعامل معاهم,5,,,food_delivery,play_store,"[""service"", ""delivery"", ""app_experience""]","{""service"": ""negative"", ""delivery"": ""negative"", ""app_experience"": ""negative""}"
6300,ممتاز,5,,,food_delivery,play_store,"[""general""]","{""general"": ""positive""}"
6301,ممتاز,5,,,food_delivery,play_store,"[""general""]","{""general"": ""positive""}"
6314,ممتاز,5,,,food_delivery,play_store,"[""general""]","{""general"": ""positive""}"
6321,ممتاز,5,,,food_delivery,play_store,"[""general""]","{""general"": ""positive""}"
6322,ازبل تطبيق لا خدمة العملاء ولا احترام للعميل بجد تطبيق مكانه سلة الزبالة,5,,,food_delivery,play_store,"[""service"", ""app_experience""]","{""service"": ""negative"", ""app_experience"": ""negative""}"
6325,ممتاز,5,,,food_delivery,play_store,"[""general""]","{""general"": ""positive""}"
6332,تمام,5,,,food_delivery,play_store,"[""general""]","{""general"": ""positive""}"
6334,التطبيق لا يعمل,5,,,food_delivery,play_store,"[""app_experience""]","{""app_experience"": ""negative""}"
6337,ممتاز,5,,,food_delivery,play_store,"[""general""]","{""general"": ""positive""}"
6341,اسوء برنامج واسوء اكل بيجى منه ومش بيردو ولا بيبدلو الاكل,5,,,food_delivery,play_store,"[""app_experience""]","{""app_experience"": ""negative""}"
6342,ادارة الابلكيشن لا يستجيبوا للمشاكل ولا يلزمهم العميل أسوء تعامل,5,,,food_delivery,play_store,"[""service"", ""app_experience""]","{""service"": ""negative"", ""app_experience"": ""negative""}"
6349,حلو,5,,,food_delivery,play_store,"[""general""]","{""general"": ""positive""}"
6350,جميل,5,,,food_delivery,play_store,"[""general""]","{""general"": ""positive""}"
6353,حقيقي تجربه ممتازه,5,,,food_delivery,play_store,"[""general""]","{""general"": ""positive""}"
6355,ممتاز,5,,,food_delivery,play_store,"[""general""]","{""general"": ""positive""}"
6358,ابلكيشن سخيف الاختيارات مش واضحه,5,,,food_delivery,play_store,"[""app_experience""]","{""app_experience"": ""negative""}"
6360,كويس جدا,5,,,food_delivery,play_store,"[""general""]","{""general"": ""positive""}"
6362,جميل,5,,,food_delivery,play_store,"[""general""]","{""general"": ""positive""}"
6364,تطبيق سيئ جدا وبيتاخرو جدا في التوصيل,5,,,food_delivery,play_store,"[""delivery"", ""app_experience""]","{""delivery"": ""negative"", ""app_experience"": ""negative""}"
6373,لغيت اورور في ساعتها متأخرتش دقيقة واحدة و مرضيش يلغي الاوردر و بعدها حاولت اتواصل مع خدمة العملاء لاقيت ان ملهمش رقم و بعت رسالة على الابلكيشن ماستفتدتش حاجة يعني ايه مايبقاش في إلغاء للاوردر في ساعتها مش فاهمة,5,,,food_delivery,play_store,"[""service"", ""delivery"", ""app_experience""]","{""service"": ""negative"", ""delivery"": ""negative"", ""app_experience"": ""negative""}"
6374,الخدمات سيئه جدا وفقدت المصدقيه في الاسعار وخدمة العملاء بتاعت الابلكشين سيئه و ناس زباله ومفيش خبره ولازم يتقفل الابلكشين,5,,,food_delivery,play_store,"[""service"", ""price"", ""app_experience""]","{""service"": ""negative"", ""price"": ""negative"", ""app_experience"": ""negative""}"
6386,ممتاز بجد احسن من طلبات,5,,,food_delivery,play_store,"[""general""]","{""general"": ""positive""}"
6388,جيدة,5,,,food_delivery,play_store,"[""general""]","{""general"": ""positive""}"
6390,تطبيق نصاب حراميه خصمو مبلغ من حساب الفيزا بدون وجه حق انصح الجميع بعدم اضافة كارت الفيزا على التطبيق ده وعدم استخدام التطبيق والله حراميه,5,,,food_delivery,play_store,"[""app_experience""]","{""app_experience"": ""negative""}"
6391,حلو,5,,,food_delivery,play_store,"[""general""]","{""general"": ""positive""}"
6392,سرعة التوصيل سيء جدا,5,,,food_delivery,play_store,"[""delivery""]","{""delivery"": ""negative""}"
6393,التطبيق سي لا يعمل لاانصح تحميل البرنامج,5,,,food_delivery,play_store,"[""app_experience""]","{""app_experience"": ""negative""}"
6396,ممتاز,5,,,food_delivery,play_store,"[""general""]","{""general"": ""positive""}"
6398,برنامج سئ جدا عند تحديد الموقع لا يتم تحديد الموقع,5,,,food_delivery,play_store,"[""app_experience""]","{""app_experience"": ""negative""}"
6401,تطبيق سئ جدا,5,,,food_delivery,play_store,"[""app_experience"", ""general""]","{""app_experience"": ""negative"", ""general"": ""negative""}"
6404,عند طلب الاوردر او اضافتة اوردر الى السلة يخرج تلقائيا من التطبيق نعيد الكرة من اول وجديد ويخرج مرة اخرى ولا يمكن ان يتم استخدام التطييق ابدا,5,,,food_delivery,play_store,"[""delivery"", ""app_experience""]","{""delivery"": ""negative"", ""app_experience"": ""negative""}"
6410,جميل جداً جداً,5,,,food_delivery,play_store,"[""general""]","{""general"": ""positive""}"
6414,جميل جدا,5,,,food_delivery,play_store,"[""general""]","{""general"": ""positive""}"
6426,التطبيق غير واضح ومتلخبط جداااا غير جيد,5,,,food_delivery,play_store,"[""app_experience""]","{""app_experience"": ""negative""}"
6437,تطبيق جميل في عروض كتيره,5,,,food_delivery,play_store,"[""app_experience""]","{""app_experience"": ""positive""}"
6441,التطبيق سهل الاستخدام ولكن المطاعم المشتركة غير جيدة وعند الشكوى من مطعم لايتم التعامل بجدية مع هذه الشكوى كما تفعل تطبيقات اخرى يجب تحديث خدمة العملاء لتكون اكثر فاعلية,5,,,food_delivery,play_store,"[""service"", ""app_experience""]","{""service"": ""negative"", ""app_experience"": ""negative""}"
6444,جميل جدا,5,,,food_delivery,play_store,"[""general""]","{""general"": ""positive""}"
6446,ممتازجدا,5,,,food_delivery,play_store,"[""general""]","{""general"": ""positive""}"
6453,جيد,5,,,food_delivery,play_store,"[""general""]","{""general"": ""positive""}"
6462,الابليكشن مدمر خالص ومحتاج ابديت لكل حاجة ... ابقي لسه مكنثل الاوردر واعمل اوردر جديد من نفس المطعم يقولي المطعم ده مش بيقبل اون لاين .. ومطاعم بتبقي جنب بيتي اجي اعمل اوردر منها يقولي المطعم ده مش بيوصل لمنطقتك..... لازم ابديت للابليكشن من الالف للياء,5,,,food_delivery,play_store,"[""service"", ""delivery"", ""app_experience""]","{""service"": ""negative"", ""delivery"": ""negative"", ""app_experience"": ""negative""}"
6468,حلو,5,,,food_delivery,play_store,"[""general""]","{""general"": ""positive""}"
6479,ممتاز,5,,,food_delivery,play_store,"[""general""]","{""general"": ""positive""}"
6485,احلي تطبيق وفريق الخدمه جميل جداً جداً 🤍انا جايه من طرف منعش😂🤍,5,,,food_delivery,play_store,"[""app_experience""]","{""app_experience"": ""positive""}"
6488,تطبيق سئ جداً,5,,,food_delivery,play_store,"[""app_experience""]","{""app_experience"": ""negative""}"
6498,ابلكيشن سئ جدا عند حدوث مشكله فنيه او مشكله في التوصيل ...الخ لا يوجد حل,5,,,food_delivery,play_store,"[""app_experience""]","{""app_experience"": ""negative""}"
6500,الا ول كان جميل دلوقتي وحش جدا تتطلب الاوردر وبعد ما يتقبل وتقعد تستناه بالساعة والاتنين وفي الاخر المطعم يرفضوا ومبررات اصل في حاجة ناقصة كل مرة نفس المطعم فيه حاجة ناقصة وحتي لو غيرت المطعم يقولك برضو في حاجة ناقصة شوف مطعم هو انا بشحت دة اية الأسلوب الغير محترم وراقي دة المفروض أنه تطبيق محترم ومطاعم محترمة دة المفروض انا عن نفسي فعلا مش هطلب من عندكم تاني ابدا اسوء تجربة,5,,,food_delivery,play_store,"[""service"", ""app_experience""]","{""service"": ""negative"", ""app_experience"": ""negative""}"
6527,في البداية عند طلب الطعام كان هناك خصومات وعروض تحفز التعامل ومع مرور الوقت اختفت للاسف ولذلك ارجو البقاء على راحة العملاء كما عهدناكم وعندم التراجع ومن أجل ذلك لم اضع خمسة نجوم ، ارضاء العميل وثقته بكم تمنحكم خمسة نجوم والقرار لكم. للاسف سرعة في التراجع في الخدمات مع اعلانات خصم وتوصيل جميعها وهمية تراجع مستمر للاسف التراجع هدية كريم في عيد الفطر للاسف وكول سنتر لا يجيب ٣/٤/٢٠٢٤ اشد الندم مرة اخرى لاستخدامي التطبيق للاسف. تم خصم اشتراك 3 دنانير وللاسف بيتزا القيصر غير موجود,5,,,transport,play_store,"[""service"", ""price"", ""app_experience""]","{""service"": ""negative"", ""price"": ""negative"", ""app_experience"": ""negative""}"
6532,ممتاز,5,,,transport,play_store,"[""general""]","{""general"": ""positive""}"
6533,الاسعار غاليه بالتطبيق,5,,,transport,play_store,"[""price""]","{""price"": ""negative""}"
6535,هو البرنامج كريم واوبر رخيص في السعر ولا غالي ارجو الرد,5,,,transport,play_store,"[""price"", ""app_experience""]","{""price"": ""negative"", ""app_experience"": ""negative""}"
6538,ممتازة,5,,,transport,play_store,"[""general""]","{""general"": ""positive""}"
6542,تطبيق فاشل للغاية لانصح به,5,,,transport,play_store,"[""app_experience""]","{""app_experience"": ""negative""}"
6543,اسوء حاجة,5,,,transport,play_store,"[""general""]","{""general"": ""negative""}"
6547,ممتاز,5,,,transport,play_store,"[""general""]","{""general"": ""positive""}"
6553,ممتاز,5,,,transport,play_store,"[""general""]","{""general"": ""positive""}"
6559,جيد,5,,,transport,play_store,"[""general""]","{""general"": ""positive""}"
6564,متنطون السائق حقه في الدفع الالكتروني و التطبيق بي مشاكل و شكد يشتكون و متتصلح👎🏻,5,,,transport,play_store,"[""app_experience""]","{""app_experience"": ""negative""}"
6565,تطبيق معقد ولا يعمل زفت,5,,,transport,play_store,"[""app_experience""]","{""app_experience"": ""negative""}"
6574,غالي و اسعار مبالغه,5,,,transport,play_store,"[""price""]","{""price"": ""negative""}"
6576,التطبيق يقوم باخذ الأموال من البطاقه البنكيه مع ان المحفظه فيها أموال التطبيق يتحكم في البطاقه البنكيه ويتصرف كيف يشاء الحذر من التطبيق,5,,,transport,play_store,"[""app_experience""]","{""app_experience"": ""negative""}"
6579,تجربة ممتاز,5,,,transport,play_store,"[""general""]","{""general"": ""positive""}"
6580,اسوأ تطبيق,5,,,transport,play_store,"[""app_experience""]","{""app_experience"": ""negative""}"
6585,ممتاز,5,,,transport,play_store,"[""general""]","{""general"": ""positive""}"
6588,جميل جداء,5,,,transport,play_store,"[""general""]","{""general"": ""positive""}"
6596,ممتاز,5,,,transport,play_store,"[""general""]","{""general"": ""positive""}"
6599,غالي نفس سعر الاجرة,5,,,transport,play_store,"[""price""]","{""price"": ""negative""}"
6602,ممتاز,5,,,transport,play_store,"[""general""]","{""general"": ""positive""}"
6603,رخيص وجميل,5,,,transport,play_store,"[""general""]","{""general"": ""positive""}"
6605,للأسف تطبيق كنت افكر انا تأمن له في المال اشتركت كريم بلص لمده ٦ أشهر ومحفظتي في مبلغ لكن للأسف تفاجئت اليوم تم حظر حسابي على اي اساس راح الاشتراك وقيمته والمحفظه التي فيها حساب لي للأسف اخذوهم يمكن زكاه مال باي حق تحضرني وتأخذ اشتراك انا دافعه ومحفظه فيها نقود وليش تحضر الحساب سياسه فاشله للأسف شو ما كان السبب لايحق لك حظر حسابي انت المفروض تطبيق لخدمتنا وندفع مقابل ذلك اذهب الى تطبيق طلبات مستحيل يحضر الحساب لان حظر الحساب انت تخسر تعامل الزبائن للاسف شكوتي عندك بالمسنجر مع رقم الهاتف,5,,,transport,play_store,"[""service"", ""price"", ""app_experience""]","{""service"": ""negative"", ""price"": ""negative"", ""app_experience"": ""negative""}"
6608,ممتمزه,5,,,transport,play_store,"[""general""]","{""general"": ""positive""}"
6614,خدمة عملاء سيئة جدا,5,,,transport,play_store,"[""service""]","{""service"": ""negative""}"
6615,قبل التحديث الاخير كان التطبيق اسهل للاستخدام,5,,,transport,play_store,"[""app_experience""]","{""app_experience"": ""negative""}"
6618,الاسعار أصبح مبالغ بيها رحلة ما تاخذ وقت 5 دقايق ياخد أجرة 4 الالف إضافة ان يتأخر كلش لحد ما يحصل كابتن,5,,,transport,play_store,"[""service"", ""price"", ""app_experience""]","{""service"": ""negative"", ""price"": ""negative"", ""app_experience"": ""negative""}"
6623,اسعار مرتفعة,5,,,transport,play_store,"[""price"", ""general""]","{""price"": ""negative"", ""general"": ""positive""}"
6628,ممتاز,5,,,transport,play_store,"[""general""]","{""general"": ""positive""}"
6631,ممتاز,5,,,transport,play_store,"[""general""]","{""general"": ""positive""}"
6632,جميلة,5,,,transport,play_store,"[""general""]","{""general"": ""positive""}"
6640,اواجه مشكله بالتطبيق لاستطيع ان اطلب مشوار لأن علي سداد مبلغ لو تخلوه زي تطبيق المبلغ السداد يوضع بالمحفظه وبسدد الطلب في المره القادمه حتى سداد مشوار السابق مو موجود بخدمة، كريم,5,,,transport,play_store,"[""service"", ""price"", ""app_experience""]","{""service"": ""negative"", ""price"": ""negative"", ""app_experience"": ""negative""}"
6644,سافرت الى السعودية و رجعت الى الاردن و حاولت التسجيل عدة مرات فى التطبيق و لم يفتح وصلني ايميل بانه تم حظر حسابي و انا عميل و لم الغى اي رحلة من وقت ان انضميت الى كريم ، ممكن اعرف سبب الحظر,5,,,transport,play_store,"[""service"", ""app_experience""]","{""service"": ""negative"", ""app_experience"": ""negative""}"
6652,تجربه حلوة وكل الكابتن محترم والله يرزق هم من حيث لا يعلمون تطبيق حلو وسريع وراقي جدآ,5,,,transport,play_store,"[""service"", ""app_experience""]","{""service"": ""positive"", ""app_experience"": ""positive""}"
6665,مميز,5,,,transport,play_store,"[""general""]","{""general"": ""positive""}"
6668,ممتاز,5,,,transport,play_store,"[""general""]","{""general"": ""positive""}"
6671,غالي اسعار جدا مبالغة,5,,,transport,play_store,"[""price""]","{""price"": ""negative""}"
6687,تطبيق سئ جدا وبيتأخر,5,,,transport,play_store,"[""app_experience""]","{""app_experience"": ""negative""}"
6693,تطبيق رائع وفريق عمل رائع .احب هذا التطبيق واستخدمته في اكثر من دولة,5,,,transport,play_store,"[""app_experience""]","{""app_experience"": ""positive""}"
6694,ممتاز,5,,,transport,play_store,"[""general""]","{""general"": ""positive""}"
6698,ممتاز,5,,,transport,play_store,"[""general""]","{""general"": ""positive""}"
6704,ممتازة,5,,,transport,play_store,"[""general""]","{""general"": ""positive""}"
6707,شكرا,5,,,transport,play_store,"[""general""]","{""general"": ""positive""}"
6709,تمام,5,,,transport,play_store,"[""general""]","{""general"": ""positive""}"
6711,التطبيق مش شغال من الصبح وبعدين مش لاقيه على الجهاز ايه السبب حد يرد عليا,5,,,transport,play_store,"[""app_experience""]","{""app_experience"": ""negative""}"
6713,التطبيق لا يعمل ؟,5,,,transport,play_store,"[""app_experience""]","{""app_experience"": ""negative""}"
6718,ممتاز,5,,,transport,play_store,"[""general""]","{""general"": ""positive""}"
6719,شكرا على جهودكم,5,,,transport,play_store,"[""general""]","{""general"": ""positive""}"
6720,تم التحديث بتاريخ 5 فبراير 2026 ومن وقتها التطبيق لا يفتح تعديل: قمت بحذف التطبيق وإعادة تنزليه ففتح,5,,,transport,play_store,"[""app_experience""]","{""app_experience"": ""negative""}"
6724,ممتاز,5,,,transport,play_store,"[""general""]","{""general"": ""positive""}"
6730,التطبيق لا يعمل ما السبب,5,,,transport,play_store,"[""app_experience""]","{""app_experience"": ""negative""}"
6731,سئ جدا التطبيق معلق,5,,,transport,play_store,"[""app_experience""]","{""app_experience"": ""negative""}"
6733,تجربة جيده,5,,,transport,play_store,"[""general""]","{""general"": ""positive""}"
6739,شركة محترمة,5,,,transport,play_store,"[""general""]","{""general"": ""positive""}"
6744,ممتاز,5,,,transport,play_store,"[""general""]","{""general"": ""positive""}"
6747,رائع ومميز,5,,,transport,play_store,"[""general""]","{""general"": ""positive""}"
6748,ممتاز,5,,,transport,play_store,"[""general""]","{""general"": ""positive""}"
6750,جيد,5,,,transport,play_store,"[""general""]","{""general"": ""positive""}"
6756,جيد,5,,,transport,play_store,"[""general""]","{""general"": ""positive""}"
6759,للاسف اوسخ تجربة لن تتكرر تطبيق قذر ونصابين وبيعتمدو على شوية سائقين لصوص يفتح قبل ما يوصلك ومايوصلش اصلا تقريبا بيروح رحلة على تطبيق تاني انا ركبت رحلة في داخل مدينتي ٣ك متر دفعني ٢٥٢ وقالي التطبيق جايب حساب قديم عليك مش عارف ازاي احاول اتصل بخدمة مفيش عندهم خدمة عملاء نهائي غير رسايل وإن كان عجبك او اخبط دماغك في الحيط,5,,,transport,play_store,"[""service"", ""app_experience""]","{""service"": ""negative"", ""app_experience"": ""negative""}"
6765,تطبيق ممتاز جداً,5,,,transport,play_store,"[""app_experience""]","{""app_experience"": ""positive""}"
6766,ممتاز,5,,,transport,play_store,"[""general""]","{""general"": ""positive""}"
6768,ممتاز,5,,,transport,play_store,"[""general""]","{""general"": ""positive""}"
6770,ممتاز,5,,,transport,play_store,"[""general""]","{""general"": ""positive""}"
6772,لقد كانت تجربه سيئه جدا لأن التطبيق يعطي الحق للسائق بأن يلغي الرحله ومع ذلك يستقطع المبلغ من الراكب في أي قانون تطبق العدالة فقط على الراكب اين وجه الحق بهذا الموضوع,5,,,transport,play_store,"[""service"", ""app_experience""]","{""service"": ""negative"", ""app_experience"": ""negative""}"
6776,أكثر من رائع,5,,,transport,play_store,"[""general""]","{""general"": ""positive""}"
6778,ممتاز😃,5,,,transport,play_store,"[""general""]","{""general"": ""positive""}"
6784,لقد اشترك في خدمة مشاوير المدرسة، وقد تم خصم المبلغ مني، ولكن لم يتم جدولة الخدمة، ولا اذا بغيت اطلب الخدمة لازم ادفع مره اخرى، مع العلم اني دفعت مبلغ ٢٠ رحله، ما يقارب ١٥٠٠ درهم.,5,,,transport,play_store,"[""service"", ""price"", ""app_experience""]","{""service"": ""negative"", ""price"": ""negative"", ""app_experience"": ""negative""}"
6789,تطبيق فاشل وسائقي تاكسي ساقوم بالغائه والغاء حسابي فيه,5,,,transport,play_store,"[""app_experience""]","{""app_experience"": ""negative""}"
6796,جيد جدا,5,,,transport,play_store,"[""general""]","{""general"": ""positive""}"
6802,جميل,5,,,transport,play_store,"[""general""]","{""general"": ""positive""}"
6805,تطبيق سئ جدا,5,,,transport,play_store,"[""app_experience""]","{""app_experience"": ""negative""}"
6807,جيد,5,,,transport,play_store,"[""general""]","{""general"": ""positive""}"
6809,ممتاز,5,,,transport,play_store,"[""general""]","{""general"": ""positive""}"
6810,جميل,5,,,transport,play_store,"[""general""]","{""general"": ""positive""}"
6813,جيدة جدا,5,,,transport,play_store,"[""general""]","{""general"": ""positive""}"
6818,ممتاز,5,,,transport,play_store,"[""general""]","{""general"": ""positive""}"
6822,ممتاز,5,,,transport,play_store,"[""general""]","{""general"": ""positive""}"
6823,ممتاز جدأ,5,,,transport,play_store,"[""general""]","{""general"": ""positive""}"
6826,شكرا,5,,,transport,play_store,"[""general""]","{""general"": ""positive""}"
6827,كويسه,5,,,transport,play_store,"[""general""]","{""general"": ""positive""}"
6830,جيدة جدا,5,,,transport,play_store,"[""general""]","{""general"": ""positive""}"
6831,جميل,5,,,transport,play_store,"[""general""]","{""general"": ""positive""}"
6832,محترم,5,,,transport,play_store,"[""general""]","{""general"": ""positive""}"
6835,جيدة,5,,,transport,play_store,"[""general""]","{""general"": ""positive""}"
6844,حلو,5,,,transport,play_store,"[""general""]","{""general"": ""positive""}"
6848,ما انصح فيو اسعار مبالغ فيها و المواقع غلط,5,,,transport,play_store,"[""price""]","{""price"": ""negative""}"
6850,شكراً اوبر,5,,,transport,play_store,"[""general""]","{""general"": ""positive""}"
6853,شكراً جزيلاً,5,,,transport,play_store,"[""general""]","{""general"": ""positive""}"
6854,ممتار,5,,,transport,play_store,"[""general""]","{""general"": ""positive""}"
6856,ممتاز,5,,,transport,play_store,"[""general""]","{""general"": ""positive""}"
6859,حلو حلو حلو,5,,,transport,play_store,"[""general""]","{""general"": ""positive""}"
6860,جيد جداً,5,,,transport,play_store,"[""general""]","{""general"": ""positive""}"
6865,ممتاز,5,,,transport,play_store,"[""general""]","{""general"": ""positive""}"
6866,ممتازة,5,,,transport,play_store,"[""general""]","{""general"": ""positive""}"
6867,تجربه رائعة,5,,,transport,play_store,"[""general""]","{""general"": ""positive""}"
6868,ممتاز,5,,,transport,play_store,"[""general""]","{""general"": ""positive""}"
6871,إنسان محترم,5,,,transport,play_store,"[""general""]","{""general"": ""positive""}"
6872,جميل,5,,,transport,play_store,"[""general""]","{""general"": ""positive""}"
6873,ممتازه,5,,,transport,play_store,"[""general""]","{""general"": ""positive""}"
6878,جميل,5,,,transport,play_store,"[""general""]","{""general"": ""positive""}"
6881,حلو,5,,,transport,play_store,"[""general""]","{""general"": ""positive""}"
6891,ممتازو,5,,,transport,play_store,"[""general""]","{""general"": ""positive""}"
6893,جيد جدا,5,,,transport,play_store,"[""general""]","{""general"": ""positive""}"
6895,تطبيق ممتاز وسهل الاستخدام,5,,,transport,play_store,"[""app_experience""]","{""app_experience"": ""positive""}"
6904,ممتاز,5,,,transport,play_store,"[""general""]","{""general"": ""positive""}"
6908,ممتاز,5,,,transport,play_store,"[""general""]","{""general"": ""positive""}"
6911,حلو,5,,,transport,play_store,"[""general""]","{""general"": ""positive""}"
6912,جميل جدا,5,,,transport,play_store,"[""general""]","{""general"": ""positive""}"
6915,ممتاز,5,,,transport,play_store,"[""general""]","{""general"": ""positive""}"
6916,الاسعار غير مناسبه,5,,,transport,play_store,"[""price""]","{""price"": ""negative""}"
6921,ممتاز,5,,,transport,play_store,"[""general""]","{""general"": ""positive""}"
6922,جميل وممتاز,5,,,transport,play_store,"[""general""]","{""general"": ""positive""}"
6923,جميل جدا,5,,,transport,play_store,"[""general""]","{""general"": ""positive""}"
6926,ممتاز وارشحه للأصدقاء,5,,,transport,play_store,"[""general""]","{""general"": ""positive""}"
6929,تطبيق سئ يعرض سعر ثم تتفاجئ بسعر اخر,5,,,transport,play_store,"[""price"", ""app_experience""]","{""price"": ""negative"", ""app_experience"": ""negative""}"
6931,جيدة,5,,,transport,play_store,"[""general""]","{""general"": ""positive""}"
6932,جيد,5,,,transport,play_store,"[""general""]","{""general"": ""positive""}"
6933,ممتاذه,5,,,transport,play_store,"[""general""]","{""general"": ""positive""}"
6935,بصراحه والله العظيم افضل تطبيق متوفرين سواقين محترمين,5,,,transport,play_store,"[""service"", ""app_experience""]","{""service"": ""positive"", ""app_experience"": ""positive""}"
6936,ممتاز جداً,5,,,transport,play_store,"[""general""]","{""general"": ""positive""}"
6937,ممتاز,5,,,transport,play_store,"[""general""]","{""general"": ""positive""}"
6944,ممتاز,5,,,transport,play_store,"[""general""]","{""general"": ""positive""}"
6947,ممتاز,5,,,transport,play_store,"[""general""]","{""general"": ""positive""}"
6949,جيد,5,,,transport,play_store,"[""general""]","{""general"": ""positive""}"
6953,جيد جدا,5,,,transport,play_store,"[""general""]","{""general"": ""positive""}"
6954,ممتاز,5,,,transport,play_store,"[""general""]","{""general"": ""positive""}"
6955,تطبيق ممتاز,5,,,transport,play_store,"[""app_experience""]","{""app_experience"": ""positive""}"
6956,تمام سهل الاستخدام,5,,,transport,play_store,"[""general""]","{""general"": ""positive""}"
6964,ممتاز,5,,,transport,play_store,"[""general""]","{""general"": ""positive""}"
6966,التجربه جميله وسهله,5,,,transport,play_store,"[""general""]","{""general"": ""positive""}"
6968,جيد جداً,5,,,transport,play_store,"[""general""]","{""general"": ""positive""}"
6974,كانت تجربة مميزة,5,,,transport,play_store,"[""general""]","{""general"": ""positive""}"
6975,جميل,5,,,transport,play_store,"[""general""]","{""general"": ""positive""}"
6976,راجل محترم,5,,,transport,play_store,"[""general""]","{""general"": ""positive""}"
6977,ممتاز,5,,,transport,play_store,"[""general""]","{""general"": ""positive""}"
6979,كان سعر ولما وصلت سعر تاني,5,,,transport,play_store,"[""price""]","{""price"": ""negative""}"
6981,ممتاز,5,,,transport,play_store,"[""general""]","{""general"": ""positive""}"
6982,احسن طبييق اوبر,5,,,transport,play_store,"[""general""]","{""general"": ""positive""}"
6984,افضل تطبيق,5,,,transport,play_store,"[""app_experience""]","{""app_experience"": ""positive""}"
6987,حلوه جداً,5,,,transport,play_store,"[""general""]","{""general"": ""positive""}"
6989,ممتاز,5,,,transport,play_store,"[""general""]","{""general"": ""positive""}"
6991,ممتازة,5,,,transport,play_store,"[""general""]","{""general"": ""positive""}"
6995,ممتازه. الف شكر,5,,,transport,play_store,"[""general""]","{""general"": ""positive""}"
7000,روعة,5,,,transport,play_store,"[""general""]","{""general"": ""positive""}"
7004,جميل ومميز,5,,,transport,play_store,"[""general""]","{""general"": ""positive""}"
7005,اكثر من الرائع شكراً انصح الجميع بتحميل التطبيق سهل الاستخدام وسريع,5,,,transport,play_store,"[""app_experience""]","{""app_experience"": ""positive""}"
7008,ممتاز,5,,,transport,play_store,"[""general""]","{""general"": ""positive""}"
7009,ممتاز,5,,,transport,play_store,"[""general""]","{""general"": ""positive""}"
7010,ممتاز,5,,,transport,play_store,"[""general""]","{""general"": ""positive""}"
7016,ممتازة,5,,,transport,play_store,"[""general""]","{""general"": ""positive""}"
7017,ممتاز و شكراً لكم,5,,,transport,play_store,"[""service"", ""general""]","{""service"": ""positive"", ""general"": ""positive""}"
7022,ممتاز,5,,,transport,play_store,"[""general""]","{""general"": ""positive""}"
7027,حلوه,5,,,transport,play_store,"[""general""]","{""general"": ""positive""}"
7030,ممتاز,5,,,transport,play_store,"[""general""]","{""general"": ""positive""}"
7032,ممتاز,5,,,transport,play_store,"[""general""]","{""general"": ""positive""}"
7034,ممتاز,5,,,transport,play_store,"[""general""]","{""general"": ""positive""}"
7035,ممتز,5,,,transport,play_store,"[""general""]","{""general"": ""positive""}"
7039,رائعة جدا,5,,,transport,play_store,"[""general""]","{""general"": ""positive""}"
7045,ممتاز,5,,,transport,play_store,"[""general""]","{""general"": ""positive""}"
7046,جميل,5,,,transport,play_store,"[""general""]","{""general"": ""positive""}"
7047,تطبيق رائع جداً,5,,,transport,play_store,"[""app_experience""]","{""app_experience"": ""positive""}"
7048,تجربة رائعة,5,,,transport,play_store,"[""general""]","{""general"": ""positive""}"
7052,جيدة,5,,,transport,play_store,"[""general""]","{""general"": ""positive""}"
7054,شكرا,5,,,transport,play_store,"[""general""]","{""general"": ""positive""}"
7055,ممتاز,5,,,transport,play_store,"[""general""]","{""general"": ""positive""}"
7057,جميل واسعار حلوه,5,,,transport,play_store,"[""price"", ""general""]","{""price"": ""positive"", ""general"": ""positive""}"
7058,ممتازة,5,,,transport,play_store,"[""general""]","{""general"": ""positive""}"
7059,ممتازة,5,,,transport,play_store,"[""general""]","{""general"": ""positive""}"
7065,محترم وخدمة ممتازة,5,,,transport,play_store,"[""service"", ""general""]","{""service"": ""positive"", ""general"": ""positive""}"
7067,واقل من نجمه .. بكل مره اخلي الدفع بالبطاقه يحجزون مبالغ علي ولاهي اول مره . تطبيق فاشل ونصب واحتيال عيني عينك.. مشوار ب ١٩ تحجز علي مبلغ ٤٠ ريال وتسحبه من حسابي ليه ياحراميه؟,5,,,transport,play_store,"[""service"", ""price"", ""app_experience""]","{""service"": ""negative"", ""price"": ""negative"", ""app_experience"": ""negative""}"
7071,ممتاز,5,,,transport,play_store,"[""general""]","{""general"": ""positive""}"
7074,حلوه,5,,,transport,play_store,"[""general""]","{""general"": ""positive""}"
7076,ممتازة,5,,,transport,play_store,"[""general""]","{""general"": ""positive""}"
7081,ممتازة,5,,,transport,play_store,"[""general""]","{""general"": ""positive""}"
7083,ممتازة,5,,,transport,play_store,"[""general""]","{""general"": ""positive""}"
7084,ممتازة,5,,,transport,play_store,"[""general""]","{""general"": ""positive""}"
7085,كابتن محترم وممتاز,5,,,transport,play_store,"[""general""]","{""general"": ""positive""}"
7086,جيد ومريح,5,,,transport,play_store,"[""general""]","{""general"": ""positive""}"
7087,عروض جميله ❤️,5,,,transport,play_store,"[""general""]","{""general"": ""positive""}"
7094,"اسوء منتجات واسوء خدمة عملاء ومش بتحل مشاكل ولا حد بيحل مشكله بيحاول يفرض المنتج عليك بالعافيه دا شغل نصب وسرقه اسوء ابلكيشن هو نون I had a very bad experience with the Noon application. The products quality is poor and the customer service is even worse. When problems happen, no one takes responsibility or tries to solve the issue properly. Instead of helping the customer, they try to force the product on you and close the complaint without a real solution. This kind of behavior feels very",5,,,ecommerce,play_store,"[""service"", ""price"", ""app_experience""]","{""service"": ""negative"", ""price"": ""negative"", ""app_experience"": ""negative""}"
7097,ممتاز,5,,,ecommerce,play_store,"[""general""]","{""general"": ""positive""}"
7101,جميل,5,,,ecommerce,play_store,"[""general""]","{""general"": ""positive""}"
7105,ممتاز,5,,,ecommerce,play_store,"[""general""]","{""general"": ""positive""}"
7113,ممتاز,5,,,ecommerce,play_store,"[""general""]","{""general"": ""positive""}"
7119,جميل,5,,,ecommerce,play_store,"[""general""]","{""general"": ""positive""}"
7121,تطبيق رائع,5,,,ecommerce,play_store,"[""app_experience""]","{""app_experience"": ""positive""}"
7123,ممتاز,5,,,ecommerce,play_store,"[""general""]","{""general"": ""positive""}"
7128,متجر أكثر من رائع,5,,,ecommerce,play_store,"[""general""]","{""general"": ""positive""}"
7131,ممتاز,5,,,ecommerce,play_store,"[""general""]","{""general"": ""positive""}"
7152,ممتاز,5,,,ecommerce,play_store,"[""general""]","{""general"": ""positive""}"
7160,ممتاز,5,,,ecommerce,play_store,"[""general""]","{""general"": ""positive""}"
7171,ممتاز,5,,,ecommerce,play_store,"[""general""]","{""general"": ""positive""}"
7172,ممتاز,5,,,ecommerce,play_store,"[""general""]","{""general"": ""positive""}"
7179,ممتاز,5,,,ecommerce,play_store,"[""general""]","{""general"": ""positive""}"
7188,ممتاز,5,,,ecommerce,play_store,"[""general""]","{""general"": ""positive""}"
7189,ممتاز,5,,,ecommerce,play_store,"[""general""]","{""general"": ""positive""}"
7198,ممتاز,5,,,ecommerce,play_store,"[""general""]","{""general"": ""positive""}"
7200,تطبيق جميل جدا وعملى,5,,,ecommerce,play_store,"[""app_experience""]","{""app_experience"": ""positive""}"
7205,ممتاز,5,,,ecommerce,play_store,"[""general""]","{""general"": ""positive""}"
7212,ممتاز,5,,,ecommerce,play_store,"[""general""]","{""general"": ""positive""}"
7218,جميل,5,,,ecommerce,play_store,"[""general""]","{""general"": ""positive""}"
7222,ممتاز,5,,,ecommerce,play_store,"[""general""]","{""general"": ""positive""}"
7224,ممتاز,5,,,ecommerce,play_store,"[""general""]","{""general"": ""positive""}"
7225,ممتاز,5,,,ecommerce,play_store,"[""general""]","{""general"": ""positive""}"
7226,ممتاز,5,,,ecommerce,play_store,"[""general""]","{""general"": ""positive""}"
7227,ممتاز,5,,,ecommerce,play_store,"[""general""]","{""general"": ""positive""}"
7228,التطبيق سئ جدا كان معايا قسيمة استخدمتها و ظهر عندي أنها شغالة راجعت الطلب لقيت القسيمة مش شغالة كلمت الدعم مردش غير لما الاوردر وصل و تعامل المندوب كان قمة في السوء و قلة الأدب انصحكم لا تشتروا من هذا التطبيق,5,,,ecommerce,play_store,"[""service"", ""delivery"", ""app_experience""]","{""service"": ""negative"", ""delivery"": ""negative"", ""app_experience"": ""negative""}"
7236,ممتاز,5,,,ecommerce,play_store,"[""general""]","{""general"": ""positive""}"
7243,ممتاز,5,,,ecommerce,play_store,"[""general""]","{""general"": ""positive""}"
7250,ممتاز,5,,,ecommerce,play_store,"[""general""]","{""general"": ""positive""}"
7252,ممتاز,5,,,ecommerce,play_store,"[""general""]","{""general"": ""positive""}"
7267,جميل جدا,5,,,ecommerce,play_store,"[""general""]","{""general"": ""positive""}"
7273,ممتاز,5,,,ecommerce,play_store,"[""general""]","{""general"": ""positive""}"
7274,ممتاز,5,,,ecommerce,play_store,"[""general""]","{""general"": ""positive""}"
7278,ممتاز,5,,,ecommerce,play_store,"[""general""]","{""general"": ""positive""}"
7283,ممتاز,5,,,ecommerce,play_store,"[""general""]","{""general"": ""positive""}"
7284,ممتاز,5,,,ecommerce,play_store,"[""general""]","{""general"": ""positive""}"
7288,جميل جدا وأمن,5,,,ecommerce,play_store,"[""general""]","{""general"": ""positive""}"
7290,ممتاز,5,,,ecommerce,play_store,"[""general""]","{""general"": ""positive""}"
7296,ممتاز,5,,,ecommerce,play_store,"[""general""]","{""general"": ""positive""}"
7305,جيد جدا,5,,,ecommerce,play_store,"[""general""]","{""general"": ""positive""}"
7308,ممتاز,5,,,ecommerce,play_store,"[""general""]","{""general"": ""positive""}"
7316,جميل,5,,,ecommerce,play_store,"[""general""]","{""general"": ""positive""}"
7321,ممتاز,5,,,ecommerce,play_store,"[""general""]","{""general"": ""positive""}"
7327,ممتاز,5,,,ecommerce,play_store,"[""general""]","{""general"": ""positive""}"
7335,تطبيق ممتاز,5,,,ecommerce,play_store,"[""app_experience""]","{""app_experience"": ""positive""}"
7341,ممتاز,5,,,ecommerce,play_store,"[""general""]","{""general"": ""positive""}"
7342,ممتاز,5,,,ecommerce,play_store,"[""general""]","{""general"": ""positive""}"
7347,شكرا لكم تجربه ممتازه,5,,,ecommerce,play_store,"[""general""]","{""general"": ""positive""}"
7353,جميل وممتاز,5,,,ecommerce,play_store,"[""general""]","{""general"": ""positive""}"
7363,تطبيق محترم جدا وسهل,5,,,ecommerce,play_store,"[""app_experience""]","{""app_experience"": ""positive""}"
7366,ممتاز,5,,,ecommerce,play_store,"[""general""]","{""general"": ""positive""}"
7369,تطبيق رائع,5,,,ecommerce,play_store,"[""app_experience""]","{""app_experience"": ""positive""}"
7370,ممتاز,5,,,ecommerce,play_store,"[""general""]","{""general"": ""positive""}"
7381,جيد جدا,5,,,ecommerce,play_store,"[""general""]","{""general"": ""positive""}"
7388,ممتاز,5,,,ecommerce,play_store,"[""general""]","{""general"": ""positive""}"
7390,ممتاز,5,,,ecommerce,play_store,"[""general""]","{""general"": ""positive""}"
7391,جيد جدا,5,,,ecommerce,play_store,"[""general""]","{""general"": ""positive""}"
7395,ممتاز لحين الانتهاء,5,,,ecommerce,play_store,"[""general""]","{""general"": ""positive""}"
7399,ممتاز,5,,,ecommerce,play_store,"[""general""]","{""general"": ""positive""}"
7403,ممتاز,5,,,ecommerce,play_store,"[""general""]","{""general"": ""positive""}"
7408,ممتاز,5,,,ecommerce,play_store,"[""general""]","{""general"": ""positive""}"
7413,جميل,5,,,ecommerce,play_store,"[""general""]","{""general"": ""positive""}"
7415,ممتاز,5,,,ecommerce,play_store,"[""general""]","{""general"": ""positive""}"
7419,ممتاز,5,,,ecommerce,play_store,"[""general""]","{""general"": ""positive""}"
7420,ممتاز,5,,,ecommerce,play_store,"[""general""]","{""general"": ""positive""}"
7430,ممتاز,5,,,ecommerce,play_store,"[""general""]","{""general"": ""positive""}"
7438,مندوب التوصيل اصبح سئ جدا والتواصل ضعيف جدا,5,,,ecommerce,play_store,"[""delivery""]","{""delivery"": ""negative""}"
7443,ممتاز,5,,,ecommerce,play_store,"[""general""]","{""general"": ""positive""}"
7444,ممتاز,5,,,ecommerce,play_store,"[""general""]","{""general"": ""positive""}"
7446,جميل جداً,5,,,ecommerce,play_store,"[""general""]","{""general"": ""positive""}"
7463,ممتاز,5,,,ecommerce,play_store,"[""general""]","{""general"": ""positive""}"
7466,ممتاز,5,,,ecommerce,play_store,"[""general""]","{""general"": ""positive""}"
7476,ممتاز,5,,,ecommerce,play_store,"[""general""]","{""general"": ""positive""}"
7478,جميل,5,,,ecommerce,play_store,"[""general""]","{""general"": ""positive""}"
7480,ممتاز,5,,,ecommerce,play_store,"[""general""]","{""general"": ""positive""}"
7484,ممتاز,5,,,ecommerce,play_store,"[""general""]","{""general"": ""positive""}"
7487,جميل,5,,,ecommerce,play_store,"[""general""]","{""general"": ""positive""}"
7493,تطبيق أقل من اقول عليه متواضع أقل تطبيق علي الانترنت في مصر بعد ما عملت الطلب وكونفرم علي المبلغ واستني ميعاد الاستلام واخد اليوم اجازه يجي يقول اسف جدا يا افندم انت اصلا مطلبتش ادخل اعمل الاوردر تاني مع أن طالب اللودر من خدمه العملاء اجي بكل هدوء امسك نفسي ومتعصبش عليها واجي اعمل الاوردر يكون زياده ٣٠٠٠ جنيه شركه زباله ومفيش اي مصداقيه الافضل بعدو عنه في بدائل كتير في نون أو امازون و كنز وغيره من التطبيقات المحترمه وشكرا.,5,,,ecommerce,play_store,"[""service"", ""delivery"", ""app_experience""]","{""service"": ""negative"", ""delivery"": ""negative"", ""app_experience"": ""negative""}"
7497,ممتاز,5,,,ecommerce,play_store,"[""general""]","{""general"": ""positive""}"
7501,ممتاز,5,,,ecommerce,play_store,"[""general""]","{""general"": ""positive""}"
7502,تطبيق رائع,5,,,ecommerce,play_store,"[""app_experience""]","{""app_experience"": ""positive""}"
7506,ممتاز,5,,,ecommerce,play_store,"[""general""]","{""general"": ""positive""}"
7508,ممتاز,5,,,ecommerce,play_store,"[""general""]","{""general"": ""positive""}"
7516,ممتاز,5,,,ecommerce,play_store,"[""general""]","{""general"": ""positive""}"
7520,ممتاز,5,,,ecommerce,play_store,"[""general""]","{""general"": ""positive""}"
7542,ممتاز,5,,,ecommerce,play_store,"[""general""]","{""general"": ""positive""}"
7544,ممتاز,5,,,ecommerce,play_store,"[""general""]","{""general"": ""positive""}"
7546,ممتاز,5,,,ecommerce,play_store,"[""general""]","{""general"": ""positive""}"
7558,ممتاز,5,,,ecommerce,play_store,"[""general""]","{""general"": ""positive""}"
7559,جميل جداً,5,,,ecommerce,play_store,"[""general""]","{""general"": ""positive""}"
7560,جميل جداً,5,,,ecommerce,play_store,"[""general""]","{""general"": ""positive""}"
7564,ابضن ماركت ممكن تشتري منه ف حياتك حرفيا الاوردر ممكن يفضل اسبوع عشان يجيلك بعكس امازون ونون الاوردر بيجي خلال يوم او يومين المفروض ان انا طالب اوردر من اسبوع كان هيوصل من يومين لحد دلواقتي موصلش اخر مرة تعامل ان شاء الله,5,,,ecommerce,play_store,"[""service"", ""delivery""]","{""service"": ""negative"", ""delivery"": ""negative""}"
7568,مع الاسف بقيتوا من سئ لاسوء الباكدجينج تبع المنتجات بقي سئ جدا جدا التوصيل بقي بيتأخر لخمس ايام واكتر مندوبين شحن سيئين لا اخلاق ولا احترام للعملاء إلا من رحم ربي طبعا ودول بقوا قليلين جدا لو في اقل من النجمه كنت اعطيتكم والله,5,,,ecommerce,play_store,"[""service"", ""delivery""]","{""service"": ""negative"", ""delivery"": ""negative""}"
7572,تطبيق ممتاز أنصح به كل الاصدقاء,5,,,ecommerce,play_store,"[""app_experience""]","{""app_experience"": ""positive""}"
7573,ممتاز,5,,,ecommerce,play_store,"[""general""]","{""general"": ""positive""}"
7575,ممتاز,5,,,ecommerce,play_store,"[""general""]","{""general"": ""positive""}"
7576,جوميا أصبحت سيئة جدا ولديها سيستم غريب في توصيل الطلبات تجعل مندوب الشحن يتلاعب بالطلبات . في جوميا ممكن مندوب الشحن يلغي الاوردر من عندة ويذكر السبب انك طلبت إلغاء الاوردر من غير ما حتي حد يكلمك وبعد فترة تفاجئ ان الاودر ملغي ومضطر تنتظر ١٤ يوم عشان الفلوس ترجعلك تاني لو كنت دافعت فيزا .. وبكدا بتكون تحت رحمت مندوب الشحن ممكن يلغي الاوردر لو مكانك بعيد او يتعامل معاك بوقاحة ومضطر تستحمله عشان ميلغيش الاوردر,5,,,ecommerce,play_store,"[""service"", ""delivery"", ""app_experience""]","{""service"": ""negative"", ""delivery"": ""negative"", ""app_experience"": ""negative""}"
7581,ممتاز,5,,,ecommerce,play_store,"[""general""]","{""general"": ""positive""}"
7597,ممتاز,5,,,ecommerce,play_store,"[""general""]","{""general"": ""positive""}"
7620,ممتاز,5,,,ecommerce,play_store,"[""general""]","{""general"": ""positive""}"
7628,ممتاز,5,,,ecommerce,play_store,"[""general""]","{""general"": ""positive""}"
7632,ممتاز,5,,,ecommerce,play_store,"[""general""]","{""general"": ""positive""}"
7639,ممتاز,5,,,ecommerce,play_store,"[""general""]","{""general"": ""positive""}"
7643,ممتاز,5,,,ecommerce,play_store,"[""general""]","{""general"": ""positive""}"
7647,ممتاز,5,,,ecommerce,play_store,"[""general""]","{""general"": ""positive""}"
7648,جميل,5,,,ecommerce,play_store,"[""general""]","{""general"": ""positive""}"
7654,ممتاز,5,,,ecommerce,play_store,"[""general""]","{""general"": ""positive""}"
7667,اول و اخر تجربة لي في امازون ، احتجت ٧ ايام عشان اعرف ان شحنتي حاتوصل بعد شهر او شهر ونص مع اني اتصلت عليهم بعد يومين من الطلب وقالي بتوصلك بعد يومين، و بعد الغيت الطلبية لي ٧ ايام مارجعو الفلوس للحين,5,,,ecommerce,play_store,"[""service"", ""delivery"", ""app_experience""]","{""service"": ""negative"", ""delivery"": ""negative"", ""app_experience"": ""negative""}"
7668,جميل,5,,,ecommerce,play_store,"[""general""]","{""general"": ""positive""}"
7670,ممتاز جدا رائع جداً انصح بتجربته,5,,,ecommerce,play_store,"[""general""]","{""general"": ""positive""}"
7675,جميل جدا,5,,,ecommerce,play_store,"[""general""]","{""general"": ""positive""}"
7687,تطبيق سئ جدا واسعاره مزيفه ولا يقبل الدفع الكاش,5,,,ecommerce,play_store,"[""price"", ""app_experience""]","{""price"": ""negative"", ""app_experience"": ""negative""}"
7701,ممتاز,5,,,ecommerce,play_store,"[""general""]","{""general"": ""positive""}"
7706,ممتاز,5,,,ecommerce,play_store,"[""general""]","{""general"": ""positive""}"
7710,اكيد الاسعار ممتازه 💯💯💯💯💯💯💯,5,,,ecommerce,play_store,"[""price"", ""general""]","{""price"": ""positive"", ""general"": ""positive""}"
7723,جيد جدا,5,,,ecommerce,play_store,"[""general""]","{""general"": ""positive""}"
7730,جميل,5,,,ecommerce,play_store,"[""general""]","{""general"": ""positive""}"
7734,تطبيق رائع وتوصيل سريع وجوده حلوه وفيه كل شي تتمنيه🌹 شكرا امازون على التوصيل المدهش بسرعته!!,5,,,ecommerce,play_store,"[""delivery"", ""app_experience""]","{""delivery"": ""positive"", ""app_experience"": ""positive""}"
7744,ممتاز,5,,,ecommerce,play_store,"[""general""]","{""general"": ""positive""}"
7755,تطبيق جيد وخدمه عملاء ممتاز,5,,,ecommerce,play_store,"[""app_experience""]","{""app_experience"": ""positive""}"
7756,ممتاز,5,,,ecommerce,play_store,"[""general""]","{""general"": ""positive""}"
7760,ممتاز,5,,,ecommerce,play_store,"[""general""]","{""general"": ""positive""}"
7766,ممتاز,5,,,ecommerce,play_store,"[""general""]","{""general"": ""positive""}"
7773,ممتاز,5,,,ecommerce,play_store,"[""general""]","{""general"": ""positive""}"
7780,جميل جدا,5,,,ecommerce,play_store,"[""general""]","{""general"": ""positive""}"
7782,ممتاز,5,,,ecommerce,play_store,"[""general""]","{""general"": ""positive""}"
7783,ممتاز,5,,,ecommerce,play_store,"[""general""]","{""general"": ""positive""}"
7803,جميل جدا,5,,,ecommerce,play_store,"[""general""]","{""general"": ""positive""}"
7804,ممتاز,5,,,ecommerce,play_store,"[""general""]","{""general"": ""positive""}"
7805,تطبيق سيئ جدا ... طلبت ناي و وصلني بدلا من الناي عصايا خشبية في كيس ... خدمة العملاء سيئة جدا وطريقتهم سيئة ودايما اذا طلبت منتج يوصل لك منتج اخر ... اسوأ تطبيق اجربه بحياتي,5,,,ecommerce,play_store,"[""service"", ""delivery"", ""app_experience""]","{""service"": ""negative"", ""delivery"": ""negative"", ""app_experience"": ""negative""}"
7809,ممتاز,5,,,ecommerce,play_store,"[""general""]","{""general"": ""positive""}"
7815,ممتاز,5,,,ecommerce,play_store,"[""general""]","{""general"": ""positive""}"
7822,ممتاز,5,,,ecommerce,play_store,"[""general""]","{""general"": ""positive""}"
7824,جميل,5,,,ecommerce,play_store,"[""general""]","{""general"": ""positive""}"
7832,ممتاز,5,,,ecommerce,play_store,"[""general""]","{""general"": ""positive""}"
7838,ممتاز,5,,,ecommerce,play_store,"[""general""]","{""general"": ""positive""}"
7844,أفضل التطبيقات للتسوق علي الأطلاق وبلا منازع. سرعة في الأداء والإستجابة والتنفيذ. جودة وخدمة التغليف. وسرعة الشحن ممتازة. خدمة توصيل قمة الأدب والذوق. خدمة عملاء أكثر من رائعة قمة الإحترام. شكراً جزيلا أمازون الرائدة وخدمة العملاء وجميع العاملين. فلكم مني جميعاً شكري وتحياتي.,5,,,ecommerce,play_store,"[""service"", ""delivery""]","{""service"": ""positive"", ""delivery"": ""positive""}"
7845,افضل تطبيق في العالم حلو جيدا في مميزات كتير❤️,5,,,ecommerce,play_store,"[""app_experience""]","{""app_experience"": ""positive""}"
7851,ممتاز,5,,,ecommerce,play_store,"[""general""]","{""general"": ""positive""}"
7855,ممتاز,5,,,ecommerce,play_store,"[""general""]","{""general"": ""positive""}"
7875,كانت تجربتي معهم مستقرة الى ان طلبت حامل معدني ثلاثي القوائم بطول 2.3 متر لافاجئ بانهم شحنوا المشبك وليس الحامل وكلمت خدمة العملاء ونصحوني باعادة الشراء لان الاستبدال سيتاخر حتى يصل المندوب لاستلامه وهذه عادتهم للاسف. ففعلت وطلبت منتج جديد فقامت الشركة بايقاف حسابي واتهموني بانني اتاجر في المنتج. وبعد ان استطعت اثبات براءتي لدى خدمة العملاء. ارسلوا الي حامل بخصم 150 لكنه وياللهراء وصل كسابقه. مشبك فقط. وهذه ثاني تجربة معهم حيث وصلني قبل ذلك مايك بلوتوث بدون المشبك. يبدو انها عادة وليست خطأ,5,,,ecommerce,play_store,"[""service"", ""delivery"", ""app_experience""]","{""service"": ""negative"", ""delivery"": ""negative"", ""app_experience"": ""negative""}"
7878,ممتاز,5,,,ecommerce,play_store,"[""general""]","{""general"": ""positive""}"
7886,ممتاز,5,,,ecommerce,play_store,"[""general""]","{""general"": ""positive""}"
7890,ممتاز,5,,,ecommerce,play_store,"[""general""]","{""general"": ""positive""}"
7899,ممتاز,5,,,ecommerce,play_store,"[""general""]","{""general"": ""positive""}"
7900,ممتاز,5,,,ecommerce,play_store,"[""general""]","{""general"": ""positive""}"
7904,💕😍جميل,5,,,ecommerce,play_store,"[""general""]","{""general"": ""positive""}"
7911,تطبيق روعة التسويق سهل جدا,5,,,ecommerce,play_store,"[""app_experience""]","{""app_experience"": ""positive""}"
7914,جميل جدا ومضمون,5,,,ecommerce,play_store,"[""general""]","{""general"": ""positive""}"
7920,ممتاز جداً,5,,,ecommerce,play_store,"[""general""]","{""general"": ""positive""}"
7927,ممتاز,5,,,ecommerce,play_store,"[""general""]","{""general"": ""positive""}"
7932,جيد جدا,5,,,ecommerce,play_store,"[""general""]","{""general"": ""positive""}"
7970,تطبيق ممتاز,5,,,ecommerce,play_store,"[""app_experience""]","{""app_experience"": ""positive""}"
7971,ممتاز,5,,,ecommerce,play_store,"[""general""]","{""general"": ""positive""}"
8068,جيد جدا,5,,,ecommerce,play_store,"[""general""]","{""general"": ""positive""}"
8105,تطبيق أكثر من رائع . أنصح به,5,,,ecommerce,play_store,"[""app_experience""]","{""app_experience"": ""positive""}"
8118,اتطبيق ممتاز,5,,,ecommerce,play_store,"[""general""]","{""general"": ""positive""}"
8161,ممتاز,5,,,ecommerce,play_store,"[""general""]","{""general"": ""positive""}"
8169,جميل,5,,,ecommerce,play_store,"[""general""]","{""general"": ""positive""}"
8179,برنامج جميل حقآ. .,5,,,ecommerce,play_store,"[""app_experience""]","{""app_experience"": ""positive""}"
8233,جيده جدا كان لدى مشكله في نشر الإعلان ثم بعد التواصل مع خدمة العملاء تم حل المشكله وتعويضى عن التأخيربتمييز اعلانى لمدة شهر,5,,,real_estate,play_store,"[""service"", ""app_experience""]","{""service"": ""negative"", ""app_experience"": ""negative""}"
8235,مش بيجيب الموقع كل ما أدخله يخرج لوحده وحش جدا محدش يستخدمه,5,,,real_estate,play_store,"[""app_experience""]","{""app_experience"": ""negative""}"
8237,جميل,5,,,real_estate,play_store,"[""general""]","{""general"": ""positive""}"
8238,جيد جدا,5,,,real_estate,play_store,"[""general""]","{""general"": ""positive""}"
8239,سئ جدا لا انصح بتحميله الموقع بيعلق كتير + مش بيظهر رقم المعلنين بعد اكتر من اعلان نجمه واحده كتيره عليه,5,,,real_estate,play_store,"[""app_experience""]","{""app_experience"": ""negative""}"
8243,التحديث الاخير زبالة يا جماعه بيعلق كتير جدا ومش باعرف اوصل للمالك ويقولى تم ارسال طلبك للمالك وهيكلمك ومحدش بيكلمنى وحاجه اخر زباله وعاملين اشتراك وفى الاخر ملوش اى ستين لازمه,5,,,real_estate,play_store,"[""app_experience""]","{""app_experience"": ""negative""}"
8253,ممتاز,5,,,real_estate,play_store,"[""general""]","{""general"": ""positive""}"
8254,لا يعمل و مش بيفتح,5,,,real_estate,play_store,"[""app_experience""]","{""app_experience"": ""negative""}"
8263,التطبيق فجاءه كل ما اشغلو يجبلي شاشه سوداء ومبيشتغلش والشاشة السوداء ثابته مسحت التطبيق ونزلتو اكتر من مره ولسه المشكله موجوده ارجو الرد وسرعه حل المشكلة من القائمين على التطبيق وشكرا جزيلا ،،,5,,,real_estate,play_store,"[""app_experience""]","{""app_experience"": ""negative""}"
8267,لقد قمت باضافة اعلان في منطقة من المناطق المدفوعة تحتاح لدفع 10.0 نقطة لنشر اعلانك. هذا ما وصلت إليه عن طريق الموقع,5,,,real_estate,play_store,"[""app_experience""]","{""app_experience"": ""negative""}"
8270,بصراحة افضل تطبيق عقارات في ٢٠٢٥ ♥️,5,,,real_estate,play_store,"[""app_experience""]","{""app_experience"": ""positive""}"
8273,التطبيق مش عايز يشتغل معايا اعمل ايه ومسحته ونزلته تاني ونفس الحكايه,5,,,real_estate,play_store,"[""app_experience""]","{""app_experience"": ""negative""}"
8280,تطبيق ممتاز,5,,,real_estate,play_store,"[""app_experience""]","{""app_experience"": ""positive""}"
8281,ابلكيشن حلو جدا و سهل التعامل معاه و بيسهل علينا جدا نوصل للكل اللي محتاجينه,5,,,real_estate,play_store,"[""app_experience""]","{""app_experience"": ""positive""}"
8286,تطبيق رائع و مفيد، ساعدنى كثيرا. شكرا لكم,5,,,real_estate,play_store,"[""app_experience""]","{""app_experience"": ""positive""}"
8290,الابليكشين حلو جدا,5,,,real_estate,play_store,"[""general""]","{""general"": ""positive""}"
8293,ابلكشن ممتاز وسهل جدا,5,,,real_estate,play_store,"[""app_experience""]","{""app_experience"": ""positive""}"
8317,جيد,5,,,real_estate,play_store,"[""general""]","{""general"": ""positive""}"
8331,ممتازة,5,,,real_estate,play_store,"[""general""]","{""general"": ""positive""}"
8333,اسوا خدمة عملاء لا يوجد حلول للمشكلات,5,,,real_estate,play_store,"[""service"", ""app_experience""]","{""service"": ""negative"", ""app_experience"": ""negative""}"
8346,التطبيق مش بيفتح وبيهنج بطيئ جدا في البحث وإضافة الاعلانات .زي الزفت,5,,,real_estate,play_store,"[""app_experience""]","{""app_experience"": ""negative""}"
8351,سي جدا ولا يعمل,5,,,real_estate,play_store,"[""app_experience""]","{""app_experience"": ""negative""}"
8360,البرنامج لا يعمل محرك الباحث واقف وتسجيل الدخول متعطل وكمان انشاء حساب برضو واقف,5,,,real_estate,play_store,"[""app_experience""]","{""app_experience"": ""negative""}"
8363,ممتاذ,5,,,real_estate,play_store,"[""general""]","{""general"": ""positive""}"
8368,التطبيق لا يعمل ولايمكن البحث فيه بعد التحديث الاخير,5,,,real_estate,play_store,"[""app_experience""]","{""app_experience"": ""negative""}"
8370,التطبيق اصبح سئ جدا ولا يفتح و ولايعرض بعد التحديثات..وتمت تجربته اكثر من مره والحال كما هو...,5,,,real_estate,play_store,"[""app_experience""]","{""app_experience"": ""negative""}"
8384,التطبيق سىء جدا لا يعمل,5,,,real_estate,play_store,"[""app_experience""]","{""app_experience"": ""negative""}"
8385,البرنامج أصبح سئ جدا كل مدوس اتصال علي صاحب المنشأة يقلي خطاء غير معروف ياريت تحلو المشكله في اسرع وقت,5,,,real_estate,play_store,"[""app_experience""]","{""app_experience"": ""negative""}"
8386,سيء جدا مش بيجمع وكله بقي انجليزي,5,,,real_estate,play_store,"[""app_experience""]","{""app_experience"": ""negative""}"
8387,البرنامج كان فى الماضي ممتاز الان فاشل جدا لايعمل ويتم الموافقه على الاعلان متأخرة جدا بعد مايتم البيع لا يستحق الان ولا نجمة,5,,,real_estate,play_store,"[""app_experience""]","{""app_experience"": ""negative""}"
8388,التطبيق للاسف لا يقوم بتحميل الصور,5,,,real_estate,play_store,"[""app_experience""]","{""app_experience"": ""negative""}"
8389,تمام,5,,,real_estate,play_store,"[""general""]","{""general"": ""positive""}"
8390,البرنامج لا يعمل لا يسجل دخول لا يبحث عطل في قاعدة البيانات,5,,,real_estate,play_store,"[""app_experience""]","{""app_experience"": ""negative""}"
8396,تطبيق زباله كل شويه لازم تمسحه وتنزله,5,,,real_estate,play_store,"[""app_experience""]","{""app_experience"": ""negative""}"
8397,تطبيق فاشل بكل المعايير,5,,,real_estate,play_store,"[""app_experience""]","{""app_experience"": ""negative""}"
8399,البرنامج تم تحميله وعمل منشور ولكن يصعب عليا تحميل الصور حاولت كتير يقولي فعل اذن الصور ولكن في الضبط لا يوجد اذن للصور يوجد فقط الهاتف والاشعارات والموقع الجغرافي,5,,,real_estate,play_store,"[""app_experience""]","{""app_experience"": ""negative""}"
8404,دفعت ثمن اعلان 114 ولم يتم العرض اعلان وتم حذف الحساب من برنامج . حسبي الله ونعم الوكيل,5,,,real_estate,play_store,"[""app_experience""]","{""app_experience"": ""negative""}"
8409,التطبيق يتوقف يوميا و لازم كل يوم أعيد أن تنزيله حتى يعمل,5,,,real_estate,play_store,"[""app_experience""]","{""app_experience"": ""negative""}"
8410,تجربة جيدة,5,,,real_estate,play_store,"[""general""]","{""general"": ""positive""}"
8412,ممتازة و يستحق 5ستار,5,,,real_estate,play_store,"[""app_experience""]","{""app_experience"": ""positive""}"
8422,التطبيق كويس جدا بس المشكله انه مره وحده مش بيشتغل ولازم كل فتره والتانيه تمسحه وتحمله تاني اعتقد ده ممكن يسبب عزوف الناس عن التطبيق والبحث عن تطبيقات تانيه,5,,,real_estate,play_store,"[""app_experience""]","{""app_experience"": ""negative""}"
8427,التطبيق جيد و لكن يحتاج الى ضبط اداة التقييم العقارى حيث كلما اردت معرفة سعر العقار تظهر رسالة حدث خطأ رجاء المحاولة لاحقا,5,,,real_estate,play_store,"[""app_experience""]","{""app_experience"": ""negative""}"
8428,تطبيق فوق الممتاز وفريق عمل رائع,5,,,real_estate,play_store,"[""app_experience""]","{""app_experience"": ""positive""}"
8431,Good frind,5,,,real_estate,play_store,"[""general""]","{""general"": ""positive""}"
8432,فيه مشكله في البرنامج بعد التحديث,5,,,real_estate,play_store,"[""app_experience""]","{""app_experience"": ""negative""}"
8457,تطبيق فاشل فاشل كلمة فاشل قليلة عليكم عملت اعلان ممول سرقتوني فيه نزل يومين واتمسح يا ولاد الوسخه، احب اقولكم غوروا في ستين داهيه النجمة دي علشان بس اقدر اكتب ال في قلبي يا لصوص تم الغاء التثبيت,5,,,real_estate,play_store,"[""app_experience""]","{""app_experience"": ""negative""}"
8466,موقع ممتاز,5,,,real_estate,play_store,"[""general""]","{""general"": ""positive""}"
8467,التطبيق كان ممتازوبعداستخدامى اسبوعين أصبح حاليازفت الزفت,5,,,real_estate,play_store,"[""app_experience""]","{""app_experience"": ""negative""}"
8468,سئ جدا ولا يمكنك اضافه اي اعلان,5,,,real_estate,play_store,"[""app_experience""]","{""app_experience"": ""negative""}"
8473,البرنامج بطي جدا اصلا غير أن مفيش طريقه لاستعادة كلمه المرور اصلا ولما بطلب اعاده تعيين مفيش رساله بتجيلي علي الايميل عشان اعمل باسورد جديد,5,,,real_estate,play_store,"[""app_experience""]","{""app_experience"": ""negative""}"
8487,برنامج رائع وموقع الكتروني ممتاز شكرا بجد على المجهود الطيب,5,,,real_estate,play_store,"[""app_experience""]","{""app_experience"": ""positive""}"
8489,تطبيق بطيئ علي ما يحمل تحس انك شغال علي ويندوز ٩٨,5,,,real_estate,play_store,"[""app_experience""]","{""app_experience"": ""negative""}"
8493,برنامج ممتاز وسهل جزاكم الله كل الخير وشكرا لكم,5,,,real_estate,play_store,"[""app_experience""]","{""app_experience"": ""positive""}"
8496,تطبيق اكبر من فاشل يطلع لواحد الضغط,5,,,real_estate,play_store,"[""app_experience""]","{""app_experience"": ""negative""}"
8506,تطبيق رائع,5,,,real_estate,play_store,"[""app_experience""]","{""app_experience"": ""positive""}"
8520,تطبيق ممتاز ورائع,5,,,real_estate,play_store,"[""app_experience""]","{""app_experience"": ""positive""}"
8525,تطبيق جميل جدا,5,,,real_estate,play_store,"[""app_experience""]","{""app_experience"": ""positive""}"
8540,تطبيق ممتاز شكرا على المجهود الرائع,5,,,real_estate,play_store,"[""app_experience""]","{""app_experience"": ""positive""}"
8542,التطبيق سئ مش مجانى لازم بالفلوس لا يستاهل ولا نجمة للاسف وضعت نجمة لإتاحة النشر,5,,,real_estate,play_store,"[""app_experience""]","{""app_experience"": ""negative""}"
8548,ما هو التطبيق،الذى يمنع الدخول على جوجل,5,,,real_estate,play_store,"[""app_experience""]","{""app_experience"": ""negative""}"
8549,برنامج سئ جدا حتى بعد مانزلت التحديث مبيطلعش نتاىج البحث 😲,5,,,real_estate,play_store,"[""app_experience""]","{""app_experience"": ""negative""}"
8550,تطبيق سيئ جدا,5,,,real_estate,play_store,"[""app_experience""]","{""app_experience"": ""negative""}"
8551,افضل تطبيق يستحق مليار نجمة للتسويق العقاري,5,,,real_estate,play_store,"[""app_experience""]","{""app_experience"": ""positive""}"
8561,االتطبيق جميل ومفيد ولكني تواجهني بعض المشاكل التطبيق حاليأ لا يفتح أكثر من ثلاث اعلانات بعد التحديث ارجووووو العمل علي اصلاح المشكلة,5,,,real_estate,play_store,"[""app_experience""]","{""app_experience"": ""negative""}"
8564,ممتاز بالتوفيق,5,,,real_estate,play_store,"[""general""]","{""general"": ""positive""}"
8569,اقسم بالله اسوء تطبيق شوفته في حياتي ، ولا يوجد اي مصداقيه,5,,,real_estate,play_store,"[""app_experience""]","{""app_experience"": ""negative""}"
8572,ممتاز جدا ومفيد,5,,,real_estate,play_store,"[""general""]","{""general"": ""positive""}"
8578,عملت إعلان مفيش ولا إتصال نسبه مشاهده ضعيفه جدا,5,,,real_estate,play_store,"[""app_experience""]","{""app_experience"": ""negative""}"
8579,البرنامج محتاج تحديث يواكب متطلبات لاكن استمراره بهذا الشكل غيرمفيذ!!؟؟,5,,,real_estate,play_store,"[""app_experience""]","{""app_experience"": ""negative""}"
8586,هو ليه الاعلان بفلوس بس !!!!!,5,,,real_estate,play_store,"[""price"", ""app_experience""]","{""price"": ""negative"", ""app_experience"": ""negative""}"
8592,برنامج ممتاز,5,,,real_estate,play_store,"[""app_experience""]","{""app_experience"": ""positive""}"
8604,اسوء تجربة في تطبيقات العقار,5,,,real_estate,play_store,"[""app_experience""]","{""app_experience"": ""negative""}"
8613,جيد جدااااا,5,,,real_estate,play_store,"[""general""]","{""general"": ""positive""}"
8614,تطبيق ممتاز جدا,5,,,real_estate,play_store,"[""app_experience""]","{""app_experience"": ""positive""}"
8617,تطبيق استغلال انصح بعدم التعامل معاه,5,,,real_estate,play_store,"[""app_experience""]","{""app_experience"": ""negative""}"
8629,ممتاز,5,,,entertainment,play_store,"[""general""]","{""general"": ""positive""}"
8630,برنامج جميل,5,,,entertainment,play_store,"[""app_experience"", ""general""]","{""app_experience"": ""positive"", ""general"": ""positive""}"
8641,تطبيق رائع رائع رائع يستاهل اكتر من خمس نجوم ⭐⭐⭐⭐⭐⭐⭐⭐,5,,,entertainment,play_store,"[""app_experience""]","{""app_experience"": ""positive""}"
8647,جميل 🌹,5,,,entertainment,play_store,"[""general""]","{""general"": ""positive""}"
8648,تطبيق رائع جداً,5,,,entertainment,play_store,"[""app_experience""]","{""app_experience"": ""positive""}"
8649,افضل برنامج لتشغيل الاغانى👍,5,,,entertainment,play_store,"[""app_experience""]","{""app_experience"": ""positive""}"
8652,ممتازة,5,,,entertainment,play_store,"[""general""]","{""general"": ""positive""}"
8672,حلو اوى,5,,,entertainment,play_store,"[""general""]","{""general"": ""positive""}"
8675,جميل ✓,5,,,entertainment,play_store,"[""general""]","{""general"": ""positive""}"
8690,جىد,5,,,entertainment,play_store,"[""general""]","{""general"": ""positive""}"
8713,برنامج جميل جدا جدا,5,,,entertainment,play_store,"[""app_experience""]","{""app_experience"": ""positive""}"
8716,لماذا التطبيق لا يفتح عندى ؟ فجأه لقيته معلق اليوم ولم اتمكن من فتحه ابدا اليوم فما المشكله؟,5,,,entertainment,play_store,"[""app_experience""]","{""app_experience"": ""negative""}"
8724,جميل جدا في قمة الروعة ❤️ 👍,5,,,entertainment,play_store,"[""general""]","{""general"": ""positive""}"
8726,جميل جداً,5,,,entertainment,play_store,"[""general""]","{""general"": ""positive""}"
8738,بحب هذا التطبيق ولكن لدي مشكله الان لم يفتح هذا التبيق الان,5,,,entertainment,play_store,"[""app_experience""]","{""app_experience"": ""negative""}"
8749,تمام 👌,5,,,entertainment,play_store,"[""general""]","{""general"": ""positive""}"
8762,تطبيق رائع على اسمه تطبيق انغامي وانا احب النغمة والموسيقى,5,,,entertainment,play_store,"[""app_experience""]","{""app_experience"": ""positive""}"
8764,جميل للغاية♥️✨,5,,,entertainment,play_store,"[""general""]","{""general"": ""positive""}"
8783,جميل 🙂,5,,,entertainment,play_store,"[""general""]","{""general"": ""positive""}"
8790,حلو,5,,,entertainment,play_store,"[""general""]","{""general"": ""positive""}"
8794,تطبيق ممتاز، يفوز بافضل تطبيق اغاني حملته انصح فيه,5,,,entertainment,play_store,"[""app_experience""]","{""app_experience"": ""positive""}"
8802,جيد جداً,5,,,entertainment,play_store,"[""general""]","{""general"": ""positive""}"
8816,تطبيق رائع,5,,,entertainment,play_store,"[""app_experience""]","{""app_experience"": ""positive""}"
8831,برنامج رائع ومميز جدا وسهل الاستخدام جدا جدا جدا ♥️♥️,5,,,entertainment,play_store,"[""app_experience""]","{""app_experience"": ""positive""}"
8834,من افضل برامج الموسيقى شكرا لفريق انغامى ♥♥♥🌹🌹🌹,5,,,entertainment,play_store,"[""app_experience"", ""general""]","{""app_experience"": ""positive"", ""general"": ""positive""}"
8839,شكرا 👌✌️🤍🙂,5,,,entertainment,play_store,"[""general""]","{""general"": ""positive""}"
8853,ليس جميل,5,,,entertainment,play_store,"[""general""]","{""general"": ""positive""}"
8858,سيءءءء جدا..ما حد ينزله برنامج سيء ومتحكم وإعلانات بشعع,5,,,entertainment,play_store,"[""app_experience""]","{""app_experience"": ""negative""}"
8859,جميل قوي,5,,,entertainment,play_store,"[""general""]","{""general"": ""positive""}"
8869,برنامج جميل جدا ♥♥🌹,5,,,entertainment,play_store,"[""app_experience""]","{""app_experience"": ""positive""}"
8885,التطبيق يعتمد عالاعلانات وهذا ليس جيد ويقيد السماع اتمني حل هذه المشكله وسهوله استخدام التطبيق للمستخدم العادي,5,,,entertainment,play_store,"[""app_experience""]","{""app_experience"": ""negative""}"
8891,ممتاز شكرا,5,,,entertainment,play_store,"[""general""]","{""general"": ""positive""}"
8892,أنهوا تطبيق رائع جدا,5,,,entertainment,play_store,"[""app_experience""]","{""app_experience"": ""positive""}"
8926,امراتا ياتيني اعلانات طويله فأطر اني اخرج منه ثم ارجع و عندما افتح الكلمات علي الدفع مع ذلك عليها ان تكون مجانيه؟؟,5,,,entertainment,play_store,"[""price"", ""app_experience""]","{""price"": ""negative"", ""app_experience"": ""negative""}"
8938,التطبيق جميل جداً جداً ❤️❤️,5,,,entertainment,play_store,"[""app_experience""]","{""app_experience"": ""positive""}"
8948,فعلا طبيق ممتاز,5,,,entertainment,play_store,"[""general""]","{""general"": ""positive""}"
8952,تطبيق مره حلو 😭,5,,,entertainment,play_store,"[""app_experience""]","{""app_experience"": ""positive""}"
8955,ممتاز والله العظيم,5,,,entertainment,play_store,"[""general""]","{""general"": ""positive""}"
8958,تطبيق سيء كلو بدو مشترى,5,,,entertainment,play_store,"[""app_experience""]","{""app_experience"": ""negative""}"
8962,اكثر من رائع,5,,,entertainment,play_store,"[""general""]","{""general"": ""positive""}"
8979,ياريت يتم إضافة اغنيه المغنيه المصرين الجديد اول ما تنزل لان في اغنيه لي مغنين المهرجانات مش موجود,5,,,entertainment,play_store,"[""price"", ""app_experience""]","{""price"": ""negative"", ""app_experience"": ""negative""}"
8980,جيد 👍 شكراا لكم,5,,,entertainment,play_store,"[""general""]","{""general"": ""positive""}"
8986,ممتــــــــــــاز 👍🌟,5,,,entertainment,play_store,"[""general""]","{""general"": ""positive""}"
8993,جميل جداً,5,,,entertainment,play_store,"[""general""]","{""general"": ""positive""}"
8995,حلو,5,,,entertainment,play_store,"[""general""]","{""general"": ""positive""}"
8997,تجربة ممتعة ..,5,,,entertainment,play_store,"[""general""]","{""general"": ""positive""}"
9006,برنامج جميل ورائع،😍♥♥♥,5,,,entertainment,play_store,"[""app_experience"", ""general""]","{""app_experience"": ""positive"", ""general"": ""positive""}"
9014,افضل تطبيق موسيقي انا جربته و بيوفر اغاني عربيه و انجليزيه و كل المعنيين,5,,,entertainment,play_store,"[""app_experience""]","{""app_experience"": ""positive""}"
9025,ممتاز,5,,,entertainment,play_store,"[""general""]","{""general"": ""positive""}"
9028,افضل تطبيق,5,,,entertainment,play_store,"[""app_experience""]","{""app_experience"": ""positive""}"
9031,جميل,5,,,entertainment,play_store,"[""general""]","{""general"": ""positive""}"
9035,جيد,5,,,entertainment,play_store,"[""general""]","{""general"": ""positive""}"
9046,برنامج جميل جدا وفي كل الاغاني واطلب انا يغيرو اشكال فيه ليكون ممتع وجميل ويسحق اربع نجوم,5,,,entertainment,play_store,"[""app_experience""]","{""app_experience"": ""positive""}"
9052,تطبيق رائع جداً 🥰❤️,5,,,entertainment,play_store,"[""app_experience""]","{""app_experience"": ""positive""}"
9053,جميل بجد,5,,,entertainment,play_store,"[""general""]","{""general"": ""positive""}"
9061,تطبيق جميل جدا,5,,,entertainment,play_store,"[""app_experience""]","{""app_experience"": ""positive""}"
9062,طبيق جدا راقي,5,,,entertainment,play_store,"[""general""]","{""general"": ""positive""}"
9077,هذا تطبيق جيد جدا وانا اقيمه ١٠/١٠,5,,,entertainment,play_store,"[""app_experience""]","{""app_experience"": ""positive""}"
9082,افضل تطبيق اغاني في العالم,5,,,entertainment,play_store,"[""app_experience""]","{""app_experience"": ""positive""}"
9086,تطبيق رائع,5,,,entertainment,play_store,"[""app_experience""]","{""app_experience"": ""positive""}"
9089,جيد جداً,5,,,entertainment,play_store,"[""general""]","{""general"": ""positive""}"
9091,المشكله ان التطبيق عاوز فلوس عشان تنزل الاغاني,5,,,entertainment,play_store,"[""app_experience""]","{""app_experience"": ""negative""}"
9103,مرة حلو,5,,,entertainment,play_store,"[""general""]","{""general"": ""positive""}"
9110,ممتع جدا,5,,,entertainment,play_store,"[""general""]","{""general"": ""positive""}"
9113,جميل جدا و ستمتاع جيد,5,,,entertainment,play_store,"[""general""]","{""general"": ""positive""}"
9129,جيد جداأ,5,,,entertainment,play_store,"[""general""]","{""general"": ""positive""}"
9130,جميله جداً,5,,,entertainment,play_store,"[""general""]","{""general"": ""positive""}"
9133,لأن الاغاني مش بتشتغل لازم اشتراك أو تشتغل اغني انا مش عايزاها طيب انا عايزه اسمع الاغاني من غير اشتراك و انا بسمع كمان ب انترنت ف اعمل ايه تاني بس من غير المشكله دي البرنامج خمس نجوم ارجو أصبحوا المشكله,5,,,entertainment,play_store,"[""app_experience""]","{""app_experience"": ""negative""}"
9135,الحقيقة تطبيق ممتاز ولطيف وفيه اغاني كتير متوعه,5,,,entertainment,play_store,"[""app_experience""]","{""app_experience"": ""positive""}"
9138,تطبيق جميل,5,,,entertainment,play_store,"[""app_experience""]","{""app_experience"": ""positive""}"
9143,ممتازة,5,,,entertainment,play_store,"[""general""]","{""general"": ""positive""}"
9144,تطبيق رائع بصراحة 👌 خدام مزيان وسريع شكراً للمطورين,5,,,entertainment,play_store,"[""app_experience""]","{""app_experience"": ""positive""}"
9150,تطبيق جدا ممتازة,5,,,entertainment,play_store,"[""app_experience""]","{""app_experience"": ""positive""}"
9159,برنامج ممتاز,5,,,entertainment,play_store,"[""app_experience"", ""general""]","{""app_experience"": ""positive"", ""general"": ""positive""}"
9160,إنه تطبيق رائع جدا أنصح الكل بتبيته 💋,5,,,entertainment,play_store,"[""app_experience""]","{""app_experience"": ""positive""}"
9171,جميل💕😍,5,,,entertainment,play_store,"[""general""]","{""general"": ""positive""}"
9212,هذا تطبيق رائع جدا,5,,,entertainment,play_store,"[""app_experience""]","{""app_experience"": ""positive""}"
9218,ممتاز جداً,5,,,entertainment,play_store,"[""general""]","{""general"": ""positive""}"
9224,يعني ايه يعني ميخلنيش اختار الاغاني اللي انا عوزاها لازم ادفع اشتراك شهري عشان اسمع اللي انا عوزاه بجد التطبيق بقى وحش جدا !!!!! ارجوا حل المشكلة دي بأسرع وقت,5,,,entertainment,play_store,"[""app_experience""]","{""app_experience"": ""negative""}"
9237,الإعلانات دى ايه لازمتها ان مش بحب الاعلانات اللى بتظهر لاكن من غير الإعلانات ياخد ٥ نجوم,5,,,entertainment,play_store,"[""app_experience""]","{""app_experience"": ""negative""}"
9245,تطبيق ممتاز جداً استماع اغاني او قراءن كريم جيد جداً,5,,,entertainment,play_store,"[""app_experience""]","{""app_experience"": ""positive""}"
9247,تحفه جداً جداً,5,,,entertainment,play_store,"[""general""]","{""general"": ""positive""}"
9272,ليس لديه أي شيء اقوله معاده مثل هذا التطبيق مافي 🎶😎,5,,,entertainment,play_store,"[""app_experience""]","{""app_experience"": ""negative""}"
9275,برنامج جميل جداً ومفيد جدا ❤,5,,,entertainment,play_store,"[""app_experience""]","{""app_experience"": ""positive""}"
9296,تحت التجربة,5,,,entertainment,play_store,"[""general""]","{""general"": ""neutral""}"
9298,جميل جدن,5,,,entertainment,play_store,"[""general""]","{""general"": ""positive""}"
9305,حلو جدآ,5,,,entertainment,play_store,"[""general""]","{""general"": ""positive""}"
9309,التطبيق ما اخذ نجمة الا لانه استغلالي بحت مثال على استقلاليته -نظام التشغيل العشوائي- هذا دليل قاطع على انه يريد يجبر المستخدم انه يدفع عشان يدخل في البريميم،بالكاد حتى تقدر تسمع اغنية مرتين...في الاخير الاغنية الي انا اريد اسمعها اختيار شخصي مني مو منكم. -نظام الحفظ- لما تحفظ اغنية في قائمة معينة ما راح تسمعها كلها لا،راح تسمع جزء صغير منها ولازم تشترك عشان تسمعها كلها،وذا برضه واضح انه إجبار مستخدم -نظام الاستماع- لما تدخل عند صفحة مغني معين او البوم راح تشوف اسماء الاغاني مب اغاني,5,,,entertainment,play_store,"[""service"", ""price"", ""app_experience""]","{""service"": ""negative"", ""price"": ""negative"", ""app_experience"": ""negative""}"
9313,جميل و رائع جدآ(اخوكم من العراق),5,,,entertainment,play_store,"[""general""]","{""general"": ""positive""}"
9318,رائعة جدا,5,,,entertainment,play_store,"[""general""]","{""general"": ""positive""}"
9319,التطبيق عشان تختار اغنيه عايز تسمعها لازم تدفع فلوس تجربه وحشه لو ينفع القيمه نص نجمه كنت عملت,5,,,entertainment,play_store,"[""price"", ""app_experience""]","{""price"": ""negative"", ""app_experience"": ""negative""}"
9333,انه تطبيق جميل,5,,,entertainment,play_store,"[""app_experience""]","{""app_experience"": ""positive""}"
9346,تطبيق رائع جدا🥰,5,,,entertainment,play_store,"[""app_experience""]","{""app_experience"": ""positive""}"
9350,ممتاز والله,5,,,entertainment,play_store,"[""general""]","{""general"": ""positive""}"
9369,سيء جدا وفيه إعلانات وغير مجاني وما تقدر تسمع الاغنيه اكتر من مره وما تقدر تتخطى الاغنيه اذا ما اعجبتك ويشغل لحاله,5,,,entertainment,play_store,"[""price"", ""app_experience""]","{""price"": ""negative"", ""app_experience"": ""negative""}"
9372,افضل تطبيق😍❤️‍🔥❤️‍🔥❤️‍🔥.,5,,,entertainment,play_store,"[""app_experience"", ""general""]","{""app_experience"": ""positive"", ""general"": ""positive""}"
9373,تطبيق رائع 🤩,5,,,entertainment,play_store,"[""app_experience""]","{""app_experience"": ""positive""}"
9388,افضل تطبيق في الكوووووووون,5,,,entertainment,play_store,"[""app_experience""]","{""app_experience"": ""positive""}"
9392,ممتاز,5,,,travel,play_store,"[""general""]","{""general"": ""positive""}"
9393,افضل تطبيق,5,,,travel,play_store,"[""app_experience""]","{""app_experience"": ""positive""}"
9396,ممتاز . تحياتي لكم,5,,,travel,play_store,"[""general""]","{""general"": ""positive""}"
9403,ممتاز واسعار منافسه,5,,,travel,play_store,"[""price"", ""general""]","{""price"": ""positive"", ""general"": ""positive""}"
9404,ممتاز ومفيد,5,,,travel,play_store,"[""general""]","{""general"": ""positive""}"
9406,جميل ومريح,5,,,travel,play_store,"[""general""]","{""general"": ""positive""}"
9409,تمام,5,,,travel,play_store,"[""general""]","{""general"": ""positive""}"
9413,جيد,5,,,travel,play_store,"[""general""]","{""general"": ""positive""}"
9419,تطبيق جميل جدا,5,,,travel,play_store,"[""app_experience""]","{""app_experience"": ""positive""}"
9420,ممتازة,5,,,travel,play_store,"[""general""]","{""general"": ""positive""}"
9424,خدمة العملاء لا ترد بسرعه بحجة الأوضاع الحاليه هي خدمة العملاء مالها ومال الأوضاع الحاليه ولا يستاهل اي نجمه,5,,,travel,play_store,"[""service"", ""app_experience""]","{""service"": ""negative"", ""app_experience"": ""negative""}"
9427,تطبيق ممتاز,5,,,travel,play_store,"[""app_experience""]","{""app_experience"": ""positive""}"
9434,لا انصح اى شخص بالتعامل معاهم تطبيق سئ جدا حجزت مواعيد طيران ولكن شركات الطيران لغت الحجز نظرا لإغلاق المجال الجوى اكثر من ٤ ايام احاول اتواصل معاهم علشان استكمل عمليه استرجاع المبلغ أو حل لتغير المواعيد مثل ما قالت لى شركات الطيران مفيش حد يتواصل ولا حد بيرد وابعت ايميلات قمه الإهمال اكثر من ٤ او ٥ ايام مفيش رد ولا اهتمام حتى لو فى ضغط مش معقوله عدم الرد لاكتر من ٤ ايام نرن على ارقامهم نفس الشئ حاجه مش طبيعيه بجد وسئ جدا التعامل بالشكل دا,5,,,travel,play_store,"[""service"", ""app_experience""]","{""service"": ""negative"", ""app_experience"": ""negative""}"
9440,تطبيق جميل ومريح جدآ 🌹,5,,,travel,play_store,"[""app_experience""]","{""app_experience"": ""positive""}"
9444,تطبيق رائع,5,,,travel,play_store,"[""app_experience""]","{""app_experience"": ""positive""}"
9461,ممتاز ومفيد جدا,5,,,travel,play_store,"[""general""]","{""general"": ""positive""}"
9468,ممتاز جداً جداً,5,,,travel,play_store,"[""general""]","{""general"": ""positive""}"
9474,جميل,5,,,travel,play_store,"[""general""]","{""general"": ""positive""}"
9478,تطبيق حالك حلوة جميلة جداً,5,,,travel,play_store,"[""app_experience""]","{""app_experience"": ""positive""}"
9480,تجربة ممتازة,5,,,travel,play_store,"[""general""]","{""general"": ""positive""}"
9481,برنامج رائع وأخلاق الموظف الأستاذ (جاسر) عالية جدا وكان تعامله راقيا جدا,5,,,travel,play_store,"[""service"", ""app_experience""]","{""service"": ""positive"", ""app_experience"": ""positive""}"
9488,تطبيق رائع وتعامل الاستاذ هشام امام فوق الوصف وممتاز جدا,5,,,travel,play_store,"[""service"", ""app_experience""]","{""service"": ""positive"", ""app_experience"": ""positive""}"
9493,ممتاذ 👍,5,,,travel,play_store,"[""general""]","{""general"": ""positive""}"
9494,ممتاز جداً,5,,,travel,play_store,"[""general""]","{""general"": ""positive""}"
9499,تطبيق رائع للاندرويد و ممتاز جدا,5,,,travel,play_store,"[""app_experience""]","{""app_experience"": ""positive""}"
9501,من خلال التصفح والبحث يبدوا أنه تطبيق رائع جداً,5,,,travel,play_store,"[""app_experience""]","{""app_experience"": ""positive""}"
9509,حلو,5,,,travel,play_store,"[""general""]","{""general"": ""positive""}"
9510,معا الأسف حجزت فندق في مكه وتم خصم المبلغ اروح الفندق مافي حجز تعامل الموظف سياء وخدمه سيئة حسبي الله ونعم الوكيل,5,,,travel,play_store,"[""service"", ""price"", ""app_experience""]","{""service"": ""negative"", ""price"": ""negative"", ""app_experience"": ""negative""}"
9512,ممتاذ,5,,,travel,play_store,"[""general""]","{""general"": ""positive""}"
9521,تطبيق رائع واحترافية عالية جدا شكرا جزيلا,5,,,travel,play_store,"[""app_experience""]","{""app_experience"": ""positive""}"
9527,رائعة جدا,5,,,travel,play_store,"[""general""]","{""general"": ""positive""}"
9547,برنامج جيد جدا ومفيد,5,,,travel,play_store,"[""app_experience""]","{""app_experience"": ""positive""}"
9549,جيد انصح به,5,,,travel,play_store,"[""general""]","{""general"": ""positive""}"
9550,تطبيق ممتاز وسهل وواضح,5,,,travel,play_store,"[""app_experience""]","{""app_experience"": ""positive""}"
9552,برنامج رائع وممتاز وجميل,5,,,travel,play_store,"[""app_experience""]","{""app_experience"": ""positive""}"
9569,طببيق ممتاز,5,,,travel,play_store,"[""general""]","{""general"": ""positive""}"
9574,تعامل محترم وجاد جدا.. وناس ذوق ... وخدمة عملاء ممتازة. فعلا ساعدونا كتير...,5,,,travel,play_store,"[""service"", ""app_experience""]","{""service"": ""positive"", ""app_experience"": ""positive""}"
9581,ممتاز ودقيق,5,,,travel,play_store,"[""general""]","{""general"": ""positive""}"
9585,جيد جدا برنامج سهل الاستخدام وسريع جدا شكرا على المقيمين على البرنامج اتمنى للجميع تنزيل البرنامج الرائع,5,,,travel,play_store,"[""service"", ""app_experience""]","{""service"": ""positive"", ""app_experience"": ""positive""}"
9587,تطبيق ممتاز وامن,5,,,travel,play_store,"[""app_experience""]","{""app_experience"": ""positive""}"
9597,أكثر من رائع,5,,,travel,play_store,"[""general""]","{""general"": ""positive""}"
9602,تطبيق جميل جدا وأسعار خيال,5,,,travel,play_store,"[""price"", ""app_experience""]","{""price"": ""positive"", ""app_experience"": ""positive""}"
9614,اسوأ برنامج استخدمتو . تجربة سيئه جدا للدعم الفني الرقم المصري ( طيور الهدى) اكثر من نص ساعة على الانتظار وماحدا رد مع العلم كاتبين خدمة 24/24 باختصار بعد إلغاء الرحلة لأسباب جوية لم استطع الحصول على دعم فني من البرنامج لا انصح به,5,,,travel,play_store,"[""service"", ""app_experience""]","{""service"": ""negative"", ""app_experience"": ""negative""}"
9628,للأسف خدمة عملاء سيئة جدا وغير متعاونين ولا انصح بالتعامل معهم,5,,,travel,play_store,"[""service""]","{""service"": ""negative""}"
9633,تطبيق Wego ممتاز من حيث المصداقيه والاسعار والمواعيد,5,,,travel,play_store,"[""price"", ""app_experience""]","{""price"": ""positive"", ""app_experience"": ""positive""}"
9640,تطبيق ممتاز شكرا لكم,5,,,travel,play_store,"[""app_experience""]","{""app_experience"": ""positive""}"
9642,برنامج ويجوه جميل جدا وسهل الاستخدام موظفة / رحمه رضا لطيفة جدا وحبوبة في تعامل مع العملاء .. شكرا جزيلا ... لكم,5,,,travel,play_store,"[""service"", ""app_experience""]","{""service"": ""positive"", ""app_experience"": ""positive""}"
9648,تطبيق جميل جداً جداً,5,,,travel,play_store,"[""app_experience""]","{""app_experience"": ""positive""}"
9650,مشاء الله ممتاز,5,,,travel,play_store,"[""general""]","{""general"": ""positive""}"
9653,جيد محتواه مفيد,5,,,travel,play_store,"[""general""]","{""general"": ""positive""}"
9655,عند تحميل التطبيق تحصل سعر طيب وبعدها ترفع الأسعار,5,,,travel,play_store,"[""price"", ""app_experience""]","{""price"": ""negative"", ""app_experience"": ""negative""}"
9658,اكثر من ممتاز,5,,,travel,play_store,"[""general""]","{""general"": ""positive""}"
9659,ممتازة جدا,5,,,travel,play_store,"[""general""]","{""general"": ""positive""}"
9665,طول عمري أتعامل مع ويجو ولكن للأسف أخر تجربه لي كانت تجربه سيئه تم خصم المبلغ ولم يتم حجز التذكره ولم يتم إسترداد المبلغ إلي الآن من تاريخ 16 /12/2025 وتواصلت معهم بكل الطرق دون جدوي,5,,,travel,play_store,"[""service"", ""price"", ""app_experience""]","{""service"": ""negative"", ""price"": ""negative"", ""app_experience"": ""negative""}"
9668,ممتاز وأكثر من رائع,5,,,travel,play_store,"[""general""]","{""general"": ""positive""}"
9674,ممتاز,5,,,travel,play_store,"[""general""]","{""general"": ""positive""}"
9676,جميل وسهل,5,,,travel,play_store,"[""general""]","{""general"": ""positive""}"
9677,جيد جدا ومفيد,5,,,travel,play_store,"[""general""]","{""general"": ""positive""}"
9692,يرفض تسجيل دخول التطبيق,5,,,travel,play_store,"[""app_experience""]","{""app_experience"": ""negative""}"
9723,ممتاز جداً,5,,,travel,play_store,"[""general""]","{""general"": ""positive""}"
9726,َممتاز,5,,,travel,play_store,"[""general""]","{""general"": ""positive""}"
9728,تطبيق ممتاز,5,,,travel,play_store,"[""app_experience""]","{""app_experience"": ""positive""}"
9729,جميل جدا,5,,,travel,play_store,"[""general""]","{""general"": ""positive""}"
9730,والله برزقه وباكد اسوء تطبيق تحجز عليه نفس التطبيق ما بلتزم بالشروط اللي هو حاطها والله ما بنصح حدا يجرب يروح عليه,5,,,travel,play_store,"[""app_experience""]","{""app_experience"": ""negative""}"
9734,طبيق جميل وريدتطويره,5,,,travel,play_store,"[""general""]","{""general"": ""positive""}"
9736,أما أقطع تذكرة أوكيه، واستنى الدفع أكلم العميل يقول لي استنى من 24 ساعة 48 ساعة والحجز بتاعك هيتكمل. وبعد ما استنى اجي، أكلم العميل يقول لي بعتذر الحجز. بتاعك لم يتم دا إسم تهريب لما تبقى شركة عالمية وتتحقو علينا بالنسبة ليا، إن مقاليش تفسير. عن اللي، حصل أول وآخر مرة ها تعامل مع الشركة,5,,,travel,play_store,"[""service"", ""app_experience""]","{""service"": ""negative"", ""app_experience"": ""negative""}"
9739,جيد جداً,5,,,travel,play_store,"[""general""]","{""general"": ""positive""}"
9741,ممتازة,5,,,travel,play_store,"[""general""]","{""general"": ""positive""}"
9746,للأسف عندى تجارب كثيرة معهم لكن آخر تجربتين كانوا سيئين جدا واحدة كانت من شهرين تقريبا حجزنا فندق وعندما وصلنا للفندق تفاجأنا بأن الفندق يخبرنا بأنه لا يوجد أماكن فاضية واضطررت لالغاء رحلتى والعودة إلى الرياض المرة الثانية كانت اليوم حجزنا فندق بحى اجياد وقام الفندق بارسال الموقع لنا وعندما وصلنا من الرياض أخبرنا ممثل الفندق بأننا يجب علينا الذهاب إلى العزيزية ولا يوجد أماكن فاضية هنا ومثل المرة الأولى عملت عمرتى ورجعت للرياض,5,,,travel,play_store,"[""service"", ""price"", ""ambiance"", ""app_experience""]","{""service"": ""negative"", ""price"": ""negative"", ""ambiance"": ""negative"", ""app_experience"": ""negative""}"
9754,جيد 👍,5,,,travel,play_store,"[""general""]","{""general"": ""positive""}"
9755,جميل,5,,,travel,play_store,"[""general""]","{""general"": ""positive""}"
9762,تطبيق ممتااز جدا,5,,,travel,play_store,"[""app_experience""]","{""app_experience"": ""positive""}"
9780,لايوجد حللول لمشاكل العملاء..وعدم رد المبالغ فقط المماطلة. ولا انصح بالتعامل .اهم شيء يحصل على المبلغ وبعد ذالك لايتجاوب. وكذالك اي فندق يطلب الدفع مقدما عن طريق بوكنج لاتدفعون بالبطاقة ..,5,,,travel,play_store,"[""service"", ""price"", ""app_experience""]","{""service"": ""negative"", ""price"": ""negative"", ""app_experience"": ""negative""}"
9784,اكثر من رائع,5,,,travel,play_store,"[""general""]","{""general"": ""positive""}"
9798,فوق جميل,5,,,travel,play_store,"[""general""]","{""general"": ""positive""}"
9823,موتور ممتاز,5,,,travel,play_store,"[""general""]","{""general"": ""positive""}"
9826,ممتاز👍,5,,,travel,play_store,"[""general""]","{""general"": ""positive""}"
9841,تمام,5,,,travel,play_store,"[""general""]","{""general"": ""positive""}"
9849,تطبيق ممتاز ورائع ، فادني كثير في حجوزاتي ، شكرا لكم,5,,,travel,play_store,"[""app_experience""]","{""app_experience"": ""positive""}"
9855,تطبيق جميل جداً و مفيد و رائع أتمنى لگم التقدم دائمآ,5,,,travel,play_store,"[""app_experience""]","{""app_experience"": ""positive""}"
9858,بوكينج لم يعد مثل سابقا تم الحجز عن طريقه في الكويت وحسم المبلغ ونمنا بعدها في الشارع والى اليوم الموضوع رغم تقدمي بشكواء,5,,,travel,play_store,"[""service"", ""app_experience""]","{""service"": ""negative"", ""app_experience"": ""negative""}"
9870,جيدة جدا,5,,,travel,play_store,"[""general""]","{""general"": ""positive""}"
9882,زفت اسعاره غاليه على قل سنع,5,,,travel,play_store,"[""price""]","{""price"": ""negative""}"
9922,"The application has become extremely bad and does not care about customers. It contains false information, unreal locations and directions, and unrealistic photos of some hotels, without making any effort to verify them. Despite this, it does not refund booking fees even after multiple complaints. Some hotels reduce their prices after the booking is made. I informed them about this, and the Booking app staff asked me to provide an invoice from the hotel. They verified themselves that the price",5,,,travel,play_store,"[""service"", ""price"", ""app_experience""]","{""service"": ""negative"", ""price"": ""negative"", ""app_experience"": ""negative""}"
9926,البرنامج كويس بس لي بينزل السعر بالجنيه وانا اصلا ف السعوديه حاولت كذا مره اغيره ل ريال معرفتش,5,,,travel,play_store,"[""service"", ""price"", ""app_experience""]","{""service"": ""negative"", ""price"": ""negative"", ""app_experience"": ""negative""}"
9928,تطبيق ممتاز وسهل جدا,5,,,travel,play_store,"[""app_experience""]","{""app_experience"": ""positive""}"
9945,تجربة سيئة جداً,5,,,travel,play_store,"[""general""]","{""general"": ""negative""}"
9968,تمام 👌,5,,,travel,play_store,"[""general""]","{""general"": ""positive""}"
9969,تجربتي جيدة جدا,5,,,travel,play_store,"[""general""]","{""general"": ""positive""}"
9989,مممتاز,5,,,travel,play_store,"[""general""]","{""general"": ""positive""}"
9994,اخر مره الحجوزات كلها كذه ويتم الغاء الحجوزات من قبل مسؤال الحجز بكيف حجزت مره ثانيه جابو الموقع ورقم الا يجيب وغير مستخدم هاذه يثبت انه في نصب,5,,,travel,play_store,"[""service"", ""app_experience""]","{""service"": ""negative"", ""app_experience"": ""negative""}"
10007,التطبيق جيد لا شك في ذلك ولكن استرجاع المبلغ غيرجيد,5,,,travel,play_store,"[""app_experience""]","{""app_experience"": ""negative""}"
10009,تطبيق ممتاز وسهل ويوفر حجوزات للفنادق والطيران لجميع دول العالم ... انصح بأستخدامه....,5,,,travel,play_store,"[""app_experience""]","{""app_experience"": ""positive""}"
