review_id,review_text,star_rating,date,business_name,business_category,platform,aspects,aspect_sentiments
9,ممتاز,5,,,مركز تسوق,google_maps,general,general:positive
10,المكان جميل انبسطنا فيه,5,,,مركز تسوق,google_maps,ambiance,ambiance:positive
17,مكان تحفه واكل جميل,5,,,مطعم مأكولات مصرية,google_maps,"food,ambiance","food:positive,ambiance:positive"
37,حلو جدا ومميز,5,,,مركز تسوق,google_maps,general,general:positive
39,جميل,5,,,مركز تسوق,google_maps,"ambiance,general","ambiance:positive,general:positive"
44,جميل وفي كل الخدمات,5,,,مركز تسوق,google_maps,"service,ambiance","service:positive,ambiance:positive"
52,تمامً,5,,,مركز تسوق,google_maps,general,general:positive
54,مكان جميل,5,,,مركز تسوق,google_maps,"ambiance,general","ambiance:positive,general:positive"
57,مكان جيد و...,5,,,مركز تسوق,google_maps,"ambiance,general","ambiance:positive,general:positive"
58,مكان مناسب بجميع الاعمار,5,,,مركز تسوق,google_maps,ambiance,ambiance:positive
64,تجربة ممتازة,5,,,مركز تسوق,google_maps,general,general:positive
69,محلات متنوعه فى مكان مميز,5,,,مركز تسوق,google_maps,ambiance,ambiance:positive
76,حلو,5,,,مركز تسوق,google_maps,general,general:positive
77,•	“فندق جميل وهادي، والاهتمام بالتفاصيل واضح جدًا. شكرًا للإدارة على التجربة الرائعة,5,,,فندق,google_maps,"service,ambiance","service:positive,ambiance:positive"
85,فندق رائع و خدمة ممتازه,5,,,فندق,google_maps,"service,ambiance","service:positive,ambiance:positive"
92,مكان راقي لكن أسعار عالية,5,,,مركز تسوق,google_maps,"price,ambiance","price:positive,ambiance:positive"
93,جميل,5,,,مركز تسوق,google_maps,"ambiance,general","ambiance:positive,general:positive"
129,افضل مكان للأطفال الصغار والكبار,5,,,مركز تسوق,google_maps,ambiance,ambiance:positive
131,ممتاز,5,,,مركز تسوق,google_maps,general,general:positive
135,جيد جداً,5,,,سوق,google_maps,general,general:positive
145,"محدش يطلب منهم يا جماعة ❌❌❌
الاكل جاي بايت أقسم بالله ما يتاكل اتكلمنا اشتكينا راح قال هبدله كان المغرب أذن اصلا قولناله احنا خلاص قرفنا مش هنعرف ناكله، وصلنا لمدير الفرع بقوله تقدر تطلع اكل زي دا الصالة يقولي ""مستحيل!!!!""
بجد حسبي الله ونعم الوكيل مفيش ضمير ❌❌❌",5,,,مطعم مأكولات سورية,google_maps,"food,service,ambiance","food:negative,service:negative,ambiance:negative"
147,مطعم لطيف و اكله حلو,5,,,مطعم مأكولات سورية,google_maps,food,food:positive
158,مكان جميل خاصة لمن يحب البيتزا,5,,,مطعم مأكولات إيطالية,google_maps,"food,ambiance","food:positive,ambiance:positive"
160,حقيقي مدير الفرع وصاحب المكان قمة في الاحترام والكرم والأخلاق ومحافظين جدًا على جودة ونظافة كل حاجة ♥️,5,,,مطعم مأكولات إيطالية,google_maps,"food,service,cleanliness,ambiance","food:positive,service:positive,cleanliness:positive,ambiance:positive"
163,المكان تحبه اوي و المعامل كويسه,5,,,مطعم مأكولات إيطالية,google_maps,"service,ambiance","service:positive,ambiance:positive"
171,مكان راقى جدا وstaff محترم وذوق وبشكر استاذ علاء مدير المكان,5,,,مطعم مأكولات إيطالية,google_maps,"service,ambiance","service:positive,ambiance:positive"
180,الاكل جميل جداً تسلم ايدكم♥️😍,5,,,مطعم مأكولات مصرية,google_maps,food,food:positive
184,من اجمل المطاعم واكل لذيذ,5,,,مطعم مأكولات مصرية,google_maps,"food,none","food:positive,none:neutral"
191,Bon service,5,,,مطعم مأكولات مصرية,google_maps,"general,none","general:positive,none:neutral"
199,ممتاز خاصة الفول,5,,,مطعم فلافل,google_maps,general,general:positive
204,مطعم جميل و اسعاره متوسطة و اكله لذيذ للغاية,5,,,مطعم فلافل,google_maps,"food,price,ambiance","food:positive,price:positive,ambiance:positive"
205,مكان ممتاز,5,,,مطعم فلافل,google_maps,"ambiance,general","ambiance:positive,general:positive"
206,Tasty food,5,,,مطعم فلافل,google_maps,general,general:positive
218,الاكل جميل والخدمه رائعه جدا وشكر خاص لرحاب واسماعيل,5,,,مطعم,google_maps,"food,service,ambiance","food:positive,service:positive,ambiance:positive"
236,المكان جميل ونظيف وراقي جدا واكلهم بصراحه ممتاز والمقابله بصراحه زي الفل ما شفتش حاجه حلوه بالشكل ده من سنين بصراحه ربنا يوسع عليهم ويوفقهم ومن نجاح لنجاح,5,,,مطعم,google_maps,"food,service,cleanliness,ambiance","food:positive,service:positive,cleanliness:positive,ambiance:positive"
242,طلع حلو,5,,,مطعم سندوتشات,google_maps,"general,none","general:positive,none:neutral"
245,الطعام حلو بس كانت ف بطاطس نيا م مستوي اوي,5,,,مطعم وجبات سريعة,google_maps,"food,ambiance","food:positive,ambiance:positive"
264,اطيب مطعم في مصر من حيث الاكل والاجواء رائعة,5,,,مطعم مأكولات سورية,google_maps,"food,ambiance","food:positive,ambiance:positive"
268,مطعم رائع معامله جميله والاكل بجد حلووجميل,5,,,مطعم مأكولات سورية,google_maps,"food,service,ambiance","food:positive,service:positive,ambiance:positive"
271,"مكان ممتاز والأكل طعمه جميل جدا
وكمان الخدمة جيدة جدا",5,,,مطعم مأكولات مشوية,google_maps,"food,service,ambiance","food:positive,service:positive,ambiance:positive"
273,ممتاز في كل حاجه,5,,,مطعم مأكولات مشوية,google_maps,general,general:positive
277,المكان رائع جدا والأكل أروع,5,,,مطعم مأكولات مشوية,google_maps,"food,ambiance","food:positive,ambiance:positive"
278,مكان راقي جدا والأجواء تمتلئ بالهدوء المريح للنفس,5,,,مطعم مأكولات مشوية,google_maps,ambiance,ambiance:positive
281,ممتاز,5,,,منفذ بيع بالتجزئة,google_maps,general,general:positive
282,جميل,5,,,منفذ بيع بالتجزئة,google_maps,"ambiance,general","ambiance:positive,general:positive"
284,حلو,5,,,منفذ بيع بالتجزئة,google_maps,general,general:positive
301,جميل,5,,,فندق,google_maps,"ambiance,general","ambiance:positive,general:positive"
317,الاكل حلو جدا مع ان الدنيا زحمه وفي رمضان بس احلي جوده وخدمه وستاف كويس جدا,5,,,مطعم,google_maps,"food,service,ambiance","food:positive,service:positive,ambiance:positive"
324,اكل مشاء الله كويس اجواء تحفه واحلي عم فرغلي♥️,5,,,مطعم,google_maps,"food,service,ambiance","food:positive,service:positive,ambiance:positive"
330,الاسعار غالية جدا,5,,,مطعم مأكولات مشوية,google_maps,"price,none","price:negative,none:neutral"
337,معامله حيوانات يدخلوك لازم تقرير دخول تضل ساعه في الانتظار مع اصوات صيانه تكسر الاذن بعدين ياخدوك مكان تاني تنتظر عشان بعد ساعه تقدر تدخل الغرفة و يضلو ساعتين عشان يشوفو اي فحص انت بتاخد بعدها ساعتين و يركبو لك كنولا بتحرق ايدك ساعات بدون سبب ليه؟ بروتوكول ما بتقدر تضل في غرفه بدون كنولا. بختصار بروتوكولات تعبانه المستشفى عاملين صيانه و يدخلو ناس وهما مش عارفين يتصرفو بالي معاهم اولا  و الي تطلب منهم شي سواء سكرتير او شي يخلص الشفت حقه او يقول بفطر و ينسيك كلياً ضليت فيها فوق ال 12 ساعه بس عشان خديت فحوصات و تخطيط,5,,,مستشفى,google_maps,"service,ambiance","service:negative,ambiance:negative"
343,٥٠٩ التمريض رائع و متعاون جدا و ذوق جدا في المعاملة,5,,,مستشفى,google_maps,service,service:positive
344,"I recently stayed at the hospital, and I truly cannot speak highly enough about the level of care we received.

The service and nursing team were absolutely amazing — genuinely kind, attentive, and always willing to help. From the moment we arrived, I felt supported and cared for. Every member of the team showed professionalism, compassion, and a positive attitude that made a real difference during my stay.

I would especially like to recognize Omniya and Amal for their impeccable service, consistency, and outstanding attitude. Their dedication was evident in everything they did. They clearly love their work, and most importantly, they truly love helping people. Their warmth and care brought comfort and reassurance during a time when it was needed most.

Thank you to the entire team for turning what could have been a stressful experience into one filled with kindness and professionalism.",5,,,مستشفى,google_maps,"service,price,cleanliness,ambiance","service:negative,price:negative,cleanliness:negative,ambiance:negative"
346,"غرفة 935
انا محمد عادل إبراهيم
حابب اشكر كل التمريض خدمه ممتازة وخاصه مشرفه الدور مس امل ومستر مصطفى عطالله محترم جداً وشاطر جدا ومستر سلامه وجميع التيم بصراحة محترمين",5,,,مستشفى,google_maps,service,service:positive
370,البيتزا حلوة اوي من زمان,5,,,مطعم بيتزا,google_maps,food,food:positive
374,"الاكل حلو
و الاسعار حلوة",5,,,مطعم بيتزا,google_maps,"food,price","food:positive,price:positive"
377,"الاكل 10/10 ماشاءالله لذيذ مره انا اشتريت كوبون ٢  من تطبيق وفرها وفعلا طلع لذيذ ماشاءالله وكفي وزياده علي 3 اشخاص كبار وطفل
وخدمتهم ممتازه واخلاقهم عاليه جدا",5,,,مطعم مأكولات سورية,google_maps,"food,service,ambiance","food:positive,service:positive,ambiance:positive"
397,"مطعم جميل جداا واكله تحفه
محمد جابر وميدو ❤️",5,,,مطعم مأكولات سورية,google_maps,food,food:positive
400,محمد جابر وميدو وياسين احسسسسسسن واجدع ناااس في ابو الزوز,5,,,مطعم مأكولات سورية,google_maps,none,none:neutral
409,جميل جداً,5,,,مطعم مأكولات سورية,google_maps,general,general:positive
426,البرجر ممتاز,5,,,مطعم مأكولات مصرية,google_maps,general,general:positive
429,ماشاء الله 😍😍,5,,,مطعم مأكولات مشوية,google_maps,"general,none","general:positive,none:neutral"
431,مطعم تحفه بالاستقبال والاكل ♥️♥️♥️✨,5,,,مطعم مأكولات مشوية,google_maps,"food,ambiance","food:positive,ambiance:positive"
433,الاكل رائع,5,,,مطعم مأكولات مشوية,google_maps,"food,general","food:positive,general:positive"
435,تجربه اكتر من رائع والاكل تحفه ❤️,5,,,مطعم مأكولات مشوية,google_maps,"food,ambiance","food:positive,ambiance:positive"
439,تحفه,5,,,مطعم مأكولات مصرية,google_maps,"general,none","general:positive,none:neutral"
441,المكان جميل ومكانه في المهندسين سهل الوصول له,5,,,مطعم مأكولات مصرية,google_maps,ambiance,ambiance:positive
442,الاكل جميل عندهم الصراحه,5,,,مطعم مأكولات مصرية,google_maps,food,food:positive
447,اسوء تجربة ممكن تاكل من عند مطعم ام حسن ، اقسم بالله العظيم الاكل وصلني بارد ، والوجبات من غير سلطات مع العلم دي تاني مرة تحصل مش اول مرة ،، نصيحة بلاش ام حسن وشكرا ..,5,,,مطعم مأكولات مصرية,google_maps,"food,service","food:negative,service:negative"
450,الأكل سئ جدا وقُدم بارد، الطري بارد، السحق حادق. الاسعار مبالغ فيها مقارنة الجودة. الحدمة سيئة.,5,,,مطعم أطباق اللحوم,google_maps,"food,price","food:negative,price:negative"
456,سئ جدا والاكل ناقص و السلطه حامضه بجد اسوء اكل اكلته في حياتي,5,,,مطعم أطباق اللحوم,google_maps,food,food:negative
457,خدمة تحفة و احسن اكل برمضان,5,,,مطعم أطباق اللحوم,google_maps,"food,service","food:positive,service:positive"
459,"Everything was bad I never explain it when I came the room was not clean and I had to change the rooms more than 3 times because they have an internet problem and they also have a problem with the services and also the room services do not answer the phones and are very late in the orders and my stomach hurt because of the salad I ordered when I arrived and they don't care about anything and I also wanted to deliver the room to them because it was my exit time I didn't find anyone at the reception, and I had to have someone I regret that I went there",5,,,فندق,google_maps,"food,service,price,cleanliness,ambiance","food:negative,service:negative,price:negative,cleanliness:negative,ambiance:negative"
503,"الأكل جدا لذيذ والستاف لطيفين وسرعه في الطلب
تحديدا احمد محسن وابراهيم",5,,,مطعم مأكولات مشوية,google_maps,"food,service","food:positive,service:positive"
506,مكان ممتاز وخدمة ممتازة,5,,,مطعم مأكولات مشوية,google_maps,"service,ambiance","service:positive,ambiance:positive"
511,الاسعار غالية نوعا ما,5,,,مطعم مأكولات سورية,google_maps,"food,price","food:negative,price:negative"
514,ممتاز والخدمة ممتازه,5,,,مطعم مأكولات سورية,google_maps,general,general:positive
519,ممتاز,5,,,مطعم مأكولات سورية,google_maps,general,general:positive
522,طعم جميل جدا,5,,,مطعم مأكولات سورية,google_maps,"food,general","food:positive,general:positive"
541,مطعم ممتاز والاكل كتير جيد، خاصة شاورما السجق,5,,,مطعم مأكولات سورية,google_maps,food,food:positive
562,Great Syrian food,5,,,مطعم مأكولات سورية,google_maps,"general,none","general:positive,none:neutral"
565,لذيذ والاسعار معقولة والخدمة رائعة,5,,,مطعم مأكولات سورية,google_maps,"food,service,price,ambiance","food:positive,service:positive,price:positive,ambiance:positive"
573,الخدمة جداً رائه والموظف مانو جدا لطيف,5,,,مطعم مأكولات لبنانية,google_maps,service,service:positive
574,شكرا لاحمد زيزو على حسن التعامل,5,,,مطعم مأكولات لبنانية,google_maps,service,service:positive
576,مكان جميل و محترمين أوي,5,,,مطعم مأكولات لبنانية,google_maps,"service,ambiance","service:positive,ambiance:positive"
577,جميل,5,,,مطعم مأكولات لبنانية,google_maps,"ambiance,general","ambiance:positive,general:positive"
579,الاكل سيئ ومو زي اول,5,,,مطعم مأكولات لبنانية,google_maps,"food,service","food:negative,service:negative"
584,اكل لذيذ وخدمة رائعة اشكر الموظفين يوسف ومانو 🙏💖,5,,,مطعم مأكولات لبنانية,google_maps,"food,service","food:positive,service:positive"
587,جميل جدا,5,,,كافيه,google_maps,"ambiance,general","ambiance:positive,general:positive"
593,ممتاز,5,,,كافيه,google_maps,general,general:positive
606,المكان جميل,5,,,مقهى,google_maps,"ambiance,general","ambiance:positive,general:positive"
625,الاسعار مبالغ فيها نوعا ما,5,,,مطعم,google_maps,"food,price","food:negative,price:negative"
636,حلو,5,,,مطعم,google_maps,general,general:positive
642,"تجربة سيئة جدا جدا جدا
تاخر الطلب والستاف مايتكلمون عربي ولما وصل الطلب كان فيه طعم كشنه علما اني طالب فطيره",5,,,مطعم,google_maps,"food,service","food:negative,service:negative"
661,الجو العام حلو والاصطف محترم ولذيذ ف التعامل والاكل حلو,5,,,مطعم مأكولات مشوية,google_maps,"food,service,ambiance","food:positive,service:positive,ambiance:positive"
662,كل سنه وانتم طيبين الاكل جميل والخدمه اجمل والناس بتتعامل بذوق جدا ومحترمين,5,,,مطعم مأكولات مشوية,google_maps,"food,service,ambiance","food:positive,service:positive,ambiance:positive"
677,مكان تحفه والاكل تحفه أجواء رمضان جميله الموظفين كلهم عسل وخدومين ودمهم خفيف,5,,,مطعم,google_maps,"food,service,ambiance","food:positive,service:positive,ambiance:positive"
683,"مكان اكتر من رائع والأكل طعم جدا
وأستاذ محمد صلاح إنسان محترم وزوق واستقباله واهتمامه كان رائع
شكرا ليكم واهتمامكم وان شاء الله دا بقي مكاني المفضل دايما ♥️",5,,,مطعم,google_maps,"food,service,ambiance","food:positive,service:positive,ambiance:positive"
689,اجمل مطعم على النيل والأسعار مناسبه لجميع ومكان هادي ومميز,5,,,مطعم,google_maps,"food,price,ambiance","food:positive,price:positive,ambiance:positive"
694,مطعم ظاظا (Zaza Cuisine) في ممشى أهل مصر هو وجهة مميزة تجمع بين إطلالة النيل الساحرة والأكلات المصرية الأصيلة، ويُعد خياراً رائعاً لتناول الطعام في أجواء عصرية راقية (خمس نجوم). يشتهر بتقديم أطباق متنوعة مثل الشاورما، السجق، والمشويات، إلى جانب الشيشة، مع خدمة ممتازة وقعدات مريحة.,5,,,مطعم,google_maps,"food,service,price,ambiance","food:positive,service:positive,price:positive,ambiance:positive"
699,حلو,5,,,مطعم,google_maps,general,general:positive
778,المكان جميل مخبز رائع والكميه راهيه.,5,,,مطعم,google_maps,"food,service,ambiance","food:positive,service:positive,ambiance:positive"
793,المطعم ممتاز و الخدمه رائعه,5,,,مطعم مأكولات بحرية,google_maps,"food,service,ambiance","food:positive,service:positive,ambiance:positive"
800,ممتاز,5,,,مطعم مأكولات مشوية,google_maps,general,general:positive
805,ممتاز,5,,,مطعم مأكولات مشوية,google_maps,general,general:positive
821,ممتاز,5,,,مطعم مأكولات سورية,google_maps,general,general:positive
823,"مطعم يقدم الوجبات السورية، بمذاق جميل.
تجربتي معهم كانت ممتازة مع ورق العنب وكذلك الشاورما والمشاوي",5,,,مطعم مأكولات سورية,google_maps,"food,ambiance","food:positive,ambiance:positive"
831,نظيف واكل ممتاز,5,,,مطعم مأكولات الشرق الأوسط,google_maps,"cleanliness,general","cleanliness:positive,general:positive"
859,المكان جميل و الأكل في منتهي الجمال و التعامل راقي جداً و سيد الويتر محترم جداً,5,,,مطعم مأكولات لبنانية,google_maps,"food,service,ambiance","food:positive,service:positive,ambiance:positive"
862,"الاكل في منتهي الروعة و الجمال ر النضافة
و الإستاف ناس زوق. اجمل مطعم لبناني في مصر  شيك شكرا  محمد صلاح",5,,,مطعم مأكولات لبنانية,google_maps,"food,service,ambiance","food:positive,service:positive,ambiance:positive"
865,انا اشكرمحمد صلاح علي الخدمه الممتازه وعلي حسن التعامل وربنا يوفقه وشكراجزيلا له وللاداره المطعم زهره لبنان الف شكرلكم جميعا  طلال بانه,5,,,مطعم مأكولات لبنانية,google_maps,service,service:positive
874,سيد وحسام واحمد ، خدمتهم جميله جداً والاكل لذيذ أوي ويستاهل الزياره .,5,,,مطعم مأكولات لبنانية,google_maps,"food,service,ambiance","food:positive,service:positive,ambiance:positive"
878,مكان جميل واكل لذيذ  وخاصة الباشا حسام تعاملة راقي,5,,,مطعم مأكولات لبنانية,google_maps,"service,ambiance","service:positive,ambiance:positive"
890,مطعم زبالة بكل معنى الكلمة. في رمضان و طالبة اكل وقت الفطار وطلبت مع طلبات عشان مشغولة مش عارفة اتكلم في التليفون و المندوب بيتصل وقت الفطار يقولي ابعتي اللوكيشن و مجاش اصلا في وقت التسليم و اضطريت افضل من غير اكل والمطاعم قفلت وحاجة منتهى قلة الزمة و الاحترام. منكم لله غير ان المرة اللي قبلها الأكل جه ميتاكلش,5,,,مطعم,google_maps,"food,service,ambiance","food:negative,service:negative,ambiance:negative"
902,"خدمة ممتازة والمكان جميل والاكل كان اجمل
شكرا على حسن الإستقبال مستر سمير",5,,,مطعم,google_maps,"food,service,ambiance","food:positive,service:positive,ambiance:positive"
903,"الدهاان واحد بس والاكل و الخدمة فوووق الممتازة
و شكرا علي الضيافه الجميلة
كابتن سمير
❤❤",5,,,مطعم,google_maps,"food,service,ambiance","food:positive,service:positive,ambiance:positive"
905,"الدهان رقم 1
والخدمة والاصطف ممتازييين
شكرا علي الأداء والضيافة الجميله 😍",5,,,مطعم,google_maps,service,service:positive
907,الاكل اكثر من رائع,5,,,مطعم,google_maps,food,food:positive
910,كابتن سمير جامد و الاكل جامد,5,,,مطعم,google_maps,"food,service","food:positive,service:positive"
911,الاجواء كويسه جدا والأكل حلو,5,,,مطعم,google_maps,"food,service,ambiance","food:positive,service:positive,ambiance:positive"
913,أكل رائع جدا والجودة ممتازة والأكل ساخن وشكراً جزيلاً للشيفات والكابتن سمير وكل الكابتنز,5,,,مطعم,google_maps,"food,service","food:positive,service:positive"
914,المكان جميل بصراحة و الاكل تحفة,5,,,مطعم,google_maps,"food,ambiance","food:positive,ambiance:positive"
917,كابتن سمير افضل حد في المكان و الاكل والاجواء رائعة,5,,,مطعم,google_maps,"food,service,ambiance","food:positive,service:positive,ambiance:positive"
918,"خدمه محترمه جدآ
كابتن سامير اللي كان معايا
قمه الزوق والاحترام في التعامل",5,,,مطعم,google_maps,service,service:positive
920,بسم الله ما شاء الله خدمه ممتازة وطعم الاكل تحفه,5,,,مطعم,google_maps,"food,service","food:positive,service:positive"
921,"حابب أتقدم بخالص الشكر والتقدير لمطعم الدهان على الخدمة الممتازة والاحترام في التعامل.وكبتن سمير خاصة
الأكل كان أكثر من رائع، والتنظيم والاستقبال كانوا في منتهى الرقي.
بجد مكان يستحق التقدير، وكل التوفيق والنجاح ليكم دايماً.",5,,,مطعم,google_maps,"food,service,ambiance","food:positive,service:positive,ambiance:positive"
923,تحفه,5,,,متجر,google_maps,"general,none","general:positive,none:neutral"
935,ممتاز,5,,,مطعم عائلي,google_maps,general,general:positive
937,اكل سئ للاسف,5,,,مطعم عائلي,google_maps,"general,none","general:negative,none:neutral"
939,خدمه طعام تعامل سيئ سيئ سيئ,5,,,مطعم عائلي,google_maps,"service,ambiance,none","service:negative,ambiance:negative,none:neutral"
950,الاجواء حلوة في الداون تاون . خلف ستاربكس جلسه حلوه على النافورة,5,,,كافيه,google_maps,"service,ambiance","service:positive,ambiance:positive"
952,للاسف خدمه سيئه جداً من الموظف احمد .. وللاسف مكشر بوجه الزباين  وبرضو تطلب طلبات وتدفع وينسى يسجلها بالاوردر,5,,,كافيه,google_maps,"service,ambiance","service:negative,ambiance:negative"
956,مطعم جميل,5,,,مطعم دجاج,google_maps,general,general:positive
965,جميل واقتصادي,5,,,مطعم دجاج,google_maps,general,general:positive
976,ممتاز,5,,,مطعم يمني,google_maps,general,general:positive
979,"مكان حلو
الاكل جميل جدا والأسعار مناسبة اوي",5,,,مطعم يمني,google_maps,"food,price,ambiance","food:positive,price:positive,ambiance:positive"
980,"للاسف المواعيد في التوصيل اعطيها صفر من ١٠.
والموظفين المصرين مو محترمين الزباين
بدون احترام بعد ما قعدني ساعه انتظر فوق الوقت المحدد للتوصيل يقولي اذا تبغي اوك واذا ما تبغي الغي الطلب بكل برود...",5,,,مطعم يمني,google_maps,"food,service,ambiance","food:negative,service:negative,ambiance:negative"
996,الاكل ممتاز ، الضيافة ممتازة، قابلنا ا سيف وكان متابع معانا في كل طلباتنا وتعامله ممتاز وراقي,5,,,مطعم,google_maps,"food,service,ambiance","food:positive,service:positive,ambiance:positive"
1010,مكان جميل جداً جداً,5,,,مطعم مأكولات مشوية,google_maps,ambiance,ambiance:positive
1011,للاسف خدمة و اكل مستواهم بقا سيئ و من أسوء لأسوء و دليفري قلة ادب في التعامل,5,,,مطعم مأكولات مشوية,google_maps,"food,service","food:negative,service:negative"
1028,المكان ممتع جدا وجميل روووعه ميرسي للجميع وخصوصا كابتن محمد ناصر 🥰وسيد الموس,5,,,كافيه,google_maps,"service,ambiance","service:positive,ambiance:positive"
1032,مكان ممتاز جدا,5,,,كافيه,google_maps,"ambiance,general","ambiance:positive,general:positive"
1034,كل حاجه حلوه والخدمه ممتازه,5,,,كافيه,google_maps,"service,ambiance","service:positive,ambiance:positive"
1035,"مكان جميل والاكل حلو
تجربه هكررها تاني ان شاء الله",5,,,كافيه,google_maps,"food,ambiance","food:positive,ambiance:positive"
1040,من أفضل الأماكن الجميلة جدا والجو بتاعها جميل جدا,5,,,كافيه,google_maps,ambiance,ambiance:positive
1042,المكان تحفه تحفه والأجواء جميله والاكل بجد جميل جداً,5,,,كافيه,google_maps,"food,service,ambiance","food:positive,service:positive,ambiance:positive"
1043,الاكل جميل و الاتموسفير رائع بالإضافة لاهتمام الاستاف و الخدمات,5,,,كافيه,google_maps,"food,service,ambiance","food:positive,service:positive,ambiance:positive"
1045,مكان لذيذ والناس لذيذه ان شاء الله مش اخر مره ❤️❤️,5,,,كافيه,google_maps,"service,ambiance","service:positive,ambiance:positive"
1054,ممتاز,5,,,فندق,google_maps,general,general:positive
1058,فندق جيد جدا,5,,,فندق,google_maps,general,general:positive
1076,مطعم جميل احلى شي البيتزا عجبتني بيتزا الترافيل,5,,,مطعم مأكولات إيطالية,google_maps,"food,ambiance","food:positive,ambiance:positive"
1087,Lovely ♥️♥️♥️,5,,,مطعم مأكولات أمريكية,google_maps,"general,none","general:positive,none:neutral"
1088,Tasty steak,5,,,مطعم مأكولات أمريكية,google_maps,"general,none","general:positive,none:neutral"
1108,روعة,5,,,مطعم,google_maps,general,general:positive
1126,"الاكل كويس مقارنة ما ولكن المدير اسلوبه مش احسن حاجة ، جاي وقت الفطار انا و اصدقائي ويقولي لازم تاخد من ال Set Menu ، اقوله طيب هو مينفعش اخد من المنيو العادي مش موافق برضه ويقولي تعليمات الادارة تعالى بعد الساعة ٧ و نص ، ياعم ده وقت فطااااار مفيش خالص
حتى لو مش خطأوا ف خطأ الادارة",5,,,مطعم مأكولات إيطالية,google_maps,"food,service,ambiance","food:negative,service:negative,ambiance:negative"
1129,"My favorite restaurant so far 😍😍
١. الخدمة: ممتازة، من اول الويتر اللي بيسجل الاوردر، لحد ما تدفع الحساب فعلا محترمين جدا.. اكتر من مرة طلبنا تعديل في مكونات الطبق وبيعملولنا بالظبط اللي بنطلبه وبكل ترحاب.
٢. نظافة المكان: المكان نظيف جدا من حيث الطرابيزات، الحمامات، الأرضيات.
٣. الأكل: جودة الأكل ممتازة.. مكونات عالية الجودة، حتى الأكل النباتي أو الصيامي طعمه حلو ومخدوم كويس جدا.
٤. خدمة التوصيل سريعة والأكل بيوصل سخن ومتغلف كويس.
٥. التنوع في الأصناف: منيو متنوع من أول الفطار، سلطات، أصناف جانبية، معجناب وبيتزا، أطباق رئيسية ، حلويات، اطباق نباتية.
٦. الأسعار: في رأيي ان الأسعار جيدة خاصة مقابل الجودة المقدمة.

بيسترو تجربة ممتازة فعلا وبيرحبوا بأي تعليق على الاكل بترحاب واحترام.",5,,,مطعم مأكولات إيطالية,google_maps,"food,service,price,cleanliness,ambiance","food:positive,service:positive,price:positive,cleanliness:positive,ambiance:positive"
1134,بجد بجد من احسن المطاعم ع الاطلاق باروح كل فروعه بس بقيت مدمنه فرع مدينه نصر بسبب مريم القمر بتعمل احلي هوت شوكليت واحلي فريبتشينو ف الدنيا,5,,,مطعم مأكولات إيطالية,google_maps,"food,service,ambiance","food:positive,service:positive,ambiance:positive"
1138,"المكان جميل
والخدمه مميزه
يستحق التجربه.",5,,,مطعم يمني,google_maps,"service,ambiance","service:positive,ambiance:positive"
1141,مكان جميل ونظيف والخدمه كويسه جدااا والناس ذوق ومتعاونيين,5,,,مطعم يمني,google_maps,"service,ambiance","service:positive,ambiance:positive"
1143,المكان حلو جدا والأكل تحفة,5,,,مطعم يمني,google_maps,"food,ambiance","food:positive,ambiance:positive"
1144,المكان جميل والاكل تحفه,5,,,مطعم يمني,google_maps,"food,ambiance","food:positive,ambiance:positive"
1147,مدير جيد جدا,5,,,مطعم يمني,google_maps,general,general:positive
1155,الاكل تحفة جدا والخدمة فوق الممتاز,5,,,مطعم مأكولات سورية,google_maps,"food,service","food:positive,service:positive"
1181,طلبت اوردر الساعه ٣ عشان يجيلي ٥ ونص وجالي الساعه ٧ الا ربع بعد الفطار بساعه اسوء تجربه الصراحه,5,,,مطعم مأكولات سورية,google_maps,"food,service","food:negative,service:negative"
1185,طعام سئ وليس له علاقه بالاكل السوري,5,,,مطعم مأكولات سورية,google_maps,food,food:negative
1188,خدمة ممتازة ودكتورة على أعلى مستوي,5,,,مستشفى,google_maps,"service,none","service:positive,none:neutral"
1192,خدمة رائعة وخصوصا علاقات المرضي,5,,,مستشفى,google_maps,"service,none","service:positive,none:neutral"
1196,خدمة رائعة,5,,,مستشفى,google_maps,"service,none","service:positive,none:neutral"
1199,للأسف تجربة اسوء ما يكون لما دكتور يبلغ المريض و اهله ان فيه ورم ولازم تدخل سريع ولازم ندخل عمليات حالا و هنقص الأمعاء و نشيل و نفتح في الجنب و نركب كيس خارجي للإخراج و لما اتكلمنا و سألنا طاب فيه اي حاجة تأكد التشخيص يبصلنا بقرف و يقرر انه يمشي و يسيبنا و يقولنا انت بتفتوا او بتقولوا اي كلام لما دكتور ياكد ان المشكلة ورم بنسبة ٩٩٪؜ و لما نسال هي حاله المريض تسمح بعملية زي ديه و يقول اصل لو معملتوش العملية هتموت و لو عملتوها و حصل خطا خلاص مش فارقه … وطالما انتوا مش عايزين عملية يبقي اكتبوا تعهد و امضوا و عشان الحمد لله ربنا بيحبنا خرجنا من المستشفي و رحنا لدكتور تاني و اول كلمه قالها ان ده مش ورم وان ده انعكاس الأمعاء في الاشعه  و الحمد لله روحنا مستشفي تانية محترمه و بيفهموا و بيعرفوا يتعاملوا مع المريض انه انسان و في أزمة صحية و عملنا العملية و مطلعش ورم و طلع انسداد معوي بسبب التصاقات في الأمعاء ، ياريت لو يبقي عندكم دكاتره بتفهم و تعرف تتعامل مع المرضي ازاي و يبقي إنسان يعرف يقول ايه و يتكلم ازاي مش يبقي بيحاول يضغط علي المرضي عشان ياخدوا اجراء مش محتاجين ليه بغرض سحب فلوس من المريض و استغلاله لو الكلام ده من دكتور صغير ساعتها نقول معلش قلة خبرة بس لما يبقي استشاري الجراحة دكتور علاء الدين عبد الله فراج يبقي مش عارفة اقول ايه غير حسبي الله و نعم الوكيل فيك,5,,,مستشفى,google_maps,"service,price,ambiance","service:negative,price:negative,ambiance:negative"
1200,good hospital,5,,,مستشفى,google_maps,"general,none","general:positive,none:neutral"
1203,اسوء سحور في مصر مفيش نظام تقف في دماغ اللى قاعد عشان تلحق ترابيزة الاكل بيطلع من طاسة القلية في منتهى القذارة، سيبنا المكان ومشينا,5,,,مطعم فلافل,google_maps,"food,service,cleanliness,ambiance","food:negative,service:negative,cleanliness:negative,ambiance:negative"
1205,جميل,5,,,مطعم فلافل,google_maps,"ambiance,general","ambiance:positive,general:positive"
1208,مطعم غالى بالاونطه والأكل طعمه وحش وبارد يا خساره الفلوس حسبى الله ونعم الوكيل,5,,,مطعم فلافل,google_maps,food,food:negative
1224,المكان في الليل هادى وجميل,5,,,مقهى,google_maps,ambiance,ambiance:positive
1247,مكان ممتاز,5,,,مركز تسوق,google_maps,"ambiance,general","ambiance:positive,general:positive"
1253,مكان جميل للتسوق,5,,,مركز تسوق,google_maps,"ambiance,general","ambiance:positive,general:positive"
1254,مول رائع وراقي والأجواء رائعه هدوء نظافة,5,,,مركز تسوق,google_maps,ambiance,ambiance:positive
1273,الاسعار اوفر ومفيش يعتبر عروض,5,,,مطعم مأكولات سورية,google_maps,price,price:negative
1274,"الكل كويس معاهك الدجاج المشوي جميل جدا والبطاطس والثوميه حلوه اوي بس الرز مزيت شويه
و الخدمه جميله والمكان نضيف وحلو والاسعار متوسطه",5,,,مطعم مأكولات سورية,google_maps,"food,service,cleanliness,ambiance","food:positive,service:positive,cleanliness:positive,ambiance:positive"
1275,الخدمة ممتازة وأفراد المكان محترمين ولكن جودة الأكل غير لائق بحجم المكان,5,,,مطعم مأكولات سورية,google_maps,"food,service,ambiance","food:positive,service:positive,ambiance:positive"
1287,مطعم سيئ وتعامل الموظفين سيئ ويجبرون الشخص على اكل معين وخصوصا الموظف علي بدير,5,,,مطعم مأكولات لبنانية,google_maps,service,service:negative
1293,كان طيب جدا بس اسعارو غالي,5,,,مطعم مأكولات لبنانية,google_maps,"service,price","service:negative,price:negative"
1302,اكلهم لذيذ .. وترتيب مميز 🤍🫰,5,,,مطعم مأكولات لبنانية,google_maps,"food,service","food:positive,service:positive"
1313,من زمان والطعم احلي من اي مكان,5,,,مطعم مأكولات مشوية,google_maps,"food,ambiance","food:positive,ambiance:positive"
1315,المكان جميل والأكل روعه,5,,,مطعم مأكولات مشوية,google_maps,"food,ambiance","food:positive,ambiance:positive"
1316,المكان فوق الممتاز والخدمه جميله و الأكل تحفه ماشاء الله,5,,,مطعم مأكولات مشوية,google_maps,"food,service,ambiance","food:positive,service:positive,ambiance:positive"
1319,المكان ممتاز,5,,,مطعم,google_maps,"ambiance,general","ambiance:positive,general:positive"
1320,جميل جداااا,5,,,مطعم,google_maps,general,general:positive
1324,الاكل تحفه الخدمه تحفه و الوتير محمد فرج ممتاز في الاداء و الخدمه,5,,,مطعم,google_maps,"food,service,ambiance","food:positive,service:positive,ambiance:positive"
1331,المطعم اكله جميل جدا و مضمون,5,,,مطعم مأكولات لبنانية,google_maps,"food,service,ambiance","food:positive,service:positive,ambiance:positive"
1359,خدمة ممتازة وتعامل راقي,5,,,مطعم فلافل,google_maps,service,service:positive
1360,جيد,5,,,مطعم فلافل,google_maps,general,general:positive
1373,تجربة سيئة ودون المستوى مع اني دافع مبلغ وقدره لكن الخدمة سيئة وفيه مماطلة من قبل الصيانه والاستقبال,5,,,فندق,google_maps,"service,price,ambiance","service:negative,price:negative,ambiance:negative"
1381,"تجربه افطار في رمضان

اسوا تجربه طعام في هذا المطعم.
موظفه الاستقبال مالها نفس تشتغل.
تم توضيح ان نظامهم افطار على الشخص وكنا شخصين. قالوا الدخول للشخص 450. واتفاجأ بعدين الفاتوره 5300 يعني نصب في نصب.

اخر مره اجي المطعم ذا والفندق. تجربه سيئه بالكامل مقابل اسعار وخدمه لاترتقي بالمأمول",5,,,مطعم مأكولات مشوية,google_maps,"food,service,price,ambiance","food:negative,service:negative,price:negative,ambiance:negative"
1390,الاكل جيد جداً والمكان والخدمة رائعه، المكان يحتاج حجز,5,,,مطعم مأكولات مشوية,google_maps,"food,service,ambiance","food:positive,service:positive,ambiance:positive"
1396,"مكان رائع و الخدمة ممتازه و الاكل لذيذ و الاسعار معقوله
👌🏻",5,,,مطعم مأكولات مشوية,google_maps,"food,service,price,ambiance","food:positive,service:positive,price:positive,ambiance:positive"
1401,انا ماشوفتش سرقة علنية بالشكل ده انا روحت مع عائلتي للفرع اللي في الماظة بارك وقريت المنيو والاسعار كان عالية جدا بس قررت اروح يمكن السعر المبالغ فيه ده هيكون قدامه مقابل مناسب طلبت ربع تيس يجي لي 3 قطع لحم عبارة عن جلد وعظم ايه هو نوع التيس اللي الربع منه بالحجم ده واللي كان طالب نفر لحم يجي له قطعة لحم فقط ومفيش اي سلطات جانية بتنزل مع الاكل اي سلطة انت اللي تشتريها بسعر اضافي مبالغ فيه جدا وينزل لك عينة سلطة مش كمية مناسبة حتى وخدمة 400ج وضرايب 600ج اسوأ تجربة اكل انا شوفتها ماانصحش اي حد يروح يجرب واللي هيروح يشتري فراخ فقط مايشتريش اي اطباق لحم,5,,,مطعم يمني,google_maps,"food,service,price,ambiance","food:negative,service:negative,price:negative,ambiance:negative"
1418,اكل تحفه بصراحه لذيذ جدا,5,,,مقهى,google_maps,"food,service,ambiance","food:positive,service:positive,ambiance:positive"
1422,ممتاز,5,,,مطعم وجبات سريعة,google_maps,general,general:positive
1423,مطعم ممتاز,5,,,مطعم وجبات سريعة,google_maps,general,general:positive
1427,احلى فول مدمس من عنده,5,,,مطعم وجبات سريعة,google_maps,food,food:positive
1432,شكرا ايناس شاطرة جدااا ومحترفه في التعامل بجد و إنسانة زوق جدا ربنا يباركلها يارب,5,,,مستشفى,google_maps,service,service:positive
1443,"خضعت لجراحة استئصال غضروف و الحمد لله كانت ناجحه جدا رغم صعوبة الحالة أوجه كل الشكر و العرفان للدكتور الجميل ذو الشخصية العظيمة د/ محمد عاطف النقلي (مخ و اعصاب و عمود فقري) ربنا يبارك فيه و يحفظه على مجهوداته الرائعه مهما شكرت لن أوفي حق هذا الدكتور العظيم 🌺❤️
و طبعا لا انسى طاقم التمريض الأكثر من رائع على اهتمامهم و تعاملهم مع المرضى كأنهم اهل بمعنى الكلمة
كل الشكر و التقدير للعاملين بالمستشفى على تعاونهم و ادائهم المميز

كل ملاحظاتي على الإداريون بالمستشفى خاصة مكتب تنسيق الدخول و الخروج و بعض أفراد الامن للأسف كان تعاملهم سيء و لا يراعون اي مشاعر للمرضى محتاجين يشتغلوا على نفسهم شويه في طريقة التعامل و التنظيم اتمنى حل الامور البسيطه دي لتصبح المستشفى كاملة الرعاية 🙏",5,,,مستشفى,google_maps,"service,cleanliness","service:positive,cleanliness:positive"
1458,المكان جميل صراحه ويستحق الزياره .. 👍🏻,5,,,مطعم,google_maps,ambiance,ambiance:positive
1468,الاكل حلو جدا و الاستف زوق جدا تسنيم و حبيبه,5,,,مطعم بيتزا,google_maps,"food,service","food:positive,service:positive"
1473,أطعم بيتزا وأفضل ستاف وخصوصا تسنيم وحبيبة 🥰♥️♥️♥️♥️♥️,5,,,مطعم بيتزا,google_maps,"food,service","food:positive,service:positive"
1478,الاكل والمكان تحفه والبنت اسمها رانيا فريد شوقي لذيذه اوي وفريندلي وجميله,5,,,مطعم بيتزا,google_maps,"food,service,ambiance","food:positive,service:positive,ambiance:positive"
1505,"مكان ممتاز ومريح جدا
والأكل تحفة والاسعار تمام",5,,,مطعم مأكولات مصرية,google_maps,"food,price,ambiance","food:positive,price:positive,ambiance:positive"
1512,Great food,5,,,مطعم مأكولات إيطالية,google_maps,"general,none","general:positive,none:neutral"
1526,"المكان والخدمة ممتازين
انصح بالمكان 👍👍",5,,,مطعم مأكولات إيطالية,google_maps,"service,ambiance","service:positive,ambiance:positive"
1538,مطعم محترم و اكل ممتاز و مجهود كويس من العاملين في زحمه الفطار و خصوصا كابتن حسن شخص محترم جدا و الويتر حسن الدالي,5,,,مطعم يمني,google_maps,"food,service,ambiance","food:positive,service:positive,ambiance:positive"
1553,الاكل جميل,5,,,مطعم وجبات سريعة,google_maps,food,food:positive
1555,ممتازة,5,,,مطعم وجبات سريعة,google_maps,general,general:positive
1556,مطعم راىع,5,,,مطعم وجبات سريعة,google_maps,general,general:positive
1557,جميل جدا,5,,,مطعم وجبات سريعة,google_maps,general,general:positive
1560,مطعم مناسب جدا وخدمه  محترمه والاكل مختلف عن أي مطعم,5,,,مطعم وجبات سريعة,google_maps,"food,service,ambiance","food:positive,service:positive,ambiance:positive"
1562,طعم رائع وخدمه ممتاذه جدااا,5,,,مطعم وجبات سريعة,google_maps,"food,ambiance","food:positive,ambiance:positive"
1606,أكل حلو وأسعار كويسة,5,,,مطعم,google_maps,"food,price","food:positive,price:positive"
1608,حلو,5,,,مطعم,google_maps,general,general:positive
1609,حلو جدا🫶,5,,,مطعم,google_maps,general,general:positive
1610,جميل جدا والاكل اسعاره مناسبة و كمياته كبيرة ماشاء الله,5,,,مطعم,google_maps,"food,service,price,ambiance","food:positive,service:positive,price:positive,ambiance:positive"
1611,قيمه مقابل سعر و اكلو لذيذ,5,,,مطعم,google_maps,"food,price","food:positive,price:positive"
1612,المكان محترم والخدمة كويس,5,,,مطعم,google_maps,"service,ambiance","service:positive,ambiance:positive"
1616,"طلبت اوفر ٢ زنجر دليفري

الكمية كويسة جدا ، بس الطلب بارد جدا و البطاطس كانت باردة ، و على الفراخ جبنة المفروض سايحة ، بس مجلدة و طعمها وحش ، كمان تتبيله الفراخ ملهاش طعم، و الاوردر وصل خلال ساعة زي ما بلغو",5,,,مطعم,google_maps,"food,service,delivery","food:negative,service:negative,delivery:negative"
1622,مطعم جميل والاكل حلو اوي و الخدمه محترمه ❤️,5,,,مطعم,google_maps,"food,service,ambiance","food:positive,service:positive,ambiance:positive"
1631,"المذاق جيد جدا والحشو جيد
السعر رائع",5,,,مطعم,google_maps,"food,price","food:positive,price:positive"
1632,جيد,5,,,مطعم,google_maps,general,general:positive
1633,مطعم ممتاز واسعاره وجودة الاكل فوق الممتاز,5,,,مطعم,google_maps,"food,price","food:positive,price:positive"
1634,مكان جميل جدا وبيقدم خدمة ممتازة وجودة ثابتة,5,,,مطعم,google_maps,"food,service,ambiance","food:positive,service:positive,ambiance:positive"
1636,احلى شاورما في مصر,5,,,مطعم,google_maps,food,food:positive
1652,السعر جدا جدا غالي ع قهوه وحده,5,,,مقهى,google_maps,price,price:negative
1655,"السويت لذييييييذ و المكان جميل جدا ،، كيكة الچوكلت خياااااال
يستاهل الزيارة",5,,,مقهى,google_maps,"service,ambiance","service:positive,ambiance:positive"
1656,مكان سي واجواء سيئة وصغير جدا ولم يعجبني القهوة ولا الكيكة ايضا,5,,,مقهى,google_maps,ambiance,ambiance:negative
1698,مكان رائع جدا,5,,,مقهى,google_maps,"ambiance,general","ambiance:positive,general:positive"
1703,قعدت في فرع ميراكي كومبلكس طلبت باستا ولما جيت احاسب لقيتهم حاسبين المية قولت للويتر انا مفتحتش المية قالي لازم تدفعيها فهمتوا اني قعدت قبلها بيوم وطلبت نفس الاوردر ومفتحتش المية ومدفعتهاش قاللي انتي بتهئي؟ مدفعتيهاش امبارح تدفعيها انهاردة قولتله هات حد اعلى منك قاللي انا اكبر واحد في المكان وبقولك لازم تدفعيها وقمة قلة الادب بعدها جالي المانچر بيقولي معلش اصل المية لازم تتشال قبل ما اطبع الشيك وطالما طبعته لازم تدفعي طيب وانتوا مبتقولوش الكلام دة ليه للناس قبل ما تحاسب؟؟ قاللي كل المطاعم كدة وانتي شكلك صغير ومش فاهمة!!!! (بيحبوا يسرقوا الناس الصغيرين تقريبا) لما قولتله سني رجع في كلامه، حكيتله على اللي الويتر عمله وان طريقته وحشة ومبيعرفش يتعامل مع الناس لقيت الويتر جه و شتمني قدامهم كلهم وقدام المانچر نفسه وقاللي انا مقولتش حاجة وانتي قليلة الادب ومحدش عمله حاجة خالص كتر خيرهم قالوله خش جوة هيوقفوه تقريبا في النوتي كورنر رافع ايده 😂 اول ما قولت اني هبلغ البوليس والناس اللي قاعدة في المكان شاهدين و الكاميرات موجودة طلع يجري وكلهم اتلموا عليا بيقولولي انتي صاحبة مكان 😅 اخر كلمة قولتها للمانچر لو بنتك قاعدة في مكان ترضى ان حد يشتمها ومحدش يعمله حاجة مردش (ما هو يا دة مش المانچر وحد بيبعتوه يضحك بس عشان محدش يطالب بحقه يا دة المانچر فعلا بس سلبي جدا ومبيعرفش يتصرف),5,,,مقهى,google_maps,"food,service,price,ambiance","food:negative,service:negative,price:negative,ambiance:negative"
1725,"This used to be my favorite place to buy dresses and I always recommended it. After my last visit, I will never step inside again.

We found a suit we were fully ready to purchase. We simply asked about minor tailoring adjustments and mentioned that the white pants were slightly transparent. Instead of helping, the CFC store manager, Maria, immediately responded with attitude and arrogance. She told us that if it is not our style then it is not for us and that many popular people wear it, so the problem is ours and not the design.

When I asked for the tailor to come so I could show the adjustments I wanted, she refused to even let him see the suit and shut the discussion down completely.

Her manner was dismissive, condescending, and openly disrespectful. There was no attempt to assist, no professionalism, and no basic courtesy. The whole interaction felt uncomfortable and unwelcoming rather than a customer service experience.

A store manager represents the brand, and this behavior reflected extremely poorly on it. Because of this experience I will not return and I will actively warn anyone who asks me about this store.

One of the worst retail experiences I have had.",5,,,متجر ملابس حريمي,google_maps,"food,service,price,cleanliness,ambiance","food:negative,service:negative,price:negative,cleanliness:negative,ambiance:negative"
1745,دبوس عندهم حلو قوي,5,,,مطعم مأكولات سورية,google_maps,food,food:positive
1747,"الفراخ كانت زفره جدا ووجعت بطننا كلنا تاني يوم
للاسف كان اجمل بروست بس بقا من سئ ل اسوء",5,,,مطعم مأكولات سورية,google_maps,food,food:negative
1748,ممتاز,5,,,سوبرماركت,google_maps,general,general:positive
1750,به جميع الاحتياجات,5,,,سوبرماركت,google_maps,general,general:positive
1753,ممتاز,5,,,سوبرماركت,google_maps,general,general:positive
1760,اسوء تجربه الاكل بارد اكثر الطلبات في المنيو غير متوفر شاي مفيش تجربه سيئه جدا,5,,,مطعم مأكولات مشوية,google_maps,food,food:negative
1761,المكان تحفه والأكل تحفه,5,,,مطعم مأكولات مشوية,google_maps,"food,ambiance","food:positive,ambiance:positive"
1763,الاكل ممتاز والخدمه ممتازه اشكر الجميع بالتوفيق,5,,,مطعم مأكولات مشوية,google_maps,"food,service,ambiance","food:positive,service:positive,ambiance:positive"
1764,محترمين وذوق والاكل حلو ماشاء الله,5,,,مطعم مأكولات مشوية,google_maps,"food,service","food:positive,service:positive"
1766,المكان تحفه,5,,,مطعم مأكولات مشوية,google_maps,"ambiance,none","ambiance:positive,none:neutral"
1767,المكان تحفه و الاكل روعه والخدمه ممتازه,5,,,مطعم مأكولات مشوية,google_maps,"food,service,ambiance","food:positive,service:positive,ambiance:positive"
1771,مكان رائع والخدمة ممتازة,5,,,مطعم مأكولات مشوية,google_maps,"service,ambiance","service:positive,ambiance:positive"
1773,المكان تحفه والاكل جميل,5,,,مطعم مأكولات مشوية,google_maps,"food,ambiance","food:positive,ambiance:positive"
1777,الخدمة جيدة والاكل جيد,5,,,مطعم,google_maps,"food,service","food:positive,service:positive"
1783,"الاكل تحفهههه
المعمله تحفهه",5,,,مطعم,google_maps,food,food:positive
1784,الاكل تحفه اوي,5,,,مطعم,google_maps,food,food:positive
1810,تجربه ممتازة,5,,,مطعم,google_maps,general,general:positive
1814,المكان حلو جدا والجو جميل ونضيف,5,,,مطعم,google_maps,"food,service,cleanliness,ambiance","food:positive,service:positive,cleanliness:positive,ambiance:positive"
1824,انا بشكر المنظومة بالكامل وإدارة المستشفي شكرا جدا علي الاهتمام والجودة العالية,5,,,مستشفى,google_maps,service,service:positive
1828,الخدمة كلها بلا تفرقة ممتازة والناس متعاونة وبشوشة وجعلونى اشعر اننى فى بيتى تماما,5,,,مستشفى,google_maps,service,service:positive
1837,التمريض ممتاز جدا والدكاترة ممتازة وادارة المستشفي منظمة وبالاخص الدور السابع,5,,,مستشفى,google_maps,service,service:positive
1838,جميع خدمات المستشفي ممتازة من إدارة وتمريض ودكاترة ونظافة وتغذية وأخص بالشكر الدور العاشر,5,,,مستشفى,google_maps,"service,cleanliness","service:positive,cleanliness:positive"
1841,جزيل الشكر لطاقم مستشفى القاهرة التخصصى من اطباء و تمريض و معاونين على الاهتمام و الرعاية بوالدتى الدور العاشر غرفة ٨ تحت اشراف الاستاذ الدكتور احمد هانى و مس سحر محمد و مستر محمد عبدربه,5,,,مستشفى,google_maps,service,service:positive
1842,المعامله ممتازة من التمريض والدكاترة والنظافة في الدور السادس والمعامله اللطيفه من طاقم العمليات والاهتمام من العلاقات العامة بالاخص ميس ايمان,5,,,مستشفى,google_maps,"service,cleanliness","service:positive,cleanliness:positive"
1845,ممتاز,5,,,مستشفى,google_maps,general,general:positive
1855,مطعم جميل واكله لذيذ 👍,5,,,مطعم,google_maps,"food,ambiance","food:positive,ambiance:positive"
1868,حلو فطور مكان رايق انصح الصبح بدري الاجواء حلوه في الزمالك,5,,,مطعم,google_maps,"food,service,ambiance","food:positive,service:positive,ambiance:positive"
1871,الاكل وصل ناقص و بارد  لا انصح ابدا بالتعامل معهم و خدمة العملاء تكلمهم ميعرفوش يعملوا حاجة للاسف,5,,,مطعم مأكولات سورية,google_maps,"food,service","food:negative,service:negative"
1872,مكان رائع,5,,,مطعم مأكولات سورية,google_maps,"ambiance,general","ambiance:positive,general:positive"
1873,طلبت ساندوتش شاورما من غير مخلل، جابولي ساندوتش مليان مخلل، المشكله اني طلبته و روحت البيت فمش هعرف ارجع تاني,5,,,مطعم مأكولات سورية,google_maps,food,food:negative
1878,خدمة ممتازة والأكل طيب وشهى,5,,,مطعم مأكولات سورية,google_maps,"food,service","food:positive,service:positive"
1879,"بالسم الهاري
اسوء و أقذر اكل
لا طعم و لا ريحة و لا مذاق
اكل فاسد و لحوم",5,,,مطعم مأكولات سورية,google_maps,food,food:negative
1888,جيد,5,,,سوبرماركت,google_maps,general,general:positive
1900,ممتاز,5,,,مطعم,google_maps,general,general:positive
1913,ناس محترمه الاكل كويس الحمد لله,5,,,مطعم,google_maps,"food,service","food:positive,service:positive"
1914,جو جميل و اكل جميل نتمني الاستمرارية,5,,,مطعم,google_maps,"food,service,ambiance","food:positive,service:positive,ambiance:positive"
1918,اسعاره مبالغ فيها شويه,5,,,مطعم,google_maps,"food,price","food:negative,price:negative"
1935,أسعار مناسبة مقابل جودة ممتازة 💰✨,5,,,مطعم مأكولات سورية,google_maps,"food,price","food:positive,price:positive"
1944,الاسعار مبالغ فيها جدا جدا    ..,5,,,مطعم,google_maps,"food,price","food:negative,price:negative"
1945,مكان ممتاز,5,,,مطعم,google_maps,"ambiance,general","ambiance:positive,general:positive"
1946,الاكل عجبني والخدمه حلوه جدا شكرا للاستاف,5,,,مطعم,google_maps,"food,service,ambiance","food:positive,service:positive,ambiance:positive"
1948,احلي مطعم ف مصر,5,,,مطعم,google_maps,food,food:positive
1949,Perfectoooo🔥🔥,5,,,مطعم,google_maps,"general,none","general:positive,none:neutral"
1955,مطعم حلو و اكلة جميل بصراحة,5,,,مطعم,google_maps,"food,ambiance","food:positive,ambiance:positive"
1973,الاسعار  والخدمة والضريبة غالية,5,,,مطعم,google_maps,"service,price","service:negative,price:negative"
1974,مطعم جميل,5,,,مطعم,google_maps,general,general:positive
2008,اسعارهم كويسه جدا والأكل تحفه اوي,5,,,مطعم مأكولات سورية,google_maps,"food,price","food:positive,price:positive"
2018,ممتاز,5,,,مطعم أطباق اللحوم,google_maps,general,general:positive
2023,الأكل كان جميل، و المعاملة جميلة جداً و لكن العاملين بالمكان عددهم مش كافي لو في زحمة,5,,,مطعم أطباق اللحوم,google_maps,"food,service,ambiance","food:positive,service:positive,ambiance:positive"
2029,"ابدا لا انصح بتجربة اللحم المندي عندهم، اللحم المندي دائما سيئ جدددددا وناااااشف وغير طازج وفيه كمية زفرررررر، اسوء تجربه للحم المندي.
بالنسبه للدجاج لازم يكون طااااازج والى هيكون سيئ وزفررر",5,,,مطعم أطباق اللحوم,google_maps,"food,service","food:negative,service:negative"
2032,المكان خيال وكل حاجه حلوه,5,,,مطعم,google_maps,"service,ambiance","service:positive,ambiance:positive"
2049,مكان كويس وشوو حلوو جدا,5,,,مطعم,google_maps,ambiance,ambiance:positive
2054,مستشفى سيئه جدا وبطئ شديد فى كل شئ والتمريض مش على المستوى ومافيش مسؤول تعرف تكلمه,5,,,مستشفى,google_maps,"service,none","service:negative,none:neutral"
2065,"This is my first time coming to Egypt and I never thought it would be a delightful experience. I brought my father for a medical treatment from Eritrea and from the first minute we arrive at As Salam international hospital Maadi branch, they took everything serious and they did what we needed to stabilize my father's heart condition before any further tests. From the emergency room with in couple hours they transfer as to CCU which is cardiac care unit. After intensive tests and diagnostics they did intervention and everything went well. Thanks to God my father is in great condition now. I want to name those nurses who did everything to make me and my dad feel home and relaxed. I could write about my delighted experience but I will end it here. I am sorry I couldn't remember the name of the Dr.s but they are as helpful as all the nurses we came across. With out any specific orders here are the amazing nurses, Mr. Rabbani Mahmoud
Mr. Mohammed Abdullah
Miss. Rabab Hosni Mr.mustafa |brahim
Mr. Ahmed Tarik
Press and hold",5,,,مستشفى,google_maps,"service,price,cleanliness,ambiance","service:negative,price:negative,cleanliness:negative,ambiance:negative"
2077,احب اشكر قسم اغذيه ومشروبات علي الخدمه الممتازه في تقديم الاكل وجوده الطعام الممتازه بجد شكرا ليكم جدا,5,,,مستشفى,google_maps,service,service:positive
2080,مكان لطيف و هادئ و قهوه جميله,5,,,مقهى,google_maps,"service,ambiance","service:positive,ambiance:positive"
2091,"قبل ما اعمل الكومنت دة، لسة قافل مع المطعم و طلبت اوردر توصيل منزلي و بعد مخلصت الاوردر قولتلوا يبعت مندوب التوصيل بالفيزا ، راح قالي لازم كاش 🤷🏻‍♂️ يا فندم ازاي كاش بس دة ٣/٤ معاملات التجارية في المحلات و المطاعم من خلال الفيزا ، رد عليا يقولي لا سياسة المطعم نقدي فقط ، روحت قولتلوا طيب ابعتلي مندوب توصيل عندوا حساب بنكي انستاباي احول عليه ، راح رفض بردوا 🤷🏻‍♂️ قولتلوا الغي الاوردر

بصراحة انا مستغرب من الاسلوب و التعامل الغريب دة ، دة الف باء في اي مكان بيقدم خدمة سواء اكل او غيروا يكون عندوا فيزا

لا انصح به لان الاسلوب و المعاملة المحترمة هيا اساس التقييم و زي مبيقولوا التربيه قبل التعليم ( معلم في شغلك بس قليل الادب و الذوق يبقا ولا ليك لزمة )",5,,,مطعم بيتزا,google_maps,"food,service,delivery","food:negative,service:negative,delivery:negative"
2093,الاكل ممتاز و اسعار معقوله جدا,5,,,مطعم بيتزا,google_maps,"food,price","food:positive,price:positive"
2102,جميل,5,,,مطعم شاورما,google_maps,general,general:positive
2110,ممتاز,5,,,مطعم شاورما,google_maps,general,general:positive
2113,المكان جميل اووي و الاكل و بجد في ويتر اسم  اسلام كان محترم و زووق اووي,5,,,مطعم شاورما,google_maps,"food,service,ambiance","food:positive,service:positive,ambiance:positive"
2114,ممتاز,5,,,مطعم شاورما,google_maps,general,general:positive
2116,كانت التجربة جميلة و استقبلنا الموظف عمر حلمي وكان محترم جداً و خدوم و الأطباق لذيذة,5,,,مطعم,google_maps,"food,service,ambiance","food:positive,service:positive,ambiance:positive"
2124,جيد,5,,,مطعم,google_maps,general,general:positive
2126,"احمد تركي كان ممتاز معانا
وخدمة ممتازة
والأكل لذيذ جداً",5,,,مطعم,google_maps,"food,service,ambiance","food:positive,service:positive,ambiance:positive"
2156,"بصراحه لسة مشتري بيتزا سوبر سوبريم ممتازة طعمها حلو
حشو ممتاز
حجم كويس جدا
ألف شكر للشيف اللى عملها",5,,,مطعم بيتزا,google_maps,"food,service","food:positive,service:positive"
2166,الاكل كان حلو و الاسعار معقوله,5,,,مطعم بيتزا,google_maps,"food,price","food:positive,price:positive"
2171,تجرّبه جميله جدا وتعامل راقي من الجميع  ويختص الاستاذه يارا,5,,,فندق,google_maps,"service,ambiance","service:positive,ambiance:positive"
2175,"اشكركم على حسن الاستقبال صراحه من افضل الفنادق من واقع تجربتي نظافه وفخامه
وايضا لاننسى طاقم الريسبشن يستاهلو كل تقدير واحترام كانوا في قمة الاخلاق وحسن التعامل
وهم الاستاذه منى والاستاذ محمد والاستاذه يارا
وان شاءالله معكم دائما في هذا الفندق
وانقل تجربتي لأخواني في السعوديه
تحياتي لكم جميعا",5,,,فندق,google_maps,"service,cleanliness,ambiance","service:positive,cleanliness:positive,ambiance:positive"
2206,"طلبت من الابلكيشن ٢ كيلو ونص يالنجي و جالي كيلو ونص بس بعد ساعتين اساسا و خدمة العملاء عندهم فالضياع الاليم بجد بقولهم مستعجله و محتاجه الكيلو التاني تقولي البنت منا مستنيه رد الفرع مرتين اكلمها تقولي نفس الكلام و حاجه في منتهى الاستهتار بوقت العميل .. لو مش عارفين
تاخدوا طلبات من ابلكيشن يبقى متعملوش ابلكيشن اصلا دا كدا منتهى الفشل
و لما كتبت الكلام دا فكومنتات على صفحتهم عملولي بلوك .. قله ادب",5,,,متجر بقالة,google_maps,"service,ambiance","service:negative,ambiance:negative"
2208,جيد,5,,,متجر بقالة,google_maps,general,general:positive
2210,احلى منتجات,5,,,متجر بقالة,google_maps,"general,none","general:positive,none:neutral"
2213,الاستقبال كويس جدا والخدمة ممتازة,5,,,مستشفى,google_maps,service,service:positive
2224,"بصراحة كانت تجربة استثنائية بفضل الممرضة إسراء. من أول لحظة وهي بتتعامل بأقصى درجات الرحمة والاهتمام والاحترافية بشكل يميزها فعلًا. كانت دايمًا موجودة، منتبهة لكل تفصيلة، وبتسبق احتياجاتي قبل ما أطلبها.

أنا اتعاملت مع أنظمة رعاية صحية في أمريكا وإنجلترا، وأقدر أقول بثقة إن مستوى الرعاية اللي بتقدمه الممرضة إسراء مش بس على نفس المستوى، ده كمان أعلى وأفضل. مهارتها الطبية، وهدوءها، وطيبتها الحقيقية بيخلّوا أي مريض يحس بالراحة والأمان.

هي فعلًا مثال للتمريض على مستوى عالمي، والمستشفى محظوظة جدًا بوجودها.",5,,,مستشفى,google_maps,"service,cleanliness","service:positive,cleanliness:positive"
2225,مستشفي ممتازه ممتازه ومعامله فوق الممتاز محدش قصر معايا نهائي,5,,,مستشفى,google_maps,service,service:positive
2229,"تعامل راقي وتجاوب مع المريض والمرافقين وتوفير كل المتطلبات بدون تعقيد
وشكر خاص لقسم العلاقات العامه واستاذة نيرمين علي اهتمامها باستعجال الاجراءات واسلوبها الراقي في التعامل",5,,,مستشفى,google_maps,service,service:positive
2231,بدون وسيبة تواصل,5,,,مستشفى,google_maps,"general,none","general:positive,none:neutral"
2237,"الاكل بارد و غالي و الخدمه زفت وحاسبونا  على العيش مع الاكل
لا انصح به و لن اكرر التجربه",5,,,مطعم,google_maps,"food,service,ambiance","food:negative,service:negative,ambiance:negative"
2250,سيخ مشوي ياخد جايزة اسوء مطعم مشاوي واسوء خدمة ممكن تشوفها، قلة ذوق من ال staff غير محترمين بالمرة.,5,,,مطعم,google_maps,"food,service","food:negative,service:negative"
2251,مطعم رائع واجوائه جميله ورايقه واكلهم لذيذ,5,,,مطعم,google_maps,"food,service,ambiance","food:positive,service:positive,ambiance:positive"
2254,اكل لذيذ ونظيف الأسف فنان بشوشين,5,,,مطعم مأكولات لبنانية,google_maps,"food,service,ambiance","food:positive,service:positive,ambiance:positive"
2264,كل حاجة جميلة,5,,,مطعم مأكولات لبنانية,google_maps,general,general:positive
2276,"الاكل جودته ممتازة
المشكلة في الزحمة وبطء الخدمة",5,,,مطعم فلافل,google_maps,"food,service,ambiance","food:positive,service:positive,ambiance:positive"
2281,جميل,5,,,مطعم فلافل,google_maps,"ambiance,general","ambiance:positive,general:positive"
2296,حرفيا ممتازه جدا,5,,,المستشفى العسكري,google_maps,general,general:positive
2303,ممتاز,5,,,المستشفى العسكري,google_maps,general,general:positive
2319,تجربة سيئة,5,,,مطعم مأكولات سورية,google_maps,"general,none","general:negative,none:neutral"
2321,مكان حلو قوي ونظيف جدا قضيت في وقت ممتع الصراحه,5,,,مطعم,google_maps,"food,cleanliness,ambiance","food:positive,cleanliness:positive,ambiance:positive"
2336,الاكل مشاء الله جميل ومختلف عن أى مكان اخر,5,,,مطعم مأكولات سورية,google_maps,"food,ambiance","food:positive,ambiance:positive"
2342,للاسف اخر مره اطلب من عندهم الاكل سئ وحمضان,5,,,مطعم مأكولات سورية,google_maps,food,food:negative
2361,جيد,5,,,مطعم مأكولات تركية,google_maps,general,general:positive
2363,خدمه ممتازه و اسعار معقوله الاطباق كبيره و خاماتها ممتازه,5,,,مطعم مأكولات تركية,google_maps,"service,price,ambiance","service:positive,price:positive,ambiance:positive"
2420,خامات جيدة,5,,,مطعم بيتزا,google_maps,general,general:positive
2430,جميل ...برجر بالجبنه...ميكس كفته...طبق بطاطس بالجبنه...اكل جميل ونضيف....,5,,,مطعم,google_maps,"food,ambiance","food:positive,ambiance:positive"
2437,جيد,5,,,سوبرماركت,google_maps,general,general:positive
2447,مكان ممتاز العائلة كلها بتشكر فيها,5,,,عيادة طبية,google_maps,ambiance,ambiance:positive
2449,معاملة جميلة ناس محترمة,5,,,عيادة طبية,google_maps,service,service:positive
2455,إستقبال محترم ودكاتره ممتازه,5,,,عيادة طبية,google_maps,"service,ambiance","service:positive,ambiance:positive"
2457,خدمة ممتازة و الاطباء علي اعلي مستوي,5,,,عيادة طبية,google_maps,service,service:positive
2465,ممتاز,5,,,مطعم مأكولات مصرية,google_maps,general,general:positive
2467,حلو,5,,,مطعم مأكولات مصرية,google_maps,"general,none","general:positive,none:neutral"
2480,حبيتها,5,,,متجر ملابس,google_maps,"general,none","general:positive,none:neutral"
2498,فندق ماشاء الله تبارك الله خدمة ممتازة المسبح بالدور الثاني جميل والكافيه اللي بالروف تبارك الله فيو برج القاهرة ونهر النيل الافطار بالمطعم متنوع وأحيانا كنت أطلب الأفطار بالغرفة العاملين جزاهم الله خير ما يتاخروا عند طلب اي شئ كل الشكر للعامين وإدارة الفندق على حسن الضيافة,5,,,فندق,google_maps,"service,ambiance","service:positive,ambiance:positive"
2499,"كل الخدمات في فندق انديانا  ش عادل حسين رستم سيئه جدا
خدمة الغرف جدا جدا سيئه
تتكلم مع موظفي الاستقبال وتطلب تنضيف الغرفه مايتجاوبون
الشاشه ماهي شغاله من وقت الدخول الي وقت المغادرة
النت سئ جدا جدا جدا
ما انصح في أي شخص يفكر أنه يدخل هذا الفندق",5,,,فندق,google_maps,"service,cleanliness,ambiance","service:negative,cleanliness:negative,ambiance:negative"
2505,فندق جميل ومريح وقريب من وسط البلد وقريب من جميع  الخدمات والاستطاف متعاون والافطار ممتاز ومتنوع,5,,,فندق,google_maps,"service,cleanliness,ambiance","service:positive,cleanliness:positive,ambiance:positive"
2508,ضيافة مميزة واستقبال رائع,5,,,فندق,google_maps,"service,ambiance,none","service:positive,ambiance:positive,none:neutral"
2513,ممتاز,5,,,مطعم,google_maps,general,general:positive
2516,جالي تسمم ربنا ينتقم منكم، لما تواصلت معاكم قولتولي مش بسببنا حسبي الله و نعم الوكيل.. محدش ياكل عندهم احتمال كبير بينزلوا اوردرات لحوم فاسدة,5,,,مطعم,google_maps,"food,service","food:negative,service:negative"
2529,جميل,5,,,كافيه,google_maps,"ambiance,general","ambiance:positive,general:positive"
2537,"معامله حلوه اوي  والشيشه حلوه اوى.  ومعامله فتحى كويسه جدا
مستر عبد الكريم",5,,,كافيه,google_maps,"service,ambiance","service:positive,ambiance:positive"
2540,"الاستف جميل خصوصا عمار واحمد مصطفى
والشيشة كانت حلوة اوى",5,,,كافيه,google_maps,"service,ambiance","service:positive,ambiance:positive"
2545,مكان جميل وممتاز,5,,,مطعم,google_maps,"ambiance,general","ambiance:positive,general:positive"
2560,المكان رائع,5,,,مطعم,google_maps,"ambiance,general","ambiance:positive,general:positive"
2570,زباله في زباله سويت خروج الظهر ونسيت جوازي وفي الليل رجعت أدور عليه لقيته تحت البطانيه يعني لا غيروا الشرشف ولا البطانيه ولا اهتموا في نظافه الشقه ولا العميل ولا اهتموا في شي بس رجعوا البطانيه واجر على واحد ثاني نظافه صفر حسبنا الله ونعم الوكيل,5,,,فندق,google_maps,"service,price,cleanliness,ambiance","service:negative,price:negative,cleanliness:negative,ambiance:negative"
2572,موقع ممتاز وخدمات ممتازه هاذي ثاني مره لي تزل بالوتيل انصح في والموظفات تعاملهم جدا راقي وذوق,5,,,فندق,google_maps,"service,ambiance","service:positive,ambiance:positive"
2574,"الفندق في مكان حيوي وحلو جداً صح الاثاث قديم بس المنطقة اللي انت فيها تعتبر مركزية وتحت في خدمات في ماركت ومطاعم اكلات سريعة وحاجات حلوة.
عندهم نظافة يومية ينفع للشباب بحسب تجربتي وسعرة جميل جداً",5,,,فندق,google_maps,"service,price,cleanliness,ambiance","service:positive,price:positive,cleanliness:positive,ambiance:positive"
2589,اكل جميل ومن الإضافات الجديدة شاورما لحمة وكانت مميزة جدا,5,,,مطعم شاورما,google_maps,"food,service","food:positive,service:positive"
2596,الاكل جامد,5,,,مطعم فلافل,google_maps,"food,general","food:positive,general:positive"
2598,تحفه,5,,,مطعم فلافل,google_maps,general,general:positive
2606,الاكل كويس والاسعار مناسبه,5,,,مطعم بيتزا,google_maps,"food,price","food:positive,price:positive"
2607,"حط بلوبيف بدل السجق و كان لونه احمر و شكله مش سجق خالص و الكيرى مكنش باين طعمها اصلا
الحلو اللى هو اصلا رخيص فى عمايله حتى مش تعبانين فيه و اقل محل فطير جمبهم احسن منه بامانة",5,,,مطعم بيتزا,google_maps,"food,service","food:negative,service:negative"
2608,جميل جدا,5,,,مطعم بيتزا,google_maps,general,general:positive
2610,"اول مره اجربه وصراحة صدمني ماتوقعت لذيذ ونظيف وكمية وسعر من المشاوي جميله والمقبلات روعه وختمتها بسويت روعه .. برافو انصح بشده

وشكرا للأخ محمد شيكا على السيرفس المضبووووط 👌",5,,,مطعم,google_maps,"food,service,cleanliness,ambiance","food:positive,service:positive,cleanliness:positive,ambiance:positive"
2613,"المكان مرتب ورايق جربت عندهم العصيرات وطبعا لذيذه وفرش والمعسل عندهم فنااااااان جربت كذا مكان لكن دا احسن مكان انصحكم فيه
اي احد يجي القاهره ويبغى معسل فنان يروح عندهم",5,,,مطعم,google_maps,"food,service,ambiance","food:positive,service:positive,ambiance:positive"
2616,اسلوبهم سيء ، المكان غير نظيف ، الكنبات وسخه ، تعامل المدير غير لبق ..,5,,,مطعم,google_maps,"service,cleanliness,ambiance","service:negative,cleanliness:negative,ambiance:negative"
2617,للاسف الموظف اللي يستقبل الزباين في يوم ٢.٢.٢٠٢٦ في فتره النهار لا اسلوب ولا كلام من اول ما شافنا مدخل نفسه في كلامنا مع بعض .. الفلسفه الزايده يا ليت يبطلها ... و بيجبرني اكل او اطلب و يقول معليش ده مطعم و كافيه مش للقعده اللي معايه جايه للشيشه وانا ما ابغى اطلب كنسلناو طلعنا الزبون برحته مو هو اللي يقرر عني اطلب او ما اطلب والحمد لله ما دفعت ريال واحد في هذا المكان,5,,,مطعم,google_maps,"food,service,ambiance","food:negative,service:negative,ambiance:negative"
2623,"ماشاء الله تبارك الرحمن
لذيذ بشكل وخدمه والله دخلنا بالصدفه ولكن اختيار موفق
واشكر  استاذ خاطر ع اخلاقه
موفقين",5,,,مطعم,google_maps,"food,service","food:positive,service:positive"
2625,خدمه ممنازه شكرا هاجر وشروق والشيشه يوسف والصيني اسلوب راقي جدا,5,,,مطعم,google_maps,service,service:positive
2629,ياحظ أهل مصر بالمكان التحفة دا ، أجواء رائعة أكل طعم الله يبارك لهم ، تحية من السعودية,5,,,مطعم,google_maps,"food,service,ambiance","food:positive,service:positive,ambiance:positive"
2630,من افضل الاماكن وبصراحة الاكل مره نظيف ولذيذ والخدمة ممتازه,5,,,مطعم,google_maps,"food,service,ambiance","food:positive,service:positive,ambiance:positive"
2631,المكان جميل محترمين جدا وتوني ويوسف احلي حاجه ف المكان❤️❤️,5,,,مطعم,google_maps,"service,ambiance","service:positive,ambiance:positive"
2633,الأكل لذيذ والمكان جميل والخدمه ممتازه  وتعامل الأستاذ خاطر جدا جميل,5,,,مطعم,google_maps,"food,service,ambiance","food:positive,service:positive,ambiance:positive"
2646,ممتاز,5,,,مطعم فلافل,google_maps,general,general:positive
2651,جميل,5,,,مطعم فلافل,google_maps,"ambiance,general","ambiance:positive,general:positive"
2682,جميل,5,,,مطعم,google_maps,"ambiance,general","ambiance:positive,general:positive"
2699,روعة,5,,,مركز تسوق,google_maps,general,general:positive
2723,مكان ممتاز والاكل رائع,5,,,مطعم,google_maps,"food,service,ambiance","food:positive,service:positive,ambiance:positive"
2729,الاكل ممتاز ، و الخدمه ممتازه خاصه أ ابو نوح,5,,,مطعم,google_maps,"food,service","food:positive,service:positive"
2740,المكان كويس جدا ونضيف والاكل سخن والطعم مظبوط,5,,,مطعم مأكولات إيطالية,google_maps,"food,service,ambiance","food:positive,service:positive,ambiance:positive"
2741,المكان كويس جداً و الاكل جميل دايما بقالى اكتر من ٣ سنين باجى المكان و نفس الروح الحلوه فى المكان,5,,,مطعم مأكولات إيطالية,google_maps,"food,service,ambiance","food:positive,service:positive,ambiance:positive"
2745,مكان جميل وهادى,5,,,مطعم مأكولات إيطالية,google_maps,"ambiance,general","ambiance:positive,general:positive"
2776,ممتاز,5,,,مطعم,google_maps,general,general:positive
2777,حلو,5,,,مطعم,google_maps,general,general:positive
2780,اخر مره كان اكل سيئ جدا ولما بلغتهم مفيش استجابة خالص,5,,,مطعم,google_maps,"food,service","food:negative,service:negative"
2783,السعر متغالي فيه جدا,5,,,مطعم مأكولات بحرية,google_maps,"food,price,ambiance","food:positive,price:negative,ambiance:negative"
2796,جيدة جدا,5,,,سوبرماركت,google_maps,general,general:positive
2801,Thanbyou Egypt ❤️❤️❤️❤️,5,,,مطعم مأكولات ومشروبات,google_maps,"general,none","general:positive,none:neutral"
2803,جيد,5,,,مطعم مأكولات ومشروبات,google_maps,general,general:positive
2805,ممتاز ... خدمة علي مستوي,5,,,مطعم مأكولات ومشروبات,google_maps,service,service:positive
2806,مكان جميل اسعاره معقوله جدآ,5,,,مطعم مأكولات ومشروبات,google_maps,"price,ambiance","price:positive,ambiance:positive"
2809,مكان جميل والخدمة ممتازة,5,,,مطعم مأكولات ومشروبات,google_maps,"service,ambiance","service:positive,ambiance:positive"
2823,مكان رائع,5,,,مطعم مأكولات مشوية,google_maps,"ambiance,general","ambiance:positive,general:positive"
2836,مكان جميل وهادئ وانيق ومجهز على اعلي مستوي من الرفاهية,5,,,فندق,google_maps,"service,ambiance","service:positive,ambiance:positive"
2837,جميل,5,,,فندق,google_maps,"ambiance,general","ambiance:positive,general:positive"
2846,سىءجدا غرف غير نظيفه لا يوجد خدمه تعامل سىء,5,,,فندق,google_maps,"service,cleanliness,ambiance,none","service:negative,cleanliness:negative,ambiance:negative,none:neutral"
2864,مكان جميل  و الخدمة سريعه و الاكل طعمه و لا احلي و بالخصوص الاستقبال شهد,5,,,مطعم,google_maps,"food,service,ambiance","food:positive,service:positive,ambiance:positive"
2866,ممتاز,5,,,مطعم,google_maps,general,general:positive
2867,روعة,5,,,مطعم,google_maps,general,general:positive
2868,ممتاز,5,,,مطعم,google_maps,general,general:positive
2869,ممتاز,5,,,مطعم,google_maps,general,general:positive
2873,مكان رائع جدا انصح الجميع في زيارته سرعة في الخدمه خدمة ممتازة,5,,,مطعم,google_maps,"service,ambiance","service:positive,ambiance:positive"
2874,جميل جدا,5,,,مطعم,google_maps,general,general:positive
2876,مكان جميل,5,,,مقهى,google_maps,"ambiance,general","ambiance:positive,general:positive"
2880,لا يوجد احد ولا يوجد موسيقى مكان كئيب,5,,,مقهى,google_maps,"service,ambiance","service:negative,ambiance:negative"
2890,حابه اشكر اول شي المدير فهمي على التعامل الراقي والاستقبال الحلو  حقيقي دخلت ونفسيتي تعبانه بسبب شعري بس ماقصر ودلعوني وخدمة اكتر من رائعه وحابه اشكر المتخصص حسام على القصة الجميلة حقيقي بنات اي وحده تبغى تقص او تعدل قصه حسام يده شاطره مشاء الله مو اخر ولا اول مره باذن الله😍❤️❤️❤️,5,,,صالون تجميل,google_maps,service,service:positive
2911,شكرا لكل طاقم العمل في العيادة من أطباء و ممرضين وطاقم الاستقبال تعامل مهني بامتياز أطباء و ممرضين اكفاء 🙂 عملنا حشوات عادية وحشوات جذر وتلبيسات للاسنان بالإضافة إلى تنضيف عميق للاسنان للعلم نحن أربعة اشخاص عملنا اسنانا في العيادة أثناء زيارتنا لمصر وطاقم العمل كان متعاون جدا في تسهيل المواعيد علينا والنظافة في العيادة عشرة من عشرة حقيقة تجربة ممتازة بكل المقاييس.,5,,,عِيادة أسنان,google_maps,"service,cleanliness,ambiance","service:positive,cleanliness:positive,ambiance:positive"
2919,"مكان مميز .. تعامل احترافي راقي ..جميع التخصصات ..  اسعار متوسطة نسبيا .. خامات عالمية

طبعا شكرا جزيلا دكتور معتز الشوبري 🤍🤍",5,,,عِيادة أسنان,google_maps,"service,ambiance","service:positive,ambiance:positive"
2923,مكان ممتاز ... مثالي لعلاج الأسنان... ودكتور معتز الشوبري ... محترم وشاطر و عنده ضمير في شغله ...,5,,,عِيادة أسنان,google_maps,"service,cleanliness,ambiance","service:positive,cleanliness:positive,ambiance:positive"
2930,نجمة بس عشان التعليق اللي راح اكتبه مسوين نظام مدري من وين طالع لازم تطلب عشا حتى لو متعشي حرام فيكم الموقع على النيل مع انه طالبين طلب يوصل ١٥٠٠ جنيه بالراحة لكن للاسف مشينا من المكان بسبب السياسة اللي مسوينها والتعامل من الطاقم جداً سيء وسوقي,5,,,مطعم,google_maps,"food,service,ambiance","food:negative,service:negative,ambiance:negative"
2939,بجد مكان حلو اووى والأكل روعه شكرا جداا للطباخين على متعه الاكل وشكرا كمان للكابتن فوزى على خدمته الجميله ليا ولى اصدقائي,5,,,مطعم,google_maps,"food,service,ambiance","food:positive,service:positive,ambiance:positive"
2945,"المكان جميل والخدمه روعه ١٠ من ١٠
وشكر خاص لمحمد شحاته على حسن الضيافة",5,,,مطعم,google_maps,"service,ambiance","service:positive,ambiance:positive"
2947,"الطعام فااااخر افضل مطعم اكلت فيه للامانة

الاستقبال جيد
دورة مياة النساء (عليه ملاحظات لو عندك عائلة حصل موقف مع العاملة فيه)

الخدمة والموقع جميل للامانة
الموظفة والموظف اللي خدمونا كانو في قمة الاحترافية والله شكراً",5,,,مطعم,google_maps,"food,service,ambiance","food:positive,service:positive,ambiance:positive"
2949,المكان محتاج اهتمام اكثر من كدا من المسؤلين لانه مكان تحفه تحفه وحرام الإهمال فيه,5,,,مطعم,google_maps,"service,ambiance","service:positive,ambiance:positive"
2951,مستشفى ممتاز وخدمة رائعة من التمريض. جزاهم الله خيرا,5,,,مستشفى,google_maps,service,service:positive
2954,الخدمة سيئة جدا وعملت شكوى والمفروض أن حد يتواصل معايا محدش عبرنى والحمدلله اول واخر مرة اروح المستشفى دى,5,,,مستشفى,google_maps,"service,none","service:negative,none:neutral"
2962,"اتوجه بالشكر والتقدير والاحترام للمستشفى والدكاترة واهتمامهم واتوجه بالشكر والتقدير بالأخص ندي ياسر ماركتينج عيادات  بجد ندي ياسر قد ايه مخلصه في شغلها وذوق جدااا   واهتمامها بالمرضي   انا بكتب الكومنت دا بناء علي تجربتي الحقيقه مع ندي ياسر انسانه محترمه  وذو  خلق  جزاها الله خيرا
انا صابرين ماضي زوجه دكتور سمير",5,,,مستشفى,google_maps,"service,cleanliness","service:positive,cleanliness:positive"
2974,المعامله سيئه جداً والاكل مش احسن حاجه والاسعار غاليه ع حاجه اصلا متستاهلش وبجد أسوء تجربه جربتها,5,,,مطعم,google_maps,"food,service,price,ambiance","food:negative,service:negative,price:negative,ambiance:negative"
2976,المكان هاد وجميل,5,,,مطعم,google_maps,"ambiance,general","ambiance:positive,general:positive"
2982,الاسعار مبالغ فيها و بيدفعوا خدمة و ضريبة ازيد من 26٪؜ مش زى اللى مكتوب فى المنيو,5,,,مطعم,google_maps,"food,service,price","food:negative,service:negative,price:negative"
2983,"خدمه حلوه وناس رايقه ومشاريب حلوه
مجربتش الاكل",5,,,مطعم,google_maps,"food,service,ambiance","food:positive,service:positive,ambiance:positive"
3008,"دينا اي لوف يو سو ماتش وشكككراً على شغلك الحححلو
حنان وهند احلى شغل تلاقونه عندهم محترفات شكراً شكراً طلعت وانا راضيه اتم الرضااا 🙏🏻♥️♥️♥️♥️♥️",5,,,صالون عناية بالأظافر,google_maps,"service,ambiance","service:positive,ambiance:positive"
3014,محدش لا يروح و لايطلب من الفرع دا .. من سئ الي اسوأ .. اكل ملوش طعم و وصل ساعتين متأخر ..,5,,,مطعم أطباق اللحوم,google_maps,"food,service","food:negative,service:negative"
3018,"مكان جميل وراقى
وطعام فوق الممتاز",5,,,مطعم أطباق اللحوم,google_maps,ambiance,ambiance:positive
3019,الاكل تحفة والنظافه ممتازة والسرفيز هايلة بجد من اجمل اماكن الاكل ف المعادى,5,,,مطعم أطباق اللحوم,google_maps,food,food:positive
3021,مكان رائع,5,,,مطعم مأكولات ومشروبات,google_maps,"ambiance,general","ambiance:positive,general:positive"
3034,تمام,5,,,مطعم مأكولات ومشروبات,google_maps,general,general:positive
3046,المكان جدا رائع والخدمه والاستف اكثر من رائع شكرا لكم,5,,,مطعم,google_maps,"service,ambiance","service:positive,ambiance:positive"
3048,"اليوم الجمعة ١٢ ديسمبر طلبت أورد من عندهم ومن ضمنه بيض ولكنهم أرسلوا لي بيض للأسف منتهي صلاحيته تاريخ إنتاجه 22 نوفمبر أي مضي علي إنتاجه 20 يوم ومدة الصلاحية المكتوبه من الشركة المنتجة علي الكرتونة هي 21 يوم فقط
ولولا أني انتبهت إلي تاريخ الصلاحية كان ممكن أن تتاذي صحة أسرتي
واتصلت بالمندوب وطلبت منه إرجاعه أو استبداله بمنتج جديد لايتعدي علي إنتاجه أكثر من ثلاثة أيام
وبعدها اتصل بي مسؤول وابلغني أنه سيرسل مندوب بعد ساعة ولكن مرت اكتر من 4 ساعات ففمت بإعادة الإتصال بهم وقدمت شكوي عبر الهاتف
فاتصل بي المسؤول مرة أخري وتحدث معي بشكل غير لائق وزعل جدا لأني قلت له إن ذلك يعرضني ويعرض العملاء لمشاكل صحية ولولا تقديري للماركت كنت حررت محضر بالشرطة فما كان منه أن احتد في كلامه وقال بتحدي أعمل محضر وأنا مش هاابعت المندوب
وأنا أتقدم إلي إدارة الماركت بشكوي رسمية ضد هذا المسؤول الذي يعرض صحة العملاء للخطر ويسيء إلي سمعة المتجر الذي نقدمه ونتعامل معه
لهذا أتقدم بشكوي إلي إدارة المتجر
رقم الاوردر 5632150",5,,,سوبرماركت,google_maps,"service,price,delivery,ambiance","service:negative,price:negative,delivery:negative,ambiance:negative"
3049,جميلة جدا,5,,,سوبرماركت,google_maps,general,general:positive
3050,منتهي العبث ومعظم المنتجات غير متوفره كميه حشرات ونموس منتهي القذارة وأسعار الخضار مبالغ فيها 3اضعاف اي مكان تاني تعامل العاملين منتهي البرود فرع المحكمه لاانصح احد ان يجرب تجربه سيئه للغايه,5,,,سوبرماركت,google_maps,"service,price,cleanliness,ambiance","service:negative,price:negative,cleanliness:negative,ambiance:negative"
3073,بصراحه المستشفى كتر حلوه وممتاز يبدا من الاستقبال الى فريق التمريض و الحسابات شكر خاص لدكتور مجدي الشربيني دكتور عمرو دكتور اشرف وشكرا خاص لى دكتور محمد ابوالناصر%%% بنصاح الجميع,5,,,مستشفى,google_maps,service,service:positive
3079,تجربه جيدة,5,,,مستشفى,google_maps,"general,none","general:positive,none:neutral"
3089,تجربه جيدة,5,,,مستشفى,google_maps,"general,none","general:positive,none:neutral"
3091,تجربه جيدة,5,,,مستشفى,google_maps,"general,none","general:positive,none:neutral"
3099,ممتاز,5,,,مطعم,google_maps,general,general:positive
3117,مكان جميل بصحابه.,5,,,مطعم مأكولات إيطالية,google_maps,"ambiance,general","ambiance:positive,general:positive"
3132,خدمة ممتازة وطاقم عمل ممتاز,5,,,مطعم ببوفيه,google_maps,service,service:positive
3136,الخدمه كويسه جدا وأحب اشكر الجميع جدا جدا جدا,5,,,مطعم ببوفيه,google_maps,service,service:positive
3138,تجربه ممتعه جدا كل الشكر والتقدير والاحترام للموظفين جميعا ❤️,5,,,مطعم ببوفيه,google_maps,service,service:positive
3143,حلو,5,,,مطعم ببوفيه,google_maps,general,general:positive
3162,"لا يوجد احد يأتي ل اخذ طلبيتك
الطاولات غير نظيفة يجب ان تخبرهم بتنظيف الطاولات
غير مهتمين للعميل",5,,,مطعم فلافل,google_maps,"service,cleanliness,ambiance","service:negative,cleanliness:negative,ambiance:negative"
3169,جيد جدا,5,,,صالة رياضة,google_maps,general,general:positive
3170,"Very disappointing experience with this place. The entire staff including the agents and the manager at reception are extremely unprofessional and irresponsible. They constantly repeat the phrase “It’s not our fault” instead of taking accountability, which is completely unacceptable for a service-oriented business. They lack attention to detail and customer care, and it’s clear they need serious training in professionalism and communication.
I also had a serious issue where I lost two weeks of my paid subscription due to a system error and the staff’s lack of responsibility. Even after following up and escalating several times, they only offered me 2–3 invitations and then just one week, while my actual right was 18 full days (2 weeks as per their system).
This is completely unfair and unprofessional. I’m taking this matter to حماية المستهلك (Consumer Protection), and I’ll make sure my experience is shared everywhere so others are aware of how poorly customers are treated here.
Smart Gym is losing customers because of this management and attitude, and if things don’t change soon, it will definitely harm their reputation and success over time.

أسوأ تجربة ممكن تتخيلوها! 😡
الموظفين ومدير الاستقبال مش مسؤولين خالص، وكل شوية يقولوا ""مش غلطتنا"" كأنها شماعة! بسبب إهمالهم خسرت أسبوعين من اشتراكي المدفوع، وبعد تصعيد ومتابعة طويلة عرضوا عليا أسبوع واحد بس!
بصراحة مكان غير محترف، وهقدّم شكوى لحماية المستهلك وهشارك التجربة دي علشان الناس تعرف تتجنبهم.",5,,,صالة رياضة,google_maps,"service,price,cleanliness,ambiance","service:negative,price:negative,cleanliness:negative,ambiance:negative"
3193,"اسوء و اقذر مستشفي ف القاهرة
متقدرش تحدد هي حكومة ولا خاصة بل انها اسوء من المستشفيات الحكومة زي منشية البكري القريبة منها والله انضف منها
من اول الموظفين في الريسبشن اللي بيتخانقو مع بعض علي البريك و الاجازات وقدام المرضي ولا الممرضين اللي بيتعاملو بتكبر وتعالي علي المرضي كانهم شغالين في سنتر دروس خصوصية مش مستشفي خاصة ولا الدكاترة اللي حرفيا عايزين دكاترة
قسما بالله بروحها بسبب التامين وبطلت اروحها وهروح مشوار للهرم ارحم و اهون من التعامل مع المستشفي دي مجرد دخولها بيجيب اكتئاب ولا انصح بها اطلاقا",5,,,مستشفى,google_maps,service,service:negative
3197,"دخلت زوجتي لعمل عمليه لشيل الرحم
اربع ايام ما رضيوش يخرجوها وكل يوم يقولو شاكين في جلطه قلبيه ويعملو اشعه وتحاليل شويه لا اصل شاكين في جلطه علي الرئه
ولازم تطلع بعربه اسعاف لعمل اشعه بره
اربع ايام بهدله
واليوم الخامس دخلوها العمليات تاني بدون اي تبرير
دخلت اكتر من 6 ساعات طلعت فاتحه بطنها بالطول وبالعرض
ويعدها قعدنا في المستشفي اكتر من 10 ايام ممنوع عنها الاكل والشرب
طلعنا كنا مسافرين لاني اعمل بالخارج
يا دوب سافرنا والجرح فتح وبقا بينزل مباه من كل مكان
لمده شهر علي ما قدرو الدكاتره يعملو عمليه تانيه علشان يصححو عمليتهم
وللان لا يوجد اي تبرير لا لسبب دخول العمليه التانيه ولا لفشلهم في العمليه الاولي ولكن اللهم لك الحمد هي ماتت وربنا سبحانه وتعالي حياها من اول وجديد",5,,,مستشفى,google_maps,"service,ambiance","service:negative,ambiance:negative"
3203,دكتور ابراهيم الجنزوري اشطر الدكاترة,5,,,مستشفى,google_maps,"service,none","service:positive,none:neutral"
3240,التاريخ كله,5,,,متجر ملابس,google_maps,"general,none","general:positive,none:neutral"
3241,لو في اقل من ١ كنت هديهم و الله، أسوء مستشفى و أسوء خدمة الفلوس اهم من أي حاجة حتى لو هتيجي على صحة المريض أو لو هيموت حتى و يا ريتهم بيقدموا خدمة تستاهل,5,,,مستشفى متخصص,google_maps,"service,ambiance","service:negative,ambiance:negative"
3247,اهمال من التمريض في الغرف و اهمال اقل بشئ بسيط في الرعاية و الدكتور النائب صغير و غير كفائه و ينسي يكتب الدواء للمرضي و عندو برد يخش علي مرضي القلب بدون كمامه و مناخيره نازله وبدون خبره في التعامل صراحه فيها من المستشفيات الحكومي مع انها غاليه جدا و ياخدو منك ٦٠الف او ٤٠الف فوق الحساب,5,,,مستشفى متخصص,google_maps,"service,ambiance","service:negative,ambiance:negative"
3253,الاكل ممتاز,5,,,مطعم,google_maps,"food,general","food:positive,general:positive"
3255,حقيقي مطعم تحفه و الخدمه تحفه و الاكل تحفه عشره من عشره والله😍😍😍😍😍♥️,5,,,مطعم,google_maps,"food,service","food:positive,service:positive"
3272,مميز,5,,,مطعم,google_maps,"general,none","general:positive,none:neutral"
3273,من افضل الفنادق والمطاعم في مصر والخدمة ممتازة اشكرهم علي حسن الاستقبال,5,,,مطعم,google_maps,service,service:positive
3292,جيد,5,,,مطعم فلافل,google_maps,general,general:positive
3293,ممتاز,5,,,مطعم فلافل,google_maps,general,general:positive
3296,مطعم جميل ومحترمين,5,,,مطعم فلافل,google_maps,general,general:positive
3311,طعام جيد اسعار غاليه اتمنى خفض الأسعار,5,,,مطعم مأكولات هندية,google_maps,price,price:negative
3313,كل حاجه سبايسى حتى لو انت طالب العادى و الاسعار و الكميات غير متناسبين مع بعض,5,,,مطعم مأكولات هندية,google_maps,"price,ambiance","price:negative,ambiance:negative"
3329,شغلهم تحفة وجورج وقص الشعر جميل جدا  كل حاجة عملتها حلوة,5,,,صالون تجميل,google_maps,service,service:positive
3341,"سئ جدا  فى الخدمه والتعامل
الشكل سئ  أنصح بعدم التعامل
سعر غالى وما فيش طعم خالص",5,,,مطعم بيتزا,google_maps,"food,service,price","food:negative,service:negative,price:negative"
3344,جيد جدا,5,,,مطعم بيتزا,google_maps,general,general:positive
3380,جميل,5,,,متجر بقالة,google_maps,general,general:positive
3385,مكان جميل,5,,,متجر بقالة,google_maps,"ambiance,general","ambiance:positive,general:positive"
3387,ممتاز ماركت وخضروات,5,,,متجر بقالة,google_maps,general,general:positive
3391,الله يرحمك يا ابي,5,,,مطعم مأكولات مشوية,google_maps,none,none:neutral
3392,ممتاز,5,,,مطعم مأكولات مشوية,google_maps,general,general:positive
3393,بحبه جدا واكله اكتر من رائع والخدمه ممتازة جدا واكله ولا اروع فعلا وتقريبا بروح كل اسبوع,5,,,مطعم مأكولات مشوية,google_maps,"food,service,ambiance","food:positive,service:positive,ambiance:positive"
3399,"مطعم شعبى اكل مميز
خدمه متوسطه أسعار جيده تنوع فى انواع الطعام والاصناف",5,,,مطعم مأكولات مشوية,google_maps,"food,price,ambiance","food:positive,price:positive,ambiance:positive"
3403,Top service,5,,,مطعم مأكولات يابانية,google_maps,"general,none","general:positive,none:neutral"
3421,الاكل عندهم كويس جدا,5,,,مطعم مأكولات هندية,google_maps,food,food:positive
3438,"للاسف الكفيه والمطعم استغلالي والاسطف الصالة الداخلية يقلل من احترامك ويعاملك معاملة فلوس فقط. استغلال واضح حتى للزبائن القدامى. الاصطف يكرهك في المكان. انا حريص اني اكتب التعليق ده لاني حكيت كثير للمسولين ومش على بالهم. وتم اليوم التقليل مني والتسبب في احراج ليا بدون اي سبب فقط لان الاصطف يستظرف ويعاملك معاملة استغلال
بقعد في هذا الكفيه قبل ٦ سنوات وفي الاخير يتم احراجي والتقليل مني وده كلام اتحاسب عليه اما ربنا ونصيحة للمسؤولين للمرة الثالثة بقول بيتم استغلال الزبائن. لن ادخل الكفيه مرة ثانية ولا انصح احد من اصحابي يدخله بعد ما كان هو افضل كافيه وافضل اصطف على مستوى اكتوبر
الفترة الاخير كثير من الاصدقاء قالوا نفس الكلام
اتمنى اتمنى اتمنى لكم الافضل وانا عمري ما كتبت تعليق لمطعم او كفيه ولكن هذه المرة غير عن كل مرة واتمنى لكم التوفيق والسداد
هذه نصحية وعتب في نفس الوقت
الوقت",5,,,مطعم,google_maps,"food,service,price,ambiance","food:negative,service:negative,price:negative,ambiance:negative"
3445,ممتاز,5,,,مطعم كريب,google_maps,general,general:positive
3454,"في غلط بالحساب يضيف زيادة عالحساب ولما  راجعنهم
لم نتوصل لحل  بالحساب
خدمة سيئة توصيل بطئء ودايما",5,,,سوبرماركت,google_maps,"service,price","service:negative,price:negative"
3456,اسعاره اغلا من الي جنبه ب 30 جنيه تجربتي كانت بون لا انصح بتعامل معه ابد,5,,,سوبرماركت,google_maps,"service,price","service:negative,price:negative"
3462,ممتاز,5,,,مطعم مأكولات مشوية,google_maps,general,general:positive
3486,مكان جميل وفيها العمارة من التراث القديم .. وخدمة الطاقم جميل منهم كريم .. شكرا جزيلا,5,,,فندق,google_maps,"service,ambiance","service:positive,ambiance:positive"
3488,"فندق جدا بسيط ولكن ممتاز الفطور كان مميز وطاقم الخدمة جدا متعاون على راسهم الاخ انور والأخت مها وان شاء الله سوف اسكن في كل ما أزور مصر
بس ارجو يشوفون حل للاصنصير",5,,,فندق,google_maps,"service,ambiance","service:positive,ambiance:positive"
3538,ممتاز جداً,5,,,صالون حلاقة,google_maps,general,general:positive
3539,شغل جميل ومرتب,5,,,صالون حلاقة,google_maps,general,general:positive
3542,"المكان جميل ورايق والحلاقة جدا جميلة
اشكر الطاقم على أداءهم وتعاملهم الراقي
يستاهلو الزيارة",5,,,صالون حلاقة,google_maps,"service,ambiance","service:positive,ambiance:positive"
3548,اكل حلو و اجوا فرحه و بهجه في رمضان,5,,,مطعم,google_maps,"food,service,ambiance","food:positive,service:positive,ambiance:positive"
3550,جميل جدا,5,,,مطعم,google_maps,general,general:positive
3551,مكان رائع جدا,5,,,مطعم,google_maps,"ambiance,general","ambiance:positive,general:positive"
3562,ممتاز والانفكشن ممتاز,5,,,طبيب أسنان,google_maps,general,general:positive
3579,Great,5,,,طبيب أسنان,google_maps,"general,none","general:positive,none:neutral"
3599,❤️💪 احسن محل سوري و الخدمه فوق الممتازه و الناس محترمه اوي,5,,,مطعم شاورما,google_maps,service,service:positive
3600,"❤️💪 احسن محل سوري في عزبه النخل وعين شمس
والاداره محترمه جدا الناس في قمه الذوق والاحترام❤️💪",5,,,مطعم شاورما,google_maps,service,service:positive
3606,الاكل فعلا وحش و بايت و التوميه جايه بايظه و حمضانه اول و اخر مره اجربه و اسوء اكل فعلا,5,,,مطعم شاورما,google_maps,"food,service","food:negative,service:negative"
3665,الاكل سئ جدا,5,,,مطعم مأكولات مشوية,google_maps,"food,general","food:negative,general:negative"
3712,شغل رائع ومعاملة راقية جدا انصح بشدة,5,,,صالون تجميل,google_maps,service,service:positive
3720,الڤيو جامد والخدمة ممتازة,5,,,مطعم,google_maps,"food,service","food:positive,service:positive"
3722,مكان اكثر من رآئع و الطعام ممتاز جداً و الخدمه مميزة,5,,,مطعم,google_maps,"food,service,ambiance","food:positive,service:positive,ambiance:positive"
3724,"Consider this a permanent warning: never visit this restaurant. From start to finish the experience was unprofessional and disrespectful. Orders arrived wrong, dishes came cold, requests were answered with impatience or ignored, and management did nothing to remedy the situation. For the rates on the menu this is inexcusable — you pay top-tier prices and receive shabby treatment and poor value. I left angry and regretful, and I will actively tell friends and family to avoid this place indefinitely. Do not be tempted by the view or the photos online; the moment you walk through the door you risk a ruined evening and money wasted.",5,,,مطعم,google_maps,"food,service,price,cleanliness,ambiance","food:negative,service:negative,price:negative,cleanliness:negative,ambiance:negative"
3727,"I have never left such a blunt warning before: do not go to this restaurant. The food is barely acceptable, but that would be forgivable if the staff treated customers with basic decency. Instead I encountered rude, dismissive employees who ignored requests, delivered wrong and cold dishes, and responded to complaints with excuses and indifference. There was no apology, no real attempt to fix anything, and no management presence to intervene. For the high prices they charge this is theft by disappointment. This place offers a nice view but that is the only thing worth the visit — otherwise you will pay premium money for the full experience of being disrespected. Do yourself a favor and never set foot in this restaurant. Tell your friends to avoid it forever.",5,,,مطعم,google_maps,"food,service,price,cleanliness,ambiance","food:negative,service:negative,price:negative,cleanliness:negative,ambiance:negative"
3736,مطعم محترم و خدمه ممتازه و شكر خاص لسيد🤍,5,,,مطعم مأكولات تركية,google_maps,"service,ambiance","service:positive,ambiance:positive"
3739,الخدمة جميلة وكابتن سماح قمر🤍,5,,,مطعم مأكولات تركية,google_maps,"service,ambiance","service:positive,ambiance:positive"
3740,المطعم رائع والتنورة والأكل والله انبسطت اوى,5,,,مطعم مأكولات تركية,google_maps,"food,service,ambiance","food:positive,service:positive,ambiance:positive"
3749,المطعم جوه حلو جدا، وكابتن سماح قمر ولذيذة وسريعة والشباب مهذبين جدا والاكل كان حلو جدا,5,,,مطعم مأكولات تركية,google_maps,"food,service,ambiance","food:positive,service:positive,ambiance:positive"
3775,ممتاز,5,,,مستشفى خاصة,google_maps,general,general:positive
3784,"the gym appears amazing and luxurious at first, but wait until you start, making up weird rules, rude staff( not all), inflexible, almost you are paying money to get stuck in their silly rules.The staff lacks the least skills to deal with clients and they are able to make your mood worse. Their only focus is on their strict rules as if you’re working for them, if you’re late 1 min after 15 min from your class you can’t enter by any means, and tend to be verrrry rude. And everywhere they will reach you to force you to do other silly rules.",5,,,صالة رياضة,google_maps,"service,price,cleanliness,ambiance","service:negative,price:negative,cleanliness:negative,ambiance:negative"
3790,"Over priced with Plenty of rules that doesn't make sense;
1- you can't wear a chest bag with your mobile and tiny things in gym floor
2- you're nit allowed to take off your shoes while Blanking on a Bosso ball with your feets!
- Not to mention CS team is not cooperative,
- Freez police is pretty unfair.
- They will give you a couple of free sessions and whoever is resposible for it will keep calling and messaging you to subscribe in an extra package with an extra over priced non sense.

-They lie about their prices increase in 48 hours to rush you to subscribe then a couple of weeks later prices go down as an offer afterwards! Trying to catch a financial targets I guess. 3 of their coaches gave me this type of call, prices will increase hurry up, am calling you privately 🤣",5,,,صالة رياضة,google_maps,"service,price,ambiance","service:negative,price:negative,ambiance:negative"
3811,المكان معدوم المصداقيه في الحساب ويقول سعر وشويه يقولي سعر تاني خالص ومفيش دكاتره نهائي فالمكان ده بنات عادي ولا دكاتره ولا حاجه ومش بتصبر عليك  تاخد نفسك فالجلسه وبتبقه عايزه تشوف العميل الي بعدك,5,,,عيادة جراحة التجميل,google_maps,"service,ambiance","service:negative,ambiance:negative"
3813,المكان كويس اوي ونضيف ودكتور هدي من اشطر الدكاتره بجد♥️♥️,5,,,عيادة جراحة التجميل,google_maps,"service,cleanliness,ambiance","service:positive,cleanliness:positive,ambiance:positive"
3823,احلي عياده تجميل واحلي دكتوره هدي بجد والمكان تحفه والدكاترة لذاذ جدا بجد,5,,,عيادة جراحة التجميل,google_maps,"service,ambiance","service:positive,ambiance:positive"
3824,"أجمل مكان ليزر بجد ريسيبشن فى قمة الذوق والرقى ودكتور نورهان بجد بجد فوق الممتازة
شكرا ليكم جدا على حسن إستقبالكم ومعاملتكم",5,,,عيادة جراحة التجميل,google_maps,"service,cleanliness,ambiance","service:positive,cleanliness:positive,ambiance:positive"
3827,المكان كويس جدا وانا بحبه والناس ذوق ودكتور الاء شاطرة جدا,5,,,عيادة جراحة التجميل,google_maps,"service,ambiance","service:positive,ambiance:positive"
3832,اكل مميز.. وخدمة متميزة.,5,,,مطعم مأكولات مشوية,google_maps,"food,service,none","food:positive,service:positive,none:neutral"
3839,جيد,5,,,مطعم مأكولات مشوية,google_maps,general,general:positive
3846,صبغت شعري كتير حلو والخدمة ممتازة جدا,5,,,صالون تجميل,google_maps,service,service:positive
3849,من اجمل الصالونات في القاهرة وموقعهم ممتاز ، خدمتهم سريعة وشغلهم ممتاز .,5,,,صالون تجميل,google_maps,service,service:positive
3855,تعامل جدا رائع من قبل موظفين الاستقبال والكوافير نونو شغله ممتاز,5,,,صالون تجميل,google_maps,service,service:positive
3890,الطعام جميل البيتزا أحلى بس السعر أغلى ما مر علي من جيت مصر....التعامل ممتاز جدا...شباب مؤدبين,5,,,مطعم مأكولات إيطالية,google_maps,"food,ambiance","food:positive,ambiance:positive"
3891,من افضل المطاعم في القاهرة ، تجربة ايطالية بامتياز ووجهة لمحبي النكهات الحقيقية، انصح فيه وبشدة,5,,,مطعم مأكولات إيطالية,google_maps,"food,ambiance","food:positive,ambiance:positive"
3906,اكله حلوه انا زبون عنده من زمن,5,,,مطعم مأكولات مشوية,google_maps,food,food:positive
3907,حلو,5,,,مطعم مأكولات مشوية,google_maps,"general,none","general:positive,none:neutral"
3914,اكل لذيذ ونظيف,5,,,مطعم أطباق اللحوم,google_maps,"food,cleanliness,none","food:positive,cleanliness:positive,none:neutral"
3921,المكان جميل جدا. الخدمة أكثر من ممتازة. الطعام ولا أروع. تجربة تحفة. تستحق التكرار أكثر من مرة,5,,,مطعم,google_maps,"food,service,ambiance","food:positive,service:positive,ambiance:positive"
3924,الاكل لذيذ والمكان حلو,5,,,مطعم,google_maps,"food,ambiance","food:positive,ambiance:positive"
3927,انا كنت طالب اوردر قعد سعتين وفي الاخر موصلش والكول سينتر بيتعامل باسلوب وحش جدا وحقيقي انا ندمان اني فضلت مستني اكل لمده سعتين وفي الاخر موصلش ولاغيت الاوردر عشان الاسلوب بتاعكم الاكل حلو اه جميل لكن المعامله وحشه جدا ودي اخر مره اطلب من عندكم حقيقي كنت بطلب من ٢٠١٧ بس خلاص شكرا جدا,5,,,مطعم بيتزا,google_maps,"food,service,delivery","food:negative,service:negative,delivery:negative"
3931,مكان تحفه و جميل جدا و الناس محترمه في التعامل,5,,,مطعم بيتزا,google_maps,"service,ambiance","service:positive,ambiance:positive"
3933,ممتاز,5,,,مطعم بيتزا,google_maps,general,general:positive
3941,"الاكل اكتر من رائع  و الخدمة ممتازة و جربته اكتر من مرة في اكتر من حاجة و اخرهم الباستا كانت جامدة جدا و ثابت على المستوى جدا و اول مكان بفكر اطلب منه اكل من بره
استمروا",5,,,مطعم بيتزا,google_maps,"food,service","food:positive,service:positive"
3967,بجد ناس محترمه و شغلهم متميز و شكرا لدكتور فادي و الاطباء اللي معاه كلهم,5,,,عِيادة أسنان,google_maps,service,service:positive
3969,جيد جدا,5,,,مطعم بيتزا,google_maps,general,general:positive
3977,تجربة جيدة ومفيدة,5,,,مطعم بيتزا,google_maps,general,general:positive
3987,"شكرا لإدارة الفندق على النظافة الممتازة للغرفة والحمام، وعلى طعام الإفطار الجيد.
كما أشكر موظفة الاستقبال نانسي على حسن التعامل والخدمات المميزة التي قدمتها لي خلال الإقامة.
تجربة رائعة
محمد العودي",5,,,فندق,google_maps,"service,cleanliness,ambiance","service:positive,cleanliness:positive,ambiance:positive"
3989,الفندق مهتم في النظافة وايضا الاستقبال كان جدا راقي من الجميع وخصوصاً الاستاذ كرم ابو مروان,5,,,فندق,google_maps,"service,cleanliness,ambiance","service:positive,cleanliness:positive,ambiance:positive"
3991,صراحه الموقع جميل جدآ ع النيل واطلاله اروعه وحاب اشكر الاستاذه /والاستاذ/ نانسي و محمود على حسن الاستقبال الجميل جدا وحسن المعامله والذوق راح اكرر الزياره مره ثانيه اكيد 🥰,5,,,فندق,google_maps,"service,ambiance","service:positive,ambiance:positive"
3992,"فندق نظيف العاملين جدا محترمين طاقم الرسبشن خلوقين الاستاذ محمود ونانسي وعلياء قمة في الاخلاق "" والجميلة خُلق واخلاق دعاء متعاونه واي شي تطلبه تحاول تلبيه بصراحة باذن الله اكرر تجربتي معاهم شكرا ادارة وموظفي فندق نايل فيو إن 🥰",5,,,فندق,google_maps,"service,cleanliness,ambiance","service:positive,cleanliness:positive,ambiance:positive"
4006,خدمه ممتازه جدا، الف شكر دكتور هاشم,5,,,عِيادة أسنان,google_maps,service,service:positive
4020,معامله وحشه و حاجاتهم غاليه عن الباقي و اداره فاشله و ناس شغالين في قمه قله الذوق,5,,,سوبرماركت,google_maps,service,service:negative
4021,جيد,5,,,سوبرماركت,google_maps,general,general:positive
4027,ممتازين,5,,,سوبرماركت,google_maps,general,general:positive
4028,ممتاز,5,,,سوبرماركت,google_maps,general,general:positive
4029,ممتاز,5,,,مطعم فلافل,google_maps,general,general:positive
4032,"الفول مميز وخاصة الإسكندراني رائع
الطعمية جيدة
الباذنجان المخلل ممتاز
الناس محترمين وخدومين
خدمة التوصيل سريعة
ومتاح من خلال تطبيق طلبات
المكان بسيط و مساحة معقولة للجلوس
السعر أعلى من المتوسط",5,,,مطعم فلافل,google_maps,"food,service,price,ambiance","food:positive,service:positive,price:positive,ambiance:positive"
4033,جمييييبل,5,,,مطعم فلافل,google_maps,"general,none","general:positive,none:neutral"
4043,جيد,5,,,متجر بقالة,google_maps,general,general:positive
4045,My home 🔥❤️,5,,,صالة رياضة,google_maps,"general,none","general:positive,none:neutral"
4048,جيم محترم و كل الناس متعووونه بصراحه و الاستقبال بتعهم كويس جدا,5,,,صالة رياضة,google_maps,"service,ambiance","service:positive,ambiance:positive"
4049,جيم نضيف وكل الكابتن محترمين الصراحه ومن نجاح لنجاح,5,,,صالة رياضة,google_maps,"service,cleanliness,ambiance","service:positive,cleanliness:positive,ambiance:positive"
4053,My home ❤️❤️❤️,5,,,صالة رياضة,google_maps,"general,none","general:positive,none:neutral"
4058,سرعة استجابة  وتطعيم مجانى خدمة ممتازة ٢٤ساعة,5,,,مستشفى,google_maps,service,service:positive
4066,معاملة سيئة,5,,,مستشفى,google_maps,"service,general,none","service:negative,general:negative,none:neutral"
4085,مميزة,5,,,المستشفى الحكومي,google_maps,"general,none","general:positive,none:neutral"
4090,مستشفى محترم وخدمه ممتازه,5,,,المستشفى الحكومي,google_maps,service,service:positive
4094,كويسه جدا,5,,,المستشفى الحكومي,google_maps,general,general:positive
4122,جودة عادية اسعار مبالغ فيها لاانصح به,5,,,متجر ملابس رجالي,google_maps,"price,none","price:negative,none:neutral"
4125,"أسعاره غاليه جدا
ولمه بتكون فيه عروض مش بتكون علي الحاجه الكويسه اللي الواحد يقول هتدفع فيه المبلغ
و الخدمه سيئه",5,,,متجر ملابس رجالي,google_maps,"service,price","service:negative,price:negative"
4127,مكان  جميل ومناسب للشباب وهدم رائعه وبأسعار مناسبه وخدمه عملا ممتازة,5,,,متجر ملابس رجالي,google_maps,"service,price,ambiance","service:positive,price:positive,ambiance:positive"
4128,احلي جيم احلي كباتن مكان جميل,5,,,متجر ملابس رجالي,google_maps,ambiance,ambiance:positive
4136,المكان حلو و رايق و خصوصا شيماء و مستر هاني لطيفين جدا,5,,,مقهى,google_maps,"service,ambiance","service:positive,ambiance:positive"
4150,اشكر عبدالرحمن ولد ممتاز و خدمه ممتازه من الكافيه اشكره من المغرب,5,,,مقهى,google_maps,"service,ambiance","service:positive,ambiance:positive"
4153,خدمه ممتازه من النادل عبدالرحمن و مهرائيل و بشكرهم علي الاحترام و التقدير ❤️❤️,5,,,مقهى,google_maps,"service,ambiance","service:positive,ambiance:positive"
4162,المكان حلو والجلسه ممتازه,5,,,غرفة لياقة,google_maps,"service,ambiance","service:positive,ambiance:positive"
4187,ممتاز,5,,,صالة رياضة,google_maps,general,general:positive
4189,مكان تحفة أمام النيل في برج 39دور,5,,,صالة رياضة,google_maps,"ambiance,none","ambiance:positive,none:neutral"
4190,جميل,5,,,صالة رياضة,google_maps,"ambiance,general","ambiance:positive,general:positive"
4193,تحفه ونضيف والمعامله حلوه اوي والموقع حلو وجنبه كل حاجه,5,,,فندق,google_maps,"service,cleanliness,ambiance","service:positive,cleanliness:positive,ambiance:positive"
4204,سيئ جداً و خدمة عملاء غير متجاوب,5,,,فندق,google_maps,"service,ambiance,none","service:negative,ambiance:negative,none:neutral"
4222,نظراً لجفاف بشرتي الشديد مؤخراً، حجزتُ جلسة ترطيب عميق. مع ذلك، اقتصرت معظم الجلسة على تنظيف عميق مع ترطيب طفيف. خضعتُ لجلسة تقشير دقيق، وتنظيف بالملعقة، وإزالة الرؤوس السوداء، وجلسة تفتيح البشرة. لكن من الواضح أن المعالجة لم تكن تجيد استخدام جهاز التقشير الدقيق والملعقة بشكل صحيح؛ كانت العملية مؤلمة للغاية، وشعرتُ بألم شديد في بشرتي. هذا النوع من العلاج يُلحق الضرر بالطبقة القرنية من الجلد. طلبتُ أيضاً جلسة مانيكير في نفس الوقت، بتكلفة 300 جنيه مصري. لكنها اقتصرت على تقليم الجلد المحيط بالأظافر فقط، دون وضع طلاء أظافر. بعد طلبي، وضعت طلاء الأظافر بشكل سطحي، ما لم يكن مانيكيراً على الإطلاق. علاوة على ذلك، استغرق طلاء الأظافر وقتاً طويلاً ليجف (10 دقائق) وكان غير متناسق. إضافة إلى ذلك، كان روتين العناية بالبشرة لديها دون المستوى المطلوب، ومع ذلك طلبت 2200 جنيه مصري. أعتقد أنها لم تتخرج من تدريبها الطبي. إنها لا تعرف كيفية استخدام أدوات التجميل بشكل صحيح لتقديم تجربة خدمة أفضل لزبائنها.,5,,,صالون تجميل,google_maps,"service,price,cleanliness,ambiance","service:negative,price:negative,cleanliness:negative,ambiance:negative"
4227,"رحتلهم على الأسعار حقت المنيو و جاني واحد طويل و نحيف وكان لابس اسود إداني أسعار مختلفه لان عرفو أننا خليجيين و
يقولون إنها الأسعار الجديده و غير عن منيو القديم في الواتساب
و كنا حاجزين معاهم اكريليك نيلز من ٦ ونص و خلونا نسوي فيك نيلز مع جيل الساعه ١٠ و يدخلون ناس يسوون لهم قبلنا و الجيل ثاني يوم بدأ يتقشر و التركيب مركبين ظفر عريض ظفر صغير و مسوين ظفر مايل و ظفر مشطوف و طلعلنا فطريات
التونسيه كان تعاملها كويس بس الي يزعل أنها عارفه و كل الاستف يعرفون انو ناصب علينا و  كيف تبغون عملاء دائمين عندكم و هذا قاعد ينصب على كيفه؟ فين الذمه و الضمير و حاول فينا ندفع فلوس كاش

We checked the prices on their WhatsApp menu, but when we arrived, a tall, slim guy wearing black gave us completely different prices after realizing we were Gulf customers. He claimed these were “new prices” and different from the old menu.

We had booked acrylic nails at 6:30 PM, but they made us wait until 10 PM and convinced us to do fake nails with gel instead. Meanwhile, they kept letting other customers go before us.

The gel started peeling the very next day. The nail application was terrible — one nail was wide, another was small, one was crooked, another was unevenly filed. On top of that, we ended up with fungal infections.

The Tunisian staff member had a good attitude, but what’s disappointing is that she and the rest of the staff clearly knew what was happening. If this is how you treat customers, how do you expect to have loyal clients? Where is the honesty and professionalism? He even tried to make us pay in cash.

Very unprofessional and disappointing experience. I would not recommend this place.",5,,,صالون تجميل,google_maps,"service,price,cleanliness,ambiance","service:negative,price:negative,cleanliness:negative,ambiance:negative"
4230,"جربت الصبغة مع شهد واعجبتني مرة
والنيلز مع ميادة مرة حلو
عسولات البنات وتعامل جميل جدًا واسلوب🤍
أكرر الزيارة",5,,,صالون تجميل,google_maps,"service,ambiance","service:positive,ambiance:positive"
4244,خدمة بروفيشنال جدا انا محجبه و صبغت شعري جيجي هيا الي عملتلي و كنت عاوزه لون فاتح بس مكنش هيناسب فتله شعري و بحثت معايا عن الوان تناسب خامه شعري و متبوظهاش بجد نادر لما انشان يروح يلاقي انسان فاهم في الشغلانه بالشكل دا ويطلع شغل تحفه انا مش بروح و لا بسيب حد يلعب ف شعري او يقصه بس هيا عملتلي قصه تحفه كل الي بيشوفها عليا بينبهر بجد جيجي دي Hidden Gem بجد تعامل راقي جدا و اسلوبهم جميل بجد ❤❤❤,5,,,صالون تجميل,google_maps,"service,ambiance","service:positive,ambiance:positive"
4249,مطعم ممتازه قوي,5,,,مطعم فلافل,google_maps,general,general:positive
4255,احسن مطعم فول وطعمية واحلى اكل,5,,,مطعم فلافل,google_maps,food,food:positive
4256,جميل ونظيف جدا,5,,,مطعم مأكولات سورية,google_maps,"cleanliness,general","cleanliness:positive,general:positive"
4265,مكان راقي جدآ واكلوا جميل والفعاليات كويسه,5,,,مطعم,google_maps,"service,ambiance","service:positive,ambiance:positive"
4269,الاكل حلو زي الاسعار بجد ممتزه,5,,,مطعم,google_maps,"food,price","food:positive,price:positive"
4274,حلو,5,,,مطعم,google_maps,general,general:positive
4276,جميل,5,,,مطعم,google_maps,"ambiance,general","ambiance:positive,general:positive"
4302,المكان كويس جدا فيه كل حاجه اسعار كويسه الاستف هايل جدا و دودو ذوقهما في الاغاني حلو اوووي,5,,,كافيه,google_maps,"food,service,price,ambiance","food:positive,service:positive,price:positive,ambiance:positive"
4305,الاكل و الاسعار كويسه اوي,5,,,مطعم بيتزا,google_maps,"food,price","food:positive,price:positive"
4306,ممتاز,5,,,مطعم بيتزا,google_maps,general,general:positive
4310,"لا انصحكم التعامل مع هذا الفرع
تلقيت منهم اسواء معاملة في مصر
انا رحت عندهم كذا بالصدفة كنت اتمشى
انا جاي من السعودية

وكانت الساعة ١ الليل سألت العامل متى تقفلوا قال ٤ الفجر
طلبت بيتزا وبيبسي
عاوز اقعد على الطاولات اللي جوا المحل
العامل خرجني قال خلاص قفلنا المحل او تدفع فلوش زيادة حقت القعدة جوة المحل
وخلاني اكل خارج وخدمتهم والله صفر
غير كذا قلة ادب ونصب من العمال",5,,,مطعم بيتزا,google_maps,"food,service","food:negative,service:negative"
4314,الفراخ سوده من جوه ومش مستويه خالص حتي القطع غير بعضها في درج لون ونايه من جوه ومش راضي أحط الفديو علشان المنظر سي للغايه,5,,,مطعم بيتزا,google_maps,"food,service","food:negative,service:negative"
4334,راااائع وبروفيشنال شغلهم فنان والستاف كلهم شاطرين ، المكان المعتمد بالنسبالي لكل المرات الجايه,5,,,صالون تجميل,google_maps,"service,ambiance","service:positive,ambiance:positive"
4337,"من السعودية إلى مصر، كانت تجربة ولا أروع ✨
زرت صالون شخصيا جوزيف وبكل أمانة حسّيت نفسي بين أهلي. احترافية عالية، ذوق راقٍ، اهتمام بأدق التفاصيل، ونتيجة فوق التوقعات.
شغل يشرح الصدر، ذوق يرضي العين، وتعامل يخلّي الواحد يرجع وهو مطمئن وسعيد.
شكراً من القلب على الإبداع والذوق العالي، تجربة تستاهل كل مدح وتوصية شكرااا لذوق العالي والراقي  جوزيييف 🤍🇸🇦🇪🇬",5,,,صالون تجميل,google_maps,"service,cleanliness","service:positive,cleanliness:positive"
4343,احلى قصة شعر من ايد فنان القص جووزيف يعطيه العافيه واحلى صالون واحلى سيرفس,5,,,صالون تجميل,google_maps,service,service:positive
4346,جربت حمادة قص و كذا خدمه جدا ممتازه انصح بيه,5,,,صالون تجميل,google_maps,service,service:positive
4351,ممتازين ماشاء الله انا انبسط جدا وخصوصا من منه ماشاء الله شغلها متميز الشعر منتجات كلها فوق الممتازه,5,,,صالون تجميل,google_maps,service,service:positive
4355,أنا حبيت شعري جدا والمكان رايق وجميل واشكر خاصة كيرو الي قص شعري واستشوره، انصح في الصالون جدا وطبعا راح اعتمده كل مره اجي فيها مصر ❤️,5,,,صالون تجميل,google_maps,"service,ambiance","service:positive,ambiance:positive"
4356,المكان بجد تحفه و ممتاز و شغلهم بجد ضمير جدا و مكان في خصوصية و احترام 🤍,5,,,صالون تجميل,google_maps,"service,cleanliness,ambiance","service:positive,cleanliness:positive,ambiance:positive"
4380,جيد,5,,,مطعم مأكولات سورية,google_maps,general,general:positive
4385,مكان هادي ورايق اوي,5,,,كافيه,google_maps,ambiance,ambiance:positive
4393,خدمة المناكير سيئة جدا، اللي شفته كل الزباين كبار في السن ويعملوا شعرهم قص وصبغات، لكن خدمة الاظافر سيئة، ولا عندهم الادوات اللازمة، كريم عادي واويل جونسون وتشل الجلد الزايد بطريقة تجرح الجلد وتستخدم ايدها اكثر من الادوات، وما عندهم ادوات متعددة مثل باقي الصالونات..,5,,,صالون تجميل,google_maps,"service,ambiance","service:negative,ambiance:negative"
4409,مكان دافي وجميل  وكل ال staff  بجد شاطرين جدا وذوق كانت تجربة حلوة جدا واكيد هكررها كتير 🥹♥️,5,,,صالون تجميل,google_maps,"service,cleanliness,ambiance","service:positive,cleanliness:positive,ambiance:positive"
4429,"انبسط اوى بالحمام المغربى مع فرح شاطره اوى وجميله ومريحه والاستقبال حلو اوى مع ندى مكان بروفشنال جدا
انصح بيه",5,,,صالون تجميل,google_maps,"service,cleanliness,ambiance","service:positive,cleanliness:positive,ambiance:positive"
4444,"شغلهم جداا جميل ونظيف وأسعارهم حلوه
خصوصاً خلود ، شغلها نظيف وجميل وانسانه مريحه ارجو منكم زيارررتهم",5,,,صالون تجميل,google_maps,"service,price,cleanliness,ambiance","service:positive,price:positive,cleanliness:positive,ambiance:positive"
4457,انبسطت بتعامل معاهم رحاب ومريم وصابرين وأدهم كلهم رائعين رحاب عملتلي فتلة حواجب و رفعة الحواجب الي انا مررررره مبسوطه فيها اللحين ومريم شغلها في الاظافر رائع وصابرين اشتغلت بذمه ولي اول مره اروح لي وحده تشتغل بذمه في البدكير عموماً كل الموضفين رائعين ومجتهدين شكراً لكم,5,,,صالون تجميل,google_maps,"service,ambiance","service:positive,ambiance:positive"
4461,"شكرا مجدي
شغلهم احترافي الويفي طالع طبيعي وحلو جدًا 😍😍",5,,,صالون تجميل,google_maps,service,service:positive
4462,.الاخ مجدي عبدو مبدع.. احلى ويفي للشعر ممكن تسوونه عنده .. مبدع مبدع مبدع .. شكرا شكرا مجدي  🙏🤍,5,,,صالون تجميل,google_maps,service,service:positive
4466,شكرا جدا استاذ مجدي علي شغلك الجميل و شكرا لذوقك، مبسوطة جدا بالنتيجة 🤍,5,,,صالون تجميل,google_maps,service,service:positive
4467,شغل روعه وتعامل راقي,5,,,صالون تجميل,google_maps,service,service:positive
4476,الصالون خدمتهم ممتازه سويت استشوار وقص شعر اسعاره حلوه والعائله روحهم حلوه جدا,5,,,صالون تجميل,google_maps,"service,ambiance","service:positive,ambiance:positive"
4478,قصة الشعر حلوة جدا و الأستاذة سماح  شغلها جميل تسلم ايدها,5,,,صالون تجميل,google_maps,service,service:positive
4480,من افضل الصالونات لقص الشعر والتعامل جدا راقي أنصحكم فيه,5,,,صالون تجميل,google_maps,service,service:positive
4486,حلو جدا واكلهم نضيف 10/10,5,,,مطعم فلافل,google_maps,"food,cleanliness,ambiance","food:positive,cleanliness:positive,ambiance:positive"
4495,مطعم ممتاز وأكل نظيف,5,,,مطعم فلافل,google_maps,"food,cleanliness,ambiance","food:positive,cleanliness:positive,ambiance:positive"
4506,الاكل وحش اوى و الفراخ مش مستوية و مفيش نضافة منصحش حد يجربه,5,,,مطعم,google_maps,"food,service,ambiance","food:negative,service:negative,ambiance:negative"
4521,مكان مميز,5,,,صيدلية,google_maps,"general,none","general:positive,none:neutral"
4529,حلو,5,,,سوبرماركت,google_maps,general,general:positive
4530,High,5,,,سوبرماركت,google_maps,"general,none","general:positive,none:neutral"
4538,اكله حلو وطور من نفسه,5,,,مطعم مأكولات مشوية,google_maps,food,food:positive
4545,جيد,5,,,سوبرماركت,google_maps,general,general:positive
4571,"A scam. Reviews are bought or their own family members. Especially tourists- beware. Read this for 2 minutes and save a lot of money.

I went in to get my nails done. A simple nude hard coat with reference photos. No length added. It looked professional in clean so I let my guard down, huge mistake.

They have NO set prices and charge you whatever they think you'd pay. Since im foreign I got significantly overcharged but they even overcharge the locals. I wouldn't even be that mad if the nails looked good, but its genuinely the worst they have ever looked.

Uneven coat, lumpy, no cuticle softener was used, just straight scraping. Look at the photos to see how uneven it is. You can see tiny holes aswell. She didn't file them down or anything. No hate to her but she was completely untrained.

I was charged 67 dollars or 3200 Egyptian pounds. WELL over what is normally charged in this area, and more expensive than CALIFORNIA USA.

I showed them how bad it looked and pointed out the imperfections, and they told me it was because ""your nails are too short."" They are not and ive gotten my nails done many times with no issues for half the price.

Do not consider this place. Do not let positive reviews sway you. It is not worth it and you'll spend more money and time fixing it later.",5,,,صالون تجميل,google_maps,"service,price,cleanliness,ambiance","service:negative,price:negative,cleanliness:negative,ambiance:negative"
4580,جميل جدا جدا والله وشغلهم نظييييف,5,,,صالون تجميل,google_maps,service,service:positive
4590,من افضل الصالونات اللي عملت فيها شعري والاسعار مقارنه يالخدمه ممتازة جدا,5,,,صالون تجميل,google_maps,"service,price","service:positive,price:positive"
4594,بصراحه كل الدكاتره ممتازين و مستمعين و عندهم طولة بال  و عن تجربه دكتور عصام و دكتور عبد اللطيف,5,,,مركز طبي,google_maps,service,service:positive
4597,د. احمد ممتاز,5,,,مركز طبي,google_maps,"general,none","general:positive,none:neutral"
4602,المعاملة ممتازة والدكتور عصام نصر ممتاز شكرا ليكم,5,,,مركز طبي,google_maps,service,service:positive
4607,تجربه سيئه جدا للاسف ولن تتكرر,5,,,مركز طبي,google_maps,"service,general","service:negative,general:negative"
4618,مطعم جيد ....اصطف محترم....جوده عاليه,5,,,مطعم مأكولات بحرية,google_maps,"food,ambiance,general","food:positive,ambiance:positive,general:positive"
4619,"احلي مافي المكان السلطه
غير كده الاكل سيء
اسعار جدا مبالغ فيها
والطعم غير جيد",5,,,مطعم مأكولات بحرية,google_maps,"food,price,ambiance","food:negative,price:negative,ambiance:negative"
4620,المكان تحفه,5,,,مطعم مأكولات بحرية,google_maps,ambiance,ambiance:positive
4623,"كافيه جميل
واسع جداً
ممكن يشيل حوالي ٣٥٠ فرد
الخدمة سريعة و الشباب محترمين و اهم حاجة الويترز بشوش و فاهم شغله",5,,,مقهى,google_maps,"food,service,ambiance","food:positive,service:positive,ambiance:positive"
4626,مكان ممتاز و الخدمه ممتازه جدا ..,5,,,مقهى,google_maps,"service,ambiance","service:positive,ambiance:positive"
4633,للاسف كانت تجربتي في فندق الياسمين بالمنيل سيئة جدا . النظافة كانت دون المستوى . ووجدت صراصير في الغرفة ، وهذا شئ غير مقبول في اي فندق . كذلك الانترنت كان ضعيفا جدا لدرجة انه لا يعمل والمعاملة سيئة جدا . اوسخ فندق قابلته بحياتي  لا انصح بالاقامة فيه.,5,,,فندق,google_maps,"service,cleanliness,ambiance","service:negative,cleanliness:negative,ambiance:negative"
4634,الفندق قديم يمتاز ب اطلاله ممتازة على النيل,5,,,فندق,google_maps,"service,ambiance","service:positive,ambiance:positive"
4635,الفندق تحفة و الموقع استراتيجي قريب من وسط البلد واسعاره متوسطة و مناسبة,5,,,فندق,google_maps,"service,price,ambiance","service:positive,price:positive,ambiance:positive"
4638,اشكر مدام مرفت على حسن الضيافه،، فندق محترم وناس محترمين،,5,,,فندق,google_maps,"service,ambiance","service:positive,ambiance:positive"
4640,"الفندق جماله في المنظر الجميل حيث أنه يطل على النيل مباشرة بإطلالة رائعة
وكذلك بأخلاق موظفيه خاصة مدام ميرفت التي أحب أن أشكرها على حسن ودماثة أخلاقها
الموقع قريب من الخدمات",5,,,فندق,google_maps,"service,ambiance","service:positive,ambiance:positive"
4642,ممتازه والاستاذه ميرفت قمة ف التعاون والأخلاق واللطف,5,,,فندق,google_maps,"service,ambiance","service:positive,ambiance:positive"
4650,مطعم اكله طيب واسعاره ممتازة,5,,,مطعم أطباق اللحوم,google_maps,"food,price","food:positive,price:positive"
4651,الاكل جميل والاسعار افضل من أماكن تانيه,5,,,مطعم أطباق اللحوم,google_maps,"food,price","food:positive,price:positive"
4659,شعبي,5,,,مطعم أطباق اللحوم,google_maps,"general,none","general:positive,none:neutral"
4662,من دخلت المبني نضيف طلعت المكان جميل. هادئ نضيف خدمه الرسبشن راقيه سريعة اهتمام دخلت الدكتور قمه الإحترام اسلوب تعامل راقي بفهك مشكلتك بطريقة سلسله بتحس بأمان راحه وعافيه في اختيارك لعييادات مصر الحديثة موفقين دائما يارب ٣لو,5,,,مركز طبي,google_maps,"service,cleanliness,ambiance","service:positive,cleanliness:positive,ambiance:positive"
4666,عيادات ممتزة وتعامل جميل,5,,,مركز طبي,google_maps,"service,ambiance","service:positive,ambiance:positive"
4673,ممتازة,5,,,مركز طبي,google_maps,general,general:positive
4676,عيادة نظيفه جداً و استقبال و خدمه محترمه و دكتور عمر شاطر حداً و مستمع جيد,5,,,مركز طبي,google_maps,"service,cleanliness,ambiance","service:positive,cleanliness:positive,ambiance:positive"
4682,ممتازجدا,5,,,مطعم,google_maps,general,general:positive
4710,"الفندق نظيف و الغرف مرتبة  و نظيفة
الموظفين محترمين و متعاونين والافطار جيد و يفي بالغرض.
يقع الفندق في عمارة في حي جميل و هاديء جدا.
الفندق ثلاث نجوم ولكن الخدمة و المعاملة خمس نجوم.",5,,,فندق,google_maps,"service,cleanliness,ambiance","service:positive,cleanliness:positive,ambiance:positive"
4714,فندق رائع,5,,,فندق,google_maps,"general,none","general:positive,none:neutral"
4723,المكان جميل ونظيف وقريب من الاماكن السياحية خدمتهم سريعه ومتعاونين جدا 👍🏻,5,,,فندق,google_maps,"service,cleanliness,ambiance","service:positive,cleanliness:positive,ambiance:positive"
4724,تجربتنا فيه كان جميله المكان نظيف وجميع طاقم العمل معاون معنا👍🏻,5,,,فندق,google_maps,"service,cleanliness,ambiance","service:positive,cleanliness:positive,ambiance:positive"
4725,ممتاز,5,,,صيدلية,google_maps,general,general:positive
4727,"السلام عليكم
ممكن رقم واتساب للتواصل",5,,,صيدلية,google_maps,none,none:neutral
4731,Great,5,,,صيدلية,google_maps,"general,none","general:positive,none:neutral"
4775,دكتور ممتاز,5,,,عِيادة أسنان,google_maps,general,general:positive
4777,خدمة علاجية ومتابعة ممتازة,5,,,عِيادة أسنان,google_maps,service,service:positive
4782,.كانت ممتازة,5,,,عِيادة أسنان,google_maps,general,general:positive
4783,احسن وانضف كلينك,5,,,عِيادة أسنان,google_maps,"general,none","general:positive,none:neutral"
4789,خدمه ممتازه و مقاومات كثيره متوفره,5,,,مركز طبي,google_maps,service,service:positive
4793,عيادة محترمة جدا و كويسه و الدكتور شاطر و محترم  جدا,5,,,مركز طبي,google_maps,"service,cleanliness","service:positive,cleanliness:positive"
4796,دكتور كويس و عياده محترمه,5,,,مركز طبي,google_maps,service,service:positive
4798,عيادة و استقبال ممتازة و دكتور رائع و الانتظار قليل,5,,,مركز طبي,google_maps,"service,ambiance","service:positive,ambiance:positive"
4800,العيادة جميلة,5,,,مركز طبي,google_maps,"general,none","general:positive,none:neutral"
4802,ملك كانت متعاونه جدًا وحقيقي شكرًا علي التعامل الحلو والذوق,5,,,مركز طبي,google_maps,service,service:positive
4804,خدمه ممتازه وتنظيم محترم,5,,,مركز طبي,google_maps,"service,ambiance","service:positive,ambiance:positive"
4810,عيادات بلاتنيوم عيادات منظمة و الاستقبال كويس جدا و المواعيد مظبوطة و دكتور ابرام و عمر سلامة محترمين و شطار جدا و بيسمعو المريض,5,,,مركز طبي,google_maps,"service,cleanliness,ambiance","service:positive,cleanliness:positive,ambiance:positive"
4814,منتجات تشرف مصر,5,,,متجر ملابس,google_maps,"general,none","general:positive,none:neutral"
4829,Offers aren't real,5,,,متجر ملابس رجالي,google_maps,"general,none","general:positive,none:neutral"
4836,لا بأس في الأسعار و العروض,5,,,متجر ملابس رجالي,google_maps,"price,none","price:negative,none:neutral"
4843,مكان راقي فعلا والمعامله فيه فوق الممتازه ده غيرالطاقم الطبي اللي موجود اللي بيشخص الحاله بدقه 👌❤️,5,,,مركز طبي,google_maps,"service,cleanliness,ambiance","service:positive,cleanliness:positive,ambiance:positive"
4844,الاستقبال محترمين جدا والمكان نضيف ومنظم و دكتور اندرو محترم جداو ممتاز,5,,,مركز طبي,google_maps,"service,cleanliness,ambiance","service:positive,cleanliness:positive,ambiance:positive"
4846,خدمه كويسه وفي متابعه ودكاتره كويسه,5,,,مركز طبي,google_maps,service,service:positive
4847,عيادات مصر الحديثة يضم عدد كبير من افضل الدكاترة والمعاملة من الاستف كويسة خالص وذوق والمكان نضيف والدكتور بيتابع معانا بعد الكشف شكرا جزيلا لكم 🌷🌷🌷,5,,,مركز طبي,google_maps,"service,cleanliness,ambiance","service:positive,cleanliness:positive,ambiance:positive"
4850,"الاستقبال ممتاز
والخدمات الطبية غاية الروعة
والدكتور بالتأكيد مستمع وشاطر",5,,,مركز طبي,google_maps,"service,ambiance","service:positive,ambiance:positive"
4851,العيادة نظيفة وتوقيتهم مظبوط و الاستاذ الدكتور أحمد دوي شاطر ومستمع جيدا لمريضه وبتاع حالته,5,,,مركز طبي,google_maps,"service,cleanliness","service:positive,cleanliness:positive"
4853,ممتازة,5,,,سوبرماركت,google_maps,general,general:positive
4857,ممتازة,5,,,سوبرماركت,google_maps,general,general:positive
4870,"A women's only gym that has all the basics you need in terms of equipment and weights. They offer classes at certain times (no yoga) as well as personal training. If you're there during peak hours, you'll struggle to find the more common weights (only two sets), and many of the machines need quite a bit of TLC (missing knobs, out of service regularly etc) but they've changed some of the padding of some machines since I've been there.

Update : all above still valid however I feel I must add the below warning. There are children regularly allowed to run around and play in the weight zones (super dangerous) with little to no supervision (even saw one smack someone's bum). Here are signs everywhere saying don't leave your bag in the weight area, that's what lockers are for.... And yet there are constantly bags and clothing everywhere; completely unenforced by any staff member there. The professionalism leaves to be desired. If you're not picky, it may be a bit more pricey, but there's another gym nearby that's better.",5,,,صالة رياضة,google_maps,"service,price,cleanliness,ambiance","service:negative,price:negative,cleanliness:negative,ambiance:negative"
4872,"have been going to this gym for the past few weeks and all the treadmills are horrible they keep electrocuting you the moment you touch it,it wasn’t a big deal at first as it was just a tiny zap and I kept telling everyone that works there to take care of it and their answer every single time is that they’re going to tell the maintenance guys but nothing changed. And today while I was running and trying to adjust the speed I touched the handle and it sent a very strong electric wave down my whole body that I shouted and jumped off the moving treadmill,when I went to complain to the girls working there their answer was “sorry,we will let the maintenance guys know”.
This is a serious safety hazard and it’s very disappointing how a big and pricey gym like that one can’t even fix faulty treadmills!
Most of the treadmills are always either broken or shut down after a few minutes of using and there’s only 2 stairmasters,one of them has been out of service since I started going.",5,,,صالة رياضة,google_maps,"food,service,price,cleanliness,ambiance","food:negative,service:negative,price:negative,cleanliness:negative,ambiance:negative"
4878,"The women who ‘run’ this place could be more respectful. But they go for doing less; they are consistent in that regard.

The equipment is the basics and mostly nice.  The cycling room is my fav bc … I love cycling. Oh, and sadly no elliptical machines.  I thought that was gym equipment 101.

When the sauna is hot and ready to use, it’s nice. The showers are nice too; good water pressure.

I’ve had my issues here; mostly poor attitudes. But ppl (staff) only know what they’ve learned from others, so bad behavior persists. Ppl would rather tell you no than to actually try to help you. The place def has potential to be better than it is.",5,,,صالة رياضة,google_maps,"service,price,cleanliness,ambiance","service:negative,price:negative,cleanliness:negative,ambiance:negative"
4884,ممتاز,5,,,مستشفى,google_maps,general,general:positive
4895,للاسف تجربة فاشلة جدا غير ملتزمين بقراراتهم ولا يوجد مصدقية أو صراحة اليوم براى و غدا براى اخر,5,,,مستشفى,google_maps,"service,none","service:negative,none:neutral"
4942,محل جميل مكان جميل والي فيه خدومين واسعار مناسبه,5,,,متجر ملابس,google_maps,"price,ambiance","price:positive,ambiance:positive"
4946,"مركز العبد ممتازين وعندهم اخصائيين في كل
تخصصات الأسنان ما شاء الله خدمه طبيه متميزه تعاملت معاهم في الزراعه لوالدتي وبنج كلي لابني 5 سنوات والحمدلله الأمور تمام",5,,,عِيادة أسنان,google_maps,service,service:positive
4952,مكان مميز,5,,,عِيادة أسنان,google_maps,general,general:positive
4962,"بيعتمدوا علي شاطرتهم في التسويق والإعلانات  لكن مفيش ذمة ولا جودة في الشغل وممكن يسلمك شغل مش مضبوط .. وبيدبسك بالفلوس عشان تقبل باي حاجة
ويقولولك استاذ في جامعة الازهر طب فين الأمانة المصداقية قبل ما تتكلموا عالازهر .. حتي لما رجعت للادرة بتستحل تاكل الحرام عادي",5,,,عِيادة أسنان,google_maps,service,service:negative
4966,شكراً جزيلاً د. صلاح سالم، فعلا ًمن أمهر أطباء الأسنان، يده خفيفة وشغله متقن في الزراعة والخلع وسحب العصب والتلبيسات، بدون ألم ونتيجة ممتازة، ويتميز بالإنجاز بوقت قياسي . شكرًا على احترافيتك واهتمامك براحة المريض.وايضا الدكتوره بنان ماقصرت يدها خفيفه ومحترفه واهم شي دقيقه وتركيزها عالي وهذا الشي يطمن المريض 👍🏻,5,,,عِيادة أسنان,google_maps,service,service:positive
4977,"عيادة ممتازة و الدكتور صلاح دكتور شاطر و مخلص و متفهم جدا.
تجربة ممتازة ١٠/١٠",5,,,عِيادة أسنان,google_maps,service,service:positive
4991,Perfect 👌🏻❤️,5,,,صيدلية,google_maps,"general,none","general:positive,none:neutral"
4993,المكان جميل والكلوكيكشن تحف بجد,5,,,متجر ملابس رجالي,google_maps,ambiance,ambiance:positive
4998,ذوووق وروعة,5,,,متجر ملابس رجالي,google_maps,"general,none","general:positive,none:neutral"
5015,احببته,5,,,صيدلية,google_maps,"general,none","general:positive,none:neutral"
5018,"تجربه سيئه جدا
فيه كذا حاجه الفراخ زفره
سندوتش الشاروما بتكون دافع فيه والحشو قليل
والتوميه مش احسن حاجه حتي البطاطس
ارجو التحسن
ويكون فيه اسعار أقل من كدا أو عروض",5,,,مطعم مأكولات سورية,google_maps,"food,price","food:negative,price:negative"
5019,احلى اكل جوده و سعر ممتاز مناسب جدا,5,,,مطعم مأكولات سورية,google_maps,"food,price","food:positive,price:positive"
5020,طعم الشاورما جميل جدا لكن العيش مغطي على طعم الشاورما,5,,,مطعم مأكولات سورية,google_maps,food,food:positive
5043,جميل وراقي,5,,,سوبرماركت,google_maps,general,general:positive
5044,حلو,5,,,صالة رياضة,google_maps,"general,none","general:positive,none:neutral"
5045,مكان حلو جداً و كباتن محترمة و السعر ممتاز,5,,,صالة رياضة,google_maps,"service,ambiance","service:positive,ambiance:positive"
5047,مكان ممتاز وسعر علي اد الايد,5,,,صالة رياضة,google_maps,ambiance,ambiance:positive
5056,أرقى تعامل و خدمه طبيه ممتازة من الدكتور جداد في الزراعه و الدكتور طارق احمد في باقي العلاجات,5,,,طبيب أسنان,google_maps,"service,none","service:positive,none:neutral"
5057,"العياده نضيفه جدا و الدكاتره محترمين
و شكرا لدكتوره شروق",5,,,طبيب أسنان,google_maps,"service,cleanliness","service:positive,cleanliness:positive"
5066,المكان جدا حلو و الدكاترة محترفين بالأخص دكتور داليا و طاقم التمريض بتاعها أستاذة مني حد متقن و مخلص في شغله جدا و تجربه كتير مميزة,5,,,طبيب أسنان,google_maps,"service,ambiance","service:positive,ambiance:positive"
5071,"حقيقي افضل عيادة وكادر الموظفين رهيبين والدكاترة فنانين بشغلهم ، انا حابه اقول لكم اسناني صارت تحفففة بشكل !!
بنات الريسبشن فاتن وشهد عسل وخدومات ودائما بشوشات ، كل التوفيق يارب وشكراً لكم ❤️",5,,,طبيب أسنان,google_maps,"service,ambiance","service:positive,ambiance:positive"
5077,دكتور طارق احمد الاهل جوه ومدحوه وجيته وكان شاطر صراحه والاستقبال كلهم لطيفين انصح بالدكتور صراحه🤍,5,,,طبيب أسنان,google_maps,"service,ambiance,none","service:positive,ambiance:positive,none:neutral"
5087,مشالله شغلهم تحفة مش آخر مره أتعامل معاهم مريم بتشتغل أظافر شغلها جميل وتحفة واكتر من تحفة وسريعة مشالله تعامل وأسلوب 💕💕💕💕,5,,,صالون تجميل,google_maps,service,service:positive
5098,مطعم ممتاز واسلوب متميز وطعم رائع وخدمه رائعه ولكم التحيه جميعا 👌👌من اجمل مااكلت بيتزا صراحه,5,,,مطعم بيتزا,google_maps,"food,service","food:positive,service:positive"
5100,احب الاكل الإيطالي وجربت عندهم بيتزاء جبيري هي جميله لكن يقدر يخلها افضل بكثير فيه افضل منه  خاصة العجينه عك. مديرهم ولي يشتغلون معه رهيبين الله يرزقهم ويبارك لهم,5,,,مطعم بيتزا,google_maps,"food,service","food:positive,service:positive"
5102,أفضل مطعم بيتزا فى مصر,5,,,مطعم بيتزا,google_maps,food,food:positive
5113,ممتاز,5,,,مطعم,google_maps,general,general:positive
5129,صالون جميل جدا والاصتف لذيذ جدا,5,,,صالون تجميل,google_maps,"service,ambiance","service:positive,ambiance:positive"
5131,"Amazing service and such a lovely place
خدمة رائعة ومكان جميل جدًا",5,,,صالون تجميل,google_maps,"service,ambiance","service:positive,ambiance:positive"
5132,المكان حلو والموظفين عسل.,5,,,صالون تجميل,google_maps,"service,ambiance","service:positive,ambiance:positive"
5145,تعامل راقي واخلاق عاليه وشغل فوق الممتاز جميع الاستف فوق المستوى الراقي,5,,,صالون تجميل,google_maps,service,service:positive
5146,شغلهم مرااا حلو والتعامل احلى الله يسعدهم وشكرررا,5,,,صالون تجميل,google_maps,service,service:positive
5147,افضل صالون فيكي ياقاهرة شغلهم ماشالله تبارك الرحمن ولا غلطة وعندكم صاحبة المكان اسمها شيماء تهببببل واللي يسوي الشعر ابانوب تسلم ايده وبصراحه الطاقم كامل كلهم يجننون من غير استثناء,5,,,صالون تجميل,google_maps,"service,ambiance","service:positive,ambiance:positive"
5154,المكان ممتاز والخدمة على أعلى مستوى والموظفين في قمة الزوق بجد و حرفياً انصحكم بالتعامل معاهم,5,,,عِيادة أسنان,google_maps,"service,ambiance","service:positive,ambiance:positive"
5157,"حقيقي مكان جميل جداً واستقبل رائع شكرا جدا لحضرتكم
♥",5,,,عِيادة أسنان,google_maps,"service,ambiance","service:positive,ambiance:positive"
5163,"المكان جميل والناس محترمة جدا من اول السكرتارية لحد الدكاترة
شكراً جدا",5,,,عِيادة أسنان,google_maps,"service,ambiance","service:positive,ambiance:positive"
5164,"بصراحة من يوم دخلت عيادة جرانتي وأنا مبسوط من التعامل الراقي. بدايةً من الأخت رحمة في الاستقبال، اللي تعاملها ذوق وابتسامتها تهوّن على الواحد تعب الانتظار، وتخلي جوّ العيادة مريح وحلو.
وبعدها جيت للدكتور أسامة، وما شاء الله تبارك الله… أسلوبه وشرحه واهتمامه بالتفاصيل يخلّي الواحد يثق في كلامه من دون تردد. يعطيك راحة نفسية ويحسسّك إنك بين أيدٍ أمينة.
بصراحة الاثنين يرفعون سمعة المكان، وتعاملهم يخلي الواحد يرجع وهو راضي ومرتاح",5,,,عِيادة أسنان,google_maps,"service,cleanliness,ambiance","service:positive,cleanliness:positive,ambiance:positive"
5165,"حقيقة حاب أشكر موظفة الاستقبال الأستاذة رحمة على تعاملها الراقي ولطافتها اللي تشرح الصدر. من أول ما دخلت وأنا أحس براحة من أسلوبها المحترم وابتسامتها اللي تعكس احترافية عالية. ساعدتني بكل رحابة صدر وقدمت لي المعلومات بكل وضوح واهتمام. بصراحة تستاهل خمسة نجوم وأكثر، ونموذج مشرف للواجهة الأولى للمكان. يعطيها العافية وما قصّرت.
وبرضو أحب أشكر الدكاترة على مهنيتهم العالية وتعاملهم الرائع. كانوا واضحين في شرح الإجراءات ومريحين جدًا في أسلوبهم، وما حسّيت بأي آلام خلال العلاج. عن جد فريق احترافي ويستحق كل الشكر والتقدير",5,,,عِيادة أسنان,google_maps,"service,cleanliness,ambiance","service:positive,cleanliness:positive,ambiance:positive"
5167,عيادة رائعة جدا شكرا الدكتور المحترم احمد علوان,5,,,عِيادة أسنان,google_maps,service,service:positive
5172,العياده نظيفه جدا والدكاتره شاطرين جداا والاداره منظمه العمل بحيث المريض مابخدتش وقت واذكر بالشكر استاذ علاء,5,,,عِيادة أسنان,google_maps,"service,cleanliness,ambiance","service:positive,cleanliness:positive,ambiance:positive"
5174,خدمه ممتازه و أطباء ذو كفاءه,5,,,عِيادة أسنان,google_maps,service,service:positive
5175,المكان محترم جدا أطباء ممتازين و المتابعه بعد الكشف ممتازه,5,,,عِيادة أسنان,google_maps,"service,ambiance","service:positive,ambiance:positive"
5189,مكان زي الفل ومحترم والناس الموجوده جميله جدا وربنا يباركلهم كلهم,5,,,صالون تجميل,google_maps,"service,ambiance","service:positive,ambiance:positive"
5196,من احلا الصالون الي اتعملت فيه والخدمات بتاعتهم حلوه جدا وناس محترمه وناس شغلهم حلوه جدا,5,,,صالون تجميل,google_maps,"service,ambiance","service:positive,ambiance:positive"
5197,خدمه ممتازه جدا والمكان وكل حاجه فيه تحفه,5,,,صالون تجميل,google_maps,"service,ambiance","service:positive,ambiance:positive"
5207,مكان رائع,5,,,صالة رياضة,google_maps,"ambiance,general","ambiance:positive,general:positive"
5218,مكان جميل ونظيف وفيه كل الاجهزه والناس محترمين ومتعاونين جدا,5,,,صالة رياضة,google_maps,"service,cleanliness,ambiance","service:positive,cleanliness:positive,ambiance:positive"
5231,مكان مميز و مدربين علي اعلي مستوي,5,,,صالة رياضة,google_maps,ambiance,ambiance:positive
5235,بحب الرياضه وطبيعة المكان ممتاز,5,,,صالة رياضة,google_maps,"service,ambiance","service:positive,ambiance:positive"
5238,"The worst ever!!!!!!!!!!
Bad delivery, bad attitude, no receipt and fake prices!!!!
Total mess!!!!!",5,,,سوبرماركت,google_maps,"food,price,ambiance","food:negative,price:negative,ambiance:negative"
5240,الخدمه سيئه جدا طالبه اوردر بقالي ساعه ونص اقسم بالله وكل ما اكلمهم يقولو خرج حاجه في منتهاء الاستفزاز,5,,,سوبرماركت,google_maps,service,service:negative
5242,اسعار غير صحيحه,5,,,سوبرماركت,google_maps,"price,general,none","price:negative,general:negative,none:neutral"
5257,الخدمه ممتازه و الاكل تحفه 😍,5,,,مطعم وجبات سريعة,google_maps,"food,service,ambiance","food:positive,service:positive,ambiance:positive"
5262,حلو جدا ونضيف وتيم لذيذ,5,,,مطعم وجبات سريعة,google_maps,"food,ambiance","food:positive,ambiance:positive"
5276,جميل,5,,,متجر بقالة,google_maps,general,general:positive
5281,ممتاز,5,,,صيدلية,google_maps,general,general:positive
5286,"تعامل سيئ جدا
الاوردر يتأخر  وغير مكتمل.....",5,,,صيدلية,google_maps,"service,none","service:negative,none:neutral"
5288,صيدليه ممتازة وكذالك جميع العاملين فيها ناس محترمين وتعاملهم راقي,5,,,صيدلية,google_maps,service,service:positive
5290,Good service,5,,,صيدلية,google_maps,"general,none","general:positive,none:neutral"
5291,جيدة,5,,,صيدلية,google_maps,"general,none","general:positive,none:neutral"
5293,فرع  سيئ للغاية في التعامل واصطف في قمة قلة الذوق منصحش اي شخص بالتعامل معاهم,5,,,صيدلية,google_maps,service,service:negative
5299,Horrible service,5,,,صيدلية,google_maps,"general,none","general:positive,none:neutral"
5314,مكان جميل وفي مصدقيه والملابس متنوعه وجميله,5,,,غرفة لياقة,google_maps,"service,ambiance","service:positive,ambiance:positive"
5316,جميل ومميز,5,,,غرفة لياقة,google_maps,"ambiance,general","ambiance:positive,general:positive"
5317,فيو رائع وتدريب هايل وإدارة فوق الممتازة بجد ناس محترمين جدا واحلي جدول كلاسات,5,,,غرفة لياقة,google_maps,"service,ambiance","service:positive,ambiance:positive"
5319,الجيم محترم جدا وبيقدم خدمات ممتازة ومستوي المدربين عالي يكفي الفيو علي النيل,5,,,غرفة لياقة,google_maps,"service,ambiance","service:positive,ambiance:positive"
5320,المكان جميل جدا وادارة ممتازة والاجهزة محترمة,5,,,غرفة لياقة,google_maps,"service,cleanliness,ambiance","service:positive,cleanliness:positive,ambiance:positive"
5339,ممتازين,5,,,متجر ملابس رياضية,google_maps,"general,none","general:positive,none:neutral"
5346,اسوء معاملة واسوء ردود على العملاء واسوء طيارين توصيل طلبات بالتالي هيكون اسوء جودة اكل,5,,,مطعم مأكولات سورية,google_maps,"food,service","food:negative,service:negative"
5348,الاكل طعمه رائع واسعاره حلوه اقل من بره وجوده حلوه ..,5,,,مطعم مأكولات سورية,google_maps,food,food:positive
5351,الطعم مقرف و أسعار غاليه,5,,,مطعم مأكولات سورية,google_maps,"food,price","food:negative,price:negative"
5374,ممتاذ جدا,5,,,صيدلية,google_maps,general,general:positive
5393,مشاء الله العيادة جميله جدا والدكاتره كمان شغلهم جميل خالص م,5,,,عِيادة أسنان,google_maps,service,service:positive
5416,Lily76,5,,,متجر بقالة راقٍ,google_maps,"general,none","general:positive,none:neutral"
5420,ممتاز,5,,,متجر بقالة راقٍ,google_maps,general,general:positive
5436,تجربه اتمني محدش يجربها جيم في منتهي الاهمال وقله الادب كان في تصليحات وعمال رايحة جايه في الجيم وبعد مارحت ومقلوش حتي ان في عمال وحاجه قله ادي جداااا محدش يروح الجيم ده تاني ومرضوش يدوني بقيه الفلوس لما المهزله ديحصلت,5,,,صالة رياضة,google_maps,"service,ambiance","service:negative,ambiance:negative"
5439,"من احلى والطف الاماكن اللي ممكن تجيلها وتسهر فيها وتقضي وقت ممتع ورايق جداً 💕
والاحلى كمان استاذ وليد اللي كل مرة بيغمرنا بلطفه وطاقته الحلوة اللي بتضيف عالمكان كله جو مميز مستحيل تلاقيه في اي مكان تاني ، تحس انك بين اهلك وصحابك بجد وكمان كل الطاقم اللي في المكان

ربنا يبارك لاستاذ وليد واستاذ خالد المحترمين ♥️

لو عايز مكان تتبسط وتروق فيه هيكون دقة عود احلى مكان تجيله فعلاً",5,,,كافيه,google_maps,"service,cleanliness,ambiance","service:positive,cleanliness:positive,ambiance:positive"
5452,شغلهم حلو. وراقين,5,,,عيادة متخصصة,google_maps,"general,none","general:positive,none:neutral"
5471,صراحه بيتزا طعمها حلو,5,,,مطعم,google_maps,food,food:positive
5472,ممتاز♥️♥️,5,,,مطعم,google_maps,general,general:positive
5482,بصراحة من اجمل الفطاير اللي ممكن اكون طلبتها في القاهرة الاكل نضيف جداً و فريش الطعم تحفة والخدمة فوق الممتازة مستنية اجرب الفطير الحلو وهكتبله ريڤيو لوحده ❤️❤️❤️,5,,,مطعم,google_maps,"food,service,ambiance","food:positive,service:positive,ambiance:positive"
5486,اكل نزلسخن جدا و حلو .. مصطفى كان لطيف,5,,,مطعم أطباق اللحوم,google_maps,food,food:positive
5487,الاكل لذيذ والاسعار مناسبة والاجواء مميزة,5,,,مطعم أطباق اللحوم,google_maps,"food,price,ambiance","food:positive,price:positive,ambiance:positive"
5489,بصراحه لما مالقتش زباين كتير قولت ده مطعم وحش بس لما جه الاكل طلع فوق الممتاز وخدمه ممتازه ...الف شكر,5,,,مطعم أطباق اللحوم,google_maps,"food,service","food:positive,service:positive"
5490,جميل ونظيف وسعر حلو والمشاوي حلوة جدا,5,,,مطعم أطباق اللحوم,google_maps,"food,cleanliness,ambiance","food:positive,cleanliness:positive,ambiance:positive"
5492,الاكل هناك تحفه والاسعار في متناول الجميع,5,,,مطعم أطباق اللحوم,google_maps,"food,price","food:positive,price:positive"
5493,مطعم رائع الاكل جيد الخدمة جيدة والافراد والعاملين ودودين للغاية ينقصه التحديث في الاساسات وفي الموسيقي وشاشات التلفاز,5,,,مطعم أطباق اللحوم,google_maps,"food,service,ambiance","food:positive,service:positive,ambiance:positive"
5494,"المكان جميل والاكل لذيذ ومكان عائلى
والخدمة كويسة والمكان نضيف",5,,,مطعم أطباق اللحوم,google_maps,"food,service,ambiance","food:positive,service:positive,ambiance:positive"
5495,التجربة فطار رمضاني ... المطعم بيقدم وجبات شرقي متنوعة ... مكان المطعم والفيو المطل عليه كان أجمل حاجة ... الاكل كان جميل جدا ... اختيارنا كان مكرونة بالبشاميل وكانت جميلة جدا الحقيقة و مشويات مشكلة جت اتقدمت على شواية علشان تحتفظ بسخونتها طول الوقت وكانت المشويات الحقيقة جميلة جدا وبطاطس وارز بالمكسرات وكبدة بدبس الرمان كانت تحفة وارز ابيض بالشعرية وملوخية ... الحقيقة كانت الوجبات ممتازة وتقديمها شيك والاسعار متوسطة ... الخدمة كانت بردو محترمة جدا من الناس ودودين وبشوشين... الحقيقة كانت تجربة حلوة وان شاء الله تتكرر,5,,,مطعم أطباق اللحوم,google_maps,"food,service,price,cleanliness,ambiance","food:positive,service:positive,price:positive,cleanliness:positive,ambiance:positive"
5502,طلبت اورد جالي خلال ساعة ونص طبعا الاكل جه بارد وملوش طعم تجربة سيئة جدا,5,,,مطعم,google_maps,"food,service","food:negative,service:negative"
5514,معاكم أخوكم حبيب من المغرب صراحة أحسن عيادة في مصر بدون مبالغة شغل إحترافي من بداية حتى نهاية و متابعة مستمرة من دكتورة أميرة المتميزة بشغلها  و طاقم المساعد ،إضافة إلى التعامل المحترم من  سكرتارية في ترتيب مواعيد,5,,,عِيادة أسنان,google_maps,service,service:positive
5515,شكرا لك كثييير دكتورة أميرة و الطاقم كامل ماشاء الله عن تجربة للأمانة ٣ عيادات في مصر زرتها خلال آخر ٣ سنوات تبقى عيادة Dr.Amira الأفضل من عيادة مميز و التعقيم درجة اولى بعدها خفة يد الدكتورة و فعلا ممارسة المهنة بتميز الف شكر 🌟,5,,,عِيادة أسنان,google_maps,service,service:positive
5529,دكتور اميره بجد ممتازه وشغلها متقن جدا وعندها ضمير وبتهتم باصغر التفاصيل ❤️❤️❤️,5,,,عِيادة أسنان,google_maps,service,service:positive
5532,"الدكتورة أميرة أمينة وتخاف الله في عملها خفيفة يد وتنصح المراجع بما يناسبه للامانة ما يركزون على الفلوس بقدر ما يحرصون على شغلهم النظيف خاصة في الحشوات والتنظيف الي سويتها مريت عليهم وأنا في زيارة سياحية وكانت تجربتي كويسه وبإذن الله برجع لها في زيارة علاج لمصر
مهند من السعودية",5,,,عِيادة أسنان,google_maps,"service,cleanliness","service:positive,cleanliness:positive"
5537,شكرا,5,,,صيدلية,google_maps,"general,none","general:positive,none:neutral"
5541,ألف شكر للمعاملة و الخدمة,5,,,صيدلية,google_maps,"service,none","service:positive,none:neutral"
5542,معاملة ممتازة,5,,,صيدلية,google_maps,"general,none","general:positive,none:neutral"
5544,خدمه ممتازه وخصم نقدى على جميع الأدوية,5,,,صيدلية,google_maps,service,service:positive
5548,جيد,5,,,صالة رياضة,google_maps,general,general:positive
5558,موجود كل الأدوية,5,,,صيدلية,google_maps,"general,none","general:positive,none:neutral"
5567,"من افضل الدكاتره( يوسف سمير عسكر )
تعامل ممتاز جداً وعمل ماشاء الله تبارك الرحمن
حفظكم الله ي دكتور  ونتمنى لكم مزيداً من التفوق والنجاح 🤲🏼🤲🏼👍🏻👍🏻",5,,,عِيادة أسنان,google_maps,service,service:positive
5569,بجد دكتور يوسف دكتور شاطر جدا وكنت جيالة في حالة صعبة جدا وايدو كويسة جدا ومحستش بأي حاجة بجد تسلم ايدك حضرتك وطبعا التعقيم ١٠٠/١٠٠ وبجد العيادة نظيفة جدا والتعامل بجد جميل معاهم بجد شكرا جدا,5,,,عِيادة أسنان,google_maps,"service,cleanliness","service:positive,cleanliness:positive"
5586,ماشاء الله دكتور يوسف شاطر ويستخدم طرق متقدمة بالعلاج وشغلة نظيف ومميز,5,,,عِيادة أسنان,google_maps,"service,cleanliness,none","service:positive,cleanliness:positive,none:neutral"
5587,دكتور يوسف دكتور ممتاز جدآ عندي عدة تجارب معاه وكل الفي العيادة تعاملهم راقي صراحه,5,,,عِيادة أسنان,google_maps,service,service:positive
5593,ممتازة,5,,,صيدلية,google_maps,general,general:positive
5598,قاعده حلوه,5,,,مقهى,google_maps,general,general:positive
5606,مكان ممتاز وناس محترمه,5,,,عيادة طبية,google_maps,"service,ambiance","service:positive,ambiance:positive"
5611,ممتاز,5,,,صيدلية,google_maps,general,general:positive
5612,Good Vibes 🌅,5,,,صيدلية,google_maps,"general,none","general:positive,none:neutral"
5625,حلو اوي و شيك,5,,,صالة رياضة,google_maps,ambiance,ambiance:positive
5627,مكان محترم وناس محترمه جدا,5,,,صالة رياضة,google_maps,"service,ambiance","service:positive,ambiance:positive"
5629,جيم جامد جدآ فى كل حاجة المكان جميل جدآ ومساحة حلوة وأجهزة تحفة بجد,5,,,صالة رياضة,google_maps,ambiance,ambiance:positive
5635,الشباب اللي ف الاستقبال كانو متعاونين جداً وغاية ف اللطف ،والكوتش اللي معاهم متعاون جدا اي شغله اسألو عليها يستجيب بدون تردد، شكراً لكم كانت تجربه جميله ، ملاحظه بس لو يزيد عدد الاجهزه يكون افضل👍🏻,5,,,صالة رياضة,google_maps,"service,ambiance","service:positive,ambiance:positive"
5642,المكان جيد ومتنوع وراقى,5,,,متجر ملابس حريمي,google_maps,ambiance,ambiance:positive
5679,"بمنتهى الامانة مستوى عالى جدا جدا من الاحترافية و الاحترام والذوق والرقى فى التعامل ، من اصغر موظف وادارى لأكبر طبيب وتمريض،
مكنتش متخيل ان المكان بالرقى والاحترافية دى ،،
شكر خاص للاستاذ الدكتور ريمون مدير الرعاية
والدكتور اسامة لطفى والدكتورة  امنية
وطقم تمريض المستشفى بالكامل وبالاخص طاقم تمريض الرعاية ومستر مينا",5,,,مستشفى,google_maps,service,service:positive
5705,روعه الدكتور خالد متمكن في التشخيص والتجميل والحشوات صراحه دكتور مميز ولديه خبرة طويله ومتقن شغله اشكرك من الاعماق حقيقة دكتور محترف والله على ما اقول شهيد,5,,,عِيادة أسنان,google_maps,service,service:positive
5708,دكتور محترف حقيقي ودقيق في عمله لايقبل إلا النهايات الجميله من الناحيه الطبية والتجميليه ويشرك صاحب الحالة في تفاصيل الخطة العلاجية وافضل الحلول شكراً د/خالد واتمنى لك دوام التوفيق 🇸🇦,5,,,عِيادة أسنان,google_maps,service,service:positive
5715,دكتور خالد من امهر الدكاترة.. كانت تجربتنا جدا جميلة معه وقام بعمل حشوات تجميلية من أفضل ما يمكن.. وكان تعاملة جدا رائع,5,,,عِيادة أسنان,google_maps,service,service:positive
5716,"السلام عليكم ورحمة الله تعالى وبركاته...
اولا احى الدكتور الخلوق د.خالد والذى تشرفت بلقائه واجريت عدة جلسات على يديه بخصوص حشوات الاسنان ...وبعد الله سبحانه وتعالى فقد احسست بالفرق الكبير وتم علاجى والحمد لله...
كطبيب تهمنى الاجراءات التى تتعلق بالتعقيم ولقد لاحظت اهتمامه بهذا الجانب حماية للطبيب والمريض.
لكل ذلك ارسلت ابنتى وزوجتى
لزيارة د.خالد..
الشكر موصول للمساعدة والتى ظلت تبذل الجهد الكبير اثناء العلاج.
والشكر ايضا لموظف الاستقبال ذلك الرجل المهذب الهادئ...
جزاكم الله كل خير
حفظكم الله ووفقكم لخدمة العباد
عبدالله محمد الحاج
استشارى النساء والتوليد
السودان.",5,,,عِيادة أسنان,google_maps,"service,cleanliness,ambiance","service:positive,cleanliness:positive,ambiance:positive"
5726,Do not be fooled by his reviews. By far the worst Dr. I have ever been to. Every time my husband and I had a question we got very rude replies. Has no clue about how to properly inform his patients of the IVF process. All he sees is dollar signs. After getting a second opinion do I know that I actually have a cyst in my ovaries. Didn't even do the first step which is an ultrasound. If I could give him 0 stars I would. Do not let this Dr. ruin you're IVF experience.,5,,,عيادة الخصوبة,google_maps,"food,service,ambiance","food:negative,service:negative,ambiance:negative"
5740,هل المستشفى بتدي للمواليد الجدد الي مولودين في المستشفى لقاح فايروس الكبد الوبائي ولا لا عشان عايز اعرف ابني اخد التطعيم ولا لا لو بياخد اضغط على مفيد لو مش بياخد اضغط على غير مفيد لو ماتعرفش ونبي ماتدوسش حاجة,5,,,مستشفى,google_maps,service,service:negative
5743,خدمه ممتازه جدا والمكان نظيف وجديد يفرق عن الاماكن اللي يحب يرتاح يجي عندهم الاستقبال ام علاء و محمد افضل ناس,5,,,فندق,google_maps,"service,cleanliness,ambiance","service:positive,cleanliness:positive,ambiance:positive"
5747,ام على اطيب قلب وانسانه خدومه ومريحه احسن فندق من ناحية الامان والخدمه ونظيف جدا جدا ومو اواخر زيارة انشالله,5,,,فندق,google_maps,"service,cleanliness,ambiance","service:positive,cleanliness:positive,ambiance:positive"
5762,‏شكرا للقائمين على هذه الضيافة خدمة متميزة ومكان نظيف وموقع جميل شكرا لكم,5,,,فندق,google_maps,"service,cleanliness,ambiance","service:positive,cleanliness:positive,ambiance:positive"
5764,غرف جميلة جدا من نظافه وتعامل ام علا جدا رائع,5,,,فندق,google_maps,"service,cleanliness,ambiance","service:positive,cleanliness:positive,ambiance:positive"
5769,"اكثر مكان مريح ونظيف
خصوصا القرآن",5,,,صالة رياضة,google_maps,"cleanliness,ambiance,none","cleanliness:positive,ambiance:positive,none:neutral"
5770,مكان كويس الناس بصراحة محترمة وكباتن جدعان اوي بصراحة وشكرا علي مجهودهم معنا,5,,,صالة رياضة,google_maps,"service,ambiance","service:positive,ambiance:positive"
5774,المكان مريح نفسيا ونظيف وافضل حاجه وجود القرآن باستمرار,5,,,صالة رياضة,google_maps,"cleanliness,ambiance","cleanliness:positive,ambiance:positive"
5783,مكان كويس مدرب كويس جدا,5,,,صالة رياضة,google_maps,"service,ambiance","service:positive,ambiance:positive"
5789,"ما شاء الله تبارك الله دكتوره ممتازه جدا
انا عملت تنظيف +تلميع خدمه جميله والسعر كويس جدا تستاهل 10 نجوم",5,,,عِيادة أسنان,google_maps,service,service:positive
5796,سويت اسنانى  جميلة ولون مظبوط وابتسامة جميلة الله يسعدك دكتورتى ودائما زباينك يارب من اليمن الجميلة,5,,,عِيادة أسنان,google_maps,"service,ambiance","service:positive,ambiance:positive"
5806,"مشاءالله والله فعلا انقذت الدكتورة ضروسي شافت تسوسات  في الضروس اكبر دكتور في مصر ماكان يتوقعها
انا اصلا ما كنت مصدق إللى شفته
الله يباركلك دكتورة نهى ويزيدك خبرة وعلم
حتى التركيب ماشاء الله الزيركون طبيعى الشكل واللون
تسلم ايدك",5,,,عِيادة أسنان,google_maps,service,service:positive
5810,مكان ممتاذ جدااا والاكل جاامد اوي,5,,,كافيه,google_maps,"food,ambiance","food:positive,ambiance:positive"
5814,المكان فوق الرائع,5,,,كافيه,google_maps,"ambiance,general,none","ambiance:positive,general:positive,none:neutral"
5816,Perfect service ❤️❤️,5,,,كافيه,google_maps,"general,none","general:positive,none:neutral"
5817,افضل كافيه ومطعم في التجمع . اجواء جميله جداً 👌👌👌,5,,,كافيه,google_maps,ambiance,ambiance:positive
5826,مكان شيك جدا والمأكولات والمشروبات ممتازه و الخدمه ممتازه جدا والاداره وجميع العاملين حاجه فى منتهى الروعه,5,,,كافيه,google_maps,"service,ambiance","service:positive,ambiance:positive"
5830,"اسوء صيدلية عملت اوردر اون لاين تاخير لحد 3 ساعات ونص لحد دلوقتي وماجاش لسه وكلمتهم اكتر من مره يقولي هنستعجله وهنخلي الفرع يتواصل ولا اي حد بيتصل وفالاخر يقولي الاوردر بتاع شركة التامين بيكون من 3 ساعات ل 4 ع الرغم الموافقه بتاعت الشركة دي بتيجي بسرعه جدا
يعني طفله عندها سخنيه وتعبانه جدا يتاخر كل ده لحد مايجيلي
ودي مش اول مره دايما حتي لو اوردر كاش نفس الكلام آخر تعامل ان شاء الله
ومانصحش حد بالتعامل معاهم
تحديث بعد ساعه إلا ربع اتصل تاني يقولي ف مشكله ف الفرع مافيش مندوب يوصل دلوقتي ف هيتاخر لسه اكتر
فعلا حسبي الله ونعم الوكيل ف كل واحد مستهتر ومش مقدر ان ده علاج لطفلة",5,,,صيدلية,google_maps,"service,delivery","service:negative,delivery:negative"
5834,Careless & unprofessional,5,,,صيدلية,google_maps,"general,none","general:positive,none:neutral"
5836,مركز للتسوق رائع,5,,,سوبرماركت,google_maps,general,general:positive
5847,"جامد جدا وامان جدا كانك في بيتك
مكان محترم وهاي كواليتي😍",5,,,صالة رياضة,google_maps,"service,ambiance","service:positive,ambiance:positive"
5848,،🌹,5,,,صالة رياضة,google_maps,"general,none","general:positive,none:neutral"
5849,جيد جدا,5,,,صالة رياضة,google_maps,general,general:positive
5857,"المركز الطبي الإنجيلي بالقاهرة ..
مركز جميل ومنظم ونظيف ومرتب جداً، لكنه يحتاج للقليل من الإهتمام من القائمين علي أمره بالصيانة والترتيب ومراجعة بعض التفاصيل بالمبني.",5,,,مستشفى,google_maps,"service,cleanliness,ambiance","service:positive,cleanliness:positive,ambiance:positive"
5864,Great hospital 💪💪👍👍,5,,,مستشفى,google_maps,"general,none","general:positive,none:neutral"
5885,مشاء الله عياده جميله اوي و دكتور شاطر و ممتاز اوي و المعامله,5,,,عِيادة أسنان,google_maps,service,service:positive
5892,بجد بجد انتي رائعه من غير الچيل بتاعك مقدرش أعيش😍حقيقي كل حاجه في المكان حلوه اوي ودايما امشي مبسوطه من عندك بجد شكرا يا مارينا ❤️🌹🫶😘🥰,5,,,صالون تجميل,google_maps,"service,ambiance","service:positive,ambiance:positive"
5894,شغلهم بالشع حلو مره شعري صعب بسرعه ينفش ضبطه لي و الرموش جميله,5,,,صالون تجميل,google_maps,service,service:positive
5904,خدمة فوق الممتازة في كل حاجة عملت شعرى واظافرى وكانت احلي مرة اعمل فيها بصراحة انصح كل الناس بالصالون شكرا بيبو ومارينا,5,,,صالون تجميل,google_maps,service,service:positive
5908,صالون جميل,5,,,صالون تجميل,google_maps,general,general:positive
5910,جيد والطاقم مميز,5,,,صالون تجميل,google_maps,general,general:positive
5912,ناس محترمة,5,,,متجر ملابس,google_maps,"general,none","general:positive,none:neutral"
5918,عٌدٍروٌ,5,,,متجر ملابس,google_maps,"general,none","general:positive,none:neutral"
5920,مكان عالمى,5,,,متجر ملابس,google_maps,"general,none","general:positive,none:neutral"
5926,مكان جيدا جدا في البيتزا,5,,,مطعم بيتزا,google_maps,food,food:positive
5927,بيتزا الزعيم احسن بيتزا في مصر,5,,,مطعم بيتزا,google_maps,food,food:positive
5928,البيتزا طعم ممتاز👍👏,5,,,مطعم بيتزا,google_maps,"food,general","food:positive,general:positive"
5929,بيتزا تشيكن بارب كيو راءعه جدا بسعر ممتاز,5,,,مطعم بيتزا,google_maps,food,food:positive
5931,"بسم الله ماشاء الله افضل واحسن بيتزا كلتها فى
😋😋❤️ حياتى",5,,,مطعم بيتزا,google_maps,food,food:positive
5933,تجربه ممتاز ولاكل تحفه,5,,,مطعم بيتزا,google_maps,food,food:positive
5936,البيتزا روعه,5,,,مطعم بيتزا,google_maps,general,general:positive
5937,تسلم ايدك ممتاز,5,,,مطعم بيتزا,google_maps,general,general:positive
5949,مكان جامد بجد الخدمه ممتازه و المكان كويس جدا,5,,,كافيه,google_maps,"service,ambiance","service:positive,ambiance:positive"
5950,الشيشة والقعدة حلوة اوي اوي اوي,5,,,كافيه,google_maps,"service,ambiance","service:positive,ambiance:positive"
5972,جيد,5,,,سوبرماركت,google_maps,general,general:positive
5981,Perfect 👌,5,,,مركز طبي,google_maps,"general,none","general:positive,none:neutral"
5993,بجد تحفهه والمكان نضيف,5,,,مطعم,google_maps,"service,cleanliness,ambiance","service:positive,cleanliness:positive,ambiance:positive"
5997,طعم ممتاز,5,,,مطعم,google_maps,general,general:positive
5998,ولا اديلو ولا نجمه انا طلبت اوردر عشان انا في المستشفي قالي أن المكان بعيد والفرق بين المكان اللي انا فيه والمكان اللي المطعم فيه 13دقيقه بالظبط  ازي يعني يرفض هو فاتح عشان يختار الزبون ولا ايه مش فاهمه,5,,,مطعم,google_maps,"food,service,ambiance","food:negative,service:negative,ambiance:negative"
6000,ممتاز ومن افضل المطاعم,5,,,مطعم,google_maps,food,food:positive
6004,أطعم بيتزا في عابدين ❤️,5,,,مطعم,google_maps,food,food:positive
6007,ممتاز,5,,,مطعم,google_maps,general,general:positive
6009,الاكل تحفه والخدمة ممتازة والمعامله ذوق جدا والاسعار مش غاليه خالص ربنا يبارك في رزقكم دايما,5,,,مطعم مأكولات مشوية,google_maps,"food,service,price,ambiance","food:positive,service:positive,price:positive,ambiance:positive"
6010,تجربة ممتعة,5,,,مطعم مأكولات مشوية,google_maps,"general,none","general:positive,none:neutral"
6012,الطعم و الخامات ممتازه .بصراحه ما اكلتش اكل حلو كده من فتره كبيره,5,,,مطعم مأكولات مشوية,google_maps,food,food:positive
6016,"مطعم جميل.
والاكل. فوق. الممتاز",5,,,مطعم مأكولات مشوية,google_maps,"food,ambiance","food:positive,ambiance:positive"
6018,ممتاذ,5,,,مطعم مأكولات مشوية,google_maps,"general,none","general:positive,none:neutral"
6020,اكثر من رائع,5,,,مطعم مأكولات مشوية,google_maps,general,general:positive
6033,جيد جدا ومختلف,5,,,متجر ملابس حريمي,google_maps,general,general:positive
6049,انصح بة,5,,,مطعم مأكولات مشوية,google_maps,"general,none","general:positive,none:neutral"
6052,جميل جدا تسلم الايادي على المجهود الرائع في إحضار الاكل والشرب كل من يريد شئ والخدمه غوق الامتياز والجودة العالية في كل الأصناف التي اتخذتها داخل المطعم ... اشكرك على هذا المجهود الرائع,5,,,مطعم مأكولات مشوية,google_maps,"food,service,ambiance","food:positive,service:positive,ambiance:positive"
6055,اكلة كويس اسعارة غالية,5,,,مطعم مأكولات مشوية,google_maps,price,price:negative
6056,طعم ممتاز,5,,,مطعم مأكولات مشوية,google_maps,general,general:positive
6057,ممتاز,5,,,مطعم مأكولات مشوية,google_maps,general,general:positive
6069,احلى مطعم,5,,,مطعم فلافل,google_maps,general,general:positive
6076,مطعم ممتاذ,5,,,مطعم فلافل,google_maps,general,general:positive
6090,Great,5,,,صيدلية,google_maps,"general,none","general:positive,none:neutral"
6096,طعم الأكل فوق الممتاز,5,,,مطعم مأكولات مشوية,google_maps,food,food:positive
6100,مطعم محترم وفعلا الاكل جميل واللحمه والكفته بلدى وروعه تسلم ايدك والله وان شاء تكرر كتير,5,,,مطعم مأكولات مشوية,google_maps,"food,service,ambiance","food:positive,service:positive,ambiance:positive"
6111,معقول,5,,,مطعم مأكولات مشوية,google_maps,"general,none","general:positive,none:neutral"
6117,مطعم جميل,5,,,مطعم,google_maps,general,general:positive
6119,جميل,5,,,فندق,google_maps,"ambiance,general","ambiance:positive,general:positive"
6138,ممتاز,5,,,مطعم مأكولات مشوية,google_maps,general,general:positive
6139,"خدمة عملاء اسوأ ما يكون .. بنتصل محدش بيرد.. الاكل جه حمضان ولما كلمناهم قالك هنبدله ولحد بعدها ب ٥ ساعات ولا اي حاجة حصلت. ونكلمهم ميردوش
فللاسف المكان اصبح عبء على الواحد انه يطلب منه حاجة",5,,,مطعم مأكولات مشوية,google_maps,"food,service,ambiance","food:negative,service:negative,ambiance:negative"
6141,الأكل جيد جدا والأجواء مريحه,5,,,مطعم مأكولات مشوية,google_maps,"food,ambiance","food:positive,ambiance:positive"
6143,جيد جدا,5,,,مطعم مأكولات مشوية,google_maps,general,general:positive
6154,حسب تجربتي الشخصيه أنصح الجميع بالتعامل مع عيادة دياموند وتحديدا فريق العمل الطبي وعلى رأسهم الدكتور محمد طلعت فقد كانوا على أعلى مستوى من المهنيه والاحتراف في العمل تحقيقا لأعلى مستويات النظافه ودقة العمل والمواعيد رغم تقدم وتعقيد حالتي المرضيه إلا أن النتائج كانت مبهره بفضل الله سبحانه وتعالى ثم مجهودات فريق العمل الطبي ذو الامكانيات الفنيه العالميه والخلق الرفيع,5,,,عِيادة أسنان,google_maps,"service,cleanliness,ambiance","service:positive,cleanliness:positive,ambiance:positive"
6158,خدمه ممتازه و سريعه والاطباء علي اعلي مستوي,5,,,عِيادة أسنان,google_maps,service,service:positive
6162,عيادة محترمة جدا والدكاترة محترفين بجد والشغل كويس جدا جدا من احسن العيادات الي دخلتها,5,,,عِيادة أسنان,google_maps,"service,cleanliness","service:positive,cleanliness:positive"
6172,مكان جيد,5,,,صيدلية,google_maps,general,general:positive
6174,مغلق,5,,,مطعم فلافل,google_maps,"general,none","general:positive,none:neutral"
6175,ممتاز,5,,,مطعم فلافل,google_maps,general,general:positive
6180,"If I could’ve given this place zero stars I would’ve. This place is so unhygienic and unsafe. I’ve been getting laser here for over a year. The lady who does laser has changed in that time. The current woman is highly unprofessional and extremely lazy. She doesn’t map out the body like any professional would with lines she just does any garbage and waste your money. She also doesn’t have the basic education and hygiene awareness to wear gloves when touching your body. Like an idiot this woman was not paying attention and my labia during a Brazilian and said nothing. She shouldn’t be doing this job. She’s highly unqualified and will lead to injury. Also, the laser itself is extremely old and has not had any maintenance on it. It’s falling apart and looks disgusting. I’ve had 12 sessions and I’ve stopped having any improvements. They’re using burnt out laser and charging full price. Avoid this place they don’t do business ethically or hygienically.",5,,,مركز طبي,google_maps,"service,price,cleanliness,ambiance","service:negative,price:negative,cleanliness:negative,ambiance:negative"
6197,جيد,5,,,صيدلية,google_maps,"general,none","general:positive,none:neutral"
6200,د.بيشوي شاطر ماشاء الله والعيادة نضيفة وبيهتموا بالتعقيم,5,,,عِيادة أسنان,google_maps,"service,cleanliness","service:positive,cleanliness:positive"
6208,من احسن دكاترة الاسنان في مصر اهتمام بالنظافة وموقع ممتاز واسعار كويسة جدا مواعيدة مظبوطة جدا 👍🏼👍🏼👌,5,,,عِيادة أسنان,google_maps,"service,price,cleanliness","service:positive,price:positive,cleanliness:positive"
6212,جميلة,5,,,صيدلية,google_maps,"general,none","general:positive,none:neutral"
6217,جيدة تعاون ممتاز,5,,,عيادة طبية,google_maps,general,general:positive
6226,تمام,5,,,food_delivery,play_store,general,general:positive
6231,جميل,5,,,food_delivery,play_store,general,general:positive
6245,ممتاز,5,,,food_delivery,play_store,general,general:positive
6261,ممتاز,5,,,food_delivery,play_store,general,general:positive
6268,تطبيق فاشل لا يقبل التسجيل ولا الدخول,5,,,food_delivery,play_store,app_experience,app_experience:negative
6271,سئ جدا المطعم طلب ديبوزت وطلبت المطعم يتواصل معايا عشان نكسب وقت وللاسف خدمه عملاء الابلكيشن ضيعت نص ساعه وفي الاخر عاوزني هستني ساعه كأني لسه طالب الاوردر ولما موافقتش لغو الاوردر,5,,,food_delivery,play_store,"service,delivery,app_experience","service:negative,delivery:negative,app_experience:negative"
6273,ممتاز,5,,,food_delivery,play_store,general,general:positive
6274,خدمة عملاء ممتازة,5,,,food_delivery,play_store,"service,general","service:positive,general:positive"
6276,كثير مطاعم مش موجودة في التطبيق او لا تعمل، بيهتموش ابدا بتعديلات على الطلب,5,,,food_delivery,play_store,app_experience,app_experience:negative
6277,جيد,5,,,food_delivery,play_store,general,general:positive
6282,جميل جدا,5,,,food_delivery,play_store,general,general:positive
6289,اسوء ابلكيشن مفيش مره اطلب اوردر وف اهتمام ولا يوصل مشفتش اسوء من كده,5,,,food_delivery,play_store,app_experience,app_experience:negative
6291,ممتاز,5,,,food_delivery,play_store,general,general:positive
6294,سئ جدا .. تأخير في الاوردر اكتر من ساعتين .. و لما كلمت الدعم لقيت متسحل عندهم اوردر تاني خالص و اتلغي الاوردر .. اخر مرة اتعامل معاهم,5,,,food_delivery,play_store,"service,delivery,app_experience","service:negative,delivery:negative,app_experience:negative"
6300,ممتاز,5,,,food_delivery,play_store,general,general:positive
6301,ممتاز,5,,,food_delivery,play_store,general,general:positive
6309,البرنامج حلو جداااااا,5,,,food_delivery,play_store,"general,none","general:positive,none:neutral"
6314,ممتاز,5,,,food_delivery,play_store,general,general:positive
6321,ممتاز,5,,,food_delivery,play_store,general,general:positive
6322,ازبل تطبيق لا خدمة العملاء ولا احترام للعميل بجد تطبيق مكانه سلة الزبالة,5,,,food_delivery,play_store,"service,app_experience","service:negative,app_experience:negative"
6325,ممتاز,5,,,food_delivery,play_store,general,general:positive
6332,تمام,5,,,food_delivery,play_store,general,general:positive
6334,التطبيق لا يعمل,5,,,food_delivery,play_store,app_experience,app_experience:negative
6337,ممتاز,5,,,food_delivery,play_store,general,general:positive
6341,اسوء برنامج واسوء اكل بيجى منه ومش بيردو ولا بيبدلو الاكل,5,,,food_delivery,play_store,app_experience,app_experience:negative
6342,ادارة الابلكيشن لا يستجيبوا للمشاكل ولا يلزمهم العميل أسوء تعامل,5,,,food_delivery,play_store,"service,app_experience","service:negative,app_experience:negative"
6349,حلو,5,,,food_delivery,play_store,general,general:positive
6350,جميل,5,,,food_delivery,play_store,general,general:positive
6353,حقيقي تجربه ممتازه,5,,,food_delivery,play_store,general,general:positive
6355,ممتاز,5,,,food_delivery,play_store,general,general:positive
6358,ابلكيشن سخيف الاختيارات مش واضحه,5,,,food_delivery,play_store,app_experience,app_experience:negative
6360,كويس جدا,5,,,food_delivery,play_store,general,general:positive
6362,جميل,5,,,food_delivery,play_store,general,general:positive
6364,تطبيق سيئ جدا وبيتاخرو جدا في التوصيل,5,,,food_delivery,play_store,"delivery,app_experience","delivery:negative,app_experience:negative"
6373,لغيت اورور في ساعتها متأخرتش دقيقة واحدة و مرضيش يلغي الاوردر و بعدها حاولت اتواصل مع خدمة العملاء لاقيت ان ملهمش رقم و بعت رسالة على الابلكيشن ماستفتدتش حاجة يعني ايه مايبقاش في إلغاء للاوردر في ساعتها مش فاهمة,5,,,food_delivery,play_store,"service,delivery,app_experience","service:negative,delivery:negative,app_experience:negative"
6374,الخدمات سيئه جدا وفقدت المصدقيه في الاسعار وخدمة العملاء بتاعت الابلكشين سيئه و ناس زباله ومفيش خبره ولازم يتقفل الابلكشين,5,,,food_delivery,play_store,"service,price,app_experience","service:negative,price:negative,app_experience:negative"
6375,المفضل لدي,5,,,food_delivery,play_store,"general,none","general:positive,none:neutral"
6386,ممتاز بجد احسن من طلبات,5,,,food_delivery,play_store,general,general:positive
6388,جيدة,5,,,food_delivery,play_store,general,general:positive
6390,تطبيق نصاب حراميه خصمو مبلغ من حساب الفيزا بدون وجه حق انصح الجميع بعدم اضافة كارت الفيزا على التطبيق ده وعدم استخدام التطبيق والله حراميه,5,,,food_delivery,play_store,app_experience,app_experience:negative
6391,حلو,5,,,food_delivery,play_store,general,general:positive
6392,سرعة التوصيل سيء جدا,5,,,food_delivery,play_store,delivery,delivery:negative
6393,التطبيق سي لا يعمل لاانصح تحميل البرنامج,5,,,food_delivery,play_store,app_experience,app_experience:negative
6396,ممتاز,5,,,food_delivery,play_store,general,general:positive
6398,برنامج سئ جدا عند تحديد الموقع لا يتم تحديد الموقع,5,,,food_delivery,play_store,app_experience,app_experience:negative
6401,تطبيق سئ جدا,5,,,food_delivery,play_store,"app_experience,general","app_experience:negative,general:negative"
6404,عند طلب الاوردر او اضافتة اوردر الى السلة يخرج تلقائيا من التطبيق نعيد الكرة من اول وجديد ويخرج مرة اخرى ولا يمكن ان يتم استخدام التطييق ابدا,5,,,food_delivery,play_store,"delivery,app_experience","delivery:negative,app_experience:negative"
6410,جميل جداً جداً,5,,,food_delivery,play_store,general,general:positive
6414,جميل جدا,5,,,food_delivery,play_store,general,general:positive
6426,التطبيق غير واضح ومتلخبط جداااا غير جيد,5,,,food_delivery,play_store,app_experience,app_experience:negative
6427,محترم,5,,,food_delivery,play_store,"general,none","general:positive,none:neutral"
6437,تطبيق جميل في عروض كتيره,5,,,food_delivery,play_store,app_experience,app_experience:positive
6441,التطبيق سهل الاستخدام ولكن المطاعم المشتركة غير جيدة وعند الشكوى من مطعم لايتم التعامل بجدية مع هذه الشكوى كما تفعل تطبيقات اخرى يجب تحديث خدمة العملاء لتكون اكثر فاعلية,5,,,food_delivery,play_store,"service,app_experience","service:negative,app_experience:negative"
6444,جميل جدا,5,,,food_delivery,play_store,general,general:positive
6446,ممتازجدا,5,,,food_delivery,play_store,general,general:positive
6453,جيد,5,,,food_delivery,play_store,general,general:positive
6458,راقم 1 😘😘,5,,,food_delivery,play_store,"general,none","general:positive,none:neutral"
6462,الابليكشن مدمر خالص ومحتاج ابديت لكل حاجة ... ابقي لسه مكنثل الاوردر واعمل اوردر جديد من نفس المطعم يقولي المطعم ده مش بيقبل اون لاين .. ومطاعم بتبقي جنب بيتي اجي اعمل اوردر منها يقولي المطعم ده مش بيوصل لمنطقتك..... لازم ابديت للابليكشن من الالف للياء,5,,,food_delivery,play_store,"service,delivery,app_experience","service:negative,delivery:negative,app_experience:negative"
6468,حلو,5,,,food_delivery,play_store,general,general:positive
6479,ممتاز,5,,,food_delivery,play_store,general,general:positive
6484,الأسعار جدًا مبالغ فيها,5,,,food_delivery,play_store,"price,none","price:negative,none:neutral"
6485,احلي تطبيق وفريق الخدمه جميل جداً جداً 🤍انا جايه من طرف منعش😂🤍,5,,,food_delivery,play_store,app_experience,app_experience:positive
6488,تطبيق سئ جداً,5,,,food_delivery,play_store,app_experience,app_experience:negative
6498,ابلكيشن سئ جدا عند حدوث مشكله فنيه او مشكله في التوصيل ...الخ لا يوجد حل,5,,,food_delivery,play_store,app_experience,app_experience:negative
6500,الا ول كان جميل دلوقتي وحش جدا تتطلب الاوردر وبعد ما يتقبل وتقعد تستناه بالساعة والاتنين وفي الاخر المطعم يرفضوا ومبررات اصل في حاجة ناقصة كل مرة نفس المطعم فيه حاجة ناقصة وحتي لو غيرت المطعم يقولك برضو في حاجة ناقصة شوف مطعم هو انا بشحت دة اية الأسلوب الغير محترم وراقي دة المفروض أنه تطبيق محترم ومطاعم محترمة دة المفروض انا عن نفسي فعلا مش هطلب من عندكم تاني ابدا اسوء تجربة,5,,,food_delivery,play_store,"service,app_experience","service:negative,app_experience:negative"
6510,مشاء الله,5,,,transport,play_store,"general,none","general:positive,none:neutral"
6527,في البداية عند طلب الطعام كان هناك خصومات وعروض تحفز التعامل ومع مرور الوقت اختفت للاسف ولذلك ارجو البقاء على راحة العملاء كما عهدناكم وعندم التراجع ومن أجل ذلك لم اضع خمسة نجوم ، ارضاء العميل وثقته بكم تمنحكم خمسة نجوم والقرار لكم. للاسف سرعة في التراجع في الخدمات مع اعلانات خصم وتوصيل جميعها وهمية تراجع مستمر للاسف التراجع هدية كريم في عيد الفطر للاسف وكول سنتر لا يجيب ٣/٤/٢٠٢٤ اشد الندم مرة اخرى لاستخدامي التطبيق للاسف. تم خصم اشتراك 3 دنانير وللاسف بيتزا القيصر غير موجود,5,,,transport,play_store,"service,price,app_experience","service:negative,price:negative,app_experience:negative"
6532,ممتاز,5,,,transport,play_store,general,general:positive
6533,الاسعار غاليه بالتطبيق,5,,,transport,play_store,price,price:negative
6535,هو البرنامج كريم واوبر رخيص في السعر ولا غالي ارجو الرد,5,,,transport,play_store,"price,app_experience","price:negative,app_experience:negative"
6538,ممتازة,5,,,transport,play_store,general,general:positive
6542,تطبيق فاشل للغاية لانصح به,5,,,transport,play_store,app_experience,app_experience:negative
6543,اسوء حاجة,5,,,transport,play_store,general,general:negative
6547,ممتاز,5,,,transport,play_store,general,general:positive
6553,ممتاز,5,,,transport,play_store,general,general:positive
6559,جيد,5,,,transport,play_store,general,general:positive
6563,عشق,5,,,transport,play_store,"general,none","general:positive,none:neutral"
6564,متنطون السائق حقه في الدفع الالكتروني و التطبيق بي مشاكل و شكد يشتكون و متتصلح👎🏻,5,,,transport,play_store,app_experience,app_experience:negative
6565,تطبيق معقد ولا يعمل زفت,5,,,transport,play_store,app_experience,app_experience:negative
6574,غالي و اسعار مبالغه,5,,,transport,play_store,price,price:negative
6576,التطبيق يقوم باخذ الأموال من البطاقه البنكيه مع ان المحفظه فيها أموال التطبيق يتحكم في البطاقه البنكيه ويتصرف كيف يشاء الحذر من التطبيق,5,,,transport,play_store,app_experience,app_experience:negative
6579,تجربة ممتاز,5,,,transport,play_store,general,general:positive
6580,اسوأ تطبيق,5,,,transport,play_store,app_experience,app_experience:negative
6585,ممتاز,5,,,transport,play_store,general,general:positive
6588,جميل جداء,5,,,transport,play_store,general,general:positive
6596,ممتاز,5,,,transport,play_store,general,general:positive
6599,غالي نفس سعر الاجرة,5,,,transport,play_store,price,price:negative
6602,ممتاز,5,,,transport,play_store,general,general:positive
6603,رخيص وجميل,5,,,transport,play_store,general,general:positive
6605,للأسف تطبيق كنت افكر انا تأمن له في المال اشتركت كريم بلص لمده ٦ أشهر ومحفظتي في مبلغ لكن للأسف تفاجئت اليوم تم حظر حسابي على اي اساس راح الاشتراك وقيمته والمحفظه التي فيها حساب لي للأسف اخذوهم يمكن زكاه مال باي حق تحضرني وتأخذ اشتراك انا دافعه ومحفظه فيها نقود وليش تحضر الحساب سياسه فاشله للأسف شو ما كان السبب لايحق لك حظر حسابي انت المفروض تطبيق لخدمتنا وندفع مقابل ذلك اذهب الى تطبيق طلبات مستحيل يحضر الحساب لان حظر الحساب انت تخسر تعامل الزبائن للاسف شكوتي عندك بالمسنجر مع رقم الهاتف,5,,,transport,play_store,"service,price,app_experience","service:negative,price:negative,app_experience:negative"
6608,ممتمزه,5,,,transport,play_store,general,general:positive
6614,خدمة عملاء سيئة جدا,5,,,transport,play_store,service,service:negative
6615,قبل التحديث الاخير كان التطبيق اسهل للاستخدام,5,,,transport,play_store,app_experience,app_experience:negative
6618,الاسعار أصبح مبالغ بيها رحلة ما تاخذ وقت 5 دقايق ياخد أجرة 4 الالف إضافة ان يتأخر كلش لحد ما يحصل كابتن,5,,,transport,play_store,"service,price,app_experience","service:negative,price:negative,app_experience:negative"
6623,اسعار مرتفعة,5,,,transport,play_store,"price,general","price:negative,general:positive"
6628,ممتاز,5,,,transport,play_store,general,general:positive
6631,ممتاز,5,,,transport,play_store,general,general:positive
6632,جميلة,5,,,transport,play_store,general,general:positive
6640,اواجه مشكله بالتطبيق لاستطيع ان اطلب مشوار لأن علي سداد مبلغ لو تخلوه زي تطبيق المبلغ السداد يوضع بالمحفظه وبسدد الطلب في المره القادمه حتى سداد مشوار السابق مو موجود بخدمة، كريم,5,,,transport,play_store,"service,price,app_experience","service:negative,price:negative,app_experience:negative"
6644,سافرت الى السعودية و رجعت الى الاردن و حاولت التسجيل عدة مرات فى التطبيق و لم يفتح وصلني ايميل بانه تم حظر حسابي و انا عميل و لم الغى اي رحلة من وقت ان انضميت الى كريم ، ممكن اعرف سبب الحظر,5,,,transport,play_store,"service,app_experience","service:negative,app_experience:negative"
6652,تجربه حلوة وكل الكابتن محترم والله يرزق هم من حيث لا يعلمون تطبيق حلو وسريع وراقي جدآ,5,,,transport,play_store,"service,app_experience","service:positive,app_experience:positive"
6665,مميز,5,,,transport,play_store,general,general:positive
6668,ممتاز,5,,,transport,play_store,general,general:positive
6671,غالي اسعار جدا مبالغة,5,,,transport,play_store,price,price:negative
6687,تطبيق سئ جدا وبيتأخر,5,,,transport,play_store,app_experience,app_experience:negative
6693,تطبيق رائع وفريق عمل رائع .احب هذا التطبيق واستخدمته في اكثر من دولة,5,,,transport,play_store,app_experience,app_experience:positive
6694,ممتاز,5,,,transport,play_store,general,general:positive
6698,ممتاز,5,,,transport,play_store,general,general:positive
6704,ممتازة,5,,,transport,play_store,general,general:positive
6707,شكرا,5,,,transport,play_store,general,general:positive
6709,تمام,5,,,transport,play_store,general,general:positive
6710,روووووعة,5,,,transport,play_store,"general,none","general:positive,none:neutral"
6711,التطبيق مش شغال من الصبح وبعدين مش لاقيه على الجهاز ايه السبب حد يرد عليا,5,,,transport,play_store,app_experience,app_experience:negative
6713,التطبيق لا يعمل ؟,5,,,transport,play_store,app_experience,app_experience:negative
6718,ممتاز,5,,,transport,play_store,general,general:positive
6719,شكرا على جهودكم,5,,,transport,play_store,general,general:positive
6720,تم التحديث بتاريخ 5 فبراير 2026 ومن وقتها التطبيق لا يفتح تعديل: قمت بحذف التطبيق وإعادة تنزليه ففتح,5,,,transport,play_store,app_experience,app_experience:negative
6724,ممتاز,5,,,transport,play_store,general,general:positive
6730,التطبيق لا يعمل ما السبب,5,,,transport,play_store,app_experience,app_experience:negative
6731,سئ جدا التطبيق معلق,5,,,transport,play_store,app_experience,app_experience:negative
6733,تجربة جيده,5,,,transport,play_store,general,general:positive
6739,شركة محترمة,5,,,transport,play_store,general,general:positive
6744,ممتاز,5,,,transport,play_store,general,general:positive
6747,رائع ومميز,5,,,transport,play_store,general,general:positive
6748,ممتاز,5,,,transport,play_store,general,general:positive
6750,جيد,5,,,transport,play_store,general,general:positive
6756,جيد,5,,,transport,play_store,general,general:positive
6759,للاسف اوسخ تجربة لن تتكرر تطبيق قذر ونصابين وبيعتمدو على شوية سائقين لصوص يفتح قبل ما يوصلك ومايوصلش اصلا تقريبا بيروح رحلة على تطبيق تاني انا ركبت رحلة في داخل مدينتي ٣ك متر دفعني ٢٥٢ وقالي التطبيق جايب حساب قديم عليك مش عارف ازاي احاول اتصل بخدمة مفيش عندهم خدمة عملاء نهائي غير رسايل وإن كان عجبك او اخبط دماغك في الحيط,5,,,transport,play_store,"service,app_experience","service:negative,app_experience:negative"
6765,تطبيق ممتاز جداً,5,,,transport,play_store,app_experience,app_experience:positive
6766,ممتاز,5,,,transport,play_store,general,general:positive
6768,ممتاز,5,,,transport,play_store,general,general:positive
6770,ممتاز,5,,,transport,play_store,general,general:positive
6772,لقد كانت تجربه سيئه جدا لأن التطبيق يعطي الحق للسائق بأن يلغي الرحله ومع ذلك يستقطع المبلغ من الراكب في أي قانون تطبق العدالة فقط على الراكب اين وجه الحق بهذا الموضوع,5,,,transport,play_store,"service,app_experience","service:negative,app_experience:negative"
6776,أكثر من رائع,5,,,transport,play_store,general,general:positive
6778,ممتاز😃,5,,,transport,play_store,general,general:positive
6784,لقد اشترك في خدمة مشاوير المدرسة، وقد تم خصم المبلغ مني، ولكن لم يتم جدولة الخدمة، ولا اذا بغيت اطلب الخدمة لازم ادفع مره اخرى، مع العلم اني دفعت مبلغ ٢٠ رحله، ما يقارب ١٥٠٠ درهم.,5,,,transport,play_store,"service,price,app_experience","service:negative,price:negative,app_experience:negative"
6789,تطبيق فاشل وسائقي تاكسي ساقوم بالغائه والغاء حسابي فيه,5,,,transport,play_store,app_experience,app_experience:negative
6796,جيد جدا,5,,,transport,play_store,general,general:positive
6802,جميل,5,,,transport,play_store,general,general:positive
6805,تطبيق سئ جدا,5,,,transport,play_store,app_experience,app_experience:negative
6807,جيد,5,,,transport,play_store,general,general:positive
6809,ممتاز,5,,,transport,play_store,general,general:positive
6810,جميل,5,,,transport,play_store,general,general:positive
6813,جيدة جدا,5,,,transport,play_store,general,general:positive
6818,ممتاز,5,,,transport,play_store,general,general:positive
6822,ممتاز,5,,,transport,play_store,general,general:positive
6823,ممتاز جدأ,5,,,transport,play_store,general,general:positive
6826,شكرا,5,,,transport,play_store,general,general:positive
6827,كويسه,5,,,transport,play_store,general,general:positive
6830,جيدة جدا,5,,,transport,play_store,general,general:positive
6831,جميل,5,,,transport,play_store,general,general:positive
6832,محترم,5,,,transport,play_store,general,general:positive
6835,جيدة,5,,,transport,play_store,general,general:positive
6844,حلو,5,,,transport,play_store,general,general:positive
6848,ما انصح فيو اسعار مبالغ فيها و المواقع غلط,5,,,transport,play_store,price,price:negative
6850,شكراً اوبر,5,,,transport,play_store,general,general:positive
6853,شكراً جزيلاً,5,,,transport,play_store,general,general:positive
6854,ممتار,5,,,transport,play_store,general,general:positive
6856,ممتاز,5,,,transport,play_store,general,general:positive
6859,حلو حلو حلو,5,,,transport,play_store,general,general:positive
6860,جيد جداً,5,,,transport,play_store,general,general:positive
6865,ممتاز,5,,,transport,play_store,general,general:positive
6866,ممتازة,5,,,transport,play_store,general,general:positive
6867,تجربه رائعة,5,,,transport,play_store,general,general:positive
6868,ممتاز,5,,,transport,play_store,general,general:positive
6871,إنسان محترم,5,,,transport,play_store,general,general:positive
6872,جميل,5,,,transport,play_store,general,general:positive
6873,ممتازه,5,,,transport,play_store,general,general:positive
6878,جميل,5,,,transport,play_store,general,general:positive
6881,حلو,5,,,transport,play_store,general,general:positive
6891,ممتازو,5,,,transport,play_store,general,general:positive
6893,جيد جدا,5,,,transport,play_store,general,general:positive
6895,تطبيق ممتاز وسهل الاستخدام,5,,,transport,play_store,app_experience,app_experience:positive
6904,ممتاز,5,,,transport,play_store,general,general:positive
6908,ممتاز,5,,,transport,play_store,general,general:positive
6911,حلو,5,,,transport,play_store,general,general:positive
6912,جميل جدا,5,,,transport,play_store,general,general:positive
6915,ممتاز,5,,,transport,play_store,general,general:positive
6916,الاسعار غير مناسبه,5,,,transport,play_store,price,price:negative
6921,ممتاز,5,,,transport,play_store,general,general:positive
6922,جميل وممتاز,5,,,transport,play_store,general,general:positive
6923,جميل جدا,5,,,transport,play_store,general,general:positive
6926,ممتاز وارشحه للأصدقاء,5,,,transport,play_store,general,general:positive
6929,تطبيق سئ يعرض سعر ثم تتفاجئ بسعر اخر,5,,,transport,play_store,"price,app_experience","price:negative,app_experience:negative"
6931,جيدة,5,,,transport,play_store,general,general:positive
6932,جيد,5,,,transport,play_store,general,general:positive
6933,ممتاذه,5,,,transport,play_store,general,general:positive
6935,بصراحه والله العظيم افضل تطبيق متوفرين سواقين محترمين,5,,,transport,play_store,"service,app_experience","service:positive,app_experience:positive"
6936,ممتاز جداً,5,,,transport,play_store,general,general:positive
6937,ممتاز,5,,,transport,play_store,general,general:positive
6944,ممتاز,5,,,transport,play_store,general,general:positive
6947,ممتاز,5,,,transport,play_store,general,general:positive
6949,جيد,5,,,transport,play_store,general,general:positive
6953,جيد جدا,5,,,transport,play_store,general,general:positive
6954,ممتاز,5,,,transport,play_store,general,general:positive
6955,تطبيق ممتاز,5,,,transport,play_store,app_experience,app_experience:positive
6956,تمام سهل الاستخدام,5,,,transport,play_store,general,general:positive
6964,ممتاز,5,,,transport,play_store,general,general:positive
6966,التجربه جميله وسهله,5,,,transport,play_store,general,general:positive
6968,جيد جداً,5,,,transport,play_store,general,general:positive
6974,كانت تجربة مميزة,5,,,transport,play_store,general,general:positive
6975,جميل,5,,,transport,play_store,general,general:positive
6976,راجل محترم,5,,,transport,play_store,general,general:positive
6977,ممتاز,5,,,transport,play_store,general,general:positive
6979,كان سعر ولما وصلت سعر تاني,5,,,transport,play_store,price,price:negative
6981,ممتاز,5,,,transport,play_store,general,general:positive
6982,احسن طبييق اوبر,5,,,transport,play_store,general,general:positive
6984,افضل تطبيق,5,,,transport,play_store,app_experience,app_experience:positive
6987,حلوه جداً,5,,,transport,play_store,general,general:positive
6989,ممتاز,5,,,transport,play_store,general,general:positive
6991,ممتازة,5,,,transport,play_store,general,general:positive
6995,ممتازه. الف شكر,5,,,transport,play_store,general,general:positive
7000,روعة,5,,,transport,play_store,general,general:positive
7004,جميل ومميز,5,,,transport,play_store,general,general:positive
7005,اكثر من الرائع شكراً انصح الجميع بتحميل التطبيق سهل الاستخدام وسريع,5,,,transport,play_store,app_experience,app_experience:positive
7007,الحمد لله تمام,5,,,transport,play_store,"general,none","general:positive,none:neutral"
7008,ممتاز,5,,,transport,play_store,general,general:positive
7009,ممتاز,5,,,transport,play_store,general,general:positive
7010,ممتاز,5,,,transport,play_store,general,general:positive
7016,ممتازة,5,,,transport,play_store,general,general:positive
7017,ممتاز و شكراً لكم,5,,,transport,play_store,"service,general","service:positive,general:positive"
7022,ممتاز,5,,,transport,play_store,general,general:positive
7027,حلوه,5,,,transport,play_store,general,general:positive
7030,ممتاز,5,,,transport,play_store,general,general:positive
7032,ممتاز,5,,,transport,play_store,general,general:positive
7034,ممتاز,5,,,transport,play_store,general,general:positive
7035,ممتز,5,,,transport,play_store,general,general:positive
7039,رائعة جدا,5,,,transport,play_store,general,general:positive
7045,ممتاز,5,,,transport,play_store,general,general:positive
7046,جميل,5,,,transport,play_store,general,general:positive
7047,تطبيق رائع جداً,5,,,transport,play_store,app_experience,app_experience:positive
7048,تجربة رائعة,5,,,transport,play_store,general,general:positive
7052,جيدة,5,,,transport,play_store,general,general:positive
7054,شكرا,5,,,transport,play_store,general,general:positive
7055,ممتاز,5,,,transport,play_store,general,general:positive
7057,جميل واسعار حلوه,5,,,transport,play_store,"price,general","price:positive,general:positive"
7058,ممتازة,5,,,transport,play_store,general,general:positive
7059,ممتازة,5,,,transport,play_store,general,general:positive
7065,محترم وخدمة ممتازة,5,,,transport,play_store,"service,general","service:positive,general:positive"
7067,واقل من نجمه .. بكل مره اخلي الدفع بالبطاقه يحجزون مبالغ علي ولاهي اول مره . تطبيق فاشل ونصب واحتيال عيني عينك.. مشوار ب ١٩ تحجز علي مبلغ ٤٠ ريال وتسحبه من حسابي ليه ياحراميه؟,5,,,transport,play_store,"service,price,app_experience","service:negative,price:negative,app_experience:negative"
7071,ممتاز,5,,,transport,play_store,general,general:positive
7074,حلوه,5,,,transport,play_store,general,general:positive
7076,ممتازة,5,,,transport,play_store,general,general:positive
7081,ممتازة,5,,,transport,play_store,general,general:positive
7083,ممتازة,5,,,transport,play_store,general,general:positive
7084,ممتازة,5,,,transport,play_store,general,general:positive
7085,كابتن محترم وممتاز,5,,,transport,play_store,general,general:positive
7086,جيد ومريح,5,,,transport,play_store,general,general:positive
7087,عروض جميله ❤️,5,,,transport,play_store,general,general:positive
7094,"اسوء منتجات واسوء خدمة عملاء ومش بتحل مشاكل ولا حد بيحل مشكله بيحاول يفرض المنتج عليك بالعافيه دا شغل نصب وسرقه اسوء ابلكيشن هو نون I had a very bad experience with the Noon application. The products quality is poor and the customer service is even worse. When problems happen, no one takes responsibility or tries to solve the issue properly. Instead of helping the customer, they try to force the product on you and close the complaint without a real solution. This kind of behavior feels very",5,,,ecommerce,play_store,"service,price,app_experience","service:negative,price:negative,app_experience:negative"
7097,ممتاز,5,,,ecommerce,play_store,general,general:positive
7101,جميل,5,,,ecommerce,play_store,general,general:positive
7105,ممتاز,5,,,ecommerce,play_store,general,general:positive
7109,تعامل سهل وجميل,5,,,ecommerce,play_store,"general,none","general:positive,none:neutral"
7113,ممتاز,5,,,ecommerce,play_store,general,general:positive
7117,ممتاز التعامل معاهم,5,,,ecommerce,play_store,"general,none","general:positive,none:neutral"
7118,تطبيق مستفز لا تقدر تستخدم الرصيد ولا تغير إلا يميل ولا تحذف الحساب والتواصل على مزاجهم جاري رفع شكوى للجهة المختصة,5,,,ecommerce,play_store,"app_experience,none","app_experience:negative,none:neutral"
7119,جميل,5,,,ecommerce,play_store,general,general:positive
7121,تطبيق رائع,5,,,ecommerce,play_store,app_experience,app_experience:positive
7123,ممتاز,5,,,ecommerce,play_store,general,general:positive
7124,جميل وسهل,5,,,ecommerce,play_store,"general,none","general:positive,none:neutral"
7126,تمام,5,,,ecommerce,play_store,"general,none","general:positive,none:neutral"
7128,متجر أكثر من رائع,5,,,ecommerce,play_store,general,general:positive
7131,ممتاز,5,,,ecommerce,play_store,general,general:positive
7137,جيد,5,,,ecommerce,play_store,"general,none","general:positive,none:neutral"
7141,مم,5,,,ecommerce,play_store,"general,none","general:positive,none:neutral"
7144,شكرا لخدمتكم,5,,,ecommerce,play_store,"general,none","general:positive,none:neutral"
7152,ممتاز,5,,,ecommerce,play_store,general,general:positive
7157,جيد,5,,,ecommerce,play_store,"general,none","general:positive,none:neutral"
7159,افضل تطبيق في العالم,5,,,ecommerce,play_store,"app_experience,none","app_experience:positive,none:neutral"
7160,ممتاز,5,,,ecommerce,play_store,general,general:positive
7171,ممتاز,5,,,ecommerce,play_store,general,general:positive
7172,ممتاز,5,,,ecommerce,play_store,general,general:positive
7175,جيد,5,,,ecommerce,play_store,"general,none","general:positive,none:neutral"
7179,ممتاز,5,,,ecommerce,play_store,general,general:positive
7182,شكرا نون,5,,,ecommerce,play_store,"general,none","general:positive,none:neutral"
7188,ممتاز,5,,,ecommerce,play_store,general,general:positive
7189,ممتاز,5,,,ecommerce,play_store,general,general:positive
7192,موقع جميل مره,5,,,ecommerce,play_store,"general,none","general:positive,none:neutral"
7198,ممتاز,5,,,ecommerce,play_store,general,general:positive
7200,تطبيق جميل جدا وعملى,5,,,ecommerce,play_store,app_experience,app_experience:positive
7201,شكرا جزيلا لحضرتك,5,,,ecommerce,play_store,"general,none","general:positive,none:neutral"
7202,شكرا,5,,,ecommerce,play_store,"general,none","general:positive,none:neutral"
7205,ممتاز,5,,,ecommerce,play_store,general,general:positive
7207,شكرا,5,,,ecommerce,play_store,"general,none","general:positive,none:neutral"
7212,ممتاز,5,,,ecommerce,play_store,general,general:positive
7216,تحفه,5,,,ecommerce,play_store,"general,none","general:positive,none:neutral"
7218,جميل,5,,,ecommerce,play_store,general,general:positive
7222,ممتاز,5,,,ecommerce,play_store,general,general:positive
7224,ممتاز,5,,,ecommerce,play_store,general,general:positive
7225,ممتاز,5,,,ecommerce,play_store,general,general:positive
7226,ممتاز,5,,,ecommerce,play_store,general,general:positive
7227,ممتاز,5,,,ecommerce,play_store,general,general:positive
7228,التطبيق سئ جدا كان معايا قسيمة استخدمتها و ظهر عندي أنها شغالة راجعت الطلب لقيت القسيمة مش شغالة كلمت الدعم مردش غير لما الاوردر وصل و تعامل المندوب كان قمة في السوء و قلة الأدب انصحكم لا تشتروا من هذا التطبيق,5,,,ecommerce,play_store,"service,delivery,app_experience","service:negative,delivery:negative,app_experience:negative"
7230,شكرا,5,,,ecommerce,play_store,"general,none","general:positive,none:neutral"
7236,ممتاز,5,,,ecommerce,play_store,general,general:positive
7243,ممتاز,5,,,ecommerce,play_store,general,general:positive
7250,ممتاز,5,,,ecommerce,play_store,general,general:positive
7252,ممتاز,5,,,ecommerce,play_store,general,general:positive
7256,مره حلو والله,5,,,ecommerce,play_store,"general,none","general:positive,none:neutral"
7263,شكرا,5,,,ecommerce,play_store,"general,none","general:positive,none:neutral"
7267,جميل جدا,5,,,ecommerce,play_store,general,general:positive
7271,حلو,5,,,ecommerce,play_store,"general,none","general:positive,none:neutral"
7273,ممتاز,5,,,ecommerce,play_store,general,general:positive
7274,ممتاز,5,,,ecommerce,play_store,general,general:positive
7275,جيد,5,,,ecommerce,play_store,"general,none","general:positive,none:neutral"
7277,منظم وأمان,5,,,ecommerce,play_store,"general,none","general:positive,none:neutral"
7278,ممتاز,5,,,ecommerce,play_store,general,general:positive
7281,منتاز,5,,,ecommerce,play_store,"general,none","general:positive,none:neutral"
7283,ممتاز,5,,,ecommerce,play_store,general,general:positive
7284,ممتاز,5,,,ecommerce,play_store,general,general:positive
7288,جميل جدا وأمن,5,,,ecommerce,play_store,general,general:positive
7290,ممتاز,5,,,ecommerce,play_store,general,general:positive
7294,افضل متجر نون,5,,,ecommerce,play_store,"general,none","general:positive,none:neutral"
7296,ممتاز,5,,,ecommerce,play_store,general,general:positive
7305,جيد جدا,5,,,ecommerce,play_store,general,general:positive
7308,ممتاز,5,,,ecommerce,play_store,general,general:positive
7316,جميل,5,,,ecommerce,play_store,general,general:positive
7321,ممتاز,5,,,ecommerce,play_store,general,general:positive
7322,جيد,5,,,ecommerce,play_store,"general,none","general:positive,none:neutral"
7325,عروضه حلوة,5,,,ecommerce,play_store,"general,none","general:positive,none:neutral"
7326,شكراً,5,,,ecommerce,play_store,"general,none","general:positive,none:neutral"
7327,ممتاز,5,,,ecommerce,play_store,general,general:positive
7335,تطبيق ممتاز,5,,,ecommerce,play_store,app_experience,app_experience:positive
7339,تمام,5,,,ecommerce,play_store,"general,none","general:positive,none:neutral"
7341,ممتاز,5,,,ecommerce,play_store,general,general:positive
7342,ممتاز,5,,,ecommerce,play_store,general,general:positive
7343,شكرا نون,5,,,ecommerce,play_store,"general,none","general:positive,none:neutral"
7346,شركة محترمه جدا,5,,,ecommerce,play_store,"general,none","general:positive,none:neutral"
7347,شكرا لكم تجربه ممتازه,5,,,ecommerce,play_store,general,general:positive
7348,افضل ططبيق 👍,5,,,ecommerce,play_store,"general,none","general:positive,none:neutral"
7351,،،🥰,5,,,ecommerce,play_store,"general,none","general:positive,none:neutral"
7353,جميل وممتاز,5,,,ecommerce,play_store,general,general:positive
7357,شكرا نون,5,,,ecommerce,play_store,"general,none","general:positive,none:neutral"
7363,تطبيق محترم جدا وسهل,5,,,ecommerce,play_store,app_experience,app_experience:positive
7366,ممتاز,5,,,ecommerce,play_store,general,general:positive
7368,جيدون,5,,,ecommerce,play_store,"general,none","general:positive,none:neutral"
7369,تطبيق رائع,5,,,ecommerce,play_store,app_experience,app_experience:positive
7370,ممتاز,5,,,ecommerce,play_store,general,general:positive
7371,جزاكم الله خيرا,5,,,ecommerce,play_store,"general,none","general:positive,none:neutral"
7374,حبيبي و الله,5,,,ecommerce,play_store,"general,none","general:positive,none:neutral"
7381,جيد جدا,5,,,ecommerce,play_store,general,general:positive
7388,ممتاز,5,,,ecommerce,play_store,general,general:positive
7390,ممتاز,5,,,ecommerce,play_store,general,general:positive
7391,جيد جدا,5,,,ecommerce,play_store,general,general:positive
7395,ممتاز لحين الانتهاء,5,,,ecommerce,play_store,general,general:positive
7398,أتمنه جد غاليه وتطبيق غير واضح تبقا 10 ساعات تدور وعندما تجد تجد سعر جد جد غالي,5,,,ecommerce,play_store,"price,delivery,app_experience,none","price:negative,delivery:negative,app_experience:negative,none:neutral"
7399,ممتاز,5,,,ecommerce,play_store,general,general:positive
7400,شركه ممتازه,5,,,ecommerce,play_store,"general,none","general:positive,none:neutral"
7403,ممتاز,5,,,ecommerce,play_store,general,general:positive
7405,حلوة أوي,5,,,ecommerce,play_store,"general,none","general:positive,none:neutral"
7408,ممتاز,5,,,ecommerce,play_store,general,general:positive
7410,",خدمة عملاء ممتازه",5,,,ecommerce,play_store,"general,none","general:positive,none:neutral"
7413,جميل,5,,,ecommerce,play_store,general,general:positive
7415,ممتاز,5,,,ecommerce,play_store,general,general:positive
7418,جميل ومريح,5,,,ecommerce,play_store,"general,none","general:positive,none:neutral"
7419,ممتاز,5,,,ecommerce,play_store,general,general:positive
7420,ممتاز,5,,,ecommerce,play_store,general,general:positive
7421,تطبيق سيئ جدا لايوجد شيئ داخل التطييق كل المنتجات غبر متوفرة ماهذا الغباء يا جوميا لم اتوقعكم هكذا,5,,,ecommerce,play_store,"app_experience,none","app_experience:negative,none:neutral"
7422,موقع ممتاز,5,,,ecommerce,play_store,"general,none","general:positive,none:neutral"
7425,مميزين ومحترمين,5,,,ecommerce,play_store,"general,none","general:positive,none:neutral"
7429,جيد,5,,,ecommerce,play_store,"general,none","general:positive,none:neutral"
7430,ممتاز,5,,,ecommerce,play_store,general,general:positive
7432,تحفههه,5,,,ecommerce,play_store,"general,none","general:positive,none:neutral"
7435,شكرا,5,,,ecommerce,play_store,"general,none","general:positive,none:neutral"
7438,مندوب التوصيل اصبح سئ جدا والتواصل ضعيف جدا,5,,,ecommerce,play_store,delivery,delivery:negative
7440,تمام,5,,,ecommerce,play_store,"general,none","general:positive,none:neutral"
7443,ممتاز,5,,,ecommerce,play_store,general,general:positive
7444,ممتاز,5,,,ecommerce,play_store,general,general:positive
7445,تحفة,5,,,ecommerce,play_store,"general,none","general:positive,none:neutral"
7446,جميل جداً,5,,,ecommerce,play_store,general,general:positive
7451,تمام,5,,,ecommerce,play_store,"general,none","general:positive,none:neutral"
7463,ممتاز,5,,,ecommerce,play_store,general,general:positive
7466,ممتاز,5,,,ecommerce,play_store,general,general:positive
7473,اقبح حاجة عندهم مافيش توصيل لل قُري . مافيش توصيل غير للمدن . اتقفلت منه و حذفته,5,,,ecommerce,play_store,"price,delivery,none","price:negative,delivery:negative,none:neutral"
7476,ممتاز,5,,,ecommerce,play_store,general,general:positive
7478,جميل,5,,,ecommerce,play_store,general,general:positive
7480,ممتاز,5,,,ecommerce,play_store,general,general:positive
7482,ثقة و مصداقية,5,,,ecommerce,play_store,"general,none","general:positive,none:neutral"
7484,ممتاز,5,,,ecommerce,play_store,general,general:positive
7487,جميل,5,,,ecommerce,play_store,general,general:positive
7488,جيد,5,,,ecommerce,play_store,"general,none","general:positive,none:neutral"
7493,تطبيق أقل من اقول عليه متواضع أقل تطبيق علي الانترنت في مصر بعد ما عملت الطلب وكونفرم علي المبلغ واستني ميعاد الاستلام واخد اليوم اجازه يجي يقول اسف جدا يا افندم انت اصلا مطلبتش ادخل اعمل الاوردر تاني مع أن طالب اللودر من خدمه العملاء اجي بكل هدوء امسك نفسي ومتعصبش عليها واجي اعمل الاوردر يكون زياده ٣٠٠٠ جنيه شركه زباله ومفيش اي مصداقيه الافضل بعدو عنه في بدائل كتير في نون أو امازون و كنز وغيره من التطبيقات المحترمه وشكرا.,5,,,ecommerce,play_store,"service,delivery,app_experience","service:negative,delivery:negative,app_experience:negative"
7497,ممتاز,5,,,ecommerce,play_store,general,general:positive
7501,ممتاز,5,,,ecommerce,play_store,general,general:positive
7502,تطبيق رائع,5,,,ecommerce,play_store,app_experience,app_experience:positive
7506,ممتاز,5,,,ecommerce,play_store,general,general:positive
7508,ممتاز,5,,,ecommerce,play_store,general,general:positive
7511,حلوه جداً,5,,,ecommerce,play_store,"general,none","general:positive,none:neutral"
7516,ممتاز,5,,,ecommerce,play_store,general,general:positive
7519,جيدة,5,,,ecommerce,play_store,"general,none","general:positive,none:neutral"
7520,ممتاز,5,,,ecommerce,play_store,general,general:positive
7527,احلى موقع,5,,,ecommerce,play_store,"general,none","general:positive,none:neutral"
7536,تحت التجربة,5,,,ecommerce,play_store,"general,none","general:neutral,none:neutral"
7542,ممتاز,5,,,ecommerce,play_store,general,general:positive
7544,ممتاز,5,,,ecommerce,play_store,general,general:positive
7546,ممتاز,5,,,ecommerce,play_store,general,general:positive
7548,حلوه,5,,,ecommerce,play_store,"general,none","general:positive,none:neutral"
7549,حلو,5,,,ecommerce,play_store,"general,none","general:positive,none:neutral"
7550,رائعة,5,,,ecommerce,play_store,"general,none","general:positive,none:neutral"
7558,ممتاز,5,,,ecommerce,play_store,general,general:positive
7559,جميل جداً,5,,,ecommerce,play_store,general,general:positive
7560,جميل جداً,5,,,ecommerce,play_store,general,general:positive
7564,ابضن ماركت ممكن تشتري منه ف حياتك حرفيا الاوردر ممكن يفضل اسبوع عشان يجيلك بعكس امازون ونون الاوردر بيجي خلال يوم او يومين المفروض ان انا طالب اوردر من اسبوع كان هيوصل من يومين لحد دلواقتي موصلش اخر مرة تعامل ان شاء الله,5,,,ecommerce,play_store,"service,delivery","service:negative,delivery:negative"
7568,مع الاسف بقيتوا من سئ لاسوء الباكدجينج تبع المنتجات بقي سئ جدا جدا التوصيل بقي بيتأخر لخمس ايام واكتر مندوبين شحن سيئين لا اخلاق ولا احترام للعملاء إلا من رحم ربي طبعا ودول بقوا قليلين جدا لو في اقل من النجمه كنت اعطيتكم والله,5,,,ecommerce,play_store,"service,delivery","service:negative,delivery:negative"
7572,تطبيق ممتاز أنصح به كل الاصدقاء,5,,,ecommerce,play_store,app_experience,app_experience:positive
7573,ممتاز,5,,,ecommerce,play_store,general,general:positive
7575,ممتاز,5,,,ecommerce,play_store,general,general:positive
7576,جوميا أصبحت سيئة جدا ولديها سيستم غريب في توصيل الطلبات تجعل مندوب الشحن يتلاعب بالطلبات . في جوميا ممكن مندوب الشحن يلغي الاوردر من عندة ويذكر السبب انك طلبت إلغاء الاوردر من غير ما حتي حد يكلمك وبعد فترة تفاجئ ان الاودر ملغي ومضطر تنتظر ١٤ يوم عشان الفلوس ترجعلك تاني لو كنت دافعت فيزا .. وبكدا بتكون تحت رحمت مندوب الشحن ممكن يلغي الاوردر لو مكانك بعيد او يتعامل معاك بوقاحة ومضطر تستحمله عشان ميلغيش الاوردر,5,,,ecommerce,play_store,"service,delivery,app_experience","service:negative,delivery:negative,app_experience:negative"
7577,تجربة رائعة,5,,,ecommerce,play_store,"general,none","general:positive,none:neutral"
7579,تمام,5,,,ecommerce,play_store,"general,none","general:positive,none:neutral"
7581,ممتاز,5,,,ecommerce,play_store,general,general:positive
7591,حلو.....,5,,,ecommerce,play_store,"general,none","general:positive,none:neutral"
7593,اسوء تطبيق واسوء تجربة,5,,,ecommerce,play_store,"app_experience,none","app_experience:negative,none:neutral"
7597,ممتاز,5,,,ecommerce,play_store,general,general:positive
7598,الا توجد اللغة العربية,5,,,ecommerce,play_store,none,none:neutral
7611,تمام,5,,,ecommerce,play_store,"general,none","general:positive,none:neutral"
7620,ممتاز,5,,,ecommerce,play_store,general,general:positive
7628,ممتاز,5,,,ecommerce,play_store,general,general:positive
7629,تمام,5,,,ecommerce,play_store,"general,none","general:positive,none:neutral"
7630,ممثازة,5,,,ecommerce,play_store,"general,none","general:positive,none:neutral"
7631,ممتاذ,5,,,ecommerce,play_store,"general,none","general:positive,none:neutral"
7632,ممتاز,5,,,ecommerce,play_store,general,general:positive
7639,ممتاز,5,,,ecommerce,play_store,general,general:positive
7643,ممتاز,5,,,ecommerce,play_store,general,general:positive
7646,جميلة,5,,,ecommerce,play_store,"general,none","general:positive,none:neutral"
7647,ممتاز,5,,,ecommerce,play_store,general,general:positive
7648,جميل,5,,,ecommerce,play_store,general,general:positive
7654,ممتاز,5,,,ecommerce,play_store,general,general:positive
7662,ممتازة,5,,,ecommerce,play_store,"general,none","general:positive,none:neutral"
7667,اول و اخر تجربة لي في امازون ، احتجت ٧ ايام عشان اعرف ان شحنتي حاتوصل بعد شهر او شهر ونص مع اني اتصلت عليهم بعد يومين من الطلب وقالي بتوصلك بعد يومين، و بعد الغيت الطلبية لي ٧ ايام مارجعو الفلوس للحين,5,,,ecommerce,play_store,"service,delivery,app_experience","service:negative,delivery:negative,app_experience:negative"
7668,جميل,5,,,ecommerce,play_store,general,general:positive
7670,ممتاز جدا رائع جداً انصح بتجربته,5,,,ecommerce,play_store,general,general:positive
7675,جميل جدا,5,,,ecommerce,play_store,general,general:positive
7676,التطبيق مش راضي ينزل علي الموبايل بيقولي لا يتوافق,5,,,ecommerce,play_store,"app_experience,none","app_experience:negative,none:neutral"
7680,تمام 👌,5,,,ecommerce,play_store,"general,none","general:positive,none:neutral"
7685,جيد,5,,,ecommerce,play_store,"general,none","general:positive,none:neutral"
7687,تطبيق سئ جدا واسعاره مزيفه ولا يقبل الدفع الكاش,5,,,ecommerce,play_store,"price,app_experience","price:negative,app_experience:negative"
7693,جميل وسلس,5,,,ecommerce,play_store,"general,none","general:positive,none:neutral"
7696,جميلة,5,,,ecommerce,play_store,"general,none","general:positive,none:neutral"
7701,ممتاز,5,,,ecommerce,play_store,general,general:positive
7703,مميز,5,,,ecommerce,play_store,"general,none","general:positive,none:neutral"
7705,تحفي,5,,,ecommerce,play_store,"general,none","general:positive,none:neutral"
7706,ممتاز,5,,,ecommerce,play_store,general,general:positive
7710,اكيد الاسعار ممتازه 💯💯💯💯💯💯💯,5,,,ecommerce,play_store,"price,general","price:positive,general:positive"
7717,اسوء شركة اونلاين في مصر .. الاوردات غالية الثمن مش بتوصل ويرسلوا مكانها طوبة أو اي شئ ليس له قيمة,5,,,ecommerce,play_store,"price,delivery,none","price:negative,delivery:negative,none:neutral"
7723,جيد جدا,5,,,ecommerce,play_store,general,general:positive
7730,جميل,5,,,ecommerce,play_store,general,general:positive
7734,تطبيق رائع وتوصيل سريع وجوده حلوه وفيه كل شي تتمنيه🌹 شكرا امازون على التوصيل المدهش بسرعته!!,5,,,ecommerce,play_store,"delivery,app_experience","delivery:positive,app_experience:positive"
7742,حلوه,5,,,ecommerce,play_store,"general,none","general:positive,none:neutral"
7744,ممتاز,5,,,ecommerce,play_store,general,general:positive
7753,تمام قرر،,5,,,ecommerce,play_store,"general,none","general:positive,none:neutral"
7754,افضل برنامج تسواق في العالم,5,,,ecommerce,play_store,"app_experience,none","app_experience:positive,none:neutral"
7755,تطبيق جيد وخدمه عملاء ممتاز,5,,,ecommerce,play_store,app_experience,app_experience:positive
7756,ممتاز,5,,,ecommerce,play_store,general,general:positive
7760,ممتاز,5,,,ecommerce,play_store,general,general:positive
7761,جميل جدااااااااا,5,,,ecommerce,play_store,"general,none","general:positive,none:neutral"
7766,ممتاز,5,,,ecommerce,play_store,general,general:positive
7767,جيد,5,,,ecommerce,play_store,"general,none","general:positive,none:neutral"
7768,تجربة جيدة,5,,,ecommerce,play_store,"general,none","general:positive,none:neutral"
7773,ممتاز,5,,,ecommerce,play_store,general,general:positive
7780,جميل جدا,5,,,ecommerce,play_store,general,general:positive
7782,ممتاز,5,,,ecommerce,play_store,general,general:positive
7783,ممتاز,5,,,ecommerce,play_store,general,general:positive
7791,اريد حذفه,5,,,ecommerce,play_store,"general,none","general:positive,none:neutral"
7800,جيد بصراحه.,5,,,ecommerce,play_store,"general,none","general:positive,none:neutral"
7803,جميل جدا,5,,,ecommerce,play_store,general,general:positive
7804,ممتاز,5,,,ecommerce,play_store,general,general:positive
7805,تطبيق سيئ جدا ... طلبت ناي و وصلني بدلا من الناي عصايا خشبية في كيس ... خدمة العملاء سيئة جدا وطريقتهم سيئة ودايما اذا طلبت منتج يوصل لك منتج اخر ... اسوأ تطبيق اجربه بحياتي,5,,,ecommerce,play_store,"service,delivery,app_experience","service:negative,delivery:negative,app_experience:negative"
7809,ممتاز,5,,,ecommerce,play_store,general,general:positive
7815,ممتاز,5,,,ecommerce,play_store,general,general:positive
7822,ممتاز,5,,,ecommerce,play_store,general,general:positive
7824,جميل,5,,,ecommerce,play_store,general,general:positive
7828,اخس تطبيق اشوفه من كثر ما شفت له اعلان,5,,,ecommerce,play_store,"app_experience,none","app_experience:negative,none:neutral"
7832,ممتاز,5,,,ecommerce,play_store,general,general:positive
7833,حلو,5,,,ecommerce,play_store,"general,none","general:positive,none:neutral"
7837,جيد,5,,,ecommerce,play_store,"general,none","general:positive,none:neutral"
7838,ممتاز,5,,,ecommerce,play_store,general,general:positive
7844,أفضل التطبيقات للتسوق علي الأطلاق وبلا منازع. سرعة في الأداء والإستجابة والتنفيذ. جودة وخدمة التغليف. وسرعة الشحن ممتازة. خدمة توصيل قمة الأدب والذوق. خدمة عملاء أكثر من رائعة قمة الإحترام. شكراً جزيلا أمازون الرائدة وخدمة العملاء وجميع العاملين. فلكم مني جميعاً شكري وتحياتي.,5,,,ecommerce,play_store,"service,delivery","service:positive,delivery:positive"
7845,افضل تطبيق في العالم حلو جيدا في مميزات كتير❤️,5,,,ecommerce,play_store,app_experience,app_experience:positive
7851,ممتاز,5,,,ecommerce,play_store,general,general:positive
7855,ممتاز,5,,,ecommerce,play_store,general,general:positive
7857,الافضل,5,,,ecommerce,play_store,"general,none","general:positive,none:neutral"
7858,السلام عليكم,5,,,ecommerce,play_store,"general,none","general:positive,none:neutral"
7875,كانت تجربتي معهم مستقرة الى ان طلبت حامل معدني ثلاثي القوائم بطول 2.3 متر لافاجئ بانهم شحنوا المشبك وليس الحامل وكلمت خدمة العملاء ونصحوني باعادة الشراء لان الاستبدال سيتاخر حتى يصل المندوب لاستلامه وهذه عادتهم للاسف. ففعلت وطلبت منتج جديد فقامت الشركة بايقاف حسابي واتهموني بانني اتاجر في المنتج. وبعد ان استطعت اثبات براءتي لدى خدمة العملاء. ارسلوا الي حامل بخصم 150 لكنه وياللهراء وصل كسابقه. مشبك فقط. وهذه ثاني تجربة معهم حيث وصلني قبل ذلك مايك بلوتوث بدون المشبك. يبدو انها عادة وليست خطأ,5,,,ecommerce,play_store,"service,delivery,app_experience","service:negative,delivery:negative,app_experience:negative"
7876,جيدة,5,,,ecommerce,play_store,"general,none","general:positive,none:neutral"
7878,ممتاز,5,,,ecommerce,play_store,general,general:positive
7886,ممتاز,5,,,ecommerce,play_store,general,general:positive
7890,ممتاز,5,,,ecommerce,play_store,general,general:positive
7895,مندوب التوصيل سئ جدااا,5,,,ecommerce,play_store,"delivery,none","delivery:negative,none:neutral"
7899,ممتاز,5,,,ecommerce,play_store,general,general:positive
7900,ممتاز,5,,,ecommerce,play_store,general,general:positive
7902,تحفه وعروض مثيرة,5,,,ecommerce,play_store,"general,none","general:positive,none:neutral"
7904,💕😍جميل,5,,,ecommerce,play_store,general,general:positive
7906,امازون للتسوق,5,,,ecommerce,play_store,"general,none","general:positive,none:neutral"
7907,تجربة شراء ممتازة,5,,,ecommerce,play_store,"general,none","general:positive,none:neutral"
7910,جيد,5,,,ecommerce,play_store,"general,none","general:positive,none:neutral"
7911,تطبيق روعة التسويق سهل جدا,5,,,ecommerce,play_store,app_experience,app_experience:positive
7914,جميل جدا ومضمون,5,,,ecommerce,play_store,general,general:positive
7919,تحفه,5,,,ecommerce,play_store,"general,none","general:positive,none:neutral"
7920,ممتاز جداً,5,,,ecommerce,play_store,general,general:positive
7927,ممتاز,5,,,ecommerce,play_store,general,general:positive
7932,جيد جدا,5,,,ecommerce,play_store,general,general:positive
7933,بيبيع حاجات حلوه,5,,,ecommerce,play_store,"general,none","general:positive,none:neutral"
7945,جيد,5,,,ecommerce,play_store,"general,none","general:positive,none:neutral"
7955,ماشاءالله,5,,,ecommerce,play_store,"general,none","general:positive,none:neutral"
7964,فخم,5,,,ecommerce,play_store,"general,none","general:positive,none:neutral"
7970,تطبيق ممتاز,5,,,ecommerce,play_store,app_experience,app_experience:positive
7971,ممتاز,5,,,ecommerce,play_store,general,general:positive
7981,حلو,5,,,ecommerce,play_store,"general,none","general:positive,none:neutral"
7984,جميلللل,5,,,ecommerce,play_store,"general,none","general:positive,none:neutral"
7985,ماشاءالله مايحتاج أقول👍👍👍♥️♥️♥️,5,,,ecommerce,play_store,"general,none","general:positive,none:neutral"
7991,ارو تطبيق يا مستر بيست اريد منزل حديدا و سيارة شكرا على القراءة,5,,,ecommerce,play_store,none,none:neutral
7993,Mr. Beast ❤️,5,,,ecommerce,play_store,"general,none","general:positive,none:neutral"
7999,حملت هذه التطبيق عن طريق مستر بيست اريد سيارة تيسلا وتاب سامسونج,5,,,ecommerce,play_store,"app_experience,none","app_experience:neutral,none:neutral"
8007,حملت تطبيق عن طريقة مستر بيست حلمي ايفون ❤️🔥,5,,,ecommerce,play_store,none,none:neutral
8008,لقد حملت هذا التطبيق عن طريق مستر بيست واتمنا سيارة تيسلا,5,,,ecommerce,play_store,none,none:neutral
8012,اريد تسلا,5,,,ecommerce,play_store,"general,none","general:positive,none:neutral"
8015,الفضل لمستر بيست شكرا,5,,,ecommerce,play_store,none,none:neutral
8020,إنا حملت تطبيق شوب واتمنا من مستر بيست 5 الف دولار كا هديه لعيالي لاشتري سياره,5,,,ecommerce,play_store,"app_experience,none","app_experience:neutral,none:neutral"
8021,أتمني أن يمنحني مستر بيست ايفون,5,,,ecommerce,play_store,none,none:neutral
8030,انا نزلت التطبيق من مستر بيست واتمني الحصول على سياره تسلا,5,,,ecommerce,play_store,"app_experience,none","app_experience:neutral,none:neutral"
8032,احسنت ياصانع المجال ❤🫶 متسر بيست,5,,,ecommerce,play_store,none,none:neutral
8033,متز,5,,,ecommerce,play_store,"general,none","general:positive,none:neutral"
8037,من مقاطع مستر بيست اتيت اريد سيارة تيسلا😂😂بمناسبة عيد الميلاد,5,,,ecommerce,play_store,none,none:neutral
8048,من مقاطع مستر بيس أتيت😁,5,,,ecommerce,play_store,none,none:neutral
8053,Great 👍,5,,,ecommerce,play_store,"general,none","general:positive,none:neutral"
8061,Great,5,,,ecommerce,play_store,"general,none","general:positive,none:neutral"
8068,جيد جدا,5,,,ecommerce,play_store,general,general:positive
8070,atlassian,5,,,ecommerce,play_store,"general,none","general:positive,none:neutral"
8082,ممتاز ولا غلطه,5,,,ecommerce,play_store,"general,none","general:positive,none:neutral"
8099,Thief,5,,,ecommerce,play_store,"general,none","general:positive,none:neutral"
8105,تطبيق أكثر من رائع . أنصح به,5,,,ecommerce,play_store,app_experience,app_experience:positive
8118,اتطبيق ممتاز,5,,,ecommerce,play_store,general,general:positive
8132,ميفيدك,5,,,ecommerce,play_store,"general,none","general:positive,none:neutral"
8133,حلو,5,,,ecommerce,play_store,"general,none","general:positive,none:neutral"
8143,جيد وحلو,5,,,ecommerce,play_store,"general,none","general:positive,none:neutral"
8154,لاجل النقاط ههههههه,5,,,ecommerce,play_store,"general,none","general:positive,none:neutral"
8157,ممتتتاز,5,,,ecommerce,play_store,"general,none","general:positive,none:neutral"
8159,الحال,5,,,ecommerce,play_store,"general,none","general:positive,none:neutral"
8161,ممتاز,5,,,ecommerce,play_store,general,general:positive
8162,شكرا على جهودكم,5,,,ecommerce,play_store,"general,none","general:positive,none:neutral"
8163,العاشق,5,,,ecommerce,play_store,"general,none","general:positive,none:neutral"
8169,جميل,5,,,ecommerce,play_store,general,general:positive
8170,روعة,5,,,ecommerce,play_store,"general,none","general:positive,none:neutral"
8174,انثى,5,,,ecommerce,play_store,"general,none","general:positive,none:neutral"
8179,برنامج جميل حقآ. .,5,,,ecommerce,play_store,app_experience,app_experience:positive
8181,جممممميل,5,,,ecommerce,play_store,"general,none","general:positive,none:neutral"
8183,رؤؤؤؤؤعه,5,,,ecommerce,play_store,"general,none","general:positive,none:neutral"
8187,نقاط فقط لاغير,5,,,ecommerce,play_store,"general,none","general:positive,none:neutral"
8194,للنقاط فقط,5,,,ecommerce,play_store,"general,none","general:positive,none:neutral"
8197,نقااططط,5,,,ecommerce,play_store,"general,none","general:positive,none:neutral"
8198,اريد نقاط,5,,,ecommerce,play_store,"general,none","general:positive,none:neutral"
8200,ممناز,5,,,ecommerce,play_store,"general,none","general:positive,none:neutral"
8201,شكرشكرعلا,5,,,ecommerce,play_store,"general,none","general:positive,none:neutral"
8210,قاااااط نقاطططط الهند هههههه,5,,,ecommerce,play_store,none,none:neutral
8215,علموود النقاط ههه,5,,,ecommerce,play_store,"general,none","general:positive,none:neutral"
8225,عمان,5,,,ecommerce,play_store,"general,none","general:positive,none:neutral"
8233,جيده جدا كان لدى مشكله في نشر الإعلان ثم بعد التواصل مع خدمة العملاء تم حل المشكله وتعويضى عن التأخيربتمييز اعلانى لمدة شهر,5,,,real_estate,play_store,"service,app_experience","service:negative,app_experience:negative"
8235,مش بيجيب الموقع كل ما أدخله يخرج لوحده وحش جدا محدش يستخدمه,5,,,real_estate,play_store,app_experience,app_experience:negative
8237,جميل,5,,,real_estate,play_store,general,general:positive
8238,جيد جدا,5,,,real_estate,play_store,general,general:positive
8239,سئ جدا لا انصح بتحميله الموقع بيعلق كتير + مش بيظهر رقم المعلنين بعد اكتر من اعلان نجمه واحده كتيره عليه,5,,,real_estate,play_store,app_experience,app_experience:negative
8243,التحديث الاخير زبالة يا جماعه بيعلق كتير جدا ومش باعرف اوصل للمالك ويقولى تم ارسال طلبك للمالك وهيكلمك ومحدش بيكلمنى وحاجه اخر زباله وعاملين اشتراك وفى الاخر ملوش اى ستين لازمه,5,,,real_estate,play_store,app_experience,app_experience:negative
8253,ممتاز,5,,,real_estate,play_store,general,general:positive
8254,لا يعمل و مش بيفتح,5,,,real_estate,play_store,app_experience,app_experience:negative
8261,افشل تطبيق عقارات علي المتجر اكتب رقم موبايلي يديني غلط اختار لوكيشن يقولي حدث خطأ حاجه قمة الفشل,5,,,real_estate,play_store,"app_experience,none","app_experience:negative,none:neutral"
8263,التطبيق فجاءه كل ما اشغلو يجبلي شاشه سوداء ومبيشتغلش والشاشة السوداء ثابته مسحت التطبيق ونزلتو اكتر من مره ولسه المشكله موجوده ارجو الرد وسرعه حل المشكلة من القائمين على التطبيق وشكرا جزيلا ،،,5,,,real_estate,play_store,app_experience,app_experience:negative
8267,لقد قمت باضافة اعلان في منطقة من المناطق المدفوعة تحتاح لدفع 10.0 نقطة لنشر اعلانك. هذا ما وصلت إليه عن طريق الموقع,5,,,real_estate,play_store,app_experience,app_experience:negative
8270,بصراحة افضل تطبيق عقارات في ٢٠٢٥ ♥️,5,,,real_estate,play_store,app_experience,app_experience:positive
8273,التطبيق مش عايز يشتغل معايا اعمل ايه ومسحته ونزلته تاني ونفس الحكايه,5,,,real_estate,play_store,app_experience,app_experience:negative
8280,تطبيق ممتاز,5,,,real_estate,play_store,app_experience,app_experience:positive
8281,ابلكيشن حلو جدا و سهل التعامل معاه و بيسهل علينا جدا نوصل للكل اللي محتاجينه,5,,,real_estate,play_store,app_experience,app_experience:positive
8286,تطبيق رائع و مفيد، ساعدنى كثيرا. شكرا لكم,5,,,real_estate,play_store,app_experience,app_experience:positive
8290,الابليكشين حلو جدا,5,,,real_estate,play_store,general,general:positive
8293,ابلكشن ممتاز وسهل جدا,5,,,real_estate,play_store,app_experience,app_experience:positive
8317,جيد,5,,,real_estate,play_store,general,general:positive
8319,مميز,5,,,real_estate,play_store,"general,none","general:positive,none:neutral"
8331,ممتازة,5,,,real_estate,play_store,general,general:positive
8333,اسوا خدمة عملاء لا يوجد حلول للمشكلات,5,,,real_estate,play_store,"service,app_experience","service:negative,app_experience:negative"
8344,التطبيق لا يعمل,5,,,real_estate,play_store,"app_experience,none","app_experience:negative,none:neutral"
8346,التطبيق مش بيفتح وبيهنج بطيئ جدا في البحث وإضافة الاعلانات .زي الزفت,5,,,real_estate,play_store,app_experience,app_experience:negative
8351,سي جدا ولا يعمل,5,,,real_estate,play_store,app_experience,app_experience:negative
8355,برنامج لا يعمل انشا حساب اي السبب,5,,,real_estate,play_store,"app_experience,none","app_experience:negative,none:neutral"
8360,البرنامج لا يعمل محرك الباحث واقف وتسجيل الدخول متعطل وكمان انشاء حساب برضو واقف,5,,,real_estate,play_store,app_experience,app_experience:negative
8363,ممتاذ,5,,,real_estate,play_store,general,general:positive
8368,التطبيق لا يعمل ولايمكن البحث فيه بعد التحديث الاخير,5,,,real_estate,play_store,app_experience,app_experience:negative
8369,التطبيق لايعمل,5,,,real_estate,play_store,"app_experience,none","app_experience:negative,none:neutral"
8370,التطبيق اصبح سئ جدا ولا يفتح و ولايعرض بعد التحديثات..وتمت تجربته اكثر من مره والحال كما هو...,5,,,real_estate,play_store,app_experience,app_experience:negative
8384,التطبيق سىء جدا لا يعمل,5,,,real_estate,play_store,app_experience,app_experience:negative
8385,البرنامج أصبح سئ جدا كل مدوس اتصال علي صاحب المنشأة يقلي خطاء غير معروف ياريت تحلو المشكله في اسرع وقت,5,,,real_estate,play_store,app_experience,app_experience:negative
8386,سيء جدا مش بيجمع وكله بقي انجليزي,5,,,real_estate,play_store,app_experience,app_experience:negative
8387,البرنامج كان فى الماضي ممتاز الان فاشل جدا لايعمل ويتم الموافقه على الاعلان متأخرة جدا بعد مايتم البيع لا يستحق الان ولا نجمة,5,,,real_estate,play_store,app_experience,app_experience:negative
8388,التطبيق للاسف لا يقوم بتحميل الصور,5,,,real_estate,play_store,app_experience,app_experience:negative
8389,تمام,5,,,real_estate,play_store,general,general:positive
8390,البرنامج لا يعمل لا يسجل دخول لا يبحث عطل في قاعدة البيانات,5,,,real_estate,play_store,app_experience,app_experience:negative
8396,تطبيق زباله كل شويه لازم تمسحه وتنزله,5,,,real_estate,play_store,app_experience,app_experience:negative
8397,تطبيق فاشل بكل المعايير,5,,,real_estate,play_store,app_experience,app_experience:negative
8399,البرنامج تم تحميله وعمل منشور ولكن يصعب عليا تحميل الصور حاولت كتير يقولي فعل اذن الصور ولكن في الضبط لا يوجد اذن للصور يوجد فقط الهاتف والاشعارات والموقع الجغرافي,5,,,real_estate,play_store,app_experience,app_experience:negative
8402,مميز ومشهور ومتداول,5,,,real_estate,play_store,"general,none","general:positive,none:neutral"
8404,دفعت ثمن اعلان 114 ولم يتم العرض اعلان وتم حذف الحساب من برنامج . حسبي الله ونعم الوكيل,5,,,real_estate,play_store,app_experience,app_experience:negative
8409,التطبيق يتوقف يوميا و لازم كل يوم أعيد أن تنزيله حتى يعمل,5,,,real_estate,play_store,app_experience,app_experience:negative
8410,تجربة جيدة,5,,,real_estate,play_store,general,general:positive
8411,مش شغال بعد التحديث وكل شويه انزله من جديد,5,,,real_estate,play_store,"app_experience,none","app_experience:negative,none:neutral"
8412,ممتازة و يستحق 5ستار,5,,,real_estate,play_store,app_experience,app_experience:positive
8415,تجربة سيئة,5,,,real_estate,play_store,"general,none","general:negative,none:neutral"
8419,البرنامج مش شغال علفون فاعلان جديد,5,,,real_estate,play_store,"app_experience,none","app_experience:negative,none:neutral"
8422,التطبيق كويس جدا بس المشكله انه مره وحده مش بيشتغل ولازم كل فتره والتانيه تمسحه وتحمله تاني اعتقد ده ممكن يسبب عزوف الناس عن التطبيق والبحث عن تطبيقات تانيه,5,,,real_estate,play_store,app_experience,app_experience:negative
8427,التطبيق جيد و لكن يحتاج الى ضبط اداة التقييم العقارى حيث كلما اردت معرفة سعر العقار تظهر رسالة حدث خطأ رجاء المحاولة لاحقا,5,,,real_estate,play_store,app_experience,app_experience:negative
8428,تطبيق فوق الممتاز وفريق عمل رائع,5,,,real_estate,play_store,app_experience,app_experience:positive
8431,Good frind,5,,,real_estate,play_store,general,general:positive
8432,فيه مشكله في البرنامج بعد التحديث,5,,,real_estate,play_store,app_experience,app_experience:negative
8457,تطبيق فاشل فاشل كلمة فاشل قليلة عليكم عملت اعلان ممول سرقتوني فيه نزل يومين واتمسح يا ولاد الوسخه، احب اقولكم غوروا في ستين داهيه النجمة دي علشان بس اقدر اكتب ال في قلبي يا لصوص تم الغاء التثبيت,5,,,real_estate,play_store,app_experience,app_experience:negative
8464,جيدة,5,,,real_estate,play_store,"general,none","general:positive,none:neutral"
8466,موقع ممتاز,5,,,real_estate,play_store,general,general:positive
8467,التطبيق كان ممتازوبعداستخدامى اسبوعين أصبح حاليازفت الزفت,5,,,real_estate,play_store,app_experience,app_experience:negative
8468,سئ جدا ولا يمكنك اضافه اي اعلان,5,,,real_estate,play_store,app_experience,app_experience:negative
8473,البرنامج بطي جدا اصلا غير أن مفيش طريقه لاستعادة كلمه المرور اصلا ولما بطلب اعاده تعيين مفيش رساله بتجيلي علي الايميل عشان اعمل باسورد جديد,5,,,real_estate,play_store,app_experience,app_experience:negative
8487,برنامج رائع وموقع الكتروني ممتاز شكرا بجد على المجهود الطيب,5,,,real_estate,play_store,app_experience,app_experience:positive
8489,تطبيق بطيئ علي ما يحمل تحس انك شغال علي ويندوز ٩٨,5,,,real_estate,play_store,app_experience,app_experience:negative
8493,برنامج ممتاز وسهل جزاكم الله كل الخير وشكرا لكم,5,,,real_estate,play_store,app_experience,app_experience:positive
8494,تطبيق فاشل,5,,,real_estate,play_store,"app_experience,none","app_experience:negative,none:neutral"
8496,تطبيق اكبر من فاشل يطلع لواحد الضغط,5,,,real_estate,play_store,app_experience,app_experience:negative
8506,تطبيق رائع,5,,,real_estate,play_store,app_experience,app_experience:positive
8520,تطبيق ممتاز ورائع,5,,,real_estate,play_store,app_experience,app_experience:positive
8525,تطبيق جميل جدا,5,,,real_estate,play_store,app_experience,app_experience:positive
8527,موقع مميز جداً,5,,,real_estate,play_store,"general,none","general:positive,none:neutral"
8531,للأسف التطبيق لايعمل,5,,,real_estate,play_store,"app_experience,none","app_experience:negative,none:neutral"
8540,تطبيق ممتاز شكرا على المجهود الرائع,5,,,real_estate,play_store,app_experience,app_experience:positive
8542,التطبيق سئ مش مجانى لازم بالفلوس لا يستاهل ولا نجمة للاسف وضعت نجمة لإتاحة النشر,5,,,real_estate,play_store,app_experience,app_experience:negative
8548,ما هو التطبيق،الذى يمنع الدخول على جوجل,5,,,real_estate,play_store,app_experience,app_experience:negative
8549,برنامج سئ جدا حتى بعد مانزلت التحديث مبيطلعش نتاىج البحث 😲,5,,,real_estate,play_store,app_experience,app_experience:negative
8550,تطبيق سيئ جدا,5,,,real_estate,play_store,app_experience,app_experience:negative
8551,افضل تطبيق يستحق مليار نجمة للتسويق العقاري,5,,,real_estate,play_store,app_experience,app_experience:positive
8560,تطبيق سيئ,5,,,real_estate,play_store,"app_experience,none","app_experience:negative,none:neutral"
8561,االتطبيق جميل ومفيد ولكني تواجهني بعض المشاكل التطبيق حاليأ لا يفتح أكثر من ثلاث اعلانات بعد التحديث ارجووووو العمل علي اصلاح المشكلة,5,,,real_estate,play_store,app_experience,app_experience:negative
8564,ممتاز بالتوفيق,5,,,real_estate,play_store,general,general:positive
8569,اقسم بالله اسوء تطبيق شوفته في حياتي ، ولا يوجد اي مصداقيه,5,,,real_estate,play_store,app_experience,app_experience:negative
8572,ممتاز جدا ومفيد,5,,,real_estate,play_store,general,general:positive
8578,عملت إعلان مفيش ولا إتصال نسبه مشاهده ضعيفه جدا,5,,,real_estate,play_store,app_experience,app_experience:negative
8579,البرنامج محتاج تحديث يواكب متطلبات لاكن استمراره بهذا الشكل غيرمفيذ!!؟؟,5,,,real_estate,play_store,app_experience,app_experience:negative
8584,فاشل لا يعمل في مدينتي,5,,,real_estate,play_store,"app_experience,none","app_experience:negative,none:neutral"
8586,هو ليه الاعلان بفلوس بس !!!!!,5,,,real_estate,play_store,"price,app_experience","price:negative,app_experience:negative"
8592,برنامج ممتاز,5,,,real_estate,play_store,app_experience,app_experience:positive
8604,اسوء تجربة في تطبيقات العقار,5,,,real_estate,play_store,app_experience,app_experience:negative
8613,جيد جدااااا,5,,,real_estate,play_store,general,general:positive
8614,تطبيق ممتاز جدا,5,,,real_estate,play_store,app_experience,app_experience:positive
8617,تطبيق استغلال انصح بعدم التعامل معاه,5,,,real_estate,play_store,app_experience,app_experience:negative
8620,مووت,5,,,entertainment,play_store,"general,none","general:positive,none:neutral"
8628,راىعا,5,,,entertainment,play_store,"general,none","general:positive,none:neutral"
8629,ممتاز,5,,,entertainment,play_store,general,general:positive
8630,برنامج جميل,5,,,entertainment,play_store,"app_experience,general","app_experience:positive,general:positive"
8631,تمام,5,,,entertainment,play_store,"general,none","general:positive,none:neutral"
8634,انصحكم فييه,5,,,entertainment,play_store,"general,none","general:positive,none:neutral"
8637,تحفه 🍂,5,,,entertainment,play_store,"general,none","general:positive,none:neutral"
8641,تطبيق رائع رائع رائع يستاهل اكتر من خمس نجوم ⭐⭐⭐⭐⭐⭐⭐⭐,5,,,entertainment,play_store,app_experience,app_experience:positive
8644,السلام عليكم ورحمه الله وبركاته,5,,,entertainment,play_store,"app_experience,none","app_experience:positive,none:neutral"
8647,جميل 🌹,5,,,entertainment,play_store,general,general:positive
8648,تطبيق رائع جداً,5,,,entertainment,play_store,app_experience,app_experience:positive
8649,افضل برنامج لتشغيل الاغانى👍,5,,,entertainment,play_store,app_experience,app_experience:positive
8652,ممتازة,5,,,entertainment,play_store,general,general:positive
8657,حبيت حبيت حبيتتتتت,5,,,entertainment,play_store,"general,none","general:positive,none:neutral"
8667,قلبي أنا,5,,,entertainment,play_store,"general,none","general:positive,none:neutral"
8672,حلو اوى,5,,,entertainment,play_store,general,general:positive
8675,جميل ✓,5,,,entertainment,play_store,general,general:positive
8683,تحفه,5,,,entertainment,play_store,"general,none","general:positive,none:neutral"
8690,جىد,5,,,entertainment,play_store,general,general:positive
8696,كتير حلوين,5,,,entertainment,play_store,"general,none","general:positive,none:neutral"
8712,تحفهه ❤️,5,,,entertainment,play_store,"general,none","general:positive,none:neutral"
8713,برنامج جميل جدا جدا,5,,,entertainment,play_store,app_experience,app_experience:positive
8716,لماذا التطبيق لا يفتح عندى ؟ فجأه لقيته معلق اليوم ولم اتمكن من فتحه ابدا اليوم فما المشكله؟,5,,,entertainment,play_store,app_experience,app_experience:negative
8721,اسطوووووووووري,5,,,entertainment,play_store,"general,none","general:positive,none:neutral"
8722,حلوه,5,,,entertainment,play_store,"general,none","general:positive,none:neutral"
8724,جميل جدا في قمة الروعة ❤️ 👍,5,,,entertainment,play_store,general,general:positive
8726,جميل جداً,5,,,entertainment,play_store,general,general:positive
8728,شكرا,5,,,entertainment,play_store,"general,none","general:positive,none:neutral"
8734,رووووووعة,5,,,entertainment,play_store,"general,none","general:positive,none:neutral"
8735,حب,5,,,entertainment,play_store,"general,none","general:positive,none:neutral"
8738,بحب هذا التطبيق ولكن لدي مشكله الان لم يفتح هذا التبيق الان,5,,,entertainment,play_store,app_experience,app_experience:negative
8749,تمام 👌,5,,,entertainment,play_store,general,general:positive
8751,افضل,5,,,entertainment,play_store,"general,none","general:positive,none:neutral"
8762,تطبيق رائع على اسمه تطبيق انغامي وانا احب النغمة والموسيقى,5,,,entertainment,play_store,app_experience,app_experience:positive
8764,جميل للغاية♥️✨,5,,,entertainment,play_store,general,general:positive
8770,حلوه اوي بجد,5,,,entertainment,play_store,"general,none","general:positive,none:neutral"
8771,هيله,5,,,entertainment,play_store,"general,none","general:positive,none:neutral"
8779,من اجمل البرامج,5,,,entertainment,play_store,"general,none","general:positive,none:neutral"
8783,جميل 🙂,5,,,entertainment,play_store,general,general:positive
8790,حلو,5,,,entertainment,play_store,general,general:positive
8794,تطبيق ممتاز، يفوز بافضل تطبيق اغاني حملته انصح فيه,5,,,entertainment,play_store,app_experience,app_experience:positive
8802,جيد جداً,5,,,entertainment,play_store,general,general:positive
8805,جامد مشا الله,5,,,entertainment,play_store,"general,none","general:positive,none:neutral"
8816,تطبيق رائع,5,,,entertainment,play_store,app_experience,app_experience:positive
8831,برنامج رائع ومميز جدا وسهل الاستخدام جدا جدا جدا ♥️♥️,5,,,entertainment,play_store,app_experience,app_experience:positive
8834,من افضل برامج الموسيقى شكرا لفريق انغامى ♥♥♥🌹🌹🌹,5,,,entertainment,play_store,"app_experience,general","app_experience:positive,general:positive"
8839,شكرا 👌✌️🤍🙂,5,,,entertainment,play_store,general,general:positive
8845,حلومره😍🥰,5,,,entertainment,play_store,"general,none","general:positive,none:neutral"
8850,اغاني جميلة جدا,5,,,entertainment,play_store,"general,none","general:positive,none:neutral"
8853,ليس جميل,5,,,entertainment,play_store,general,general:positive
8858,سيءءءء جدا..ما حد ينزله برنامج سيء ومتحكم وإعلانات بشعع,5,,,entertainment,play_store,app_experience,app_experience:negative
8859,جميل قوي,5,,,entertainment,play_store,general,general:positive
8869,برنامج جميل جدا ♥♥🌹,5,,,entertainment,play_store,app_experience,app_experience:positive
8875,شكرا انغامي,5,,,entertainment,play_store,"general,none","general:positive,none:neutral"
8881,جوده عاليه تمام,5,,,entertainment,play_store,"general,none","general:positive,none:neutral"
8885,التطبيق يعتمد عالاعلانات وهذا ليس جيد ويقيد السماع اتمني حل هذه المشكله وسهوله استخدام التطبيق للمستخدم العادي,5,,,entertainment,play_store,app_experience,app_experience:negative
8891,ممتاز شكرا,5,,,entertainment,play_store,general,general:positive
8892,أنهوا تطبيق رائع جدا,5,,,entertainment,play_store,app_experience,app_experience:positive
8899,شكران,5,,,entertainment,play_store,"general,none","general:positive,none:neutral"
8900,الو,5,,,entertainment,play_store,"general,none","general:positive,none:neutral"
8918,مز وحلو,5,,,entertainment,play_store,"general,none","general:positive,none:neutral"
8926,امراتا ياتيني اعلانات طويله فأطر اني اخرج منه ثم ارجع و عندما افتح الكلمات علي الدفع مع ذلك عليها ان تكون مجانيه؟؟,5,,,entertainment,play_store,"price,app_experience","price:negative,app_experience:negative"
8928,تجربه ممتعه,5,,,entertainment,play_store,"general,none","general:positive,none:neutral"
8938,التطبيق جميل جداً جداً ❤️❤️,5,,,entertainment,play_store,app_experience,app_experience:positive
8947,جميله وحلوه,5,,,entertainment,play_store,"general,none","general:positive,none:neutral"
8948,فعلا طبيق ممتاز,5,,,entertainment,play_store,general,general:positive
8952,تطبيق مره حلو 😭,5,,,entertainment,play_store,app_experience,app_experience:positive
8953,ممتااز,5,,,entertainment,play_store,"general,none","general:positive,none:neutral"
8955,ممتاز والله العظيم,5,,,entertainment,play_store,general,general:positive
8958,تطبيق سيء كلو بدو مشترى,5,,,entertainment,play_store,app_experience,app_experience:negative
8962,اكثر من رائع,5,,,entertainment,play_store,general,general:positive
8964,ممتع,5,,,entertainment,play_store,"general,none","general:positive,none:neutral"
8967,Perfect,5,,,entertainment,play_store,"general,none","general:positive,none:neutral"
8973,يعمل بدون نت,5,,,entertainment,play_store,"general,none","general:negative,none:neutral"
8979,ياريت يتم إضافة اغنيه المغنيه المصرين الجديد اول ما تنزل لان في اغنيه لي مغنين المهرجانات مش موجود,5,,,entertainment,play_store,"price,app_experience","price:negative,app_experience:negative"
8980,جيد 👍 شكراا لكم,5,,,entertainment,play_store,general,general:positive
8985,احب انغامي,5,,,entertainment,play_store,"general,none","general:positive,none:neutral"
8986,ممتــــــــــــاز 👍🌟,5,,,entertainment,play_store,general,general:positive
8993,جميل جداً,5,,,entertainment,play_store,general,general:positive
8995,حلو,5,,,entertainment,play_store,general,general:positive
8996,احسن تجربة,5,,,entertainment,play_store,"general,none","general:positive,none:neutral"
8997,تجربة ممتعة ..,5,,,entertainment,play_store,general,general:positive
9006,برنامج جميل ورائع،😍♥♥♥,5,,,entertainment,play_store,"app_experience,general","app_experience:positive,general:positive"
9013,تحفه,5,,,entertainment,play_store,"general,none","general:positive,none:neutral"
9014,افضل تطبيق موسيقي انا جربته و بيوفر اغاني عربيه و انجليزيه و كل المعنيين,5,,,entertainment,play_store,app_experience,app_experience:positive
9019,تحفههه,5,,,entertainment,play_store,"general,none","general:positive,none:neutral"
9025,ممتاز,5,,,entertainment,play_store,general,general:positive
9027,بدون نت أفضل,5,,,entertainment,play_store,"general,none","general:positive,none:neutral"
9028,افضل تطبيق,5,,,entertainment,play_store,app_experience,app_experience:positive
9029,نضي,5,,,entertainment,play_store,"general,none","general:positive,none:neutral"
9031,جميل,5,,,entertainment,play_store,general,general:positive
9035,جيد,5,,,entertainment,play_store,general,general:positive
9038,كيوتتتتتت اوييييي🌸🌸,5,,,entertainment,play_store,"general,none","general:positive,none:neutral"
9039,تحفة,5,,,entertainment,play_store,"general,none","general:positive,none:neutral"
9046,برنامج جميل جدا وفي كل الاغاني واطلب انا يغيرو اشكال فيه ليكون ممتع وجميل ويسحق اربع نجوم,5,,,entertainment,play_store,app_experience,app_experience:positive
9052,تطبيق رائع جداً 🥰❤️,5,,,entertainment,play_store,app_experience,app_experience:positive
9053,جميل بجد,5,,,entertainment,play_store,general,general:positive
9061,تطبيق جميل جدا,5,,,entertainment,play_store,app_experience,app_experience:positive
9062,طبيق جدا راقي,5,,,entertainment,play_store,general,general:positive
9063,عاش بجد,5,,,entertainment,play_store,"general,none","general:positive,none:neutral"
9065,روعة ❤,5,,,entertainment,play_store,"general,none","general:positive,none:neutral"
9077,هذا تطبيق جيد جدا وانا اقيمه ١٠/١٠,5,,,entertainment,play_store,app_experience,app_experience:positive
9082,افضل تطبيق اغاني في العالم,5,,,entertainment,play_store,app_experience,app_experience:positive
9086,تطبيق رائع,5,,,entertainment,play_store,app_experience,app_experience:positive
9089,جيد جداً,5,,,entertainment,play_store,general,general:positive
9091,المشكله ان التطبيق عاوز فلوس عشان تنزل الاغاني,5,,,entertainment,play_store,app_experience,app_experience:negative
9099,كل شيء تمام,5,,,entertainment,play_store,"general,none","general:positive,none:neutral"
9103,مرة حلو,5,,,entertainment,play_store,general,general:positive
9110,ممتع جدا,5,,,entertainment,play_store,general,general:positive
9113,جميل جدا و ستمتاع جيد,5,,,entertainment,play_store,general,general:positive
9120,مميز وجميل,5,,,entertainment,play_store,"general,none","general:positive,none:neutral"
9129,جيد جداأ,5,,,entertainment,play_store,general,general:positive
9130,جميله جداً,5,,,entertainment,play_store,general,general:positive
9133,لأن الاغاني مش بتشتغل لازم اشتراك أو تشتغل اغني انا مش عايزاها طيب انا عايزه اسمع الاغاني من غير اشتراك و انا بسمع كمان ب انترنت ف اعمل ايه تاني بس من غير المشكله دي البرنامج خمس نجوم ارجو أصبحوا المشكله,5,,,entertainment,play_store,app_experience,app_experience:negative
9135,الحقيقة تطبيق ممتاز ولطيف وفيه اغاني كتير متوعه,5,,,entertainment,play_store,app_experience,app_experience:positive
9138,تطبيق جميل,5,,,entertainment,play_store,app_experience,app_experience:positive
9143,ممتازة,5,,,entertainment,play_store,general,general:positive
9144,تطبيق رائع بصراحة 👌 خدام مزيان وسريع شكراً للمطورين,5,,,entertainment,play_store,app_experience,app_experience:positive
9150,تطبيق جدا ممتازة,5,,,entertainment,play_store,app_experience,app_experience:positive
9159,برنامج ممتاز,5,,,entertainment,play_store,"app_experience,general","app_experience:positive,general:positive"
9160,إنه تطبيق رائع جدا أنصح الكل بتبيته 💋,5,,,entertainment,play_store,app_experience,app_experience:positive
9164,الله يعطيك العافيه,5,,,entertainment,play_store,"general,none","general:positive,none:neutral"
9171,جميل💕😍,5,,,entertainment,play_store,general,general:positive
9176,ممتاز بارك الله,5,,,entertainment,play_store,"general,none","general:positive,none:neutral"
9183,كي لخرااا,5,,,entertainment,play_store,"general,none","general:positive,none:neutral"
9184,والله تحفه,5,,,entertainment,play_store,"general,none","general:positive,none:neutral"
9185,تطبق موسيقاجميل,5,,,entertainment,play_store,"general,none","general:positive,none:neutral"
9192,فوضاااا,5,,,entertainment,play_store,"general,none","general:positive,none:neutral"
9198,ممتعة,5,,,entertainment,play_store,"general,none","general:positive,none:neutral"
9199,ممتازين,5,,,entertainment,play_store,"general,none","general:positive,none:neutral"
9203,روعة,5,,,entertainment,play_store,"general,none","general:positive,none:neutral"
9206,كل الاغاني,5,,,entertainment,play_store,"general,none","general:positive,none:neutral"
9212,هذا تطبيق رائع جدا,5,,,entertainment,play_store,app_experience,app_experience:positive
9214,جميللللل,5,,,entertainment,play_store,"general,none","general:positive,none:neutral"
9215,روعهههههههه احبكمممممم,5,,,entertainment,play_store,"general,none","general:positive,none:neutral"
9216,Perfect,5,,,entertainment,play_store,"general,none","general:positive,none:neutral"
9218,ممتاز جداً,5,,,entertainment,play_store,general,general:positive
9220,جويييي افضل تطبيق,5,,,entertainment,play_store,"app_experience,none","app_experience:positive,none:neutral"
9224,يعني ايه يعني ميخلنيش اختار الاغاني اللي انا عوزاها لازم ادفع اشتراك شهري عشان اسمع اللي انا عوزاه بجد التطبيق بقى وحش جدا !!!!! ارجوا حل المشكلة دي بأسرع وقت,5,,,entertainment,play_store,app_experience,app_experience:negative
9226,كتيرر يجنن,5,,,entertainment,play_store,"general,none","general:positive,none:neutral"
9237,الإعلانات دى ايه لازمتها ان مش بحب الاعلانات اللى بتظهر لاكن من غير الإعلانات ياخد ٥ نجوم,5,,,entertainment,play_store,app_experience,app_experience:negative
9240,والله فخم,5,,,entertainment,play_store,"general,none","general:positive,none:neutral"
9245,تطبيق ممتاز جداً استماع اغاني او قراءن كريم جيد جداً,5,,,entertainment,play_store,app_experience,app_experience:positive
9247,تحفه جداً جداً,5,,,entertainment,play_store,general,general:positive
9250,tearda,5,,,entertainment,play_store,"general,none","general:positive,none:neutral"
9272,ليس لديه أي شيء اقوله معاده مثل هذا التطبيق مافي 🎶😎,5,,,entertainment,play_store,app_experience,app_experience:negative
9275,برنامج جميل جداً ومفيد جدا ❤,5,,,entertainment,play_store,app_experience,app_experience:positive
9277,واعرة بزاف😍🥰,5,,,entertainment,play_store,"general,none","general:positive,none:neutral"
9280,سيء جدا واستغلالي,5,,,entertainment,play_store,"general,none","general:negative,none:neutral"
9281,تحفه بصراحه تحفه,5,,,entertainment,play_store,"general,none","general:positive,none:neutral"
9284,حلوخلظ,5,,,entertainment,play_store,"general,none","general:positive,none:neutral"
9285,راءع,5,,,entertainment,play_store,"general,none","general:positive,none:neutral"
9286,حلوو,5,,,entertainment,play_store,"general,none","general:positive,none:neutral"
9294,الاغاني في تحفه,5,,,entertainment,play_store,"general,none","general:positive,none:neutral"
9296,تحت التجربة,5,,,entertainment,play_store,general,general:neutral
9298,جميل جدن,5,,,entertainment,play_store,general,general:positive
9304,تمام,5,,,entertainment,play_store,"general,none","general:positive,none:neutral"
9305,حلو جدآ,5,,,entertainment,play_store,general,general:positive
9307,واو,5,,,entertainment,play_store,"general,none","general:positive,none:neutral"
9309,التطبيق ما اخذ نجمة الا لانه استغلالي بحت مثال على استقلاليته -نظام التشغيل العشوائي- هذا دليل قاطع على انه يريد يجبر المستخدم انه يدفع عشان يدخل في البريميم،بالكاد حتى تقدر تسمع اغنية مرتين...في الاخير الاغنية الي انا اريد اسمعها اختيار شخصي مني مو منكم. -نظام الحفظ- لما تحفظ اغنية في قائمة معينة ما راح تسمعها كلها لا،راح تسمع جزء صغير منها ولازم تشترك عشان تسمعها كلها،وذا برضه واضح انه إجبار مستخدم -نظام الاستماع- لما تدخل عند صفحة مغني معين او البوم راح تشوف اسماء الاغاني مب اغاني,5,,,entertainment,play_store,"service,price,app_experience","service:negative,price:negative,app_experience:negative"
9313,جميل و رائع جدآ(اخوكم من العراق),5,,,entertainment,play_store,general,general:positive
9318,رائعة جدا,5,,,entertainment,play_store,general,general:positive
9319,التطبيق عشان تختار اغنيه عايز تسمعها لازم تدفع فلوس تجربه وحشه لو ينفع القيمه نص نجمه كنت عملت,5,,,entertainment,play_store,"price,app_experience","price:negative,app_experience:negative"
9320,تطبيق لا يريد الدخول من رقم الهاتف,5,,,entertainment,play_store,"app_experience,none","app_experience:negative,none:neutral"
9321,احسن تطبيق اغاني في العالم,5,,,entertainment,play_store,"app_experience,none","app_experience:positive,none:neutral"
9323,Good music,5,,,entertainment,play_store,"general,none","general:positive,none:neutral"
9329,كلش حلو,5,,,entertainment,play_store,"general,none","general:positive,none:neutral"
9330,كان هذا ممتعاً,5,,,entertainment,play_store,"general,none","general:positive,none:neutral"
9333,انه تطبيق جميل,5,,,entertainment,play_store,app_experience,app_experience:positive
9337,حلوقوي,5,,,entertainment,play_store,"general,none","general:positive,none:neutral"
9346,تطبيق رائع جدا🥰,5,,,entertainment,play_store,app_experience,app_experience:positive
9348,تحفه بجد,5,,,entertainment,play_store,"general,none","general:positive,none:neutral"
9350,ممتاز والله,5,,,entertainment,play_store,general,general:positive
9353,بحبه,5,,,entertainment,play_store,"general,none","general:positive,none:neutral"
9369,سيء جدا وفيه إعلانات وغير مجاني وما تقدر تسمع الاغنيه اكتر من مره وما تقدر تتخطى الاغنيه اذا ما اعجبتك ويشغل لحاله,5,,,entertainment,play_store,"price,app_experience","price:negative,app_experience:negative"
9372,افضل تطبيق😍❤️‍🔥❤️‍🔥❤️‍🔥.,5,,,entertainment,play_store,"app_experience,general","app_experience:positive,general:positive"
9373,تطبيق رائع 🤩,5,,,entertainment,play_store,app_experience,app_experience:positive
9380,الأغاني حلوه مووووووووت,5,,,entertainment,play_store,"general,none","general:positive,none:neutral"
9388,افضل تطبيق في الكوووووووون,5,,,entertainment,play_store,app_experience,app_experience:positive
9392,ممتاز,5,,,travel,play_store,general,general:positive
9393,افضل تطبيق,5,,,travel,play_store,app_experience,app_experience:positive
9396,ممتاز . تحياتي لكم,5,,,travel,play_store,general,general:positive
9398,شكرا,5,,,travel,play_store,"general,none","general:positive,none:neutral"
9403,ممتاز واسعار منافسه,5,,,travel,play_store,"price,general","price:positive,general:positive"
9404,ممتاز ومفيد,5,,,travel,play_store,general,general:positive
9406,جميل ومريح,5,,,travel,play_store,general,general:positive
9409,تمام,5,,,travel,play_store,general,general:positive
9413,جيد,5,,,travel,play_store,general,general:positive
9419,تطبيق جميل جدا,5,,,travel,play_store,app_experience,app_experience:positive
9420,ممتازة,5,,,travel,play_store,general,general:positive
9424,خدمة العملاء لا ترد بسرعه بحجة الأوضاع الحاليه هي خدمة العملاء مالها ومال الأوضاع الحاليه ولا يستاهل اي نجمه,5,,,travel,play_store,"service,app_experience","service:negative,app_experience:negative"
9427,تطبيق ممتاز,5,,,travel,play_store,app_experience,app_experience:positive
9434,لا انصح اى شخص بالتعامل معاهم تطبيق سئ جدا حجزت مواعيد طيران ولكن شركات الطيران لغت الحجز نظرا لإغلاق المجال الجوى اكثر من ٤ ايام احاول اتواصل معاهم علشان استكمل عمليه استرجاع المبلغ أو حل لتغير المواعيد مثل ما قالت لى شركات الطيران مفيش حد يتواصل ولا حد بيرد وابعت ايميلات قمه الإهمال اكثر من ٤ او ٥ ايام مفيش رد ولا اهتمام حتى لو فى ضغط مش معقوله عدم الرد لاكتر من ٤ ايام نرن على ارقامهم نفس الشئ حاجه مش طبيعيه بجد وسئ جدا التعامل بالشكل دا,5,,,travel,play_store,"service,app_experience","service:negative,app_experience:negative"
9440,تطبيق جميل ومريح جدآ 🌹,5,,,travel,play_store,app_experience,app_experience:positive
9444,تطبيق رائع,5,,,travel,play_store,app_experience,app_experience:positive
9456,روعه ماشاء الله,5,,,travel,play_store,"general,none","general:positive,none:neutral"
9458,شكراً,5,,,travel,play_store,"general,none","general:positive,none:neutral"
9461,ممتاز ومفيد جدا,5,,,travel,play_store,general,general:positive
9464,ممتتاز,5,,,travel,play_store,"general,none","general:positive,none:neutral"
9468,ممتاز جداً جداً,5,,,travel,play_store,general,general:positive
9474,جميل,5,,,travel,play_store,general,general:positive
9478,تطبيق حالك حلوة جميلة جداً,5,,,travel,play_store,app_experience,app_experience:positive
9480,تجربة ممتازة,5,,,travel,play_store,general,general:positive
9481,برنامج رائع وأخلاق الموظف الأستاذ (جاسر) عالية جدا وكان تعامله راقيا جدا,5,,,travel,play_store,"service,app_experience","service:positive,app_experience:positive"
9488,تطبيق رائع وتعامل الاستاذ هشام امام فوق الوصف وممتاز جدا,5,,,travel,play_store,"service,app_experience","service:positive,app_experience:positive"
9490,ممتار,5,,,travel,play_store,"general,none","general:positive,none:neutral"
9493,ممتاذ 👍,5,,,travel,play_store,general,general:positive
9494,ممتاز جداً,5,,,travel,play_store,general,general:positive
9499,تطبيق رائع للاندرويد و ممتاز جدا,5,,,travel,play_store,app_experience,app_experience:positive
9501,من خلال التصفح والبحث يبدوا أنه تطبيق رائع جداً,5,,,travel,play_store,app_experience,app_experience:positive
9504,اوك,5,,,travel,play_store,"general,none","general:positive,none:neutral"
9509,حلو,5,,,travel,play_store,general,general:positive
9510,معا الأسف حجزت فندق في مكه وتم خصم المبلغ اروح الفندق مافي حجز تعامل الموظف سياء وخدمه سيئة حسبي الله ونعم الوكيل,5,,,travel,play_store,"service,price,app_experience","service:negative,price:negative,app_experience:negative"
9512,ممتاذ,5,,,travel,play_store,general,general:positive
9514,روعة,5,,,travel,play_store,"general,none","general:positive,none:neutral"
9517,روعه ماشاءالله,5,,,travel,play_store,"general,none","general:positive,none:neutral"
9521,تطبيق رائع واحترافية عالية جدا شكرا جزيلا,5,,,travel,play_store,app_experience,app_experience:positive
9527,رائعة جدا,5,,,travel,play_store,general,general:positive
9529,جمييييييييبيببببييل,5,,,travel,play_store,"general,none","general:positive,none:neutral"
9542,مميز جدا,5,,,travel,play_store,"general,none","general:positive,none:neutral"
9545,روووووووعة,5,,,travel,play_store,"general,none","general:positive,none:neutral"
9547,برنامج جيد جدا ومفيد,5,,,travel,play_store,app_experience,app_experience:positive
9549,جيد انصح به,5,,,travel,play_store,general,general:positive
9550,تطبيق ممتاز وسهل وواضح,5,,,travel,play_store,app_experience,app_experience:positive
9552,برنامج رائع وممتاز وجميل,5,,,travel,play_store,app_experience,app_experience:positive
9555,منيح,5,,,travel,play_store,"general,none","general:positive,none:neutral"
9569,طببيق ممتاز,5,,,travel,play_store,general,general:positive
9570,مفيدجدا,5,,,travel,play_store,"general,none","general:positive,none:neutral"
9574,تعامل محترم وجاد جدا.. وناس ذوق ... وخدمة عملاء ممتازة. فعلا ساعدونا كتير...,5,,,travel,play_store,"service,app_experience","service:positive,app_experience:positive"
9579,جيدة,5,,,travel,play_store,"general,none","general:positive,none:neutral"
9581,ممتاز ودقيق,5,,,travel,play_store,general,general:positive
9584,مفيدة,5,,,travel,play_store,"general,none","general:positive,none:neutral"
9585,جيد جدا برنامج سهل الاستخدام وسريع جدا شكرا على المقيمين على البرنامج اتمنى للجميع تنزيل البرنامج الرائع,5,,,travel,play_store,"service,app_experience","service:positive,app_experience:positive"
9587,تطبيق ممتاز وامن,5,,,travel,play_store,app_experience,app_experience:positive
9595,جميلة,5,,,travel,play_store,"general,none","general:positive,none:neutral"
9597,أكثر من رائع,5,,,travel,play_store,general,general:positive
9602,تطبيق جميل جدا وأسعار خيال,5,,,travel,play_store,"price,app_experience","price:positive,app_experience:positive"
9614,اسوأ برنامج استخدمتو . تجربة سيئه جدا للدعم الفني الرقم المصري ( طيور الهدى) اكثر من نص ساعة على الانتظار وماحدا رد مع العلم كاتبين خدمة 24/24 باختصار بعد إلغاء الرحلة لأسباب جوية لم استطع الحصول على دعم فني من البرنامج لا انصح به,5,,,travel,play_store,"service,app_experience","service:negative,app_experience:negative"
9617,منتاز,5,,,travel,play_store,"general,none","general:positive,none:neutral"
9619,شكرا ويكو,5,,,travel,play_store,"general,none","general:positive,none:neutral"
9628,للأسف خدمة عملاء سيئة جدا وغير متعاونين ولا انصح بالتعامل معهم,5,,,travel,play_store,service,service:negative
9633,تطبيق Wego ممتاز من حيث المصداقيه والاسعار والمواعيد,5,,,travel,play_store,"price,app_experience","price:positive,app_experience:positive"
9636,حلو لسا مستعمله,5,,,travel,play_store,"general,none","general:positive,none:neutral"
9640,تطبيق ممتاز شكرا لكم,5,,,travel,play_store,app_experience,app_experience:positive
9642,برنامج ويجوه جميل جدا وسهل الاستخدام موظفة / رحمه رضا لطيفة جدا وحبوبة في تعامل مع العملاء .. شكرا جزيلا ... لكم,5,,,travel,play_store,"service,app_experience","service:positive,app_experience:positive"
9648,تطبيق جميل جداً جداً,5,,,travel,play_store,app_experience,app_experience:positive
9650,مشاء الله ممتاز,5,,,travel,play_store,general,general:positive
9653,جيد محتواه مفيد,5,,,travel,play_store,general,general:positive
9655,عند تحميل التطبيق تحصل سعر طيب وبعدها ترفع الأسعار,5,,,travel,play_store,"price,app_experience","price:negative,app_experience:negative"
9657,شكرا لجهودكم,5,,,travel,play_store,"general,none","general:positive,none:neutral"
9658,اكثر من ممتاز,5,,,travel,play_store,general,general:positive
9659,ممتازة جدا,5,,,travel,play_store,general,general:positive
9662,ماشاء الله,5,,,travel,play_store,"general,none","general:positive,none:neutral"
9664,حلو سهل,5,,,travel,play_store,"general,none","general:positive,none:neutral"
9665,طول عمري أتعامل مع ويجو ولكن للأسف أخر تجربه لي كانت تجربه سيئه تم خصم المبلغ ولم يتم حجز التذكره ولم يتم إسترداد المبلغ إلي الآن من تاريخ 16 /12/2025 وتواصلت معهم بكل الطرق دون جدوي,5,,,travel,play_store,"service,price,app_experience","service:negative,price:negative,app_experience:negative"
9668,ممتاز وأكثر من رائع,5,,,travel,play_store,general,general:positive
9674,ممتاز,5,,,travel,play_store,general,general:positive
9676,جميل وسهل,5,,,travel,play_store,general,general:positive
9677,جيد جدا ومفيد,5,,,travel,play_store,general,general:positive
9679,Great,5,,,travel,play_store,"general,none","general:positive,none:neutral"
9692,يرفض تسجيل دخول التطبيق,5,,,travel,play_store,app_experience,app_experience:negative
9722,Top 👍,5,,,travel,play_store,"general,none","general:positive,none:neutral"
9723,ممتاز جداً,5,,,travel,play_store,general,general:positive
9724,شكراً أنتم الأفضل,5,,,travel,play_store,"general,none","general:positive,none:neutral"
9726,َممتاز,5,,,travel,play_store,general,general:positive
9728,تطبيق ممتاز,5,,,travel,play_store,app_experience,app_experience:positive
9729,جميل جدا,5,,,travel,play_store,general,general:positive
9730,والله برزقه وباكد اسوء تطبيق تحجز عليه نفس التطبيق ما بلتزم بالشروط اللي هو حاطها والله ما بنصح حدا يجرب يروح عليه,5,,,travel,play_store,app_experience,app_experience:negative
9734,طبيق جميل وريدتطويره,5,,,travel,play_store,general,general:positive
9736,أما أقطع تذكرة أوكيه، واستنى الدفع أكلم العميل يقول لي استنى من 24 ساعة 48 ساعة والحجز بتاعك هيتكمل. وبعد ما استنى اجي، أكلم العميل يقول لي بعتذر الحجز. بتاعك لم يتم دا إسم تهريب لما تبقى شركة عالمية وتتحقو علينا بالنسبة ليا، إن مقاليش تفسير. عن اللي، حصل أول وآخر مرة ها تعامل مع الشركة,5,,,travel,play_store,"service,app_experience","service:negative,app_experience:negative"
9739,جيد جداً,5,,,travel,play_store,general,general:positive
9741,ممتازة,5,,,travel,play_store,general,general:positive
9746,للأسف عندى تجارب كثيرة معهم لكن آخر تجربتين كانوا سيئين جدا واحدة كانت من شهرين تقريبا حجزنا فندق وعندما وصلنا للفندق تفاجأنا بأن الفندق يخبرنا بأنه لا يوجد أماكن فاضية واضطررت لالغاء رحلتى والعودة إلى الرياض المرة الثانية كانت اليوم حجزنا فندق بحى اجياد وقام الفندق بارسال الموقع لنا وعندما وصلنا من الرياض أخبرنا ممثل الفندق بأننا يجب علينا الذهاب إلى العزيزية ولا يوجد أماكن فاضية هنا ومثل المرة الأولى عملت عمرتى ورجعت للرياض,5,,,travel,play_store,"service,price,ambiance,app_experience","service:negative,price:negative,ambiance:negative,app_experience:negative"
9754,جيد 👍,5,,,travel,play_store,general,general:positive
9755,جميل,5,,,travel,play_store,general,general:positive
9762,تطبيق ممتااز جدا,5,,,travel,play_store,app_experience,app_experience:positive
9765,افضل,5,,,travel,play_store,"general,none","general:positive,none:neutral"
9779,لا أريد هذه التطبيق,5,,,travel,play_store,"app_experience,none","app_experience:negative,none:neutral"
9780,لايوجد حللول لمشاكل العملاء..وعدم رد المبالغ فقط المماطلة. ولا انصح بالتعامل .اهم شيء يحصل على المبلغ وبعد ذالك لايتجاوب. وكذالك اي فندق يطلب الدفع مقدما عن طريق بوكنج لاتدفعون بالبطاقة ..,5,,,travel,play_store,"service,price,app_experience","service:negative,price:negative,app_experience:negative"
9784,اكثر من رائع,5,,,travel,play_store,general,general:positive
9788,ممتااز,5,,,travel,play_store,"general,none","general:positive,none:neutral"
9798,فوق جميل,5,,,travel,play_store,general,general:positive
9806,شكرا لك,5,,,travel,play_store,"general,none","general:positive,none:neutral"
9811,شكرا لكم,5,,,travel,play_store,"general,none","general:positive,none:neutral"
9813,لاغنى عنكم رائعييين,5,,,travel,play_store,"general,none","general:positive,none:neutral"
9815,ما شاء الله,5,,,travel,play_store,"general,none","general:positive,none:neutral"
9822,ماشاءالله,5,,,travel,play_store,"general,none","general:positive,none:neutral"
9823,موتور ممتاز,5,,,travel,play_store,general,general:positive
9825,خمس 🌟 🌃,5,,,travel,play_store,"general,none","general:positive,none:neutral"
9826,ممتاز👍,5,,,travel,play_store,general,general:positive
9833,رؤؤعة,5,,,travel,play_store,"general,none","general:positive,none:neutral"
9841,تمام,5,,,travel,play_store,general,general:positive
9849,تطبيق ممتاز ورائع ، فادني كثير في حجوزاتي ، شكرا لكم,5,,,travel,play_store,app_experience,app_experience:positive
9855,تطبيق جميل جداً و مفيد و رائع أتمنى لگم التقدم دائمآ,5,,,travel,play_store,app_experience,app_experience:positive
9857,شكرا جزيلا,5,,,travel,play_store,"general,none","general:positive,none:neutral"
9858,بوكينج لم يعد مثل سابقا تم الحجز عن طريقه في الكويت وحسم المبلغ ونمنا بعدها في الشارع والى اليوم الموضوع رغم تقدمي بشكواء,5,,,travel,play_store,"service,app_experience","service:negative,app_experience:negative"
9870,جيدة جدا,5,,,travel,play_store,general,general:positive
9882,زفت اسعاره غاليه على قل سنع,5,,,travel,play_store,price,price:negative
9897,شكرن,5,,,travel,play_store,"general,none","general:positive,none:neutral"
9898,قوة,5,,,travel,play_store,"general,none","general:positive,none:neutral"
9906,مميز,5,,,travel,play_store,"general,none","general:positive,none:neutral"
9907,في تزوير,5,,,travel,play_store,"general,none","general:positive,none:neutral"
9912,ماااشاااء الله تبارك الله ماايسيتااااهل ولا نجمه نجمه اااالتعلقتة علشان اااالتعلقتة وجاااري اااالحذف,5,,,travel,play_store,"general,none","general:negative,none:neutral"
9922,"The application has become extremely bad and does not care about customers. It contains false information, unreal locations and directions, and unrealistic photos of some hotels, without making any effort to verify them. Despite this, it does not refund booking fees even after multiple complaints. Some hotels reduce their prices after the booking is made. I informed them about this, and the Booking app staff asked me to provide an invoice from the hotel. They verified themselves that the price",5,,,travel,play_store,"service,price,app_experience","service:negative,price:negative,app_experience:negative"
9926,البرنامج كويس بس لي بينزل السعر بالجنيه وانا اصلا ف السعوديه حاولت كذا مره اغيره ل ريال معرفتش,5,,,travel,play_store,"service,price,app_experience","service:negative,price:negative,app_experience:negative"
9928,تطبيق ممتاز وسهل جدا,5,,,travel,play_store,app_experience,app_experience:positive
9943,heart,5,,,travel,play_store,"general,none","general:positive,none:neutral"
9945,تجربة سيئة جداً,5,,,travel,play_store,general,general:negative
9950,قوه,5,,,travel,play_store,"general,none","general:positive,none:neutral"
9957,شكرآ لخدمتكم,5,,,travel,play_store,"general,none","general:positive,none:neutral"
9968,تمام 👌,5,,,travel,play_store,general,general:positive
9969,تجربتي جيدة جدا,5,,,travel,play_store,general,general:positive
9975,معقول,5,,,travel,play_store,"general,none","general:positive,none:neutral"
9980,شكراً,5,,,travel,play_store,"general,none","general:positive,none:neutral"
9988,فنان,5,,,travel,play_store,"general,none","general:positive,none:neutral"
9989,مممتاز,5,,,travel,play_store,general,general:positive
9994,اخر مره الحجوزات كلها كذه ويتم الغاء الحجوزات من قبل مسؤال الحجز بكيف حجزت مره ثانيه جابو الموقع ورقم الا يجيب وغير مستخدم هاذه يثبت انه في نصب,5,,,travel,play_store,"service,app_experience","service:negative,app_experience:negative"
9996,شكرااا,5,,,travel,play_store,"general,none","general:positive,none:neutral"
10007,التطبيق جيد لا شك في ذلك ولكن استرجاع المبلغ غيرجيد,5,,,travel,play_store,app_experience,app_experience:negative
10009,تطبيق ممتاز وسهل ويوفر حجوزات للفنادق والطيران لجميع دول العالم ... انصح بأستخدامه....,5,,,travel,play_store,app_experience,app_experience:positive
10014,شكرا 🌹🌹🌹🌹,5,,,travel,play_store,"general,none","general:positive,none:neutral"
