review_id,review_text,star_rating,date,business_name,business_category,platform
1,Incroyablement grand avec des belles boutiques et 8 étages complet. J'ai passé la journée là bas tout est propre même les toilettes,5,قبل 7 ساعات,مول سيتي ستارز.,مركز تسوق,google_maps
2,زحمه جدا,5,قبل 12 ساعة,مول سيتي ستارز.,مركز تسوق,google_maps
3,حلو فخم كشخة  محترم ورايق ينفع للعوائل الخليجية خصوصا انه اه مدخل للمول واًو,5,قبل يوم واحد,مول سيتي ستارز.,مركز تسوق,google_maps
4,طبعا غني عن التعريف بتاع البشوات,5,قبل يوم واحد,مول سيتي ستارز.,مركز تسوق,google_maps
5,Centro commerciale al Cairo... Molto grande e bello,5,قبل يومين (2),مول سيتي ستارز.,مركز تسوق,google_maps
6,Nice,5,قبل يومين (2),مول سيتي ستارز.,مركز تسوق,google_maps
7,Very nice shopping but expensive.,5,قبل 4 ساعات,كايرو فستيفال سيتي مول,مركز تسوق,google_maps
8,روعة جدًا ولم أتوقع أن أجد مولًا في مصر مثل هذا، بصراحة أروع من مولات في السعودية.,5,قبل 20 ساعة,كايرو فستيفال سيتي مول,مركز تسوق,google_maps
9,ممتاز,5,قبل 21 ساعة,كايرو فستيفال سيتي مول,مركز تسوق,google_maps
10,المكان جميل انبسطنا فيه,5,قبل 23 ساعة,كايرو فستيفال سيتي مول,مركز تسوق,google_maps
11,مكن ممتاز لتسوق و لقضاء يوم مع الاولاد,4,قبل يوم واحد,كايرو فستيفال سيتي مول,مركز تسوق,google_maps
12,"This is our favorite family shopping spot in Cairo, where you’ll find numerous shops and a fantastic food court. Carrefour and Ikea make it a perfect shopping destination for families. Plus, there's plenty of parking available for your convenience.",5,قبل يوم واحد,كايرو فستيفال سيتي مول,مركز تسوق,google_maps
13,"One star should be generous !
The security think themselves angles protecting Jahnan ! Super rude
No ramps for Handicapped or families with baby strollers !!!!!
No change tables in the washrooms
They blocked the food court so you can’t bring a stroller in !!!
So many weird stuff resulted from poor planning and managmen",1,قبل يوم واحد,كايرو فستيفال سيتي مول,مركز تسوق,google_maps
14,جيد جدا,5,تاريخ التعديل: قبل يوم واحد,كايرو فستيفال سيتي مول,مركز تسوق,google_maps
15,مول مميز,5,تاريخ التعديل: قبل يوم واحد,كايرو فستيفال سيتي مول,مركز تسوق,google_maps
17,مكان تحفه واكل جميل,5,قبل 9 ساعات,مطعم صبحي كابر,مطعم مأكولات مصرية,google_maps
18,مطعم صبحي كابر من المطاعم الشهيرة في مصر ويتميز بالطعم المصري الاصيل,5,قبل 11 ساعة,مطعم صبحي كابر,مطعم مأكولات مصرية,google_maps
20,Cibo di ottima qualità rispetto quello che c’è in giro a sharm. Servizio ottimo grazie ad Ali ( cameriere bravo),5,قبل يوم واحد,مطعم صبحي كابر,مطعم مأكولات مصرية,google_maps
22,الاكل نازل بارد والرز كان فيه شعره  الاستيك ناشف جدا بجد تجربه وحشه جدا فصيام اول واخر مره فرع الشيخ زايد,1,قبل 3 أيام,مطعم صبحي كابر,مطعم مأكولات مصرية,google_maps
27,Give them a small tip and they’ll treat you like a prince! Stayed a couple days in Cairo before eating here and was struggling with the food in Egypt until we found this place we constantly went back,5,قبل 5 أيام,مطعم صبحي كابر,مطعم مأكولات مصرية,google_maps
28,"Decent enough food, lamb was overcooked but still good. Be warned that as a foreigner, every person you make eye contact with will expect baksheesh and ask for it without shame. Unfortunately common in Egypt but even so this place stood out as being extra horrible with even the manger saying my 15% tip wasn’t enough and that he also needs his baksheesh, and then the guy outside also doing the same. They do NOT do this for locals. Disgusting behaviour.",2,قبل أسبوع,مطعم صبحي كابر,مطعم مأكولات مصرية,google_maps
29,"The best shopping mall with all the major brands. There is also a great kids’ play area, which makes it perfect for families.",5,قبل 12 ساعة,مول العرب,مركز تسوق,google_maps
30,I like it,5,قبل 12 ساعة,مول العرب,مركز تسوق,google_maps
31,احسن مول في مصر تجاري و مستوى نضافة فوق الممتاز,5,تاريخ التعديل: قبل 23 ساعة,مول العرب,مركز تسوق,google_maps
32,ينقصة الاهتمام بمواقف السيارات,4,قبل يوم واحد,مول العرب,مركز تسوق,google_maps
33,Everything there,5,قبل يوم واحد,مول العرب,مركز تسوق,google_maps
34,Acayip büyük bir AVM içeride aradığınız bir şey bulamamanız imkansız en ucuzundan en pahalısına her türlü mağaza ve restoran mevcur.,5,قبل يوم واحد,مول العرب,مركز تسوق,google_maps
35,Big mall and clean,5,قبل يوم واحد,مول العرب,مركز تسوق,google_maps
36,رائع,5,قبل يوم واحد,مول العرب,مركز تسوق,google_maps
37,حلو جدا ومميز,5,قبل يوم واحد,مول العرب,مركز تسوق,google_maps
38,"Pretty big mal with lots of diff brands from home to beauty, sport and electronics with a huge food court. You can spend a half a day and discover the place there is a free wifi for guests too. The only downside was very difficult to find a uber spot but the rest was pretty good. For Eu traveler’s the prices in eu brands are way higher than back home.",5,قبل 3 ساعات,مول مصر,مركز تسوق,google_maps
39,جميل,5,تاريخ التعديل: قبل 8 ساعات,مول مصر,مركز تسوق,google_maps
40,مكان كتير حلو,5,قبل 11 ساعة,مول مصر,مركز تسوق,google_maps
41,خدمه رائعه طرق بسيطه ومتكامل,5,قبل 22 ساعة,مول مصر,مركز تسوق,google_maps
42,رائعه,5,قبل يوم واحد,مول مصر,مركز تسوق,google_maps
44,جميل وفي كل الخدمات,5,قبل يوم واحد,مول مصر,مركز تسوق,google_maps
45,Wonderful,5,قبل يومين (2),مول مصر,مركز تسوق,google_maps
46,Best Shopping Mall in Egypt,5,قبل 3 أيام,مول مصر,مركز تسوق,google_maps
47,Amazing mall .,5,قبل 3 أيام,مول مصر,مركز تسوق,google_maps
48,افضل مطاعم ومقاهي وملابس,5,قبل 12 ساعة,سيتي سنتر ألماظة,مركز تسوق,google_maps
49,متعة التسوق والكثير من المقاهي,5,تاريخ التعديل: قبل يوم واحد,سيتي سنتر ألماظة,مركز تسوق,google_maps
50,مركز تجارى يخدم منطقة مصر الجديده وأجوارها,5,تاريخ التعديل: قبل 3 أيام,سيتي سنتر ألماظة,مركز تسوق,google_maps
51,"À high end mall In the neighborhood of Heliopolis
Excellent for ready-made garments, households, furniture or just sitting at one of the many cafes and restaurants",5,تاريخ التعديل: قبل 3 أيام,سيتي سنتر ألماظة,مركز تسوق,google_maps
52,تمامً,5,قبل 12 ساعة,مركز البستان للأجهزة الإلكترونية,مركز تسوق,google_maps
53,تمت,5,قبل 5 أيام,مركز البستان للأجهزة الإلكترونية,مركز تسوق,google_maps
54,مكان جميل,5,قبل أسبوعين,داون تاون القطامية,مركز تسوق,google_maps
55,Ich glaube die meisten Menschen fahren mehr herum als daß sie arbeiten .. Chaos.,3,قبل 3 أسابيع,داون تاون القطامية,مركز تسوق,google_maps
56,مكان مزدحم جدا جدا جدا,1,قبل شهر,داون تاون القطامية,مركز تسوق,google_maps
57,مكان جيد و...,5,قبل شهر,داون تاون القطامية,مركز تسوق,google_maps
58,مكان مناسب بجميع الاعمار,5,قبل شهر,داون تاون القطامية,مركز تسوق,google_maps
59,Like it so much,5,قبل شهرين,داون تاون القطامية,مركز تسوق,google_maps
60,روعة المحلات  واماكن القهوه يستحق الزياره متنفس جيد للمشي والتنزه وتنوع المبيعات داخل الداون,5,قبل شهرين,داون تاون القطامية,مركز تسوق,google_maps
61,Good,3,تاريخ التعديل: قبل شهرين,داون تاون القطامية,مركز تسوق,google_maps
63,I really like this year's Christmas decorations ~ 🎄💚❤️,4,قبل 3 أشهر,داون تاون القطامية,مركز تسوق,google_maps
64,تجربة ممتازة,5,قبل 3 أشهر,داون تاون القطامية,مركز تسوق,google_maps
66,عبارة مجمعات متفرقة اغلبه اثاث يوجد مطاعم ومقاهي لكن قليلة  لايستحق العناء إليه    …,1,تاريخ التعديل: قبل 3 أشهر,داون تاون القطامية,مركز تسوق,google_maps
67,جيد للمشتريات المنزليه,5,قبل 3 أشهر,داون تاون القطامية,مركز تسوق,google_maps
68,مول بسيط مش واو,3,قبل يومين (2),جنينة مول,مركز تسوق,google_maps
69,محلات متنوعه فى مكان مميز,5,تاريخ التعديل: قبل 6 أيام,جنينة مول,مركز تسوق,google_maps
71,حلو والله مش بتوه فية و صغير,5,قبل أسبوع,جنينة مول,مركز تسوق,google_maps
72,Amazing 👏 place 👍,5,تاريخ التعديل: قبل أسبوع,جنينة مول,مركز تسوق,google_maps
73,very good,5,قبل 3 أيام,معادى سيتى سنتر,مركز تسوق,google_maps
74,رائع,5,قبل 4 أيام,معادى سيتى سنتر,مركز تسوق,google_maps
75,مركز تسوق 🛍 كارفور سيتى سنتر المعادى متوفر جميع المحلات والبرندات اللي ممكن تحتاجها حاجة جميلة تستحق التجربة,5,تاريخ التعديل: قبل أسبوع,معادى سيتى سنتر,مركز تسوق,google_maps
76,حلو,5,قبل أسبوع,معادى سيتى سنتر,مركز تسوق,google_maps
77,•	“فندق جميل وهادي، والاهتمام بالتفاصيل واضح جدًا. شكرًا للإدارة على التجربة الرائعة,5,قبل 13 ساعة,هيلتون رمسيس,فندق,google_maps
78,تحفه,5,قبل 13 ساعة,هيلتون رمسيس,فندق,google_maps
79,"Mahmoud, cristina , rahama perfect service",4,قبل يوم واحد,هيلتون رمسيس,فندق,google_maps
80,"Wir waren im Hilton nur im Garden Court um etwas zu trinken. Der Service war grauenhaft. Die Servicekraft war sehr unhöflich und hat leider nur gebrochen englisch gesprochen, was schade ist aber an sich ja nicht schlimm. Aber dann nicht einmal ein kleines Lächeln und ein Okay wenn man eine Bestellung aufnimmt sondern nur ein unfreundliches Nicken?! Ich bin entsetzt. Zudem schien es mir ziemlich unorganisiert, es fehlte mal eine Serviette, mal musste man extra nachfragen ob man ein Glas bekommen konnte nachdem man ein Wasser bestellt hatte da nur die Flasche gebracht wurde und dies dauerte dann auch noch über 10Minuten. Wir wurden auch mehrmals von der Servicekraft ignoriert wenn wir etwas bestellen wollten. Die Getränken waren jedoch gut und das Essen den Verhältnissen entsprechend auch.",1,قبل يوم واحد,هيلتون رمسيس,فندق,google_maps
81,"Mohammed Gamal excelente anfitrion del hotel , me ayudó con el habla hispana, servicial, atento, me encantó la ubicación frente al Nilo
La cama king excelente",5,قبل يوم واحد,هيلتون رمسيس,فندق,google_maps
82,Excellent place and their service fantastic,5,قبل يوم واحد,هيلتون رمسيس,فندق,google_maps
83,Friendly staff and great view,5,قبل يوم واحد,هيلتون رمسيس,فندق,google_maps
85,فندق رائع و خدمة ممتازه,5,قبل يوم واحد,هيلتون رمسيس,فندق,google_maps
86,Luxury with a great view,5,قبل يوم واحد,هيلتون رمسيس,فندق,google_maps
87,"Top... Piscina, colazione, ambiente, posizione, Nilo, pub al 32 piano...top",5,قبل يومين (2),هيلتون رمسيس,فندق,google_maps
88,"The best of the hotel Christina and Rahma
And ibrahim",5,قبل يومين (2),هيلتون رمسيس,فندق,google_maps
89,"Quarto um pouco datado, mas com cama confortável e espaçoso. As paredes e janelas necessitam de melhor isolamento. Staff fantástico, super acolhedor e disponível. Localização excelente lente muito perto do centro da cidade, da praça principal e do antigo museu egípcio.",4,قبل يومين (2),هيلتون رمسيس,فندق,google_maps
90,مول حلو وقديم يعبر عن حضاره مصر,4,قبل 7 ساعات,مول طلعت حرب,مركز تسوق,google_maps
91,اشهر مولات مصر سابقا,5,قبل 4 أيام,مول طلعت حرب,مركز تسوق,google_maps
92,مكان راقي لكن أسعار عالية,3,قبل 6 أيام,مول طلعت حرب,مركز تسوق,google_maps
93,جميل,5,قبل أسبوع,مول طلعت حرب,مركز تسوق,google_maps
95,Very good,5,قبل 6 أيام,صن سيتى,مركز تسوق,google_maps
96,Bütün dükkanlar kapalı gitmeye değecek bir yer değil,1,تاريخ التعديل: قبل أسبوع,صن سيتى,مركز تسوق,google_maps
98,أفضل تجربة سينمائية,5,قبل أسبوعين,صن سيتى,مركز تسوق,google_maps
99,👌😊,4,قبل 3 أسابيع,صن سيتى,مركز تسوق,google_maps
100,Shady,5,قبل 10 ساعات,شتيجنبرجر,فندق,google_maps
101,Shady,5,قبل 11 ساعة,شتيجنبرجر,فندق,google_maps
102,Shady,5,قبل 11 ساعة,شتيجنبرجر,فندق,google_maps
103,Shady,5,قبل 11 ساعة,شتيجنبرجر,فندق,google_maps
104,Shady,5,قبل 11 ساعة,شتيجنبرجر,فندق,google_maps
105,Shady,5,قبل 11 ساعة,شتيجنبرجر,فندق,google_maps
106,shady,5,قبل 11 ساعة,شتيجنبرجر,فندق,google_maps
108,Shady,5,قبل 11 ساعة,شتيجنبرجر,فندق,google_maps
110,Shady,5,قبل 11 ساعة,شتيجنبرجر,فندق,google_maps
111,Shady,5,قبل 11 ساعة,شتيجنبرجر,فندق,google_maps
112,Shady,5,قبل 11 ساعة,شتيجنبرجر,فندق,google_maps
113,Shady,5,قبل 11 ساعة,شتيجنبرجر,فندق,google_maps
116,Shady,5,قبل 11 ساعة,شتيجنبرجر,فندق,google_maps
117,Shady,5,قبل 11 ساعة,شتيجنبرجر,فندق,google_maps
118,Shady,5,قبل 12 ساعة,شتيجنبرجر,فندق,google_maps
119,Shady,5,قبل 12 ساعة,شتيجنبرجر,فندق,google_maps
120,Shady,5,قبل 12 ساعة,شتيجنبرجر,فندق,google_maps
121,Shady,5,قبل 12 ساعة,شتيجنبرجر,فندق,google_maps
122,Shady,5,قبل 12 ساعة,شتيجنبرجر,فندق,google_maps
124,Lovely staff! Friendly and helpful. Superior food selection. Centrally located. Pool was perfect.,5,قبل 12 ساعة,شتيجنبرجر,فندق,google_maps
125,"Perfect
Great",5,قبل 12 ساعة,شتيجنبرجر,فندق,google_maps
126,Schönes Hotel in der Mitte von Cairo. Saubere Zimmer guter Roomservice (es gibt nur ein Frühstücks Restaurant). Zum alten egyptischen Museum kann man einfach über die Straße gehen. Leckeres Frühstück.,5,قبل 13 ساعة,شتيجنبرجر,فندق,google_maps
127,The perfect way to disconnect. Thank you for the amazing hospitality!,5,قبل 15 ساعة,شتيجنبرجر,فندق,google_maps
128,"March 14, 2014 explored the mall with friends.",5,قبل 5 دقائق,معادي جراند مول,مركز تسوق,google_maps
129,افضل مكان للأطفال الصغار والكبار,5,قبل 12 ساعة,معادي جراند مول,مركز تسوق,google_maps
130,مول عادي وقديمو اسعاره غاليه يتوفر به بعض ماكينات ATM,4,قبل يومين (2),معادي جراند مول,مركز تسوق,google_maps
131,ممتاز,5,تاريخ التعديل: قبل يومين (2),معادي جراند مول,مركز تسوق,google_maps
132,Very good Shopping 🛍,5,تاريخ التعديل: قبل 5 أيام,معادي جراند مول,مركز تسوق,google_maps
133,Best mall in Maadi,5,تاريخ التعديل: قبل 6 أيام,معادي جراند مول,مركز تسوق,google_maps
134,معروف المكان زحمة لا تحتمل,1,قبل يوم واحد,سوق العتبة,سوق,google_maps
135,جيد جداً,3,قبل يوم واحد,سوق العتبة,سوق,google_maps
136,الزحمة,5,قبل 5 أيام,سوق العتبة,سوق,google_maps
137,"Un lugar loco, donde encontrarás muchisimas cosas y muy baratas",4,قبل 6 أيام,سوق العتبة,سوق,google_maps
139,جيد,5,قبل أسبوعين,سوق العتبة,سوق,google_maps
140,Brutal passejar per aquests carrers,5,قبل 3 أسابيع,سوق العتبة,سوق,google_maps
141,هتلاقي اللي انتا عاوزه بأسعار مختلفه وخامات وأشكال متنوعه,5,قبل 3 أسابيع,سوق العتبة,سوق,google_maps
142,مكان جيد جدا واسع,5,قبل 3 أسابيع,سوق العتبة,سوق,google_maps
144,محل فاشل ومستهتر عاملين الاورد من ٣ عصر في رمضان ومغرب اذن والاكل مجاش واكلم واعمل شكوي ولا حد بيعبر ولا يهتم,1,قبل يوم واحد,إبن الشام,مطعم مأكولات سورية,google_maps
145,"محدش يطلب منهم يا جماعة ❌❌❌
الاكل جاي بايت أقسم بالله ما يتاكل اتكلمنا اشتكينا راح قال هبدله كان المغرب أذن اصلا قولناله احنا خلاص قرفنا مش هنعرف ناكله، وصلنا لمدير الفرع بقوله تقدر تطلع اكل زي دا الصالة يقولي ""مستحيل!!!!""
بجد حسبي الله ونعم الوكيل مفيش ضمير ❌❌❌",1,قبل يوم واحد,إبن الشام,مطعم مأكولات سورية,google_maps
147,مطعم لطيف و اكله حلو,5,قبل 3 أيام,إبن الشام,مطعم مأكولات سورية,google_maps
148,"I recently visited Ibn Al Sham restaurant and it was a really enjoyable experience. The place has a very warm and welcoming atmosphere that immediately makes you feel comfortable. The decoration gives strong Levantine vibes, and the smell of freshly grilled food makes you excited to try everything on the menu.
The food was honestly the highlight of the visit. Everything tasted fresh and full of flavor. The grilled meats were perfectly cooked, juicy, and well-seasoned. The shawarma was also very good, with soft bread and a generous amount of filling. One thing I really liked was the variety of appetizers. The hummus, fattoush, and mutabbal were all delicious and tasted very authentic.
The portions were great as well, which makes the place perfect for sharing with friends or family. You can order a few dishes and everyone can try a bit of everything. The presentation of the food was simple but very appetizing.
The staff were friendly and helpful throughout the visit. The service was relatively fast and they were attentive without being intrusive.
Overall, Ibn Al Sham is a great place if you’re craving good Syrian and Levantine food. Between the tasty dishes, generous portions, and comfortable atmosphere, it’s definitely a spot worth visiting again. I would absolutely recommend it to anyone who enjoys flavorful Middle Eastern cuisine.",5,قبل 3 أيام,إبن الشام,مطعم مأكولات سورية,google_maps
149,عالمي وجودة الطعام تستحق التقدير,5,قبل 4 أيام,إبن الشام,مطعم مأكولات سورية,google_maps
151,"اسوء تجربة مطعم جربتها في حياتي اقسم بالله
انتظار الطاولة اكثر من نص ساعة
انتظار العامل الى مايجي ياخذ طلبك اكثر من نص ساعة
الطلب اكثر من نص ساعة انتظار
وفي الاخير اكل بارد وطعمه زي الزفت الله يكرم النعمة",1,قبل 4 أيام,إبن الشام,مطعم مأكولات سورية,google_maps
152,Tohfa,5,قبل 5 أيام,إبن الشام,مطعم مأكولات سورية,google_maps
153,الاكل جميل _ الخدمة سيئة,3,قبل أسبوع,إبن الشام,مطعم مأكولات سورية,google_maps
154,Good,4,قبل 3 أيام,كونكورد بلازا مول,مركز تسوق,google_maps
156,Variety of different activities in the best location,5,تاريخ التعديل: قبل أسبوع,كونكورد بلازا مول,مركز تسوق,google_maps
157,متنوع الانشطه,5,تاريخ التعديل: قبل أسبوع,كونكورد بلازا مول,مركز تسوق,google_maps
158,مكان جميل خاصة لمن يحب البيتزا,3,قبل يوم واحد,النيلو,مطعم مأكولات إيطالية,google_maps
159,Thanks to ahmed khaled 🤩🤩🤩🤩,5,قبل يوم واحد,النيلو,مطعم مأكولات إيطالية,google_maps
160,حقيقي مدير الفرع وصاحب المكان قمة في الاحترام والكرم والأخلاق ومحافظين جدًا على جودة ونظافة كل حاجة ♥️,5,قبل يومين (2),النيلو,مطعم مأكولات إيطالية,google_maps
161,"Perfect place and people ❤️

Full support to the owner and branch manager very very kind people ❤️",5,قبل يومين (2),النيلو,مطعم مأكولات إيطالية,google_maps
163,المكان تحبه اوي و المعامل كويسه,5,قبل 3 أيام,النيلو,مطعم مأكولات إيطالية,google_maps
164,Team garden the best,5,قبل 3 أيام,النيلو,مطعم مأكولات إيطالية,google_maps
165,Teem garden To7faaa❤️❤️❤️,5,قبل 3 أيام,النيلو,مطعم مأكولات إيطالية,google_maps
166,Team Garden the best,5,قبل 3 أيام,النيلو,مطعم مأكولات إيطالية,google_maps
167,Teem garden to7faaa,5,قبل 3 أيام,النيلو,مطعم مأكولات إيطالية,google_maps
168,stuff tohfa awii w team garden khater w karim 3asol gdannn gdannn tohfa 😍😍😍😍,5,قبل 3 أيام,النيلو,مطعم مأكولات إيطالية,google_maps
169,Stuff tohfaa w team garden khater w Karim shater gdan bgd mkan tohfa moot😍😍😍😍😍😍❤️,5,قبل 3 أيام,النيلو,مطعم مأكولات إيطالية,google_maps
170,Karim ahla wahed w ashtar wahed w ahb ashkor team El garden❤️❤️❤️❤️,5,قبل 3 أيام,النيلو,مطعم مأكولات إيطالية,google_maps
171,مكان راقى جدا وstaff محترم وذوق وبشكر استاذ علاء مدير المكان,5,قبل 3 أيام,النيلو,مطعم مأكولات إيطالية,google_maps
172,"Pure Italian in Egypt! Lovely atmosphere and 4 options on seating - from a Nile cruise, to a rocking jetty and then a downstairs garden setting and upstairs street area. This does not distract from the LOVELY food and good service. You won't go wrong - try them!",5,قبل 3 أيام,النيلو,مطعم مأكولات إيطالية,google_maps
173,انصح فيه بشدة,5,قبل 3 أيام,النيلو,مطعم مأكولات إيطالية,google_maps
174,Very nice place polite staff,5,قبل 4 أيام,النيلو,مطعم مأكولات إيطالية,google_maps
175,"披薩是好吃的～
義大利麵可以不用點 好死鹹
環境普通 看照片漂亮去的，還特地跑來
坐墊很髒又難做，服務員又很懶惰不積極",4,قبل 5 أيام,النيلو,مطعم مأكولات إيطالية,google_maps
176,"Not as good as I expected. From what I've read in the reviews, unfortunately, it's very average, even below average.",2,قبل 5 أيام,النيلو,مطعم مأكولات إيطالية,google_maps
177,Ramadan Iftar was below average and overpriced. Appetizers/side dish was served cold and the croquettes were cold and not freshly cooked. Mushroom Soup was average. Pizza (margarita and chicken) was good. Staff were nice but had to ask for someone to clear the table and dessert was served cold as well (nutella bites).,3,قبل 6 أيام,النيلو,مطعم مأكولات إيطالية,google_maps
179,Diner en couple … excellent accueil tres jovial par une équipe des serveurs jeunes et dynamiques avons pris deux tagines : un au pigeon original mais excellent et un autre au boeuf et au gombo excellent aussi … attention en egypte les tagines n ont pas de semoule mais du riz en accompagnement..,5,قبل 5 ساعات,الدهان للمشويات مصر الجديده,مطعم مأكولات مصرية,google_maps
180,الاكل جميل جداً تسلم ايدكم♥️😍,5,قبل 7 ساعات,الدهان للمشويات مصر الجديده,مطعم مأكولات مصرية,google_maps
181,رمضان فى الدهان حاجة تانية,5,قبل 7 ساعات,الدهان للمشويات مصر الجديده,مطعم مأكولات مصرية,google_maps
182,"الخدمه ممتاز  والاستاف محترم وكويسين اووي
الدهان في رمضان حاجه تانيه😍❤️",5,قبل 7 ساعات,الدهان للمشويات مصر الجديده,مطعم مأكولات مصرية,google_maps
183,ممتازين,5,قبل 7 ساعات,الدهان للمشويات مصر الجديده,مطعم مأكولات مصرية,google_maps
184,من اجمل المطاعم واكل لذيذ,5,قبل 7 ساعات,الدهان للمشويات مصر الجديده,مطعم مأكولات مصرية,google_maps
185,خدمه ممتازة,5,قبل 7 ساعات,الدهان للمشويات مصر الجديده,مطعم مأكولات مصرية,google_maps
186,The prefect original restaurant in Egypt,5,قبل 7 ساعات,الدهان للمشويات مصر الجديده,مطعم مأكولات مصرية,google_maps
187,"Food quality, service and atmosphere are very good",5,قبل 7 ساعات,الدهان للمشويات مصر الجديده,مطعم مأكولات مصرية,google_maps
188,The food was vey great & the atmosphere is very good,5,قبل 7 ساعات,الدهان للمشويات مصر الجديده,مطعم مأكولات مصرية,google_maps
189,Excellent service Vero lind,5,قبل 12 ساعة,الدهان للمشويات مصر الجديده,مطعم مأكولات مصرية,google_maps
190,Très bon restaurant personnel sympathique,5,قبل 12 ساعة,الدهان للمشويات مصر الجديده,مطعم مأكولات مصرية,google_maps
191,Bon service,5,قبل 12 ساعة,الدهان للمشويات مصر الجديده,مطعم مأكولات مصرية,google_maps
192,Ok,5,قبل 12 ساعة,الدهان للمشويات مصر الجديده,مطعم مأكولات مصرية,google_maps
193,"Rico y eficaz
El pan especialmente bueno",5,قبل 12 ساعة,الدهان للمشويات مصر الجديده,مطعم مأكولات مصرية,google_maps
194,Super restau à midi.  Serveur souriant et belle assiette.,5,قبل 13 ساعة,الدهان للمشويات مصر الجديده,مطعم مأكولات مصرية,google_maps
195,Very good,5,قبل يوم واحد,الدهان للمشويات مصر الجديده,مطعم مأكولات مصرية,google_maps
196,After few days spent im Cairo finally I found the place where I could have tasty dinner. Service very accurate. What I don't like was service included and in menu there were net prices so we got additional position on the bill with some suspicious tax,4,قبل يوم واحد,الدهان للمشويات مصر الجديده,مطعم مأكولات مصرية,google_maps
197,Magnificent,5,قبل 20 ساعة,مطعم عم بشندي,مطعم فلافل,google_maps
199,ممتاز خاصة الفول,5,تاريخ التعديل: قبل 23 ساعة,مطعم عم بشندي,مطعم فلافل,google_maps
200,زحام,4,قبل يوم واحد,مطعم عم بشندي,مطعم فلافل,google_maps
201,احلا سندوتش فول,5,تاريخ التعديل: قبل 3 أيام,مطعم عم بشندي,مطعم فلافل,google_maps
202,Organized and tasty Egyptian food,4,تاريخ التعديل: قبل 3 أيام,مطعم عم بشندي,مطعم فلافل,google_maps
203,"Perfect breakfast, easy to park and getting order, caring about details.",5,قبل 3 أيام,مطعم عم بشندي,مطعم فلافل,google_maps
204,مطعم جميل و اسعاره متوسطة و اكله لذيذ للغاية,5,قبل 3 أيام,مطعم عم بشندي,مطعم فلافل,google_maps
205,مكان ممتاز,5,تاريخ التعديل: قبل 4 أيام,مطعم عم بشندي,مطعم فلافل,google_maps
206,Tasty food,5,قبل 4 أيام,مطعم عم بشندي,مطعم فلافل,google_maps
207,"Normal food, very crowded, staff not friendly, no visa, no insta pay, only cash payment.",2,قبل 6 أيام,مطعم عم بشندي,مطعم فلافل,google_maps
208,I love looooove Luuma!!! Best pies and pizza! Ive ordered chicken pesto pizza and the half nutella half lotus pie! Scrumptiousssss!! Also their pesto pasta is insanely good and the open buffet this ramadan didnt disappoint! Totally recommend,5,قبل 8 دقائق,لوما,مطعم,google_maps
209,Nous avons passer une excellente soirée les plat sont arrivés très rapidement nous avons ete servie et accueilli par Hicham,5,قبل 4 ساعات,لوما,مطعم,google_maps
210,Very nice thanks to Hicham !,5,قبل 4 ساعات,لوما,مطعم,google_maps
211,Very good,5,قبل 4 ساعات,لوما,مطعم,google_maps
212,mohamed abdel hady dood,5,قبل 10 ساعات,لوما,مطعم,google_maps
213,Mohamed abdel hady we mohamed hiytham good,5,قبل 10 ساعات,لوما,مطعم,google_maps
214,"Mohamed abdel hady very nice, accommodating and takes great photos too. Hospitality at it’s finest!",5,قبل 10 ساعات,لوما,مطعم,google_maps
215,Yousry was the best! We had a great time!,5,قبل 12 ساعة,لوما,مطعم,google_maps
217,احسن مكان واحلى استاذه رحاب قمة في الذوق,5,قبل 23 ساعة,لوما,مطعم,google_maps
218,الاكل جميل والخدمه رائعه جدا وشكر خاص لرحاب واسماعيل,5,قبل 23 ساعة,لوما,مطعم,google_maps
220,The Place Is great and also the service. Truly recommended!,5,قبل يوم واحد,لوما,مطعم,google_maps
221,Mohamed Abdul Hady ❤️❤️,5,قبل يوم واحد,لوما,مطعم,google_maps
222,"Great food and service, Yousry looked after me very well here. Definitely recommend to come here for a meal while in Cairo",5,قبل يوم واحد,لوما,مطعم,google_maps
223,"Is wonderful place ❤️
Thanks medo and Ismail❤️",5,قبل يوم واحد,لوما,مطعم,google_maps
224,"المحل رائع والأصطاف جميل
خصوصا ميدو واسماعيل",5,قبل يوم واحد,لوما,مطعم,google_maps
227,Ismail was very helpful person and nice,5,قبل يومين (2),لوما,مطعم,google_maps
228,"Excellent Iftar services by all the staffs, especially أحمد شاهد, thank you so much for the good food! Recommended.",5,قبل يومين (2),لوما,مطعم,google_maps
229,Thank you for perfect pizza and service. Yousiri was the great at service and help,5,قبل يومين (2),لوما,مطعم,google_maps
230,"Mohamed was the best service in the entire city of Cairo!
Thanks for the amazing flavors, food and entertainment.",5,قبل يومين (2),لوما,مطعم,google_maps
231,رائع,5,قبل 3 أيام,روستو اكتوبر التانى,مطعم,google_maps
232,"خدمة سريعة جودة عالية
في رمضان زحام شديد يجب حجز طلبات الإفطار بدري بدري",4,تاريخ التعديل: قبل أسبوعين,روستو اكتوبر التانى,مطعم,google_maps
234,نصيحه لوجه الله أنا فضلت سنتين باكل من عندو والله اكل ممرض ومش نضيف جداااا كل الأكل عندو بايت بس. بيقولو طازه ورمضان اكثر اكثر ممكن يسبب ليكم تسممم,1,قبل أسبوعين,روستو اكتوبر التانى,مطعم,google_maps
235,كل حاجه كويسه هو بس الاوردرات بتتاخر اوي,4,قبل 3 أسابيع,روستو اكتوبر التانى,مطعم,google_maps
236,المكان جميل ونظيف وراقي جدا واكلهم بصراحه ممتاز والمقابله بصراحه زي الفل ما شفتش حاجه حلوه بالشكل ده من سنين بصراحه ربنا يوسع عليهم ويوفقهم ومن نجاح لنجاح,5,قبل 3 أسابيع,روستو اكتوبر التانى,مطعم,google_maps
238,البروست ناشف ومجلد مش حلو خالص,2,قبل شهر,روستو اكتوبر التانى,مطعم,google_maps
239,مكان كويس واكله نضيف و مستوى الخدمة جيد و الجلسات متوفرة بشكل شبه دائم,4,قبل شهر,روستو اكتوبر التانى,مطعم,google_maps
240,الاكل بايظ,1,قبل أسبوع,ابو رامى,مطعم سندوتشات,google_maps
241,فين ايام العربيه بعد ما فتح المحل اللى بياكل عنده مش علشان اكله لا علشان اسمه,2,قبل 3 أسابيع,ابو رامى,مطعم سندوتشات,google_maps
242,طلع حلو,5,قبل 3 أسابيع,ابو رامى,مطعم سندوتشات,google_maps
243,عادي,3,قبل 3 أسابيع,ابو رامى,مطعم سندوتشات,google_maps
244,روعه وطعم لذيذ جدا,5,قبل 3 أسابيع,ابو رامى,مطعم سندوتشات,google_maps
245,الطعام حلو بس كانت ف بطاطس نيا م مستوي اوي,5,قبل 7 ساعات,كرم الشام,مطعم وجبات سريعة,google_maps
247,"Very tasty food and great prices, with seating area upstairs and very quick service.",5,قبل يوم واحد,كرم الشام,مطعم وجبات سريعة,google_maps
248,ممتاز جدا,5,قبل يومين (2),كرم الشام,مطعم وجبات سريعة,google_maps
249,"So bad, too late.... 1 hours over for take my order",1,قبل 4 أيام,كرم الشام,مطعم وجبات سريعة,google_maps
253,لا بأس,3,قبل 6 أيام,كرم الشام,مطعم وجبات سريعة,google_maps
254,"أخلاق الموظفين سيئة في الدور العلوي
وأكل بارد",1,قبل أسبوع,كرم الشام,مطعم وجبات سريعة,google_maps
256,tavuklar çok lezzetliydi kemikli değil de kemiksiz tercih edebilirsiniz pilavları safranlı biz beğenmedik onun dışında servis çok yavaş. hareketli bir caddede tercih edilebilir,4,قبل أسبوع,كرم الشام,مطعم وجبات سريعة,google_maps
257,"Sehr lecker,  zum mitnehmen. Empfehlenswert bestimmt sauber da wir erstaunlicherweise in Kairo verschiedene Strasenessen gegessen haben und keinerlei Probleme bekommen haben.

Ehepaar aus Stuttgart",4,قبل أسبوع,كرم الشام,مطعم وجبات سريعة,google_maps
260,"An authentic experience that proves consistency still exists.
This Restaurant continues to stand out with the same quality, flavor, and service every time I visit. In a time where many places change after they become popular, this restaurant keeps the original spirit alive — generous portions, clean environment, and staff who actually care about the customer experience.

What I appreciate most is that they didn’t let success affect their standards. The food still tastes the same, the service is still fast, and the atmosphere still feels welcoming. This kind of stability is rare nowadays.

Keep going the same way, and you’ll stay ahead of many others. Respect to the team for maintaining the level.",5,قبل 9 ساعات,مطعم إبن الشام فرع الرحاب,مطعم مأكولات سورية,google_maps
262,ممتاز فوق الوصوف طعام ممتاز خدمه ممتازة,5,قبل 3 أيام,مطعم إبن الشام فرع الرحاب,مطعم مأكولات سورية,google_maps
263,"Food was very very bad, service as well, will never come back again",1,قبل 3 أيام,مطعم إبن الشام فرع الرحاب,مطعم مأكولات سورية,google_maps
264,اطيب مطعم في مصر من حيث الاكل والاجواء رائعة,5,قبل 4 أيام,مطعم إبن الشام فرع الرحاب,مطعم مأكولات سورية,google_maps
265,الفطار بيوصل بعد المغرب بساعة ولا حياة لمن تنادي,1,قبل 5 أيام,مطعم إبن الشام فرع الرحاب,مطعم مأكولات سورية,google_maps
266,Food is average we had delivery from this branch and they messed up the order,3,قبل 5 أيام,مطعم إبن الشام فرع الرحاب,مطعم مأكولات سورية,google_maps
267,"From the moment you walk in, everything is just right. The service is warm and genuinely smiley, the space is beautiful and welcoming, and the food is outstanding — fresh ingredients, bold flavors, perfect execution. The shawarma alone is worth the trip. If you're in Cairo and you care about quality Lebanese-Syrian food, this place is non-negotiable. Highly recommended. ⭐⭐⭐⭐⭐",5,قبل أسبوع,مطعم إبن الشام فرع الرحاب,مطعم مأكولات سورية,google_maps
268,مطعم رائع معامله جميله والاكل بجد حلووجميل,5,قبل أسبوع,مطعم إبن الشام فرع الرحاب,مطعم مأكولات سورية,google_maps
270,جميل والطعام شهي,5,قبل أسبوع,المنوفي الكبابجي - كامل المنوفي فرع القاهرة الجديدة,مطعم مأكولات مشوية,google_maps
271,"مكان ممتاز والأكل طعمه جميل جدا
وكمان الخدمة جيدة جدا",5,قبل أسبوع,المنوفي الكبابجي - كامل المنوفي فرع القاهرة الجديدة,مطعم مأكولات مشوية,google_maps
272,انا بقالي سنه  والله العظيم كل يوم باكل من عندكي ولاكلا جامد   مفيش احلا من كامل المنوفي ربنا يفتحه عليك اكتر وكتر,5,قبل أسبوع,المنوفي الكبابجي - كامل المنوفي فرع القاهرة الجديدة,مطعم مأكولات مشوية,google_maps
273,ممتاز في كل حاجه,5,قبل 3 أسابيع,المنوفي الكبابجي - كامل المنوفي فرع القاهرة الجديدة,مطعم مأكولات مشوية,google_maps
275,اكل جميل وكميات مناسبه وأسعار مقبولة,5,قبل شهر,المنوفي الكبابجي - كامل المنوفي فرع القاهرة الجديدة,مطعم مأكولات مشوية,google_maps
277,المكان رائع جدا والأكل أروع,5,قبل شهر,المنوفي الكبابجي - كامل المنوفي فرع القاهرة الجديدة,مطعم مأكولات مشوية,google_maps
278,مكان راقي جدا والأجواء تمتلئ بالهدوء المريح للنفس,5,تاريخ التعديل: قبل شهر,المنوفي الكبابجي - كامل المنوفي فرع القاهرة الجديدة,مطعم مأكولات مشوية,google_maps
279,Small and quiet one,4,قبل 4 أيام,طيبة مول,منفذ بيع بالتجزئة,google_maps
281,ممتاز,5,قبل أسبوعين,طيبة مول,منفذ بيع بالتجزئة,google_maps
282,جميل,5,قبل أسبوعين,طيبة مول,منفذ بيع بالتجزئة,google_maps
283,رائع,5,تاريخ التعديل: قبل 3 أسابيع,طيبة مول,منفذ بيع بالتجزئة,google_maps
284,حلو,3,قبل 3 أسابيع,طيبة مول,منفذ بيع بالتجزئة,google_maps
286,مطعم محترم وإدارة محترمه,5,قبل 20 ساعة,حضرموت عنتر فرع القاهرة الجديدة,مطعم مأكولات مشوية,google_maps
287,"Very crowded in Ramadan was a mess and cleanliness is not the best part, food is okay but not the best, service is very good,",4,قبل يوم واحد,حضرموت عنتر فرع القاهرة الجديدة,مطعم مأكولات مشوية,google_maps
291,Awesome,4,قبل يومين (2),حضرموت عنتر فرع القاهرة الجديدة,مطعم مأكولات مشوية,google_maps
292,Always crowded,4,قبل يومين (2),حضرموت عنتر فرع القاهرة الجديدة,مطعم مأكولات مشوية,google_maps
294,"Camere pulite, spaziose, bagni datati ma funzionali.
Colazione ottima.
Cena..buona la prima sera sulla terrazza, ma pessima il giorno successivo, in quanto essendoci stato un evento sulla terrazza ci hanno fatto cenare dove servono la colazione......a base di avanzi riscaldati della cena della sera prima.....lo abbiamo fatto notare e grazie alla disponibilità dello chef abbiamo mangiato alla carte due discrete cotolette e i miei figli 2 discreti hamburger.
Sconsiglio la mezza pensione, tanto nei dintorni ci sono ottimi locali a prezzi e qualità migliori.",2,قبل 3 أيام,فندق نوفوتيل برج القاهرة,فندق,google_maps
295,Très bon rapport qualité-prix pour un hôtel au centre ville.,5,قبل 5 أيام,فندق نوفوتيل برج القاهرة,فندق,google_maps
296,This was an excellent hotel for the start of our tour. Good location  Swimming pool was warm and welcoming and the staff were all very nice.,5,قبل 5 أيام,فندق نوفوتيل برج القاهرة,فندق,google_maps
297,Very comfortable and a wonderful variety of food for breakfast.,5,قبل 5 أيام,فندق نوفوتيل برج القاهرة,فندق,google_maps
298,Very nice. Wonderful breakfast.,5,قبل 5 أيام,فندق نوفوتيل برج القاهرة,فندق,google_maps
299,Beautiful rooms.... very clean... lovely staff,5,قبل 5 أيام,فندق نوفوتيل برج القاهرة,فندق,google_maps
300,"Great room, very clean, staff very friendly",5,قبل 5 أيام,فندق نوفوتيل برج القاهرة,فندق,google_maps
301,جميل,5,قبل 6 أيام,فندق نوفوتيل برج القاهرة,فندق,google_maps
302,"A very comfortable stay. Clean, large beds and a spacious room with a view of the stunning Cairo Tower. The hotel building itself was easily recognisable along the Nile River.

Buffet breakfast at the ground floor provided a really good spread. So much food that caters to various diets. Waiters were also very quick to clear plates.

As it was Ramadan there weren’t many restaurants open in the city. I had settled most of my other meals at the rooftop restaurant. Food was as solid as the view though it took quite a while to arrive.

Gym was small but very functional and does its job. Dumbbells range from 5kg and goes all the way up to 40kg. There’s also a multi-functional machine that covers all areas - chest, shoulders, back, legs. Gym is open till midnight. Towels provided, complete with a water dispenser and disposable cups. Good gym!

Special mention:
I had to check-out a day early as my original flights were canceled due to the war in the Middle East. The hotel was really gracious in making an exception in refunding me for the 1 night that I had booked but didn’t stay. This was a really nice gesture.",5,قبل أسبوع,فندق نوفوتيل برج القاهرة,فندق,google_maps
303,The best hotel,5,قبل أسبوع,فندق نوفوتيل برج القاهرة,فندق,google_maps
304,"Great staff, location close to downtown Cairo, Metro, and Nile river.  Giza pyramids about 20 mins by car",5,قبل أسبوع,فندق نوفوتيل برج القاهرة,فندق,google_maps
305,"Ottimo hotel rapporto qualità prezzo. L’hotel ha un ristorante sul rooftop con una vista spettacolare, un ristorante al piano terra e un bar Starbucs all’interno. C’è una piccola piscina riscaldata e palestra,gentile il ragazzo della piscina e della palestra Ahmed Mohamed",4,تاريخ التعديل: قبل أسبوع,فندق نوفوتيل برج القاهرة,فندق,google_maps
306,مطعم الاكل كويس,4,تاريخ التعديل: قبل أسبوعين,مطاعم أسماك وادي النيل,مطعم مأكولات بحرية,google_maps
307,"The worst experience ever, unprofessional restaurant, food delivery takes soo long. Food was cold",1,قبل 3 أسابيع,مطاعم أسماك وادي النيل,مطعم مأكولات بحرية,google_maps
308,"تجربه جيده تستحق التكرار
الاسعار معقوله والاكل طيب واخص المشوي سواء قمبري ولا سمك",4,قبل 3 أسابيع,مطاعم أسماك وادي النيل,مطعم مأكولات بحرية,google_maps
309,"Great place with great food.

Highly recommend but somewhat expensive so try it if you are willing to get a good taste.

Last time I visited yesterday the food was average though. So maybe it's not perfect all the time hahaha",4,تاريخ التعديل: قبل شهر,مطاعم أسماك وادي النيل,مطعم مأكولات بحرية,google_maps
310,Not tasty,1,قبل شهر,مطاعم أسماك وادي النيل,مطعم مأكولات بحرية,google_maps
311,"Nice seafood, service and ambiance. They provide fresh and delicious seafood 👍🏼",5,قبل شهر,مطاعم أسماك وادي النيل,مطعم مأكولات بحرية,google_maps
313,مكان كمة الاحترام,5,قبل أسبوع,حواوشي الربيع فرع زايد,مطعم,google_maps
315,الاكل عالمي يا جدعان,5,قبل أسبوع,حواوشي الربيع فرع زايد,مطعم,google_maps
316,"I had a great experience at elrabea. The food was delicious, fresh, and well presented. The staff were very friendly and welcoming, and the service was quick. The place was clean and had a nice atmosphere. I would definitely recommend it and will come back again.",5,قبل أسبوع,حواوشي الربيع فرع زايد,مطعم,google_maps
317,الاكل حلو جدا مع ان الدنيا زحمه وفي رمضان بس احلي جوده وخدمه وستاف كويس جدا,5,قبل أسبوع,حواوشي الربيع فرع زايد,مطعم,google_maps
318,خدمه زاي الفل,5,قبل أسبوع,حواوشي الربيع فرع زايد,مطعم,google_maps
319,اجمد ابو ربيع,5,قبل أسبوع,حواوشي الربيع فرع زايد,مطعم,google_maps
320,Good 👍,5,قبل أسبوع,حواوشي الربيع فرع زايد,مطعم,google_maps
321,Great service,5,قبل أسبوع,حواوشي الربيع فرع زايد,مطعم,google_maps
323,Top el top,5,قبل أسبوع,حواوشي الربيع فرع زايد,مطعم,google_maps
324,اكل مشاء الله كويس اجواء تحفه واحلي عم فرغلي♥️,5,قبل أسبوع,حواوشي الربيع فرع زايد,مطعم,google_maps
325,احلي عم فرغلي,5,قبل أسبوع,حواوشي الربيع فرع زايد,مطعم,google_maps
326,"Good food but trash service. I asked the waitress multiple times if she included utensils with my food and she said yes. An employee started mopping the floor with a very strong cleaning product made me nearly vomit. Also, Islamic prayers blaring throughout the restaurant during my meal was unpleasant.",1,قبل ساعتين (2),مطعم قصر الكبابجي,مطعم مأكولات مشوية,google_maps
328,Its not like madinty branch,4,قبل 3 أيام,مطعم قصر الكبابجي,مطعم مأكولات مشوية,google_maps
330,الاسعار غالية جدا,5,قبل أسبوع,مطعم قصر الكبابجي,مطعم مأكولات مشوية,google_maps
333,تجربه سييه للغايه تم محاول النصب علي بالفاتورة عدت مرات من الموظف و عندما كشف امره بداء بالتلفض و قلت ادبه. لا انصح احد يجي المطعم أبدا,1,قبل 3 أسابيع,مطعم قصر الكبابجي,مطعم مأكولات مشوية,google_maps
334,R😍,1,قبل 3 أسابيع,مطعم قصر الكبابجي,مطعم مأكولات مشوية,google_maps
337,معامله حيوانات يدخلوك لازم تقرير دخول تضل ساعه في الانتظار مع اصوات صيانه تكسر الاذن بعدين ياخدوك مكان تاني تنتظر عشان بعد ساعه تقدر تدخل الغرفة و يضلو ساعتين عشان يشوفو اي فحص انت بتاخد بعدها ساعتين و يركبو لك كنولا بتحرق ايدك ساعات بدون سبب ليه؟ بروتوكول ما بتقدر تضل في غرفه بدون كنولا. بختصار بروتوكولات تعبانه المستشفى عاملين صيانه و يدخلو ناس وهما مش عارفين يتصرفو بالي معاهم اولا  و الي تطلب منهم شي سواء سكرتير او شي يخلص الشفت حقه او يقول بفطر و ينسيك كلياً ضليت فيها فوق ال 12 ساعه بس عشان خديت فحوصات و تخطيط,1,قبل أسبوعين,مستشفى السلام الدولى,مستشفى,google_maps
340,"Zero credibility
The staff are very rude
Don’t recommend it",1,قبل أسبوعين,مستشفى السلام الدولى,مستشفى,google_maps
343,٥٠٩ التمريض رائع و متعاون جدا و ذوق جدا في المعاملة,5,قبل أسبوعين,مستشفى السلام الدولى,مستشفى,google_maps
344,"I recently stayed at the hospital, and I truly cannot speak highly enough about the level of care we received.

The service and nursing team were absolutely amazing — genuinely kind, attentive, and always willing to help. From the moment we arrived, I felt supported and cared for. Every member of the team showed professionalism, compassion, and a positive attitude that made a real difference during my stay.

I would especially like to recognize Omniya and Amal for their impeccable service, consistency, and outstanding attitude. Their dedication was evident in everything they did. They clearly love their work, and most importantly, they truly love helping people. Their warmth and care brought comfort and reassurance during a time when it was needed most.

Thank you to the entire team for turning what could have been a stressful experience into one filled with kindness and professionalism.",5,قبل أسبوعين,مستشفى السلام الدولى,مستشفى,google_maps
345,"ناس صبورين جدا
تحيه خاصه لرجال العنايه",5,قبل أسبوعين,مستشفى السلام الدولى,مستشفى,google_maps
346,"غرفة 935
انا محمد عادل إبراهيم
حابب اشكر كل التمريض خدمه ممتازة وخاصه مشرفه الدور مس امل ومستر مصطفى عطالله محترم جداً وشاطر جدا ومستر سلامه وجميع التيم بصراحة محترمين",5,قبل أسبوعين,مستشفى السلام الدولى,مستشفى,google_maps
350,"Thanks to Aya, shaimaa and Mai",5,قبل 3 أسابيع,مستشفى السلام الدولى,مستشفى,google_maps
354,"The worst hospital in Egypt , and the worst service ever ever ever",1,قبل 3 أسابيع,مستشفى السلام الدولى,مستشفى,google_maps
357,"531
The hospital is very good and good management
nurses in 5th floor are so nice
House keeping are good
Cafeteria are good
I thanks ms Diamond for her good heart",5,قبل 3 أسابيع,مستشفى السلام الدولى,مستشفى,google_maps
359,"We visited the mall around 12 in the afternoon and it was literally empty. We were only the visitors, maybe the timing was wrong.",3,قبل 6 أيام,أركاديا مول,مركز تسوق,google_maps
360,"Negozio chiusi, aria polverosa e sporca, commessi scostanti e antipatici. Uniche eccezioni, la commessa della gioielleria all' ingresso e quelle del supermercato interno.",2,قبل أسبوع,أركاديا مول,مركز تسوق,google_maps
362,ممتاز به كل ما تحتاج,5,قبل شهر,أركاديا مول,مركز تسوق,google_maps
363,Great place for donuts,5,قبل شهر,أركاديا مول,مركز تسوق,google_maps
364,Pratique et proche,4,قبل شهر,أركاديا مول,مركز تسوق,google_maps
365,The best in cairo,5,قبل 3 ساعات,بيتزا السلطان وفطاير,مطعم بيتزا,google_maps
366,They can't take order by phone. They leave you waiting forever. They don't add cheese. They add oils to the food. You're eating pure oil. You'll spend the rest of the day with ache and suffering.,1,قبل أسبوع,بيتزا السلطان وفطاير,مطعم بيتزا,google_maps
367,الطعم تحفه,5,قبل أسبوع,بيتزا السلطان وفطاير,مطعم بيتزا,google_maps
368,شعبي عادي يعني,3,تاريخ التعديل: قبل شهر,بيتزا السلطان وفطاير,مطعم بيتزا,google_maps
369,سمكري مصطفى شعله لتجديد السيارات,5,قبل شهر,بيتزا السلطان وفطاير,مطعم بيتزا,google_maps
370,البيتزا حلوة اوي من زمان,5,قبل شهر,بيتزا السلطان وفطاير,مطعم بيتزا,google_maps
374,"الاكل حلو
و الاسعار حلوة",5,قبل شهر,بيتزا السلطان وفطاير,مطعم بيتزا,google_maps
375,جامد!,5,قبل شهرين,بيتزا السلطان وفطاير,مطعم بيتزا,google_maps
377,"الاكل 10/10 ماشاءالله لذيذ مره انا اشتريت كوبون ٢  من تطبيق وفرها وفعلا طلع لذيذ ماشاءالله وكفي وزياده علي 3 اشخاص كبار وطفل
وخدمتهم ممتازه واخلاقهم عاليه جدا",5,قبل 7 ساعات,أبو الزوز ـ مقهي و مطعم سوري الزمالك,مطعم مأكولات سورية,google_maps
378,"Great restaurant with a beautiful atmosphere. The food was very good and the place looks amazing.

Special thanks to our waiter Aslya. He was very friendly, attentive, and professional. His service made the evening even better.

Highly recommended!",5,قبل 3 أيام,أبو الزوز ـ مقهي و مطعم سوري الزمالك,مطعم مأكولات سورية,google_maps
380,So boring no service,1,قبل أسبوع,أبو الزوز ـ مقهي و مطعم سوري الزمالك,مطعم مأكولات سورية,google_maps
381,"I had an amazing experience at Abou Elzoz Restaurant! From the moment I walked in, the ambiance felt warm and inviting, perfect for a relaxed meal with friends or family. The staff were incredibly attentive, friendly, and genuinely cared about making our visit enjoyable.

The food was absolutely outstanding – every dish was bursting with flavor, beautifully presented, and made with fresh, high-quality ingredients. Their signature dishes are a must-try, and the portions were generous without compromising on taste.",5,قبل أسبوع,أبو الزوز ـ مقهي و مطعم سوري الزمالك,مطعم مأكولات سورية,google_maps
382,Ottimo cibo e bravissimo Jousef,5,قبل أسبوع,أبو الزوز ـ مقهي و مطعم سوري الزمالك,مطعم مأكولات سورية,google_maps
384,Great food with a great view!,5,قبل أسبوع,أبو الزوز ـ مقهي و مطعم سوري الزمالك,مطعم مأكولات سورية,google_maps
385,"The best authentic Syrian food you can ever have in Cairo and the service is over good, Hosam was the friendly guy helping us there",5,قبل أسبوعين,أبو الزوز ـ مقهي و مطعم سوري الزمالك,مطعم مأكولات سورية,google_maps
387,"Great food, trust the server",5,قبل أسبوعين,أبو الزوز ـ مقهي و مطعم سوري الزمالك,مطعم مأكولات سورية,google_maps
388,وقت افطار رمضان الاكل نزل متاخر جدا لكل الناس و الاكل سىء جدااا,2,قبل أسبوعين,أبو الزوز ـ مقهي و مطعم سوري الزمالك,مطعم مأكولات سورية,google_maps
389,"Everything was amazing , the food , the service… waleed and Mohamed Ahmed were very helpful and friendly",5,قبل أسبوعين,أبو الزوز ـ مقهي و مطعم سوري الزمالك,مطعم مأكولات سورية,google_maps
390,"Cena deliziosa e accoglienza impeccabile!

Sono arrivata al ristorante senza prenotazione e abbastanza tardi (intorno alle 22:00), ma lo staff ci ha accolto con grande cortesia, offrendoci una bevanda a base di yogurt fresco e menta, davvero deliziosa! 🌿

Tutto era curato nei minimi dettagli, dal servizio alla presentazione dei piatti. Una menzione speciale va all’hummus: mai assaggiato uno così buono!

Perfetta serata per staccare dal solito cibo egiziano.",5,قبل أسبوعين,أبو الزوز ـ مقهي و مطعم سوري الزمالك,مطعم مأكولات سورية,google_maps
391,Amazing food and very professional service! Recommended!!,5,قبل أسبوعين,أبو الزوز ـ مقهي و مطعم سوري الزمالك,مطعم مأكولات سورية,google_maps
392,"Went for a quick family dinner tonight. We’ve enjoyed Syrian food a few times and this time the food was wonderful. The spicy potatoes, chicken kebab and prawns were delicious! We were also treated to a plate of strawberries after dinner. All delicious!",5,قبل أسبوعين,أبو الزوز ـ مقهي و مطعم سوري الزمالك,مطعم مأكولات سورية,google_maps
393,Friendly staff. Great food.,5,قبل أسبوعين,أبو الزوز ـ مقهي و مطعم سوري الزمالك,مطعم مأكولات سورية,google_maps
394,"Mohamedgaber andzatona the best restaurant in Zamalek and thank you for the very classy treatment and thank you, Abu Al zouz
And i highly recommend the dish “Chicken Herb”, so delish!",5,قبل أسبوعين,أبو الزوز ـ مقهي و مطعم سوري الزمالك,مطعم مأكولات سورية,google_maps
395,"Très bonne adresse!
Le service est au petit soin, belle vue sur le Nil! Les plats sont gourmands et de qualité!
Bonne adresse avec un bon rapport qualité/prix! Beaucoup de choix végétariens!",5,قبل أسبوعين,أبو الزوز ـ مقهي و مطعم سوري الزمالك,مطعم مأكولات سورية,google_maps
396,"Excellent food , in particular okra (bamies) dish. And v friendly and competent service from Yusuf and Miru. Many thanks!",5,قبل أسبوعين,أبو الزوز ـ مقهي و مطعم سوري الزمالك,مطعم مأكولات سورية,google_maps
397,"مطعم جميل جداا واكله تحفه
محمد جابر وميدو ❤️",5,قبل أسبوعين,أبو الزوز ـ مقهي و مطعم سوري الزمالك,مطعم مأكولات سورية,google_maps
400,محمد جابر وميدو وياسين احسسسسسسن واجدع ناااس في ابو الزوز,5,تاريخ التعديل: قبل أسبوعين,أبو الزوز ـ مقهي و مطعم سوري الزمالك,مطعم مأكولات سورية,google_maps
402,The worst restaurant to order food specially for iftar I ordered food at 4pm he arrived 7 pm cold very disrespectful and rude save your money and energy,1,قبل أسبوع,مطعم انس الدمشقي,مطعم مأكولات سورية,google_maps
403,Good stuff,5,قبل 3 أسابيع,مطعم انس الدمشقي,مطعم مأكولات سورية,google_maps
404,بسم الله مشاءالله الطعام جامد جداً,5,قبل 3 أسابيع,مطعم انس الدمشقي,مطعم مأكولات سورية,google_maps
407,مطعم رائع,5,قبل شهر,مطعم انس الدمشقي,مطعم مأكولات سورية,google_maps
409,جميل جداً,5,قبل شهر,مطعم انس الدمشقي,مطعم مأكولات سورية,google_maps
410,"Staff more experience,
More friendly,
Delicious meal,
ANOUS.
Thank you.",4,قبل شهر,مطعم انس الدمشقي,مطعم مأكولات سورية,google_maps
411,Very delicious.,5,قبل شهر,مطعم انس الدمشقي,مطعم مأكولات سورية,google_maps
414,قماش سوارية تحفة وأسعار متوسطة فى السعر,5,قبل 5 أيام,سوق الازهر كل انواع القماش السواريه (فستان سواريه فقط),متجر ملابس,google_maps
415,Kunqalbi,5,قبل أسبوع,سوق الازهر كل انواع القماش السواريه (فستان سواريه فقط),متجر ملابس,google_maps
416,"Good for fabric
Price is very good",5,قبل أسبوعين,سوق الازهر كل انواع القماش السواريه (فستان سواريه فقط),متجر ملابس,google_maps
417,اهنن,1,قبل أسبوعين,سوق الازهر كل انواع القماش السواريه (فستان سواريه فقط),متجر ملابس,google_maps
420,"السعادة مع أهمية القاهرة لكل مصري
مكان توجد في البهجة في كل مكان",5,قبل شهر,سوق الازهر كل انواع القماش السواريه (فستان سواريه فقط),متجر ملابس,google_maps
426,البرجر ممتاز,4,قبل 3 أسابيع,Gad,مطعم مأكولات مصرية,google_maps
428,مكان ممتع وجودة عالية,5,قبل 4 أيام,مطعم شجرة الدر,مطعم مأكولات مشوية,google_maps
429,ماشاء الله 😍😍,5,قبل 4 أيام,مطعم شجرة الدر,مطعم مأكولات مشوية,google_maps
430,Very Expensive,2,قبل 5 أيام,مطعم شجرة الدر,مطعم مأكولات مشوية,google_maps
431,مطعم تحفه بالاستقبال والاكل ♥️♥️♥️✨,5,تاريخ التعديل: قبل 6 أيام,مطعم شجرة الدر,مطعم مأكولات مشوية,google_maps
432,بجد حاجه تشرف جدا جدا,5,قبل أسبوع,مطعم شجرة الدر,مطعم مأكولات مشوية,google_maps
433,الاكل رائع,5,قبل أسبوع,مطعم شجرة الدر,مطعم مأكولات مشوية,google_maps
434,"Nice, helpful, welcoming waiters. Food very high quality and great taste. Over and above what is below, molokheyya, feteer sojouk, and hawawshi are very special. Hard to find any dish that is not excellent",5,قبل أسبوع,مطعم شجرة الدر,مطعم مأكولات مشوية,google_maps
435,تجربه اكتر من رائع والاكل تحفه ❤️,5,قبل أسبوع,مطعم شجرة الدر,مطعم مأكولات مشوية,google_maps
436,"Great offers during Ramadan
Food quality is really great
Very competitive price and real value for money
It's very rare to find good food during Ramadan, but they managed to do it",5,قبل 3 ساعات,دوار أم حسن,مطعم مأكولات مصرية,google_maps
438,ممتاز جدا,5,قبل يومين (2),دوار أم حسن,مطعم مأكولات مصرية,google_maps
439,تحفه,5,قبل أسبوع,دوار أم حسن,مطعم مأكولات مصرية,google_maps
441,المكان جميل ومكانه في المهندسين سهل الوصول له,4,قبل أسبوعين,دوار أم حسن,مطعم مأكولات مصرية,google_maps
442,الاكل جميل عندهم الصراحه,5,قبل أسبوعين,دوار أم حسن,مطعم مأكولات مصرية,google_maps
445,جيد,4,قبل 3 أسابيع,دوار أم حسن,مطعم مأكولات مصرية,google_maps
447,اسوء تجربة ممكن تاكل من عند مطعم ام حسن ، اقسم بالله العظيم الاكل وصلني بارد ، والوجبات من غير سلطات مع العلم دي تاني مرة تحصل مش اول مرة ،، نصيحة بلاش ام حسن وشكرا ..,1,قبل شهر,دوار أم حسن,مطعم مأكولات مصرية,google_maps
450,الأكل سئ جدا وقُدم بارد، الطري بارد، السحق حادق. الاسعار مبالغ فيها مقارنة الجودة. الحدمة سيئة.,1,قبل 7 ساعات,حضرموت شيخ المندى,مطعم أطباق اللحوم,google_maps
451,"Worst customer service!
They didn’t send my Ramadan order.
Delivery guy very rude!
Came after and want to give the order after Iftar with 20mins!",1,قبل يوم واحد,حضرموت شيخ المندى,مطعم أطباق اللحوم,google_maps
454,جوده محترمه يصلح لاقامة العزائم الكبيره باعلي جوده ممكنه,5,قبل 3 أيام,حضرموت شيخ المندى,مطعم أطباق اللحوم,google_maps
456,سئ جدا والاكل ناقص و السلطه حامضه بجد اسوء اكل اكلته في حياتي,1,قبل 3 أيام,حضرموت شيخ المندى,مطعم أطباق اللحوم,google_maps
457,خدمة تحفة و احسن اكل برمضان,5,قبل 3 أيام,حضرموت شيخ المندى,مطعم أطباق اللحوم,google_maps
458,انا بحب اروح جدآ,5,قبل 5 أيام,حضرموت شيخ المندى,مطعم أطباق اللحوم,google_maps
459,"Everything was bad I never explain it when I came the room was not clean and I had to change the rooms more than 3 times because they have an internet problem and they also have a problem with the services and also the room services do not answer the phones and are very late in the orders and my stomach hurt because of the salad I ordered when I arrived and they don't care about anything and I also wanted to deliver the room to them because it was my exit time I didn't find anyone at the reception, and I had to have someone I regret that I went there",1,قبل 4 أيام,فندق تريومف,فندق,google_maps
461,👍🏼👍🏼,5,قبل أسبوع,فندق تريومف,فندق,google_maps
462,Great,5,قبل أسبوع,فندق تريومف,فندق,google_maps
463,الفندق ممتاز وشكرا على الضيافة المتميزة,5,قبل أسبوع,فندق تريومف,فندق,google_maps
464,"Muy mal, de la reserva de booking combraron 30 dólares extra no se sabe porque. Pedimos pieza con una cama y nos dieron una con dos cama chica. Las cortinas no cierran
Pero lo más terrible es que estuvieron taladrando 40 min a las 4 am…
Enfin para algo es ir nos costó 90 dólares no aplica para nada.",1,قبل أسبوع,فندق تريومف,فندق,google_maps
465,"Buen sitio para descansar, cómodo, tranquilo y seguro, buena ubicación",5,قبل أسبوعين,فندق تريومف,فندق,google_maps
466,"I visited the cafeteria, not the hotel, and was thoroughly impressed. The staff were exceptionally helpful and professional, creating a welcoming atmosphere. It's a quiet, elegant spot, ideal for personal meetings or remote work. A perfect choice for a relaxing break in Heliopolis.",4,تاريخ التعديل: قبل أسبوعين,فندق تريومف,فندق,google_maps
467,"Ci sono stata di recente per un weekend lungo al Cairo. L’hotel è bello, colazione molto varia , dal dolce al salato. Anche la cena non è male. Personale molto gentile, soprattutto in reception.l",4,قبل أسبوعين,فندق تريومف,فندق,google_maps
468,"this is a very good place, a group of kind women are at the reception, they trate you very well, especially shery",5,قبل 3 أسابيع,فندق تريومف,فندق,google_maps
469,"I’d like to point out something that was disappointing during our visit. We were sent a menu with specific prices and made our reservation based on those prices. However, when we arrived and received the bill, the prices were different and noticeably higher than what was originally shared with us.
It would be appreciated if the restaurant could ensure that the menu sent to customers reflects the actual prices to avoid confusion or inconvenience in the future.",1,قبل ساعتين (2),مطعم وكافيه اولدش,مقهى,google_maps
471,Автентична атмосфера в градината и в ресторанта. До площад Тахрир. Любезен персонал и богат избор. Вкусна храна . Посещавам го редовно.,5,قبل يوم واحد,مطعم وكافيه اولدش,مقهى,google_maps
472,"Wonderful food, good prices and super friendly service. The patio is really cool. Very recommended when in downtown.",5,قبل 5 أيام,مطعم وكافيه اولدش,مقهى,google_maps
473,The atmosphere was great same for the staff but the food needs to be a lil bit better,4,قبل 5 أيام,مطعم وكافيه اولدش,مقهى,google_maps
474,It's just a great experience staff is great so welcoming while the food is also good a Greta place to have breakfast in with some new friends,5,قبل 5 أيام,مطعم وكافيه اولدش,مقهى,google_maps
476,"Endroit très sympa pour un dîner avec une jolie terrasse et des propositions égyptiennes et internationales. L'accueil est agréable, mention spéciale a Islam qui s’est occupé de nous 😊",4,قبل أسبوع,مطعم وكافيه اولدش,مقهى,google_maps
477,"We had a great time, special thanks to Islam",5,قبل أسبوع,مطعم وكافيه اولدش,مقهى,google_maps
478,Islan nous a bien accompagné par son accueil et son sourire lors de notre dîner,5,قبل أسبوع,مطعم وكافيه اولدش,مقهى,google_maps
479,"Great food, great place and the best service with Habiba.",5,قبل أسبوع,مطعم وكافيه اولدش,مقهى,google_maps
480,I couldn’t eat almost anything in Egypt but all the food at this place was absolutely delicious and everything was really well-priced. I definitely recommend trying the chicken with mushroom,5,قبل أسبوع,مطعم وكافيه اولدش,مقهى,google_maps
481,有室外和室內的位置，室外的位置是一個漂亮的小花園庭院，幾乎坐滿了客人。早午餐菜單看起來很豐盛，兩人點了綜合燒烤（370埃鎊）、凱撒沙拉（92埃鎊）、果汁（一杯108埃鎊），燒烤上桌時很有戲劇效果。,5,قبل أسبوع,مطعم وكافيه اولدش,مقهى,google_maps
482,"Great place. Good food, nice staff. Very friendly. I'd definitely come back",5,قبل أسبوع,مطعم وكافيه اولدش,مقهى,google_maps
483,"Best food in Cairo. Since our flight to Doha was cancelled, we got to stay in Cairo a bit longer and went back again at once and enjoy their delicious food and amazing service. Highly recommended!",5,قبل أسبوع,مطعم وكافيه اولدش,مقهى,google_maps
484,如果你来旅游，建议不要来。出品非常不稳定，需要运气。19点18点菜，20点08上菜。等了50分钟，结果上来了一个冰凉的烤肉，非常失望。中间催服务生，服务生说因为这个很新鲜，需要等，结果就是把一个很久之前就烤好，还有点烤糊的肉，放在一个热的盘子里就上来了。肉完全是凉的！,1,قبل أسبوعين,مطعم وكافيه اولدش,مقهى,google_maps
486,"During Ramadan, the whole population tolerates the fasting of Muslims and foregoes any semblance of normal  provision of food. Ok. Islam the majority population and the official religion and they control. That inconveniences non-muslim citizens and all the foreigners who live and visit. But it's an Islamic country. Ok.

This restaurant menu has ten items marked ""Fasting,"" by which they mean the Coptic days of fasting, which are 2/3 of the days of the year. These salads are without animal products. It is respectful, thoughtful, for Oldish to mark these menu items for those who don't eat animals, or don't eat animals on certain days. We love it when restaurants give a nod to vegetarians and vegans.  Oldish looks like a place that serve the whole demographic of Egypt's people.
This year, Ramadan coincides with the Copts LONG fast --55 days long! For 55 days the native Egyptian population is vegan.     But. When i tried to order the ""fasting"" (vegan) salad at Oldish, ""We do not have it available now , because it's Ramadan.""
So because Muslims are observing THEIR fast (eat anytime when the sun is down. anything you want.), the restaurant STOPS serving the food that is suitable for Copts, who are abstaining from all animal products for 55 days.
The menu showing ""fasting-friendly"" food is here on the restaurant's google map listing. Beware . During Ramadan, expect peak chaos.
Not being a vegetarian today, I ordered the Hawawshi and Oldish Salad shown here and I left most of it on the plate. Not good by any standards at all.
Possibly Oldish is ok for a quaint downtown coffee date.
End of rant.",1,قبل أسبوعين,مطعم وكافيه اولدش,مقهى,google_maps
487,"ご飯も大変美味しく、店員さんも丁寧で最高のお店でした。
特にシシさん、Islamさんという店員さんが丁寧に接客してくれました。",5,قبل أسبوعين,مطعم وكافيه اولدش,مقهى,google_maps
488,シシ、イスラムという店員が良かった,5,قبل أسبوعين,مطعم وكافيه اولدش,مقهى,google_maps
489,"The food is amazing. We ate traditional plates, with good prices and big portions. The service also amazing. We suggest from the menu especially the ""oldish"" plates! One of the best place to eat in Cairo",4,قبل أسبوعين,مطعم وكافيه اولدش,مقهى,google_maps
490,مقفل .. مشولر على الفاضي,1,قبل 3 أسابيع,مطعم وكافيه اولدش,مقهى,google_maps
491,"Very tasty food and you get a lot!
Islam helped us good and will definitely be back again!",5,قبل 3 أسابيع,مطعم وكافيه اولدش,مقهى,google_maps
493,كان أفضل في الأول,3,قبل أسبوعين,Mirage Outlet Mall,منفذ بيع بالتجزئة,google_maps
494,I like this mall. It has a nice spacious open areas. Stores are nicely maintained.,5,قبل شهر,Mirage Outlet Mall,منفذ بيع بالتجزئة,google_maps
495,فى محلات كتير اوت ليت لبرندات حلوه,5,قبل شهر,Mirage Outlet Mall,منفذ بيع بالتجزئة,google_maps
497,معاناة الركنيات,1,قبل شهر,Mirage Outlet Mall,منفذ بيع بالتجزئة,google_maps
500,خدمة ممتازة وطعام وممتاز,5,قبل يومين (2),مطعم الدهان,مطعم مأكولات مشوية,google_maps
501,"Goed eten en ontzettend vriendelijke bediening, wij waren erg tevreden!",5,قبل 4 أيام,مطعم الدهان,مطعم مأكولات مشوية,google_maps
502,مطعم هادي جدا والاسعار غالية,4,تاريخ التعديل: قبل 6 أيام,مطعم الدهان,مطعم مأكولات مشوية,google_maps
503,"الأكل جدا لذيذ والستاف لطيفين وسرعه في الطلب
تحديدا احمد محسن وابراهيم",5,قبل أسبوع,مطعم الدهان,مطعم مأكولات مشوية,google_maps
505,لازم تزور المكان الفيو تحفة والأكل ولا غلطة يا بخت أهل الجيزة 🤩🤩🤩👌👌👌,5,قبل أسبوع,مطعم الدهان,مطعم مأكولات مشوية,google_maps
506,مكان ممتاز وخدمة ممتازة,5,قبل أسبوعين,مطعم الدهان,مطعم مأكولات مشوية,google_maps
507,ناس محترمه جدا,5,قبل أسبوعين,مطعم الدهان,مطعم مأكولات مشوية,google_maps
508,من أسوء التجارب,1,قبل أسبوعين,مطعم الدهان,مطعم مأكولات مشوية,google_maps
511,الاسعار غالية نوعا ما,4,تاريخ التعديل: قبل أسبوع,مطاعم أبو عمار السوري المهندسين,مطعم مأكولات سورية,google_maps
512,الطعم والخدمه جميله,5,قبل أسبوع,مطاعم أبو عمار السوري المهندسين,مطعم مأكولات سورية,google_maps
513,"Prices are very high compared to the portion served.
The taste is mild & more like an average low budget restaurant",3,قبل 3 أسابيع,مطاعم أبو عمار السوري المهندسين,مطعم مأكولات سورية,google_maps
514,ممتاز والخدمة ممتازه,5,قبل 3 أسابيع,مطاعم أبو عمار السوري المهندسين,مطعم مأكولات سورية,google_maps
516,"An item was missing from my order, and it took more than 30 mins; however they told me it should take around 10 mins!!!!!!!!",1,قبل شهر,مطاعم أبو عمار السوري المهندسين,مطعم مأكولات سورية,google_maps
517,The worst experience can ever happen.,1,قبل شهر,مطاعم أبو عمار السوري المهندسين,مطعم مأكولات سورية,google_maps
519,ممتاز,5,تاريخ التعديل: قبل شهر,مطاعم أبو عمار السوري المهندسين,مطعم مأكولات سورية,google_maps
521,"Too busy to sit inside, had to wait a very long time for food order, disorganised",1,قبل يومين (2),أبو العز السوري,مطعم مأكولات سورية,google_maps
522,طعم جميل جدا,5,قبل 6 أيام,أبو العز السوري,مطعم مأكولات سورية,google_maps
523,رائع,5,قبل أسبوع,أبو العز السوري,مطعم مأكولات سورية,google_maps
525,"I loved the food, they are quick with the orders and portions are very good, the restaurant is crowded though not suitable for individuals looking for a quiet place for a couple that is more relaxed. It was very good for suhur because as I said the service was fast. But the place was a little disorganized no tissues no plates, other than that it was alright.",5,قبل أسبوع,أبو العز السوري,مطعم مأكولات سورية,google_maps
526,"For takeaway orders it could take some time to receive your order and be surrounded by beggars every now and then, but you will always take good quality food that tastes good.

They offer good value for money",5,قبل أسبوعين,أبو العز السوري,مطعم مأكولات سورية,google_maps
529,Overrated,1,قبل يومين (2),مطعم زين الشام الرحاب,مطعم مأكولات سورية,google_maps
531,يعني اقعد عشان افطر في رمضان يتقال ليا في اصناف إجباري بقيمة 350 جنيه غير اللي اطلبه,1,قبل أسبوع,مطعم زين الشام الرحاب,مطعم مأكولات سورية,google_maps
532,"قليلن زوق واحترام
Ordered two hours and a half before iftar and was assured it will be arrive on time for iftar, it arrived an hour after iftar extremely cold, the delivery was rude and would decline my calls when i was trying to reach him and the staff could not care less",1,قبل أسبوع,مطعم زين الشام الرحاب,مطعم مأكولات سورية,google_maps
533,"كل اكله  ممتاز بقالي ٤ سنين باكل من عنده ماخيب ظني❤️
لي تعليق فقط ع الكفته اتمنى تكون چوسي اكتر",5,قبل أسبوع,مطعم زين الشام الرحاب,مطعم مأكولات سورية,google_maps
534,جيد ولكن زحمه,5,قبل أسبوع,مطعم زين الشام الرحاب,مطعم مأكولات سورية,google_maps
535,يحتاج تنظيم افضل,4,قبل أسبوع,مطعم زين الشام الرحاب,مطعم مأكولات سورية,google_maps
541,مطعم ممتاز والاكل كتير جيد، خاصة شاورما السجق,5,تاريخ التعديل: قبل 3 أسابيع,مطعم زين الشام الرحاب,مطعم مأكولات سورية,google_maps
542,"La comida ha sido espectacular, aunque los precios son un poco elevados vale la pena cada centavo. Pongo solo 3 estrellas dado que el servicio por parte de los meseros ha sido bastante grosero pero recomiendo ir a probar su comida",3,قبل 3 أيام,ابو السيد,مطعم مأكولات مصرية,google_maps
544,Ein besonderes Restaurant mit einer orientalischen Atmosphäre. Service und vor allem das Angebot an Speisen können sich wirklich sehen lassen.,5,قبل 5 أيام,ابو السيد,مطعم مأكولات مصرية,google_maps
545,"Rica cena, comida egipcia con buen sabor y precios no elevados a comparación de otros lugares. Lo recomiendo, pero prefiero otro estilo de comida",4,قبل 6 أيام,ابو السيد,مطعم مأكولات مصرية,google_maps
546,"Everything was great.
The food the service,the invironment. Everything. It was one more experience having dinner there",5,قبل أسبوع,ابو السيد,مطعم مأكولات مصرية,google_maps
547,"""Terrible Experience at Abou El Sid in Zamalek – Would Not Recommend""

We went to Abou El Sid in Zamalek yesterday for Iftar, and honestly, the experience was terrible. There’s no proper ventilation in the place—after just a few hours, our clothes reeked of smoke and we had kids us. The furniture is old and very uncomfortable to sit on, which made the whole experience even more unpleasant.

We had pre-ordered our Iftar the day before, but when it was time to serve, several items were missing—including the desserts, which they said were “no longer available.” The food itself arrived cold, and the taste was below average. Considering the high price per person, the quality is just not justified. It’s definitely not worth the money.

The service was by far the worst part. The restaurant seemed understaffed, and we had to wait a long time just to get someone’s attention to order anything. Interestingly, when it was time to pay, they were suddenly very attentive and quick.

Overall, our experience as a family was extremely disappointing. I’d give this place 1 star across the board. Despite its reputation, we will never visit again.",1,قبل أسبوع,ابو السيد,مطعم مأكولات مصرية,google_maps
548,Local food was amazing!,5,قبل أسبوعين,ابو السيد,مطعم مأكولات مصرية,google_maps
549,"Lugar típico con buena ambientación. Lleno un martes por la noche, en su mayoría turistas de hoteles cercanos. La comida es muy deficiente, sin apenas sal y fría. El servicio es correcto pero se equivocaron con el cambio a euros y no sé si fue a propósito o no.",2,قبل أسبوعين,ابو السيد,مطعم مأكولات مصرية,google_maps
550,"The place had a truly oriental atmosphere, with beautiful traditional vibes and decorations. I’m proudly 100% Egyptian, and I’m so proud of our culture and authentic Egyptian art that you displayed on every wall and in every corner of the place
W habettttt om alyyyy 😘😘",5,قبل أسبوعين,ابو السيد,مطعم مأكولات مصرية,google_maps
551,"Bu restoranın kapısından içeri girmek, bir zaman makinesinden 1940 lı yıllara geçmek gibidir.  Servis yapan şık ve centilmen beyefendiler,  birbirinden leziz geleneksel yemekler ve sizi her detayı ile büyüleyecek antika bohem bir atmosfer. Mutlaka uğrayın ve nargilenin tadına bakmayı da ihmal etmeyin. Yazdıklarım abartılı gelebilir,  ama sadece bilenlerin özel bir mekanı olarak kalacak kadar degerli olduğunu gidince anlayacaksınız.",5,قبل أسبوعين,ابو السيد,مطعم مأكولات مصرية,google_maps
552,"الخدمة جميلة والستاف محترمين جداً واخلاقهم عالية
الاكل سيء جداً جداً مايناكل للأسف",1,قبل أسبوعين,ابو السيد,مطعم مأكولات مصرية,google_maps
553,Excellent. Always good. Light Egyptian food,5,قبل 3 أسابيع,ابو السيد,مطعم مأكولات مصرية,google_maps
555,ممتاز لكن صعب ركن العربيات,5,تاريخ التعديل: قبل 3 أسابيع,ابو السيد,مطعم مأكولات مصرية,google_maps
557,محترمين بس أسعارهم غالية شوية,4,تاريخ التعديل: قبل يومين (2),(مطعم انس الدمشقى),مطعم مأكولات سورية,google_maps
558,"The bill was increased claiming that there is a 14% service charge, which is illegal since it is not mentioned on the menu. Also, the remaining coins were not given back to me when I paid. I am not asking to take them, but they should have been returned and I should decide what to do with them.

In any case, I have taken a copy of the bill and I will proceed with the necessary legal action",1,قبل 5 أيام,(مطعم انس الدمشقى),مطعم مأكولات سورية,google_maps
559,أحلي انس للدمشقي♥️,5,قبل 6 أيام,(مطعم انس الدمشقى),مطعم مأكولات سورية,google_maps
560,"Very very nice experience as we were travelling and didn’t knew Arabic but the two staffs who were working in the morning , a lady and a boy (Ahmed ) helped us a lot and they offered the best service . Went there twice because of the best service and best kunafa ‘s",5,قبل شهر,(مطعم انس الدمشقى),مطعم مأكولات سورية,google_maps
561,Egyptian food is not nice at all. This Syrian place had v nice food  and never let us down,5,تاريخ التعديل: قبل شهر,(مطعم انس الدمشقى),مطعم مأكولات سورية,google_maps
562,Great Syrian food,4,قبل شهر,(مطعم انس الدمشقى),مطعم مأكولات سورية,google_maps
565,لذيذ والاسعار معقولة والخدمة رائعة,5,قبل شهر,(مطعم انس الدمشقى),مطعم مأكولات سورية,google_maps
567,"Buen ambiente i un cambrer entusiasta, d'una amabilitat contagiosa, Ahmed Zizou!!",5,قبل أسبوع,بيت ورد,مطعم مأكولات لبنانية,google_maps
568,"Gracias al amable camarero Ahmed Zizou, hizo de nuestra cena una experiencia aún mejor y repetimos!",5,قبل أسبوع,بيت ورد,مطعم مأكولات لبنانية,google_maps
570,المشويات مش فريش الطعم غير مقبول المقبلات معقوله الخدمه كويسه الاصطفاف مرحبين,2,قبل أسبوع,بيت ورد,مطعم مأكولات لبنانية,google_maps
571,المكان سيئ  ولموضفين غير محترمين,1,قبل 3 أسابيع,بيت ورد,مطعم مأكولات لبنانية,google_maps
573,الخدمة جداً رائه والموظف مانو جدا لطيف,5,قبل شهر,بيت ورد,مطعم مأكولات لبنانية,google_maps
574,شكرا لاحمد زيزو على حسن التعامل,5,قبل شهر,بيت ورد,مطعم مأكولات لبنانية,google_maps
576,مكان جميل و محترمين أوي,5,قبل شهر,بيت ورد,مطعم مأكولات لبنانية,google_maps
577,جميل,4,قبل شهر,بيت ورد,مطعم مأكولات لبنانية,google_maps
579,الاكل سيئ ومو زي اول,1,قبل شهر,بيت ورد,مطعم مأكولات لبنانية,google_maps
580,Very good place,5,قبل شهر,بيت ورد,مطعم مأكولات لبنانية,google_maps
582,It was amazing,5,قبل شهر,بيت ورد,مطعم مأكولات لبنانية,google_maps
584,اكل لذيذ وخدمة رائعة اشكر الموظفين يوسف ومانو 🙏💖,5,قبل شهر,بيت ورد,مطعم مأكولات لبنانية,google_maps
586,خدمة احمد عز كانت لطيفه واللكل لذيذ,5,قبل شهر,بيت ورد,مطعم مأكولات لبنانية,google_maps
587,جميل جدا,5,قبل 8 ساعات,كوستا كافيه,كافيه,google_maps
588,This one is much better than the one in zamlek. At least the smoking and non smoking areas are separated. And its cleaner,5,تاريخ التعديل: قبل يوم واحد,كوستا كافيه,كافيه,google_maps
589,"Apre alle 9 anche se dovrebbe aprire alle 7, per il resto molto buono sia il caffè che il cibo e prezzi onesti",5,قبل أسبوع,كوستا كافيه,كافيه,google_maps
590,Best coffee ☕,5,قبل 3 أسابيع,كوستا كافيه,كافيه,google_maps
591,غالي جدا,3,تاريخ التعديل: قبل شهر,كوستا كافيه,كافيه,google_maps
592,C’est inadmissible on a payer 960€ pour un café même pas froid je pense que le serveur c’est tromper et a mis tout les supplément dans une autre commande,1,قبل شهر,كوستا كافيه,كافيه,google_maps
593,ممتاز,5,تاريخ التعديل: قبل شهر,كوستا كافيه,كافيه,google_maps
594,"The toilet is disgusting, clearly not cleaned properly, there is no paper, all the tables are dirty, you buy an overpriced coffee and then don't feel like sitting down because the atmosphere and cleanliness is terribly disappointing: /",1,قبل شهر,كوستا كافيه,كافيه,google_maps
595,worst costa branch ever the coffee is good but the service is the worst the staff is not helpful they lied about the avaliablity of club sandwich cause they were lazy to ask the kitchen and 5 mins later it was magically in the display i asked one of the staff to change something for me and they asked me to take it down to the downstairs for them they take service fees while they don't serve tabels,1,قبل شهر,كوستا كافيه,كافيه,google_maps
596,الحمامات سيئة جدا في كل الفروع,4,قبل شهر,كوستا كافيه,كافيه,google_maps
597,It’s costa,5,قبل شهر,كوستا كافيه,كافيه,google_maps
598,"I had a great experience overall at this Costa Coffee, mainly because of the excellent customer service. The staff were friendly, welcoming, and professional, which really made a difference. The coffee quality was outstanding—fresh, well-prepared, and exactly what you’d expect from Costa.
However, the space is quite small and often feels packed, which can make it uncomfortable, especially during busy hours. Also, the smoking room upstairs negatively affected the experience for non-smokers, as the smell carries through and ruins the atmosphere.
Overall, great coffee and service, but the layout and smoking area definitely need improvement.",3,قبل شهر,كوستا كافيه,كافيه,google_maps
600,The food and drinks are nice. The staff speaks some English. You can pay by card. The second floor seating zone is for smokers and I don't like that.,4,قبل شهرين,كوستا كافيه,كافيه,google_maps
602,he’s ham,5,قبل يوم واحد,Princess Café & Restaurant,مقهى,google_maps
603,Good food good service,5,قبل يوم واحد,Princess Café & Restaurant,مقهى,google_maps
604,Good vibes good atmosphere thank you abou elnaga,5,قبل يوم واحد,Princess Café & Restaurant,مقهى,google_maps
605,مكان ممتاز والاستاذ هشام من احسن الشخصيات ال قابلتها ف حياتي برشح كافيه برنسيس لاي حد ❤️❤️❤️❤️,5,قبل يومين (2),Princess Café & Restaurant,مقهى,google_maps
606,المكان جميل,5,قبل يومين (2),Princess Café & Restaurant,مقهى,google_maps
609,Essam Elhaddad is fantastic,5,قبل 6 أيام,Princess Café & Restaurant,مقهى,google_maps
610,المكان جميل ولاكن الخدمه بطيئه جدا في تحظير الخدمه,5,قبل أسبوع,Princess Café & Restaurant,مقهى,google_maps
613,"شكرا علي الفطار الجميل
وشكرا للاصف متعاون جدا❤",5,تاريخ التعديل: قبل أسبوع,Princess Café & Restaurant,مقهى,google_maps
616,"Very annoying during Ramadan we couldn't hear each other's,  poor food quality",1,قبل أسبوع,مطعم و مقهى ستيريو,مطعم,google_maps
617,More than perfect ❤️,5,قبل أسبوعين,مطعم و مقهى ستيريو,مطعم,google_maps
618,Food is delicious and tasty. Prices are very fair compared to the quality and size of the dish.,5,قبل شهر,مطعم و مقهى ستيريو,مطعم,google_maps
619,A bit oily but amazing flavor and hearty meal,5,قبل شهر,مطعم و مقهى ستيريو,مطعم,google_maps
621,One of the modern restaurant has a great atmosphere with lovely taste for chicken and meat,5,قبل شهر,مطعم و مقهى ستيريو,مطعم,google_maps
622,"My favourite place ever
Best food best service
Thank you so much",5,قبل شهر,مطعم و مقهى ستيريو,مطعم,google_maps
623,"Had a good experience,amazing service and perfect for family outings",5,قبل شهر,مطعم و مقهى ستيريو,مطعم,google_maps
624,"The food tasted very good, and the quantity was good as well, the place was very nice, and everyone was nice and helpful. The sea food noodles doesn't taste like the regular Chinese food, but it was the beat plate we got.",5,تاريخ التعديل: قبل شهر,مطعم و مقهى ستيريو,مطعم,google_maps
625,الاسعار مبالغ فيها نوعا ما,4,قبل شهر,مطعم و مقهى ستيريو,مطعم,google_maps
627,"The service is great and the employees are so nice. The pasta is also great! There are many vegetarian and even vegan options. The pizza is not the best/doesn’t really taste like pizza. Overall this place is great, would recommend to choose the pasta though!",4,قبل يومين (2),عيش + ملح,مطعم,google_maps
628,Leckere Pasta und toller Service zu super Preis-Leistungsverhältnis,4,قبل يومين (2),عيش + ملح,مطعم,google_maps
629,Preporucujem restoran. Odlicna hrana i nemoze biti jeftinija. Usluga savrsena,5,قبل 3 أيام,عيش + ملح,مطعم,google_maps
630,"Lecker, italienische Küche mit Altstadt Flair angenehm und sauber. Service ist sehr nett Empfehlenswert
Ehepaar aus Stuttgart",4,قبل أسبوع,عيش + ملح,مطعم,google_maps
631,"Boli sme tu v čase sviatku Ramadan. Reštaurácia ponúkala služby bez obmedzenia. Červený interiér je zaujímavo kombinovaný s kvetinovou výzdobou žltých slnečníc. Jedlo bolo chutné a rýchlo pripravené, bez dlhého čakania. Najviac nám chutila paradajková polievka, zapekany baklažán a ibištekový čaj.",5,قبل أسبوعين,عيش + ملح,مطعم,google_maps
632,Kahvaltı-öğle yemeği için gittik. Mekan güzeldi. Yemekler de iyiydi. Fırsatımız olsa bir daha giderdik. Hizmette iyiydi ama tek sıkıntı biraz yavaştı. Gerçi yavaş hizmet tüm Mısır için geçerli. Daha hızlısına rastlamadık. Herkese tavsiye ederim.,5,قبل أسبوعين,عيش + ملح,مطعم,google_maps
633,Ne rend pas la monnaie alors qu’on lui réclame,2,قبل 3 أسابيع,عيش + ملح,مطعم,google_maps
634,"Vibes and food was stunning, quit empty in the morning 10/10 place",5,قبل شهر,عيش + ملح,مطعم,google_maps
635,I had chicken breast with lemon sauce and fresh vegetables. My wife had the aubergine and penne in tomato sauce. Both were delicious. We finished the meal with ice cream prepared by Mekel - excellent! We were well looked after by Ahmed. Thank you both so much for a most pleasant evening .,5,قبل شهر,عيش + ملح,مطعم,google_maps
636,حلو,5,قبل شهر,عيش + ملح,مطعم,google_maps
637,"ده الجمال كله 🌻❤️
مكاني المفضل",5,قبل شهر,عيش + ملح,مطعم,google_maps
639,"Have great menu for tourists, It was delicious",5,قبل شهر,عيش + ملح,مطعم,google_maps
640,"Great service, very nice kind staff, horrible pizza, meh pasta, meh drinks but ultimately a good quite neat place and affordable",4,تاريخ التعديل: قبل شهر,عيش + ملح,مطعم,google_maps
641,lezzet tam yerinde kesinlikle tavsiye ederiz.,5,قبل شهر,عيش + ملح,مطعم,google_maps
642,"تجربة سيئة جدا جدا جدا
تاخر الطلب والستاف مايتكلمون عربي ولما وصل الطلب كان فيه طعم كشنه علما اني طالب فطيره",1,قبل شهر,عيش + ملح,مطعم,google_maps
643,"مكان جميل وحضاري
تحس بتاريخ مصر القديم
الاصطاف ودود
ودائما مبتسم",5,قبل شهر,عيش + ملح,مطعم,google_maps
645,"Petit café restaurant à Downtown incroyable: pancakes, french toasts, plats italiens, très bons cafés.. ambiance calme et prix super accessibles",5,قبل شهر,عيش + ملح,مطعم,google_maps
647,"I loved the interior of Eish + Malh. The mix of red tones, yellow sunflowers, wooden tables, and large windows opening onto the street is a striking combination.

Here’s what we ordered:

- Arancini 🍚: Needed more cooking. One ball was a little cold, like it did not have enough time to cook/defrost. It also needed more sauce, but we asked for extra and that helped.

- Salad 🥗 (arugula, apples, and mushroom): It was okay, but the portion and presentation weren’t great.

- Pasta 🍝: The waiter recommended the white sauce pasta with mushroom and chicken. It was actually really good, just needed a pinch of salt.

Overall, it was a nice experience with a great setting, friendly staff, and solid food. I would go there again.",4,قبل شهر,عيش + ملح,مطعم,google_maps
651,ممتاز جدا ونضيف للمشاوي,5,قبل أسبوعين,كبابجي الأزهر فرحات,مطعم عائلي,google_maps
652,They have the best stuffed pigeons,5,قبل 3 أسابيع,كبابجي الأزهر فرحات,مطعم عائلي,google_maps
653,"المطعم كل همهم البصبصه و المعاكسة
تاركين الخدمة و شغالين بصبصه

الحمام المشوي ٢/١٠
١/٤ كيلو مشوي ٦/١٠",3,قبل شهر,كبابجي الأزهر فرحات,مطعم عائلي,google_maps
655,الحمام عنده في مكان تاني,5,قبل شهر,كبابجي الأزهر فرحات,مطعم عائلي,google_maps
657,لازم تجيب كاش معك الخدمه بطيئه شوي من الزحمه فرع ميدان لبنان طبعا,5,قبل شهر,كبابجي الأزهر فرحات,مطعم عائلي,google_maps
659,Authentic Egyptian food! The Stuffed pigeon was great and so was the meat and everything else. Probably one of the best and safest places to try local food!,4,قبل شهر,كبابجي الأزهر فرحات,مطعم عائلي,google_maps
660,The stuffed pigeon and pigeon soup tasted exotic and interesting and nice; I love the grilled pigeon and grilled beef. Definitely willing go if I have any chance.,5,قبل شهر,كبابجي الأزهر فرحات,مطعم عائلي,google_maps
661,الجو العام حلو والاصطف محترم ولذيذ ف التعامل والاكل حلو,5,قبل يومين (2),الدهان للمشويات التجمع الخامس Eldahan tagmo3,مطعم مأكولات مشوية,google_maps
662,كل سنه وانتم طيبين الاكل جميل والخدمه اجمل والناس بتتعامل بذوق جدا ومحترمين,5,قبل 4 أيام,الدهان للمشويات التجمع الخامس Eldahan tagmo3,مطعم مأكولات مشوية,google_maps
663,"The best branch the food are amazing , hatem is very welcoming and food are fresh",5,تاريخ التعديل: قبل 5 أيام,الدهان للمشويات التجمع الخامس Eldahan tagmo3,مطعم مأكولات مشوية,google_maps
664,كل سنة وأنتم طيبين، خدمة ممتازة كالمعتاد,5,قبل 5 أيام,الدهان للمشويات التجمع الخامس Eldahan tagmo3,مطعم مأكولات مشوية,google_maps
665,أحلي نااس و احلي حاتم صابر و مستر وليد ❤️,5,قبل 5 أيام,الدهان للمشويات التجمع الخامس Eldahan tagmo3,مطعم مأكولات مشوية,google_maps
666,Nice experience,5,قبل 5 أيام,الدهان للمشويات التجمع الخامس Eldahan tagmo3,مطعم مأكولات مشوية,google_maps
667,The service was good,5,قبل 6 أيام,الدهان للمشويات التجمع الخامس Eldahan tagmo3,مطعم مأكولات مشوية,google_maps
668,Good experience,5,قبل 6 أيام,الدهان للمشويات التجمع الخامس Eldahan tagmo3,مطعم مأكولات مشوية,google_maps
669,Great great service and the food is high quality as usual,5,قبل 6 أيام,الدهان للمشويات التجمع الخامس Eldahan tagmo3,مطعم مأكولات مشوية,google_maps
670,"Grate place for iftar in ramadan with Mr. Hatem, grate serving.",5,قبل 6 أيام,الدهان للمشويات التجمع الخامس Eldahan tagmo3,مطعم مأكولات مشوية,google_maps
672,I had a really nice experience there great food and staff would definitely recommend,5,قبل أسبوع,الدهان للمشويات التجمع الخامس Eldahan tagmo3,مطعم مأكولات مشوية,google_maps
673,"The food was very delicious and the staff was very friendly especially Hatem saber , he has a very warm hospitality.",5,قبل أسبوع,الدهان للمشويات التجمع الخامس Eldahan tagmo3,مطعم مأكولات مشوية,google_maps
674,Όμορφος χώρος με ωραία διακόσμηση. Ότι πιάτο παραγγείλαμε ήταν πολύ νόστιμο με μεγάλες μερίδες,5,قبل 9 ساعات,مطعم ظاظا النيل,مطعم,google_maps
676,جودة ونظافة وحسن استقبال .. شكرا,5,قبل يومين (2),مطعم ظاظا النيل,مطعم,google_maps
677,مكان تحفه والاكل تحفه أجواء رمضان جميله الموظفين كلهم عسل وخدومين ودمهم خفيف,5,قبل يومين (2),مطعم ظاظا النيل,مطعم,google_maps
682,"Had a wonderful experience with my family at ZAZA Restaurant during Iftar this Ramadan. The food was absolutely delicious with a great variety of dishes that made the evening special.

A special thanks to Belal and Moaataz for their outstanding service, they were incredibly helpful, attentive, and made sure everything was perfect. Their hospitality really made the experience even better.",5,قبل 4 أيام,مطعم ظاظا النيل,مطعم,google_maps
683,"مكان اكتر من رائع والأكل طعم جدا
وأستاذ محمد صلاح إنسان محترم وزوق واستقباله واهتمامه كان رائع
شكرا ليكم واهتمامكم وان شاء الله دا بقي مكاني المفضل دايما ♥️",5,قبل 5 أيام,مطعم ظاظا النيل,مطعم,google_maps
685,الفطار تحفه فى رمضان,5,قبل 6 أيام,مطعم ظاظا النيل,مطعم,google_maps
686,"Exllent team , helpful",5,قبل 6 أيام,مطعم ظاظا النيل,مطعم,google_maps
687,"Um dos melhores restaurantes em Cairo. Local privilegiado sobre o Nilo. Especialmente a noite. Comida impecável, preço justo e boas opções. Serviço simpático.",5,قبل 6 أيام,مطعم ظاظا النيل,مطعم,google_maps
689,اجمل مطعم على النيل والأسعار مناسبه لجميع ومكان هادي ومميز,5,تاريخ التعديل: قبل أسبوع,مطعم ظاظا النيل,مطعم,google_maps
690,مطعم جميل واشكر محمد صلاح على ذوقه وابتسامته👌,5,قبل أسبوع,مطعم ظاظا النيل,مطعم,google_maps
691,"delicious Oreo milkshake and mixed grill!
Amazing food",5,قبل أسبوع,مطعم ظاظا النيل,مطعم,google_maps
693,"We had a fantastic experience at Zaza Nile. Everything was excellent from start to finish. The food was absolutely delicious, full of flavor, and clearly prepared with care. The portions were very generous — more than enough — which made the experience even better.

The view is truly stunning, overlooking the Nile River and the beautiful skyline of Cairo. The atmosphere is relaxing and enjoyable, making it a perfect place to sit back, enjoy great food, and take in the scenery.

Highly recommended for anyone looking for delicious food, big portions, and an amazing view of the Nile and the city of Cairo.",5,قبل أسبوعين,مطعم ظاظا النيل,مطعم,google_maps
694,مطعم ظاظا (Zaza Cuisine) في ممشى أهل مصر هو وجهة مميزة تجمع بين إطلالة النيل الساحرة والأكلات المصرية الأصيلة، ويُعد خياراً رائعاً لتناول الطعام في أجواء عصرية راقية (خمس نجوم). يشتهر بتقديم أطباق متنوعة مثل الشاورما، السجق، والمشويات، إلى جانب الشيشة، مع خدمة ممتازة وقعدات مريحة.,5,قبل أسبوعين,مطعم ظاظا النيل,مطعم,google_maps
695,"Great food, service and value. Keep in mind you need to pay 20 EGP to enter the riverfront, where the restaurant is located.",5,قبل أسبوعين,مطعم ظاظا النيل,مطعم,google_maps
696,Very nice food and atmosphere.,5,قبل أسبوعين,مطعم ظاظا النيل,مطعم,google_maps
697,"Absolutely wonderful restaurant and thoroughly recommend it. Waitstaff are fabulous, with a special mention to Ramy, excellent explanations and suggestions. Coffee is wonderful.",5,قبل 3 أسابيع,مطعم ظاظا النيل,مطعم,google_maps
698,"Lovely Experience excellent food and location
The service was amazing and the waiters were so polite
Nawaf was very helpful and friendly",5,قبل 3 أسابيع,مطعم ظاظا النيل,مطعم,google_maps
699,حلو,5,قبل 6 أيام,Nile Maxim,مطعم,google_maps
700,الخدمة ضعيفة وسيئة لكن الاكل كان جميل,4,قبل أسبوع,Nile Maxim,مطعم,google_maps
701,الإضاءة وحشة اوى,4,قبل أسبوع,Nile Maxim,مطعم,google_maps
702,"We had a good time.
Personnel was very friendly and the qualiity and quantity of food was pretty good.
The entertainment during the cruise was average and touristic.",4,قبل أسبوع,Nile Maxim,مطعم,google_maps
703,Superb nile cruise with excellent dinner. Enjoyed every minute. Live music.,5,قبل أسبوعين,Nile Maxim,مطعم,google_maps
704,"Gradevole giro sul Nilo, buon servizio. Spettacolo e intrattenimento molto ""turistico""!",3,قبل أسبوعين,Nile Maxim,مطعم,google_maps
705,"Boat is lovely, strong smell of diesel when you first get on.
Lovely dinning area.
It was under occupied but the food was cold and nothing special. Good free salad selection though.
Belly dancer and the spinning man were great but the music was too loud and quite over bearing , there was no let up. So  I sat with my fingers in my ears lol.
A lovely trip along the river for the view at night if you can stand LOUD music for 2 hours.",2,قبل أسبوعين,Nile Maxim,مطعم,google_maps
706,"Food was fine and there was plenty of high quality traditional Egyptian entertainment. Staff were extremely nice, courteous and couldn’t help enough.",5,قبل 3 أسابيع,Nile Maxim,مطعم,google_maps
707,"the service from Abanoup on the Nile Maxim was amazing, fast and smooth. The food was also very tasty, the rib eye steak was well seasoned and cooked perfectly.",5,قبل 3 أسابيع,Nile Maxim,مطعم,google_maps
708,Adding some pics for others to see exterior. Did  ot get inside.,4,قبل 3 أسابيع,Nile Maxim,مطعم,google_maps
709,"The food was good, but the singer was using low-quality speakers, which made the sound noisy and unpleasant.

Additionally, the show was average, and the dancer did not treat all tables equally. She would approach tables with families, but if the table was a group of men, she avoided coming to them.",2,قبل 3 أسابيع,Nile Maxim,مطعم,google_maps
710,"Food is salad buffet snd set menu where you choose among beef, chicken and fish. I chose beef and quality was so so only. There shows are also okay quality level with a guy singing old english songs, followed by tanoura and belly dance shows. Staff was good though, polite and attentive",3,قبل 3 أسابيع,Nile Maxim,مطعم,google_maps
711,"Fun cruise on the Nile,  entertainment is outstanding",5,قبل شهر,Nile Maxim,مطعم,google_maps
712,روعه بجد,5,قبل يومين (2),قصر الكبابجي,مطعم مأكولات مصرية,google_maps
714,They do not wash their silver wear.. they only wipe it u can literately smell food from the previous customer. And who knows what goes on inside,1,قبل أسبوعين,قصر الكبابجي,مطعم مأكولات مصرية,google_maps
717,"I went to el shiekh zaid branch, i liked the food, doesn’t have to deliver the food on grill on table. Price is medium high",4,قبل 3 أسابيع,قصر الكبابجي,مطعم مأكولات مصرية,google_maps
718,Good Food,5,قبل 3 أسابيع,قصر الكبابجي,مطعم مأكولات مصرية,google_maps
720,المكان تحفه بس الأسعار مبالغ فيها,5,قبل شهر,قصر الكبابجي,مطعم مأكولات مصرية,google_maps
724,"Ahl Alraya has a surprisingly large menu, which was the thing that stood out most. Plenty of Syrian dishes and snacks to choose from. The dining area is comfortable and service was straightforward. Probably a good spot for groups who want variety, though the chicken dishes were just average.",4,قبل أسبوع,مطعم اهل الراية للمأكولات السورية,مطعم مأكولات سورية,google_maps
726,المشكلة في طول وقت الإنتظار لاستلام الطلب.. مع ضرورة إعادة النظرفي الأسعار نظرا للظروف الاقتصادية لكن الأكل جميل والمعاملة من العاملين جيدة,3,قبل شهر,مطعم اهل الراية للمأكولات السورية,مطعم مأكولات سورية,google_maps
727,جيد,4,تاريخ التعديل: قبل شهر,مطعم اهل الراية للمأكولات السورية,مطعم مأكولات سورية,google_maps
729,다소 생소합니다.향이 강합니다,3,قبل شهرين,مطعم اهل الراية للمأكولات السورية,مطعم مأكولات سورية,google_maps
730,They can give more to compete,3,قبل شهرين,مطعم اهل الراية للمأكولات السورية,مطعم مأكولات سورية,google_maps
731,very bad service and bad employees and the manager is the worst,1,قبل شهرين,مطعم اهل الراية للمأكولات السورية,مطعم مأكولات سورية,google_maps
733,لا يستحق التجربه نهائي,1,قبل يوم واحد,كبابجي العربي,مطعم مأكولات مشوية,google_maps
734,"We ordered food from them in Ramadan to arrive at iftar time. The restaurant confirmed the order was on the way, but the food never arrived and no one answered our calls for hours.

We even contacted them on Facebook and were told the driver was minutes away, which wasn’t true.

Our dinner gathering was completely ruined and we had to go out and find somewhere else to break our fast.

They later called, unaware that the order had never been delivered. Very unprofessional service and definitely the last time ordering from them.",1,قبل 5 أيام,كبابجي العربي,مطعم مأكولات مشوية,google_maps
735,"We ordered food for 10 people at 12 PM during Ramadan so it would arrive by iftar.

We called the restaurant at 5 PM before iftar, and they told us the order had already left and was on the way.

We kept calling and trying to reach them, but no one answered from 5:50 PM until 8 PM.

The food never arrived, and no one contacted us.

We also sent them a message on Facebook Messenger. They replied saying the delivery would arrive in a few minutes and that the driver would call us; but no one called and the food never came. Extremely disrespectful service.

They finally called at 9:30 PM, surprised that we were upset, and they didn’t even know that the food had never arrived.

One of the worst experiences ever, and the last time we order from them.",1,قبل 5 أيام,كبابجي العربي,مطعم مأكولات مشوية,google_maps
740,ستاف قليل الذوق والاوردر متاخر ساعة وربع,1,قبل أسبوع,كبابجي العربي,مطعم مأكولات مشوية,google_maps
741,"لا أنصح بتجربته في رمضان
الاكل جاي بارد",1,قبل أسبوع,كبابجي العربي,مطعم مأكولات مشوية,google_maps
742,رائعة,5,تاريخ التعديل: قبل شهر,كبابجي العربي,مطعم مأكولات مشوية,google_maps
743,Will always be our favorite,5,قبل شهر,كبابجي العربي,مطعم مأكولات مشوية,google_maps
744,تجربه ممتازه,5,قبل شهر,كبابجي العربي,مطعم مأكولات مشوية,google_maps
745,اسوء مكان ممكن تطلب منه ديليفري,1,قبل شهر,كبابجي العربي,مطعم مأكولات مشوية,google_maps
747,مطعم يقدم الاكل البناني والمكان هادئ والاسعار مقبوله,5,قبل أسبوع,بيت ورد,مطعم مأكولات لبنانية,google_maps
748,"Beside the tasteless cold coffee; Rude hustling behaviour from the waiter. I asked for the receipt, so he came to my table and, without asking, opened an extra small water bottle that was on the table so it could be added to the receipt (for 65 LE). When I objected and explained to them what that waiter did, they were very rude, unprofessional, and told me it was MY FAULT that I didn't ask the water to not open the water bottle! Never again.",1,قبل أسبوعين,بيت ورد,مطعم مأكولات لبنانية,google_maps
750,مكان راقى وهادى,5,قبل شهر,بيت ورد,مطعم مأكولات لبنانية,google_maps
752,Good,5,قبل شهر,بيت ورد,مطعم مأكولات لبنانية,google_maps
754,بعض اكلاتهم لذيذة ليس الكل ..,4,قبل شهر,بيت ورد,مطعم مأكولات لبنانية,google_maps
755,مطعم متميز جدا بالمهندسين,4,قبل شهر,بيت ورد,مطعم مأكولات لبنانية,google_maps
757,Ahmed and the other staff were amazing. food is nice. we love it!,5,قبل 5 أيام,Brunch & Cake Lake View,مطعم,google_maps
758,"Very bad experience, unqualified staff , all menu is sold out and they turn off left while we are staying there",1,قبل أسبوع,Brunch & Cake Lake View,مطعم,google_maps
759,"Foods were very good and the atmosphere made me comfortable
Thank you Hazem🙏",5,قبل أسبوع,Brunch & Cake Lake View,مطعم,google_maps
760,"Très belle adresse!
Le cadre est magnifique
Le service nickel et les plats sont de qualité et copieux!
Je recommande",5,قبل أسبوعين,Brunch & Cake Lake View,مطعم,google_maps
761,"The food was fine. Its the service that was mediocre. Very unfriendly staff, and was repeated ignored on purpose. Just rude and uninviting. Do not recommend.",1,قبل 3 أسابيع,Brunch & Cake Lake View,مطعم,google_maps
762,"C’est un excellent concept, je le recommande passage obligatoire ! Al Hussein y",5,قبل 3 أسابيع,Brunch & Cake Lake View,مطعم,google_maps
763,Hazim was a great waiter thank you ❤️,5,قبل 3 أسابيع,Brunch & Cake Lake View,مطعم,google_maps
764,تقهوينا وفطرنا فطور أمريكي,5,قبل 3 أسابيع,Brunch & Cake Lake View,مطعم,google_maps
765,Hazem is very good and very cooperative,5,قبل شهر,Brunch & Cake Lake View,مطعم,google_maps
766,Hazem is very good and his smile is beautiful,5,قبل شهر,Brunch & Cake Lake View,مطعم,google_maps
767,The Vibes place is perfect,5,قبل شهر,Brunch & Cake Lake View,مطعم,google_maps
769,"I had a wonderful experience at this restaurant. The food was truly delicious, the atmosphere was warm and inviting, and the service was exceptional.

Abdulrahman took great care of us with professionalism and kindness, and Manager Ahmed Mujahid made sure everything was perfect. Their attention to detail really elevated the whole experience.

Every time when I visit Egypt I must visit Brunch and Cake",5,قبل شهر,Brunch & Cake Lake View,مطعم,google_maps
770,Hazem’s service was amazing,5,قبل شهر,Brunch & Cake Lake View,مطعم,google_maps
771,Had lovely meal and interactions with our  waiter Hazem who was very attentive. Great food and amazing hospitality. Will be definitely coming back!!,5,قبل شهر,Brunch & Cake Lake View,مطعم,google_maps
772,"Amazing experience at Brunch & Cake! The presentation is beautiful and everything tastes just as good as it looks. Fresh ingredients, generous portions, and such a great brunch vibe. Service was friendly and the atmosphere is perfect for a relaxed morning. Definitely coming back.",5,قبل شهر,Brunch & Cake Lake View,مطعم,google_maps
773,Hazem,5,قبل شهر,Brunch & Cake Lake View,مطعم,google_maps
774,Hazim was very helpful and the food was great!,5,قبل شهر,Brunch & Cake Lake View,مطعم,google_maps
775,The food was great and waiter Hazim was very guy he gave us good service 🥰,5,قبل شهر,Brunch & Cake Lake View,مطعم,google_maps
776,The food was delicious i ordered pizza and pancake the service and food was very good props to hassan and khalid would recommend.,5,قبل شهر,Brunch & Cake Lake View,مطعم,google_maps
777,Food was amazing and delicious and service was great the waiter was very helpful thanks to Hazem for the great hospitality,5,قبل شهر,Brunch & Cake Lake View,مطعم,google_maps
778,المكان جميل مخبز رائع والكميه راهيه.,5,قبل شهر,Brunch & Cake Lake View,مطعم,google_maps
779,"Good cozy well serviced place ✨
Thank you Hazem",5,قبل شهر,Brunch & Cake Lake View,مطعم,google_maps
780,مش حلو خالص,1,قبل 51 دقيقة,مطاعم ناصر الفيومي بمصر الجديده(فول وفلافل ),مطعم فلافل,google_maps
782,غالى .. على الفاضى,1,قبل يوم واحد,مطاعم ناصر الفيومي بمصر الجديده(فول وفلافل ),مطعم فلافل,google_maps
783,It’s not clean,1,قبل 3 أيام,مطاعم ناصر الفيومي بمصر الجديده(فول وفلافل ),مطعم فلافل,google_maps
786,تسلم إيدك يا عم سامي يا عالمي,5,قبل أسبوع,مطاعم ناصر الفيومي بمصر الجديده(فول وفلافل ),مطعم فلافل,google_maps
787,رائع جداً,5,قبل 8 ساعات,مطعم بحري,مطعم مأكولات بحرية,google_maps
788,Best fish restaurant in Egypt atm.,5,قبل 14 ساعة,مطعم بحري,مطعم مأكولات بحرية,google_maps
789,"An amazing place, staff is very friendly and professional, they work like a beehive, food was served in time and like always fresh and hot, cant get enough of the butterfly shrimps, i simply LOVE the place.",5,قبل 19 ساعة,مطعم بحري,مطعم مأكولات بحرية,google_maps
790,Bad experience specially in the times of Ramadan. Worst organization just to park around.,1,قبل يوم واحد,مطعم بحري,مطعم مأكولات بحرية,google_maps
791,مطعم اكثر من رائع,5,قبل 3 أيام,مطعم بحري,مطعم مأكولات بحرية,google_maps
792,الأكل كويس بس الأسعار تقريبا الضعف,4,تاريخ التعديل: قبل 3 أيام,مطعم بحري,مطعم مأكولات بحرية,google_maps
793,المطعم ممتاز و الخدمه رائعه,5,قبل 4 أيام,مطعم بحري,مطعم مأكولات بحرية,google_maps
795,"جينا فطور رمضان
الاكل تحفه
الاكل كان جاهز على الطاوله بس مو بارد
طريقه التعامل مع ضغط الشغل كان محترف و بقمة الاحترام
يستاهلوا اكثر من ٥ نجوم",5,قبل أسبوع,مطعم بحري,مطعم مأكولات بحرية,google_maps
797,مطعم ممتاز سمك خطير وجميل وممتاز وخدمه ممتازه وخاصه الأستاذ احمد,5,قبل أسبوع,مطعم بحري,مطعم مأكولات بحرية,google_maps
798,تحفه تحفه,5,قبل أسبوع,مطعم بحري,مطعم مأكولات بحرية,google_maps
799,"This restaurant is underrated actually, food is so delicious, I don’t know how this restaurant is not top # in Egypt.",5,قبل أسبوع,مطعم بحري,مطعم مأكولات بحرية,google_maps
800,ممتاز,5,قبل 4 أيام,المنوفي الكبابجي - كامل المنوفي فرع الشيخ زايد,مطعم مأكولات مشوية,google_maps
802,"Very rude call center, lol",1,قبل أسبوعين,المنوفي الكبابجي - كامل المنوفي فرع الشيخ زايد,مطعم مأكولات مشوية,google_maps
803,افضل حاجه استقبال الاستف,5,قبل شهر,المنوفي الكبابجي - كامل المنوفي فرع الشيخ زايد,مطعم مأكولات مشوية,google_maps
804,I ordered online from this place and it was great'taste and quantity. I will eat here again,5,قبل شهر,المنوفي الكبابجي - كامل المنوفي فرع الشيخ زايد,مطعم مأكولات مشوية,google_maps
805,ممتاز,5,قبل شهر,المنوفي الكبابجي - كامل المنوفي فرع الشيخ زايد,مطعم مأكولات مشوية,google_maps
806,Good,5,قبل شهر,المنوفي الكبابجي - كامل المنوفي فرع الشيخ زايد,مطعم مأكولات مشوية,google_maps
808,The food was very good,5,قبل شهر,المنوفي الكبابجي - كامل المنوفي فرع الشيخ زايد,مطعم مأكولات مشوية,google_maps
809,اكثر من رائع تجربه مميزه,5,قبل شهرين,المنوفي الكبابجي - كامل المنوفي فرع الشيخ زايد,مطعم مأكولات مشوية,google_maps
810,الأكل ولا غلطه,5,قبل شهرين,المنوفي الكبابجي - كامل المنوفي فرع الشيخ زايد,مطعم مأكولات مشوية,google_maps
811,Amazing,5,قبل 23 ساعة,مطعم ابو يوسف السورى,مطعم مأكولات سورية,google_maps
812,الاكل حلو جدا لازم تجرب البروست ولو بتحب الحار اطلبو اكسترا اسبايسي,5,قبل أسبوع,مطعم ابو يوسف السورى,مطعم مأكولات سورية,google_maps
813,Best shawerma chicken you will ever have just add pomegranate  molasses  to it and ur good to go,5,قبل أسبوع,مطعم ابو يوسف السورى,مطعم مأكولات سورية,google_maps
815,‏من أفضل محلات الإفطار السوري,5,قبل شهر,مطعم ابو يوسف السورى,مطعم مأكولات سورية,google_maps
816,اسعاره حلوة جدا,5,قبل شهر,مطعم ابو يوسف السورى,مطعم مأكولات سورية,google_maps
817,"The meals are definitely priced well for what you get. The fried chicken wasn’t great, but the shawarma was actually pretty good.",4,قبل شهر,مطعم ابو يوسف السورى,مطعم مأكولات سورية,google_maps
818,"Horrible shawarma, gets your stomach very upset",2,قبل شهر,مطعم ابو يوسف السورى,مطعم مأكولات سورية,google_maps
821,ممتاز,5,قبل شهرين,مطعم ابو يوسف السورى,مطعم مأكولات سورية,google_maps
822,الشوارما جميله والتعامل حلوا بس لو فيه شطه سايله زي الرنا,5,قبل شهرين,مطعم ابو يوسف السورى,مطعم مأكولات سورية,google_maps
823,"مطعم يقدم الوجبات السورية، بمذاق جميل.
تجربتي معهم كانت ممتازة مع ورق العنب وكذلك الشاورما والمشاوي",5,قبل شهرين,مطعم ابو يوسف السورى,مطعم مأكولات سورية,google_maps
824,food tastes great. It is my go-to restaurant for Syrian food.,5,تاريخ التعديل: قبل شهرين,مطعم ابو يوسف السورى,مطعم مأكولات سورية,google_maps
827,معامله سيئه جدا,1,قبل 22 ساعة,مطعم العودة,مطعم مأكولات الشرق الأوسط,google_maps
828,الأكل حلو بس المكان زحمة جداً في رمضان لازم تروح بردي شوية عن معاد السحور علشان تعرف تتبسط,5,تاريخ التعديل: قبل يوم واحد,مطعم العودة,مطعم مأكولات الشرق الأوسط,google_maps
829,ممتاز جدا واكله نضيف وخفيف,5,قبل يوم واحد,مطعم العودة,مطعم مأكولات الشرق الأوسط,google_maps
831,نظيف واكل ممتاز,5,قبل 3 أيام,مطعم العودة,مطعم مأكولات الشرق الأوسط,google_maps
833,Mesh 7elw nehaaa2yy,1,قبل 3 أيام,مطعم العودة,مطعم مأكولات الشرق الأوسط,google_maps
834,جامد,5,قبل 3 أيام,مطعم العودة,مطعم مأكولات الشرق الأوسط,google_maps
835,"ساندوش الطعميه مش احسن حاجه
الكنافه بالحبنه جميله",4,تاريخ التعديل: قبل 5 أيام,مطعم العودة,مطعم مأكولات الشرق الأوسط,google_maps
836,"Bonus, el mesero habla español.
La comida deliciosa, el ambiente es agradable y limpio. La comida llegó relativamente rápido, pero pedimos postre y ese sí que se demoró.
Los precios no son tan altos.
Las personas fuman dentro del local.
Se ve a los meseros burlarse de los comensales en su idioma, no disimulan en lo más mínimo.",3,تاريخ التعديل: قبل يوم واحد,مقهى نجيب محفوظ,مقهى,google_maps
837,"Favosissimo ristorante situato nel Centro storico del ononimo bazar del Cairo.
Famosa la sua cucina egiziana e mediorientale,un ambiente di superba raffinatezza di eleganza,offre anche cucina halal e vegetarian.
Per chi stanco dello shopping,una visita qui e' l'idéale per una pausa per un aperitivo o caffe' con una bella musica dal vivo.
Anche se un poco difficile arrivarci,ma poi sarete appagati  dalla sua atmosfera che vi offre.
Dichiarato come luogo élégante,pulito,nell'immergersi in questo locale Nella sua vita ci si sente catapultati in una diversa dimensione.
Attenzione,non chiedere alcolici,e' severamente proibito la somministrazione.
La sua cucina e' tradizionale,falafel,hummus,manzo,pollo,con un servizio che offre il narghilé.",5,تاريخ التعديل: قبل يوم واحد,مقهى نجيب محفوظ,مقهى,google_maps
838,حلو ومكان رايق من شروطهم يكون ادنى سعر لاطلب ٦٠٠ جنيه لشخص الواحد,5,قبل يومين (2),مقهى نجيب محفوظ,مقهى,google_maps
839,The atmosphere is perfect is very traditional and there is also live music . The service is excellent they are very polite . The food was really tasty but I think not too much to choose .,4,قبل 4 أيام,مقهى نجيب محفوظ,مقهى,google_maps
840,"Bu güzel restorana 2. Kez geliyoruz. Bu sefer tavsiye ettiğimiz arkadaşlarımızı da getirdik. Mekan atmosfer yemeklerin lezzeti her şey harikaydı. Bizimle Türkçe bildiği için ilgilenen Omar Hadia ( Ömer hediye diyoruz :)) ona çok teşekkür ederiz. Yemekler o kadar lezzetliydi ki fotoğraf çekmek sonradan aklımıza geldi :))
Bu gördüklerinize ek olarak karışık ızgara söyledik

Ramazan dolayısıyla akşam geldiyseniz 20:00 dan sonra giriş yapabiliyorsunuz.
İçerde de güzel bir müzik ekibi var bize canlı canlı Türk müzikleri bile çaldıkları için onlara da teşekkür ederiz.",5,قبل 5 أيام,مقهى نجيب محفوظ,مقهى,google_maps
841,"Nel quartiere del bazar, che è stato frequentato dallo scrittore premio nobel Nagib Mahfouz, che ha abitato qui vicino, e da cui il ristorante ha poi preso il nome. L'ambiente è carino e confortevole, con mobilio tradizionale egiziano. Cibo sicuramente superiore alla media dei ristoranti del Cairo, ma non l'ho trovato eccelso. Prezzi modici. Nel bazar è sicuramente uno dei posti migliori dove mangiare.",3,قبل أسبوع,مقهى نجيب محفوظ,مقهى,google_maps
842,Tradicional Egyptian restaurant great place to get away from the hub bub going on in the bazaar.,5,قبل أسبوع,مقهى نجيب محفوظ,مقهى,google_maps
843,"The food was so and so, we are in a group so only allowed to order Set Menu for which the food quantity is too much for each person (US$84 each).  The table setting and chairs are very nice, live music available in the main room (we are in another room).  The staffs are friendly.",3,قبل أسبوعين,مقهى نجيب محفوظ,مقهى,google_maps
844,Just a tourist trap that guides bring their tourists to to get ripped off. Your tour guide gets a cut for brining you here. Service is terrible. What a mess. Mandatory 12% charge even though service is a joke. Enjoy an authentic Egyptian experience somewhere else rather than this silly place.,1,قبل أسبوعين,مقهى نجيب محفوظ,مقهى,google_maps
846,"Ambiente muito agradável, com decoração engraçada. É claramente um restaurante para turistas, sem sempre a porta fechada, e detetor de metais na entrada.",4,قبل أسبوعين,مقهى نجيب محفوظ,مقهى,google_maps
847,"we just had late afternoon snack, after exciting shopping in the old market! the soup was very tasty and the fish was very  fresh & delicious. the bread & rice were very good too!",4,قبل 3 أسابيع,مقهى نجيب محفوظ,مقهى,google_maps
848,Best vegetarian set and exceptional service. The Moushaka Tajin was one of the best tasting. The stuffed pepper and aubergine were unique and tasty.,4,قبل 3 أسابيع,مقهى نجيب محفوظ,مقهى,google_maps
849,Regular,3,قبل 3 أسابيع,مقهى نجيب محفوظ,مقهى,google_maps
850,Great restaurant enjoy the experience new names yeah but gps in ankles and lockstorm video capable for the worldwide victims! Maybe we’ll see each other again but rumor is that the restarting was lit on fire last tonight,5,قبل 3 أسابيع,مقهى نجيب محفوظ,مقهى,google_maps
851,Grilled meat was burned to charcoal. Disappointed.,2,قبل شهر,مقهى نجيب محفوظ,مقهى,google_maps
852,Tasty food but they add meals not pre-ordered,3,قبل 5 أيام,مطاعم الصباحي للمشويات والمأكولات البحرية,مطعم مأكولات بحرية,google_maps
853,Amazing,5,قبل أسبوعين,مطاعم الصباحي للمشويات والمأكولات البحرية,مطعم مأكولات بحرية,google_maps
855,"A wonderful dining experience with excellent food and atmosphere.
The seafood is very fresh, perfectly cooked, and full of flavor.
Service is attentive, fast, and very respectful, making the whole experience comfortable and enjoyable.
The atmosphere is pleasant and relaxing, suitable for families, tourists, and anyone looking for quality dining.
A great place to enjoy authentic grilled dishes and seafood in Dokki.
Highly recommended. ⭐️",5,قبل 3 أسابيع,مطاعم الصباحي للمشويات والمأكولات البحرية,مطعم مأكولات بحرية,google_maps
856,جو و اكل نظيف. جربو الطرب والبطارخ المشوية و البوري,5,قبل 3 أسابيع,مطاعم الصباحي للمشويات والمأكولات البحرية,مطعم مأكولات بحرية,google_maps
857,"The food was really good
And everything was well
But sadly there was no section to sit and eat privately",4,قبل 3 أسابيع,مطاعم الصباحي للمشويات والمأكولات البحرية,مطعم مأكولات بحرية,google_maps
858,المشويات هايلة. والخدمة ممتازة,5,تاريخ التعديل: قبل شهر,مطاعم الصباحي للمشويات والمأكولات البحرية,مطعم مأكولات بحرية,google_maps
859,المكان جميل و الأكل في منتهي الجمال و التعامل راقي جداً و سيد الويتر محترم جداً,5,قبل أسبوع,مطعم زهرة لبنان,مطعم مأكولات لبنانية,google_maps
860,The best place for Lebanese food and the best staff all the staff friendly and special thanks for Abdelrahman and galal i recommend this place,5,قبل أسبوعين,مطعم زهرة لبنان,مطعم مأكولات لبنانية,google_maps
862,"الاكل في منتهي الروعة و الجمال ر النضافة
و الإستاف ناس زوق. اجمل مطعم لبناني في مصر  شيك شكرا  محمد صلاح",5,تاريخ التعديل: قبل شهر,مطعم زهرة لبنان,مطعم مأكولات لبنانية,google_maps
863,Great restaurant and excellent service And the quality of the food was great. I'll definitely try again.,5,قبل شهر,مطعم زهرة لبنان,مطعم مأكولات لبنانية,google_maps
864,"Zahra lebnan was the most beautiful restaurant I’ve been, very clean and chill atmosphere, our server was Mohammed salah and others were very kind and sweet and welcomed us nicely, we felt we were in our own home, the food was delicious and filling with big portions and different dishes to choose from, they also have shisha and cafe within the restaurant. I would give more than 5 stars if i can!",5,قبل شهر,مطعم زهرة لبنان,مطعم مأكولات لبنانية,google_maps
865,انا اشكرمحمد صلاح علي الخدمه الممتازه وعلي حسن التعامل وربنا يوفقه وشكراجزيلا له وللاداره المطعم زهره لبنان الف شكرلكم جميعا  طلال بانه,5,قبل شهر,مطعم زهرة لبنان,مطعم مأكولات لبنانية,google_maps
869,"Very nice service, everyone is welcoming and generous, especially Mohamad Salah.
I do recommend if you are inside the mall",4,قبل شهر,مطعم زهرة لبنان,مطعم مأكولات لبنانية,google_maps
870,"The atmosphere was good , the food was very good . And the waiter was really awesome and very funny .

Really enjoyed it !!!
Would definitely recommend",5,قبل شهر,مطعم زهرة لبنان,مطعم مأكولات لبنانية,google_maps
871,Abo zayd was very funny and outstanding!,5,قبل شهر,مطعم زهرة لبنان,مطعم مأكولات لبنانية,google_maps
872,Very nice place and very friendly service. Abo Zayd is very nice and funny. Will return for sure ❤️,5,قبل شهر,مطعم زهرة لبنان,مطعم مأكولات لبنانية,google_maps
874,سيد وحسام واحمد ، خدمتهم جميله جداً والاكل لذيذ أوي ويستاهل الزياره .,5,قبل شهر,مطعم زهرة لبنان,مطعم مأكولات لبنانية,google_maps
876,"Mahmouad & karim
Their services &hospitality  are excellent and the food are perfect

Hossam service and hospitality are excellent and really he is so helpful",5,تاريخ التعديل: قبل شهر,مطعم زهرة لبنان,مطعم مأكولات لبنانية,google_maps
877,"تجربه ممتازه
وشكرا جدا أ. حسام",5,قبل شهر,مطعم زهرة لبنان,مطعم مأكولات لبنانية,google_maps
878,مكان جميل واكل لذيذ  وخاصة الباشا حسام تعاملة راقي,5,قبل شهر,مطعم زهرة لبنان,مطعم مأكولات لبنانية,google_maps
882,"To Lebanese food enthusiasts who adore the original Lebanese food experience, I can now confirm that Zahrat Lebnan Restaurant is the true deal. Since a long period of time, I have been longing to the original Lebanese cuisine in Cairo. The moment you go into the restaurant you will feel the real Lebanese hospitality and the ambience. I met Abo Zayd and he was really professional with  his warm welcome and the great attention to details you rarely find nowadays with staff due to the high cluttered restaurants which caused the lack of high caliber hospitality people and staff. Secondly, the food!! I wasn’t hungry that day but I came with my friend who wanted to have dinner. Out of curiosity, and with the very soft and professional sell of Abo Zayd, I couldn’t resist his clever suggestions. At the very first bite, I was surprised to a great extent of how authentic the food taste was! The taste is incredibly lasting and it addresses all my senses! Ingredients were of a very high quality and the presentation of the dishes were very inviting to try and here is the trap!!! You can’t stop eating and enjoying  the authentic Lebanese cuisine. I raise my hat to lots of people here: the chef, the hospitality crew and the headquarters training instructors who did a great job to choose the right calibers. Thank you all so much for making this experience so much fun and memorable. I truly hope that the management would consider not to waste time and expand in New Zayed, Fifth Settlement, and Heliopolis where the the true Lebanese enthusiasts would highly appreciate this restaurant in their municipalities. Thank you all for this and wishing all the success. Thumbs up 👍🏻and highly recommended place should you appreciate the Lebanese magic food❤️",5,قبل شهر,مطعم زهرة لبنان,مطعم مأكولات لبنانية,google_maps
883,"Best food ever, excellent service especially from Karim, Amin, abdo and Adel",5,قبل ساعتين (2),الدهان للمشويات فرع المعادي,مطعم,google_maps
885,بصراحه كريم وامين عملوا معانا الواجب,5,قبل ساعتين (2),الدهان للمشويات فرع المعادي,مطعم,google_maps
887,Thanks for Amin & Kareem for they kind and helpful,5,قبل 3 ساعات,الدهان للمشويات فرع المعادي,مطعم,google_maps
888,الأكل كلن سيئ جدا سمعة علي الفاضي,1,قبل يوم واحد,الدهان للمشويات فرع المعادي,مطعم,google_maps
889,"양갈비가 정말 맛있어요.
처음 먹어본 양갈비를 넘 맛있게 먹었습니다.",5,قبل يومين (2),الدهان للمشويات فرع المعادي,مطعم,google_maps
890,مطعم زبالة بكل معنى الكلمة. في رمضان و طالبة اكل وقت الفطار وطلبت مع طلبات عشان مشغولة مش عارفة اتكلم في التليفون و المندوب بيتصل وقت الفطار يقولي ابعتي اللوكيشن و مجاش اصلا في وقت التسليم و اضطريت افضل من غير اكل والمطاعم قفلت وحاجة منتهى قلة الزمة و الاحترام. منكم لله غير ان المرة اللي قبلها الأكل جه ميتاكلش,1,قبل يومين (2),الدهان للمشويات فرع المعادي,مطعم,google_maps
892,"Amazing place really, kind of crowded for parking but other things are great you get a great welcome and the food is amazing there is even a section for a ton of desserts",4,قبل 3 أيام,الدهان للمشويات فرع المعادي,مطعم,google_maps
893,"I visited El Dahhan during Ramadan and honestly the food quality was incredibly high. In a time where many brands rely on heavy marketing and hype, this place actually delivers. The taste felt very authentic Egyptian flavorful, well-seasoned, not overly greasy, and just genuinely satisfying.

The staff were also very friendly, but because of the Ramadan rush it felt like they might not have been able to keep up with every small detail for all the guests. That’s understandable with the huge crowds during iftar time.

Overall, it was a really great experience and definitely worth the price. I’d happily go back again and again, during Ramadan and even outside of it. For me, El Dahhan is truly one of the best real grilled food spots not just a compliment, but an honest opinion because food quality really matters to me.",5,قبل 4 أيام,الدهان للمشويات فرع المعادي,مطعم,google_maps
896,"Very helpful and polit and organized staff
Excellent service.
Most delicious food
Thank for everything",5,قبل أسبوع,الدهان للمشويات فرع المعادي,مطعم,google_maps
897,تسوية الطعام ٨٠٪,4,قبل أسبوع,الدهان للمشويات فرع المعادي,مطعم,google_maps
898,Mix grill served cold!! and had to ask to be heated and still cold,2,قبل أسبوع,الدهان للمشويات فرع المعادي,مطعم,google_maps
899,Order what was supposed to be fresh meat and when it arrived the meat was all grey and brown and the smell was rotten. Disgusting and very disappointing,1,قبل أسبوع,الدهان للمشويات فرع المعادي,مطعم,google_maps
900,طرش الطرش وزغلول راجل طرش الطرش ♥,5,قبل أسبوعين,الدهان للمشويات فرع المعادي,مطعم,google_maps
902,"خدمة ممتازة والمكان جميل والاكل كان اجمل
شكرا على حسن الإستقبال مستر سمير",5,قبل 6 ساعات,مطعم الدهان,مطعم,google_maps
903,"الدهاان واحد بس والاكل و الخدمة فوووق الممتازة
و شكرا علي الضيافه الجميلة
كابتن سمير
❤❤",5,قبل 6 ساعات,مطعم الدهان,مطعم,google_maps
905,"الدهان رقم 1
والخدمة والاصطف ممتازييين
شكرا علي الأداء والضيافة الجميله 😍",5,قبل 6 ساعات,مطعم الدهان,مطعم,google_maps
906,الدهان واحد بس أجمل خدمة و اكل و اصطف 🥰🥰🥰🥰,5,قبل 6 ساعات,مطعم الدهان,مطعم,google_maps
907,الاكل اكثر من رائع,5,قبل 6 ساعات,مطعم الدهان,مطعم,google_maps
908,"We went in Ramdan and food was set on table before the iftar time soup was very good , kebab and kofta was nice didn’t like Molokhia or wara Enab that much but considering the rush houre of Ramdan its good service was excellent really",5,قبل يوم واحد,مطعم الدهان,مطعم,google_maps
909,الخدمة ممتازة,5,قبل يوم واحد,مطعم الدهان,مطعم,google_maps
910,كابتن سمير جامد و الاكل جامد,5,قبل يوم واحد,مطعم الدهان,مطعم,google_maps
911,الاجواء كويسه جدا والأكل حلو,5,قبل يوم واحد,مطعم الدهان,مطعم,google_maps
913,أكل رائع جدا والجودة ممتازة والأكل ساخن وشكراً جزيلاً للشيفات والكابتن سمير وكل الكابتنز,5,قبل يوم واحد,مطعم الدهان,مطعم,google_maps
914,المكان جميل بصراحة و الاكل تحفة,5,قبل يوم واحد,مطعم الدهان,مطعم,google_maps
917,كابتن سمير افضل حد في المكان و الاكل والاجواء رائعة,5,قبل 3 أيام,مطعم الدهان,مطعم,google_maps
918,"خدمه محترمه جدآ
كابتن سامير اللي كان معايا
قمه الزوق والاحترام في التعامل",5,قبل 3 أيام,مطعم الدهان,مطعم,google_maps
920,بسم الله ما شاء الله خدمه ممتازة وطعم الاكل تحفه,5,قبل 4 أيام,مطعم الدهان,مطعم,google_maps
921,"حابب أتقدم بخالص الشكر والتقدير لمطعم الدهان على الخدمة الممتازة والاحترام في التعامل.وكبتن سمير خاصة
الأكل كان أكثر من رائع، والتنظيم والاستقبال كانوا في منتهى الرقي.
بجد مكان يستحق التقدير، وكل التوفيق والنجاح ليكم دايماً.",5,قبل 4 أيام,مطعم الدهان,مطعم,google_maps
922,خدمه سريعه,5,قبل 9 ساعات,الوكاله,متجر,google_maps
923,تحفه,5,قبل 3 أسابيع,الوكاله,متجر,google_maps
924,مفيش تنظيم ولا رقاب.,1,قبل 3 أسابيع,الوكاله,متجر,google_maps
925,احسن مكان تجيب منه لبس رخيص وكويس,5,قبل شهر,الوكاله,متجر,google_maps
926,كل مايخص المفروشات واقمشه وملابس جديده ومستعمله.وتستهوى الناس غنى وفقير,5,قبل شهر,الوكاله,متجر,google_maps
927,لو مش هتعرف تفاصل متروحش,2,قبل شهر,الوكاله,متجر,google_maps
930,فيها كل حاجه الرخيص والغالي,5,قبل شهر,الوكاله,متجر,google_maps
932,هايل,5,قبل 3 ساعات,حضرموت شيخ المندي - فرع زايد,مطعم عائلي,google_maps
934,"Wasn’t the best at all service was very bad we literally asked for tahina no one got us
anything food is too cold doesn’t worth",2,قبل 15 ساعة,حضرموت شيخ المندي - فرع زايد,مطعم عائلي,google_maps
935,ممتاز,5,قبل 16 ساعة,حضرموت شيخ المندي - فرع زايد,مطعم عائلي,google_maps
936,Good,5,قبل 22 ساعة,حضرموت شيخ المندي - فرع زايد,مطعم عائلي,google_maps
937,اكل سئ للاسف,1,قبل يوم واحد,حضرموت شيخ المندي - فرع زايد,مطعم عائلي,google_maps
939,خدمه طعام تعامل سيئ سيئ سيئ,1,قبل يومين (2),حضرموت شيخ المندي - فرع زايد,مطعم عائلي,google_maps
940,"تعامل سئ جدا من الكابتن البنت اللي بتاخد الاوردر
والاكل بيتأخر وتجربة سيئة بالمرة",1,قبل يومين (2),حضرموت شيخ المندي - فرع زايد,مطعم عائلي,google_maps
941,سئ تعامل غير جيد,1,قبل يومين (2),حضرموت شيخ المندي - فرع زايد,مطعم عائلي,google_maps
943,اكله تحفه وخدمة ممتازه,5,قبل 3 أيام,حضرموت شيخ المندي - فرع زايد,مطعم عائلي,google_maps
944,Good place to take a break from work,5,قبل 3 أسابيع,Starbucks,كافيه,google_maps
945,Best coffee as usual,5,قبل شهر,Starbucks,كافيه,google_maps
946,Worst coffee ever!!!,1,قبل شهر,Starbucks,كافيه,google_maps
947,"Starbucks is always a good idea when you need a nice drink and a chill vibe. Seriously, whether it's super early or late, they've got you covered.

It's such a cozy spot to just kick back, relax, or just enjoy your coffee in peace. And their coffee menu is huge – classic stuff, fancy drinks, whatever you're in the mood for, they've got it. Plus, the staff is always nice, and they're everywhere, so it's super easy to grab a refreshing drink whenever. ☕",5,تاريخ التعديل: قبل شهرين,Starbucks,كافيه,google_maps
948,مفيش روح للمكان,3,قبل شهرين,Starbucks,كافيه,google_maps
950,الاجواء حلوة في الداون تاون . خلف ستاربكس جلسه حلوه على النافورة,4,قبل 3 أشهر,Starbucks,كافيه,google_maps
951,للامانه مكان رايق ، اذا ترغب تعيش جو استكنان زور المكان,5,قبل 3 أشهر,Starbucks,كافيه,google_maps
952,للاسف خدمه سيئه جداً من الموظف احمد .. وللاسف مكشر بوجه الزباين  وبرضو تطلب طلبات وتدفع وينسى يسجلها بالاوردر,1,قبل 3 أشهر,Starbucks,كافيه,google_maps
953,رائع جدا,5,قبل 3 أشهر,Starbucks,كافيه,google_maps
954,"Didn't eat there, but Starbucks supports Israel",1,قبل 4 أشهر,Starbucks,كافيه,google_maps
956,مطعم جميل,5,قبل 5 أيام,تشك تشكن,مطعم دجاج,google_maps
957,اسوء اكل جرلتو فحياتي الاكل مليان دم وغيرهولنا وجاب اكل تاني مليان دم برضو,1,قبل أسبوعين,تشك تشكن,مطعم دجاج,google_maps
959,تحس ان الفراخ ميته حاجه معفه قوي تجربه سيئة جدا حاجه تجيب المرض,1,قبل شهر,تشك تشكن,مطعم دجاج,google_maps
960,الاجواء غير لطيفة وتعامل بدون لباقة مع الزبائن,1,قبل شهر,تشك تشكن,مطعم دجاج,google_maps
961,زيت بالفراخ,2,قبل شهر,تشك تشكن,مطعم دجاج,google_maps
965,جميل واقتصادي,5,قبل 3 أشهر,تشك تشكن,مطعم دجاج,google_maps
966,Me gusta 😊,5,قبل 3 أشهر,تشك تشكن,مطعم دجاج,google_maps
968,الفراخ كانت زفرا جدا و سوده و للاسف تجرب مش هتحصل تاني ابدا,1,قبل 3 أشهر,تشك تشكن,مطعم دجاج,google_maps
970,"Ordered quarter meat plate came all bones no meat
Plus, ordered hot dessert forgot the name of it
But it’s supposed to be hot. It came cold told the waiter she started catching attitude, refusing to change it or warm it up horrible service
Used to have great food good service now it’s gone down never coming back again",1,قبل 6 ساعات,مطعم واحة اليمن,مطعم يمني,google_maps
971,الصراحه احسن مطعم شعبيات في مصر اتمنى يضل على نفس المستوى,5,قبل 22 ساعة,مطعم واحة اليمن,مطعم يمني,google_maps
972,تاخر اصحاب التوصيل ياخد أكتر من طلب اكثر من ساعتين,5,قبل يوم واحد,مطعم واحة اليمن,مطعم يمني,google_maps
973,لذيذ,5,قبل يومين (2),مطعم واحة اليمن,مطعم يمني,google_maps
974,رائع جدا والسعر مقابل القيمة,4,قبل 3 أيام,مطعم واحة اليمن,مطعم يمني,google_maps
976,ممتاز,5,قبل 4 أيام,مطعم واحة اليمن,مطعم يمني,google_maps
977,poor delivery service i ordered it before the iftar by 1 hour and a half ..they didn't deliver even after 2 hours.. they ruined my day,1,قبل 5 أيام,مطعم واحة اليمن,مطعم يمني,google_maps
978,روعه بصراحه,4,قبل 5 أيام,مطعم واحة اليمن,مطعم يمني,google_maps
979,"مكان حلو
الاكل جميل جدا والأسعار مناسبة اوي",5,قبل 6 أيام,مطعم واحة اليمن,مطعم يمني,google_maps
980,"للاسف المواعيد في التوصيل اعطيها صفر من ١٠.
والموظفين المصرين مو محترمين الزباين
بدون احترام بعد ما قعدني ساعه انتظر فوق الوقت المحدد للتوصيل يقولي اذا تبغي اوك واذا ما تبغي الغي الطلب بكل برود...",1,قبل أسبوع,مطعم واحة اليمن,مطعم يمني,google_maps
982,مطعم جميل جدا واكله حلو يستاهل الزيارة والتجربة,5,تاريخ التعديل: قبل أسبوع,مطعم واحة اليمن,مطعم يمني,google_maps
983,طعم ممتاز وخدمة جيدة,5,قبل أسبوع,مطعم واحة اليمن,مطعم يمني,google_maps
984,"La cuisine est très bonne, les assiettes sont bien remplis.
Les serveurs sont d’une grande gentillesse et serviables, un grand merci à Messi qui s’est très bien occupé de nous
Je recommande",5,قبل 3 ساعات,ظاظا كوزين مطعم,مطعم,google_maps
985,Had a nice meal here. There are massive televisions in every direction which overwhelm the atmosphere. But the staff was lovely and the food was nice.,4,قبل يوم واحد,ظاظا كوزين مطعم,مطعم,google_maps
986,كريم يستحق الشكر على الخدمة,5,قبل يومين (2),ظاظا كوزين مطعم,مطعم,google_maps
987,"The food was absolutely delicious! This has become my new favorite place in Cairo. The staff were incredibly friendly and helpful, and the atmosphere was wonderful. We truly enjoyed our time here and will definitely come back",5,قبل يومين (2),ظاظا كوزين مطعم,مطعم,google_maps
988,We had a great experience and treatment by Carlos. A nice garcon. But regretfully had a strange experience when the manager interrupted us talking our table neighbours as restaurant rules when talking in friendly manner with them.,5,قبل 3 أيام,ظاظا كوزين مطعم,مطعم,google_maps
989,Nice hospitality. Thank you Saif and the rest of the staff. 😊,5,قبل 4 أيام,ظاظا كوزين مطعم,مطعم,google_maps
990,Carlos was attentive to our needs and very helpful. The food tastes great. The meats have not too much spices. Very friendly to our Asian tastebuds. Portions of the food are enough. Restaurant is at the second floor of the building. The entrance is on the side.,5,قبل أسبوع,ظاظا كوزين مطعم,مطعم,google_maps
991,Très bon,5,قبل أسبوع,ظاظا كوزين مطعم,مطعم,google_maps
992,"The place is very nice and has a great atmosphere special thanks to the staff member Karim Ahmed for his kind attitude and professionalism such a great gay ,thanks a lot ❤️🙏",5,قبل أسبوع,ظاظا كوزين مطعم,مطعم,google_maps
993,Very nice！ Tarek is nice！,5,قبل أسبوعين,ظاظا كوزين مطعم,مطعم,google_maps
994,Nous avons été servi par Tarek et par les membres de son équipe! Nous avons passé un moment plus qu agréable ! Tout était au rdv . Service super- cuisine exquise- un orchestre est même venu jouer de la musique ! Décor sympa! Merci à toute l équipe pour ce beau moment avec vous! 🤗 … Et le pain !!! Extra !!! Choukrane!!!,5,قبل أسبوعين,ظاظا كوزين مطعم,مطعم,google_maps
995,وكل شي لذيذ,5,قبل أسبوعين,ظاظا كوزين مطعم,مطعم,google_maps
996,الاكل ممتاز ، الضيافة ممتازة، قابلنا ا سيف وكان متابع معانا في كل طلباتنا وتعامله ممتاز وراقي,5,قبل أسبوعين,ظاظا كوزين مطعم,مطعم,google_maps
997,"Lentil soup was amazing, so flavoursome. We had the neat fattah, the meat fell apart. Delicious",4,قبل أسبوعين,ظاظا كوزين مطعم,مطعم,google_maps
998,"We had a wonderful experience at Zaza Cuisine. Everything was absolutely excellent. The food was delicious, beautifully presented, and full of rich flavors. Every dish we tried was perfectly prepared, and the overall atmosphere was very pleasant and enjoyable.

A very special thanks and greeting to our waiter, Mohamed Salah, who made our visit even more memorable. He was extremely professional, kind, attentive, and made sure we had everything we needed throughout the entire meal. His positive attitude and great service truly stood out.

Highly recommended for anyone looking for outstanding food and exceptional service in Cairo.",5,قبل أسبوعين,ظاظا كوزين مطعم,مطعم,google_maps
999,"Great food, great staff!! Thank you Tarek for being very gentle :))",5,قبل أسبوعين,ظاظا كوزين مطعم,مطعم,google_maps
1000,مهم,5,قبل أسبوعين,ظاظا كوزين مطعم,مطعم,google_maps
1001,"Comida con sabores espectaculares,lugar amplio y relajado, el servicio por parte de Tarek excelente muy amable y atento en todo momento.  Repetiríamos sin dudar.",5,قبل أسبوعين,ظاظا كوزين مطعم,مطعم,google_maps
1002,"Everything was great, highly recommended! 😊",5,قبل أسبوعين,ظاظا كوزين مطعم,مطعم,google_maps
1003,Mohamed Zaki provided very good service. The rest of the restaurant staff also provided very good service to us. Food is affordable and tasty,5,قبل أسبوعين,ظاظا كوزين مطعم,مطعم,google_maps
1004,زكي احلي ويتر,5,قبل أسبوعين,ظاظا كوزين مطعم,مطعم,google_maps
1005,Cozy place I love it,5,قبل أسبوعين,ظاظا كوزين مطعم,مطعم,google_maps
1008,خدمه كويسه لحد ما,3,قبل يومين (2),مطعم الدهان,مطعم مأكولات مشوية,google_maps
1010,مكان جميل جداً جداً,5,قبل 4 أيام,مطعم الدهان,مطعم مأكولات مشوية,google_maps
1011,للاسف خدمة و اكل مستواهم بقا سيئ و من أسوء لأسوء و دليفري قلة ادب في التعامل,1,قبل 5 أيام,مطعم الدهان,مطعم مأكولات مشوية,google_maps
1012,Worest meal ever. Extremely bad customer service,1,قبل أسبوع,مطعم الدهان,مطعم مأكولات مشوية,google_maps
1014,Food is good but lentil soup is wayyyy too salty.,4,قبل أسبوع,مطعم الدهان,مطعم مأكولات مشوية,google_maps
1016,شكرا ل محمود نور ع حسن تعامل والرقي,5,قبل أسبوعين,مطعم الدهان,مطعم مأكولات مشوية,google_maps
1019,"محل طعمية وفول شعبي
من يزور القاهرة لازم يزوره حتى يخرج بتجربة فريدة عن الاكل الشعبي في مصر",4,قبل شهر,جاد الدقي,مطعم مأكولات مصرية,google_maps
1022,احلي سندوتش طعميه,5,قبل شهر,جاد الدقي,مطعم مأكولات مصرية,google_maps
1023,"Of course, it's a clean place with a famous name and history. Best of luck always.",5,قبل شهر,جاد الدقي,مطعم مأكولات مصرية,google_maps
1025,امممم ماشي,3,قبل شهر,جاد الدقي,مطعم مأكولات مصرية,google_maps
1026,Some awesome food fresh-baked bread Should be cleaned a little bit,4,قبل شهر,جاد الدقي,مطعم مأكولات مصرية,google_maps
1028,المكان ممتع جدا وجميل روووعه ميرسي للجميع وخصوصا كابتن محمد ناصر 🥰وسيد الموس,5,قبل 23 ساعة,ممشي مصر Mawlana Cafe,كافيه,google_maps
1030,リバー沿いで異国感満載　ちょっとしたパフォーマンスありでマンゴージュース🍹美味しくいただきました。食事してないからそこは星3( ^ω^ ),5,قبل يومين (2),ممشي مصر Mawlana Cafe,كافيه,google_maps
1031,ナイル川の景色、そしてお店雰囲気が最高😃是非カイロに来た際はおすすめのお店,5,قبل يومين (2),ممشي مصر Mawlana Cafe,كافيه,google_maps
1032,مكان ممتاز جدا,5,قبل يومين (2),ممشي مصر Mawlana Cafe,كافيه,google_maps
1034,كل حاجه حلوه والخدمه ممتازه,3,قبل يومين (2),ممشي مصر Mawlana Cafe,كافيه,google_maps
1035,"مكان جميل والاكل حلو
تجربه هكررها تاني ان شاء الله",4,قبل يومين (2),ممشي مصر Mawlana Cafe,كافيه,google_maps
1040,من أفضل الأماكن الجميلة جدا والجو بتاعها جميل جدا,5,قبل 3 أيام,ممشي مصر Mawlana Cafe,كافيه,google_maps
1041,تحفههههههه❤️❤️❤️❤️❤️❤️❤️,5,قبل 3 أيام,ممشي مصر Mawlana Cafe,كافيه,google_maps
1042,المكان تحفه تحفه والأجواء جميله والاكل بجد جميل جداً,5,قبل أسبوع,ممشي مصر Mawlana Cafe,كافيه,google_maps
1043,الاكل جميل و الاتموسفير رائع بالإضافة لاهتمام الاستاف و الخدمات,5,قبل أسبوع,ممشي مصر Mawlana Cafe,كافيه,google_maps
1045,مكان لذيذ والناس لذيذه ان شاء الله مش اخر مره ❤️❤️,5,قبل أسبوع,ممشي مصر Mawlana Cafe,كافيه,google_maps
1047,Nil nehri kenarında güzel bir kafe. Müzik eşliğinde Keyifle ve rahatça nargilenizi içebileceğiniz biz bir mekan. Çalışanları çok ilgili ve nazik.Fiyatları Kahire standartlarında,5,قبل أسبوع,ممشي مصر Mawlana Cafe,كافيه,google_maps
1048,"Great experience. The breakfast was very good! They clean the rooms very well every day, change towels etc. The stuff very kind and helpful. They even exchanged money after we asked for. In great location too (Zamalek).",5,قبل 16 ساعة,فندق فلامنكو القاهرة,فندق,google_maps
1049,"Great hotel , very clean rooms and warming reception.",5,قبل 3 أيام,فندق فلامنكو القاهرة,فندق,google_maps
1050,Good hotel,5,قبل 3 أيام,فندق فلامنكو القاهرة,فندق,google_maps
1052,"Μια ατμοσφαιρική γωνιά στην καρδιά του Καΐρου. Το Flamenco καταφέρνει να συνδυάσει την κομψότητα με μια ζεστή, φιλόξενη αύρα που σε κάνει να ξεχνάς τους ρυθμούς της πόλης έξω.
​Το service ήταν άψογο και διακριτικό, ενώ οι γεύσεις είχαν αυτή την αυθεντικότητα που αναζητάς σε ένα ταξίδι. Ιδανικό σημείο για να απολαύσεις το ποτό σου ή ένα δείπνο, ειδικά αν εκτιμάς την ποιότητα στη λεπτομέρεια. Μια εμπειρία που σίγουρα θα θυμάμαι με το πιο γλυκό χαμόγελο!»
​Rating: ⭐⭐⭐⭐",4,قبل أسبوع,فندق فلامنكو القاهرة,فندق,google_maps
1053,مستر ايمن رائع في فرع الهرم,5,قبل أسبوع,فندق فلامنكو القاهرة,فندق,google_maps
1054,ممتاز,5,تاريخ التعديل: قبل أسبوع,فندق فلامنكو القاهرة,فندق,google_maps
1055,هذا ثالث حرة اسكن فيه لموقعع وقربة من كل شي ومن المطاعم الفخمة بس اخر مرخ الغرفة ماعجبتني وحاولت اغيرها  ماقدرت الغرفه عند بال الطوارئ و كنت اسمع ازعاج بالليل من العمال   والستارة خربانه ارجو الاهتما اكثر في غرف الفندق لانه موقعه وقربه من جميع الاشياء جميل,5,قبل 3 أسابيع,فندق فلامنكو القاهرة,فندق,google_maps
1056,De wijk verloedert,3,قبل 3 أسابيع,فندق فلامنكو القاهرة,فندق,google_maps
1057,"Per essere un albergo con queste stelle c aspettavamo qualcosa in più, vista dal piano alto interessante, doppi vetri xche la città è abbastanza rumorosa del resto con 40.000.000 di abitanti nn poteva esserci silenzio, stanza spaziosa e con letto molto comodo. Arriviamo al Cairo x vedere il GEM e poi via, Vs luoghi più tranquilli.",4,قبل شهر,فندق فلامنكو القاهرة,فندق,google_maps
1058,فندق جيد جدا,5,قبل شهر,فندق فلامنكو القاهرة,فندق,google_maps
1059,"I stay here most times I'm in Zamalek. It's my first choice of hotel. The rooms are clean and spacious. The staff are very helpful. The location is easy to find. There are small elevators, but some steps within each floor. Moving suitcases can be tricky, but the staff are there to help!",5,قبل شهر,فندق فلامنكو القاهرة,فندق,google_maps
1060,good buffet breakfast. Great staff on front desk. cleaning of rooms could really be improved. Lots of road noise.,4,قبل شهر,فندق فلامنكو القاهرة,فندق,google_maps
1061,Best seafood pasta ever,5,قبل يوم واحد,CaiRoma,مطعم مأكولات إيطالية,google_maps
1062,"Dopo una settimana del solito cibo egiziano abbiamo deciso di provare questa pizzeria anche grazie alle recensioni positive. Infatti non siamo rimasti delusi, personale gentile, piatti molto buoni: bruschetta (finalmente pane lievitato!), stick di mozzarella e 4 pizze, ottima la bufala, la consiglio più della margherita. 35 euro in 4",5,قبل 3 أيام,CaiRoma,مطعم مأكولات إيطالية,google_maps
1063,"Unfortunately, it was a bad experience. The food was not good compared to the price, and it was quite expensive for the quality provided. Also, some of the staff were not polite or professional. I hope the restaurant improves the food quality and customer service.",1,قبل 5 أيام,CaiRoma,مطعم مأكولات إيطالية,google_maps
1064,"Restaurante super bonito, comida muy buena y bien de precio.
Nos lo recomendaron desde España y al llegar a El Cairo fuimos a cenar.
Lo único que tuvimos que ir a por efectivo, porque no se podia pagar con tarjeta y con ninguna otra moneda que no fuera libras egipcias.
Por lo demás super bien.
Muy atentos también el personal.",4,قبل أسبوع,CaiRoma,مطعم مأكولات إيطالية,google_maps
1065,"Ομορφη, αυθεντικά ιταλική γωνιά στο κέντρο του Καΐρου. Όμορφος χώρος και εξυπηρέτηση με χαμόγελο. Το μενού δεν έχει πάρα πολλά πιάτα (κάτι που κάνουν συνήθως τα τουριστικά μαγαζιά για να τραβήξουν κόσμο) αλλά έχει πολύ ωραίες γεύσεις. Οι μερίδες είναι πολύ καλές επίσης ενώ οι τιμές προσιτές για το ελληνικό πορτοφόλι. Το ορεκτικό parmigianno το θεωρώ κορυφαίο γευστικά, το συνιστώ.",5,قبل أسبوع,CaiRoma,مطعم مأكولات إيطالية,google_maps
1066,Buena comida y excelente y amigable servicio,5,قبل أسبوع,CaiRoma,مطعم مأكولات إيطالية,google_maps
1069,"Fantástico sitio!!! Muy agradable pues la terraza está en un callejón muy acogedor. Fue rápido y la comida muy buena!!! Comimos por 10€, y dejamos bastante propina.",5,قبل أسبوعين,CaiRoma,مطعم مأكولات إيطالية,google_maps
1070,"Friendly staff, authentic food and a cozy atmosphere",5,قبل أسبوعين,CaiRoma,مطعم مأكولات إيطالية,google_maps
1071,"At entrance there is sign cash only, but we asked and they said it is possible to pay in USD as well. We had 2 pizzas and 2 bottles of water and check was 955 EGP, which is roughly 20 USD, but they wanted 30 USD. We tried to spoke with manager,but he said ""no english"". At the end we refused to pay 30 USD, and we have go with the manager to the nearest ATM to withdraw EGP and to pay bill in Egyptian pounds. After we have him 1000 EGP he suddenly asked in english do we want change.This was very unprofessional and unpleasant experience and I would never go back there",1,قبل أسبوعين,CaiRoma,مطعم مأكولات إيطالية,google_maps
1072,"Félicitations pour ce restaurant !
Accueil très agréable, emplacement très charmant et les assiettes (pâtes et risotto) sont un véritable délice pour les papilles.
Bravo aux cuisiniers et serveurs.",5,قبل أسبوعين,CaiRoma,مطعم مأكولات إيطالية,google_maps
1073,"Abren cuando les apetece, yo fui dos veces, las dos cerrado y sin previo aviso. Un desastre.",1,قبل 3 أسابيع,CaiRoma,مطعم مأكولات إيطالية,google_maps
1074,值得推薦的義大利餐廳🇮🇹，點了牛肝菌燉飯、披薩🍕（Salami、Cairoma）、海鮮濃湯🦐、莫札瑞拉起司條，每一道料理水準都很高，燉飯軟硬適中，牛肝菌搭配橄欖油提味，好吃到讓人一口接一口，披薩部分相對中規中矩，水牛奶馬蘇里拉起司或是莫札瑞拉起司烤到恰到好處，完整融入披薩餡料，只可惜吃到後來會有點膩，海鮮濃湯推薦絕對要點，奶油香氣搭配海鮮鮮甜，創造出完美的鹹甜口味，湯頭濃郁但又不會到太膩，搭配主食就是一頓美味的大餐,5,قبل 3 أسابيع,CaiRoma,مطعم مأكولات إيطالية,google_maps
1075,Great pizza. A bit overpriced and serve is very slow though. AND CASH ONLYYYY,4,قبل 3 أسابيع,CaiRoma,مطعم مأكولات إيطالية,google_maps
1076,مطعم جميل احلى شي البيتزا عجبتني بيتزا الترافيل,5,قبل 3 أسابيع,CaiRoma,مطعم مأكولات إيطالية,google_maps
1077,More than perfect 🇸🇦,5,قبل 3 أسابيع,CaiRoma,مطعم مأكولات إيطالية,google_maps
1078,價格雖然不便宜。但食物與服務都不錯。值得推薦。而且生意很好。,4,قبل 3 أسابيع,CaiRoma,مطعم مأكولات إيطالية,google_maps
1079,"Premetto che sono italiana... Dopo aver assaggiato cibo egiziano per 3 giorni di seguito volevamo prenderci una pausa culinaria e abbiamo optato per questo ristorante. Alla fine ci siamo ritornati anche la sera successiva, perché era tutto delizioso!
Ci lavora una famiglia di persone italo-egiziane che hanno vissuto in Italia per anni e quindi conoscono e sanno replicare alla perfezione i veri sapori italiani, utilizzando anche gli ingredienti giusti. L'atmosfera è molto piacevole e il locale è decorato con immagini che ricordano l'Italia. Inoltre i gestori sono gentili e simpatici: Mahmoud parla benissimo l'italiano (con tanto di accento romano!) e abbiamo conosciuto anche il cuoco Mishu. La pasta è cucinata alla perfezione: cottura al dente e salse molto curate e delicate nei sapori. Buonissima la pasta al salmone, la cacio e pepe, l'antipasto di mozzarella stick e le pizze.
Consigliatissimo agli italiani e anche ai turisti che cercano una vera cucina italiana al Cairo!!!",5,قبل 3 أسابيع,CaiRoma,مطعم مأكولات إيطالية,google_maps
1081,ريزتو بحري 10/10 سباجتي بحري 10/10 باستا دجاج10/10,5,قبل شهر,CaiRoma,مطعم مأكولات إيطالية,google_maps
1082,Amazing Food,5,قبل شهر,CaiRoma,مطعم مأكولات إيطالية,google_maps
1085,"The food was great, but unfortunately the glasses were not washed properly and still had a bad smell. It was quite unpleasant, and my friend almost felt like vomiting.

Please make sure the staff here do their job as well as the staff at the Dokki branch.

They serve customers sincerely and treat everyone kindly without being judgmental or rude.",2,قبل يومين (2),سيزلنج ستيك هاوس - المعادي,مطعم مأكولات أمريكية,google_maps
1086,"The food is really delicious, and the staff are friendly",5,قبل أسبوع,سيزلنج ستيك هاوس - المعادي,مطعم مأكولات أمريكية,google_maps
1087,Lovely ♥️♥️♥️,4,قبل 3 أسابيع,سيزلنج ستيك هاوس - المعادي,مطعم مأكولات أمريكية,google_maps
1088,Tasty steak,5,قبل شهر,سيزلنج ستيك هاوس - المعادي,مطعم مأكولات أمريكية,google_maps
1089,"The best of the best 😍, food was delicious, the service was excellent 👍 and the atmosphere is gorgeous 🥰",5,قبل شهر,سيزلنج ستيك هاوس - المعادي,مطعم مأكولات أمريكية,google_maps
1090,Great dining experience with well spoken and knowleagable staff. Waiting times were not long. The presentation of the food was only outdone by its taste.,5,قبل شهر,سيزلنج ستيك هاوس - المعادي,مطعم مأكولات أمريكية,google_maps
1091,"أجواء لطيفه ولكن منيو عقيم مش مفهوم وإصرار رهيب ع  two side انواع معينه من الباستا وده غير مهاري لاني غير مجبر ع اكل بطريقه معينه
سعر غير مقابل خدمه",3,قبل شهر,سيزلنج ستيك هاوس - المعادي,مطعم مأكولات أمريكية,google_maps
1092,"Äußerst aufmerksames Service, hervorragende Qualität des Essens und wunderbare Lage am Nil. Wir sind nach dem ersten Abendessen am nächsten Tag sofort nochmals hin. Große Empfehlung!",5,قبل 6 ساعات,"Crimson Bar & Grill, Cairo, Egypt.",مطعم,google_maps
1093,Bence Nil Nehri kıyısındaki en iyi mekanlardan biri. Mekan zamelek adasında bulunuyor ve 4. katta menüsü oldukça çeşitli ve fiyatları oldukça uygun. Bir şeyler yemek ve içmek için kesinlikle tavsiye ederim.,5,قبل يوم واحد,"Crimson Bar & Grill, Cairo, Egypt.",مطعم,google_maps
1094,An excellent place with good service. The atmosphere is beautiful and peaceful. It overlooks the Nile directly. We gathered for breakfast during Ramadan 1447.H,4,قبل يوم واحد,"Crimson Bar & Grill, Cairo, Egypt.",مطعم,google_maps
1095,جيد,4,قبل يومين (2),"Crimson Bar & Grill, Cairo, Egypt.",مطعم,google_maps
1096,Very video and nicely overlooking the nile,5,قبل 6 أيام,"Crimson Bar & Grill, Cairo, Egypt.",مطعم,google_maps
1097,ナイル川の夜景を一望できるダイニングバー。雰囲気も良くて、料理も美味しかったです。ナイル川に面したテラス席が人気のようで、早めに予約した方がいいと思います。中の席でしたが、早い時間でもすぐ一杯になっていました。,5,قبل أسبوع,"Crimson Bar & Grill, Cairo, Egypt.",مطعم,google_maps
1098,"Crimson Bar & Grill offers an exquisite and vibrant nightlife experience. ✨ The atmosphere is truly elegant, drawing in a diverse crowd. The food and service were exceptional. 💯 While it's a bit pricey, it's worth it for a special night out. Parking can be a bit tricky, so plan ahead or ask the hotel for guidance! 🅿️",5,قبل أسبوع,"Crimson Bar & Grill, Cairo, Egypt.",مطعم,google_maps
1099,I was here on vacation unfortunately not to dressy I was denied access they had a “private Event” well I guess I wasn’t welcome and parking was Empty!! 😂,1,قبل أسبوع,"Crimson Bar & Grill, Cairo, Egypt.",مطعم,google_maps
1100,Had dinner at this place. I ordered the mushrooms soup and grilled chicken thighs. The food was amazing and the atmosphere really great too with a stunning views! Also the bread they bring as side is simply delicious. I would definitely recommend this place!,5,قبل أسبوع,"Crimson Bar & Grill, Cairo, Egypt.",مطعم,google_maps
1101,تمام اتمني يعجبكم,5,قبل أسبوع,"Crimson Bar & Grill, Cairo, Egypt.",مطعم,google_maps
1102,"Периодически ходим туда. Там вкусно. Блюда необычные. Есть алкоголь. Несколько раз были - кофе машина не работала. Часто бывает битая посуда. Не люблю такого. С учетом того, что ресторан в общем недешевый и имеет опеределенный уровень. Обслуживание разное. Но порой официанта не  дождешься. Внизу при входе всегда спрашивают номер телефона. Иногда документы. В рамадан могут спросить оригинал паспорта. (Убедиться а том что Вы иностранец)",4,قبل أسبوعين,"Crimson Bar & Grill, Cairo, Egypt.",مطعم,google_maps
1103,"Great food. Disappointed in the service. Many staff were obviously not trained which led to confusion and lack of any real attention. We were basically ignored until we flagged down the waiter (several times). The food was very good, best meal we have had in Cairo but the service will likely keep us from returning. Cocktails were very expensive and we skipped those. All in all, not an enjoyable experience as the price doesn't meet the expectations.",4,قبل أسبوعين,"Crimson Bar & Grill, Cairo, Egypt.",مطعم,google_maps
1104,"Amazing views from the balcony, really friendly service. Food was amazing, freshly cooked and really tasty.",5,قبل أسبوعين,"Crimson Bar & Grill, Cairo, Egypt.",مطعم,google_maps
1105,"The food, service and atmosphere is very good! I support it getting featured on Michelin Bib Gourmand.",5,قبل أسبوعين,"Crimson Bar & Grill, Cairo, Egypt.",مطعم,google_maps
1106,"Très belle découverte
Lieu soigne agréable et une vue sur le Nil qui est plus qui fait son effet
Cuisine délicieuse, copieuse et service impeccable
Je recommande",5,قبل أسبوعين,"Crimson Bar & Grill, Cairo, Egypt.",مطعم,google_maps
1107,"Amazing food, with OK service. Note the space is small and smoking is allowed indoors, it could bother some guests. Great Nile views, would recommend visiting for a great meal in Cairo",5,قبل أسبوعين,"Crimson Bar & Grill, Cairo, Egypt.",مطعم,google_maps
1108,روعة,5,قبل أسبوعين,"Crimson Bar & Grill, Cairo, Egypt.",مطعم,google_maps
1109,Great place. Very friendly service. Food was very good. The starters are great,4,قبل أسبوعين,"Crimson Bar & Grill, Cairo, Egypt.",مطعم,google_maps
1111,"Sat on the outside patio.  Sliders, coffee and some truffles. Really enjoyed.",5,قبل 3 أسابيع,مطعم أوفيو المعادي,مطعم مأكولات أوروبية حديثة,google_maps
1112,Late service for order. The service staff is not well educated. And has a bad attitude.,1,تاريخ التعديل: قبل 3 أسابيع,مطعم أوفيو المعادي,مطعم مأكولات أوروبية حديثة,google_maps
1113,"Too expensive. Paid 1020 for scrambled eggs and a matcha. Also, the 14% VAT is not just on the order but also on the additional 12% service which is ridiculous.",2,قبل شهر,مطعم أوفيو المعادي,مطعم مأكولات أوروبية حديثة,google_maps
1114,Over priced,2,قبل شهر,مطعم أوفيو المعادي,مطعم مأكولات أوروبية حديثة,google_maps
1115,"Nice place for a brunch , great food and service",5,قبل شهر,مطعم أوفيو المعادي,مطعم مأكولات أوروبية حديثة,google_maps
1116,The Vegan food is excellent and the service is beyond amazing,5,قبل يوم واحد,بيسترو مدينة نصر,مطعم مأكولات إيطالية,google_maps
1117,My favorite place and staff are super welcoming and friendly specially Mariem🤍🤍,5,قبل يومين (2),بيسترو مدينة نصر,مطعم مأكولات إيطالية,google_maps
1118,Food served on time and big thanks for mariam she’s very helpful and friendly❤️❤️,5,قبل 5 أيام,بيسترو مدينة نصر,مطعم مأكولات إيطالية,google_maps
1121,"Very good service,
special thanks to Maryam",5,قبل أسبوع,بيسترو مدينة نصر,مطعم مأكولات إيطالية,google_maps
1122,Thank u so much and special  thanks to Mariam she is so sweet and helped us alot❤️,5,قبل أسبوع,بيسترو مدينة نصر,مطعم مأكولات إيطالية,google_maps
1123,The place is so cozy and the staff especially maryam she is so energetic,5,قبل أسبوع,بيسترو مدينة نصر,مطعم مأكولات إيطالية,google_maps
1124,Best service 😍 mariam was very helpful and very active however we were in iftar time but every thing was on time,5,قبل أسبوع,بيسترو مدينة نصر,مطعم مأكولات إيطالية,google_maps
1125,"Great restaurant with amazing organised staff, thanks to mariam for nice hospitality",5,قبل أسبوعين,بيسترو مدينة نصر,مطعم مأكولات إيطالية,google_maps
1126,"الاكل كويس مقارنة ما ولكن المدير اسلوبه مش احسن حاجة ، جاي وقت الفطار انا و اصدقائي ويقولي لازم تاخد من ال Set Menu ، اقوله طيب هو مينفعش اخد من المنيو العادي مش موافق برضه ويقولي تعليمات الادارة تعالى بعد الساعة ٧ و نص ، ياعم ده وقت فطااااار مفيش خالص
حتى لو مش خطأوا ف خطأ الادارة",1,قبل أسبوعين,بيسترو مدينة نصر,مطعم مأكولات إيطالية,google_maps
1128,"Great foot, great portions",5,قبل 3 أسابيع,بيسترو مدينة نصر,مطعم مأكولات إيطالية,google_maps
1129,"My favorite restaurant so far 😍😍
١. الخدمة: ممتازة، من اول الويتر اللي بيسجل الاوردر، لحد ما تدفع الحساب فعلا محترمين جدا.. اكتر من مرة طلبنا تعديل في مكونات الطبق وبيعملولنا بالظبط اللي بنطلبه وبكل ترحاب.
٢. نظافة المكان: المكان نظيف جدا من حيث الطرابيزات، الحمامات، الأرضيات.
٣. الأكل: جودة الأكل ممتازة.. مكونات عالية الجودة، حتى الأكل النباتي أو الصيامي طعمه حلو ومخدوم كويس جدا.
٤. خدمة التوصيل سريعة والأكل بيوصل سخن ومتغلف كويس.
٥. التنوع في الأصناف: منيو متنوع من أول الفطار، سلطات، أصناف جانبية، معجناب وبيتزا، أطباق رئيسية ، حلويات، اطباق نباتية.
٦. الأسعار: في رأيي ان الأسعار جيدة خاصة مقابل الجودة المقدمة.

بيسترو تجربة ممتازة فعلا وبيرحبوا بأي تعليق على الاكل بترحاب واحترام.",5,قبل شهر,بيسترو مدينة نصر,مطعم مأكولات إيطالية,google_maps
1130,"Honestly, the food is excellent and the overall atmosphere is wonderful, but what made me decide to write this review today was the classy and professional service I received from Captain Mariam.

Why is Mariam so special?

Welcome and Greeting: As soon as we entered, she greeted us with a cheerful smile and a very pleasant demeanor, making us feel at home, not just as customers.

Ordering Intelligence: She has an excellent ability to explain the menu and recommend dishes that perfectly suited our tastes, and the choices were absolutely perfect.

Speed ​​and Attention to Detail: Even though the place was busy, she kept an eye on every detail of the table, ensuring we didn't need to order twice.

Professionalism: It's rare to find someone who understands the ""principles of hospitality"" so well—eloquent, quick-witted, and attentive to the smallest details. Summary:

Bistro Nasr City is always a great choice, but having staff like Mariam is what makes us want to come back again and again. She's a wonderful representative of the restaurant and a perfect example of a successful manager who truly knows how to win over customers.

Thank you, Mariam, for this lovely experience, and thank you to Bistro for their excellent staff selection! 👏🏻👏🏻👏🏻👏🏻",5,قبل شهر,بيسترو مدينة نصر,مطعم مأكولات إيطالية,google_maps
1134,بجد بجد من احسن المطاعم ع الاطلاق باروح كل فروعه بس بقيت مدمنه فرع مدينه نصر بسبب مريم القمر بتعمل احلي هوت شوكليت واحلي فريبتشينو ف الدنيا,5,قبل شهر,بيسترو مدينة نصر,مطعم مأكولات إيطالية,google_maps
1135,Great place highly recommended specially with the hospitality of Mr Ahmed Shehatah the manager,3,قبل شهر,بيسترو مدينة نصر,مطعم مأكولات إيطالية,google_maps
1136,♥️♥️,5,قبل شهر,بيسترو مدينة نصر,مطعم مأكولات إيطالية,google_maps
1137,Not as good as before,3,قبل شهر,بيسترو مدينة نصر,مطعم مأكولات إيطالية,google_maps
1138,"المكان جميل
والخدمه مميزه
يستحق التجربه.",5,قبل ساعة واحدة,مطعم العمودى - Al-Amoudi Restaurant,مطعم يمني,google_maps
1140,Amazing,5,قبل يوم واحد,مطعم العمودى - Al-Amoudi Restaurant,مطعم يمني,google_maps
1141,مكان جميل ونظيف والخدمه كويسه جدااا والناس ذوق ومتعاونيين,5,قبل يوم واحد,مطعم العمودى - Al-Amoudi Restaurant,مطعم يمني,google_maps
1142,"It was a good experience
Good Service 👍",4,قبل يوم واحد,مطعم العمودى - Al-Amoudi Restaurant,مطعم يمني,google_maps
1143,المكان حلو جدا والأكل تحفة,5,قبل يوم واحد,مطعم العمودى - Al-Amoudi Restaurant,مطعم يمني,google_maps
1144,المكان جميل والاكل تحفه,5,قبل يومين (2),مطعم العمودى - Al-Amoudi Restaurant,مطعم يمني,google_maps
1145,تجربه ممتازه وفريق عمل رائع,5,قبل 4 أيام,مطعم العمودى - Al-Amoudi Restaurant,مطعم يمني,google_maps
1147,مدير جيد جدا,5,قبل 5 أيام,مطعم العمودى - Al-Amoudi Restaurant,مطعم يمني,google_maps
1149,Delicious fresh food & good service,5,قبل 5 أيام,مطعم العمودى - Al-Amoudi Restaurant,مطعم يمني,google_maps
1152,تعبان شاورما صيامي ملهاش طعم,1,قبل 3 أسابيع,انس الدمشقي,مطعم مأكولات سورية,google_maps
1153,الاكل ني وبارد,1,قبل شهر,انس الدمشقي,مطعم مأكولات سورية,google_maps
1154,جبنا الاكل وجلنا كلنا نزله معاويه,1,قبل شهر,انس الدمشقي,مطعم مأكولات سورية,google_maps
1155,الاكل تحفة جدا والخدمة فوق الممتاز,5,قبل شهر,انس الدمشقي,مطعم مأكولات سورية,google_maps
1157,سيء جدا,1,قبل شهرين,انس الدمشقي,مطعم مأكولات سورية,google_maps
1158,Primum quality,5,قبل يوم واحد,ميزون توماس بيتزا,مطعم بيتزا,google_maps
1159,Best food ever,5,قبل 4 أيام,ميزون توماس بيتزا,مطعم بيتزا,google_maps
1160,"very bad service, bad food for my part, expensive and expensive tax, the mood is 0, nothing interising excep take yoour money",1,قبل 4 أيام,ميزون توماس بيتزا,مطعم بيتزا,google_maps
1161,A great pizzeria for the right price.,5,قبل أسبوعين,ميزون توماس بيتزا,مطعم بيتزا,google_maps
1162,"مطعم سيء يبيع المشروبات المسكرة المحرمة في جميع الأديان
للأسف لم أعرف إلا بعد الانتهاء.",1,تاريخ التعديل: قبل 3 أسابيع,ميزون توماس بيتزا,مطعم بيتزا,google_maps
1163,"The food is beyond amazing, pizzas, pastas, lasagna. An actual authentic Italian place with reasonable prices. 100% recommend. 100% thankful for the experience. Would not recommend for delivery; dine in only 😋",5,قبل 3 أسابيع,ميزون توماس بيتزا,مطعم بيتزا,google_maps
1164,Highly recommended. Food is so yummy,5,قبل شهر,ميزون توماس بيتزا,مطعم بيتزا,google_maps
1165,"Staff are friendly,pizza is tasteless, it's not good or bad
It's just tasteless,you are paying around 200 l.e for a small pizza,it just tastes like nothing,not good,not bad,not salty
A pie from a local oven has more taste
And the funny thing : extra vegetables as an option makes you pay money for each type lf vegetables
So it's like if you want pepper +tomatoes that's 2 additions
I had very high expectations for the place but it was really bland and tasteless",2,قبل شهر,ميزون توماس بيتزا,مطعم بيتزا,google_maps
1166,"Extremely good quality,  nice stuff 👌🏻 highly professional ❤️",5,تاريخ التعديل: قبل شهر,ميزون توماس بيتزا,مطعم بيتزا,google_maps
1167,Tasty Italian pizza in a historical shop...,5,قبل شهر,ميزون توماس بيتزا,مطعم بيتزا,google_maps
1168,Very nice place and delicious food 🥘,5,قبل شهر,ميزون توماس بيتزا,مطعم بيتزا,google_maps
1169,للاسف والله شوف عيني البيتزا يطلعها من الفرن ويمسحها بمنديل من من فوق عشان تشيل الزيت الي به وهذي مب طريقه ابدا ولا يعوفون شي اسمه قلفز للاسف خايس,1,قبل شهر,ميزون توماس بيتزا,مطعم بيتزا,google_maps
1170,Old fashioned place with a vintage feel. Food was good but the seating area was limited.,4,قبل شهر,ميزون توماس بيتزا,مطعم بيتزا,google_maps
1171,بصراحة ابداً مو لذيذ ما انصح بالتجربة,1,قبل شهر,ميزون توماس بيتزا,مطعم بيتزا,google_maps
1177,"decent prices with decent taste, fast service",5,قبل 4 أيام,شيف الشام,مطعم مأكولات سورية,google_maps
1178,زي الفل,5,قبل 6 أيام,شيف الشام,مطعم مأكولات سورية,google_maps
1179,لا انصح به,1,قبل أسبوع,شيف الشام,مطعم مأكولات سورية,google_maps
1180,روعه,4,قبل أسبوع,شيف الشام,مطعم مأكولات سورية,google_maps
1181,طلبت اوردر الساعه ٣ عشان يجيلي ٥ ونص وجالي الساعه ٧ الا ربع بعد الفطار بساعه اسوء تجربه الصراحه,1,قبل أسبوعين,شيف الشام,مطعم مأكولات سورية,google_maps
1183,ماشاء الله تبارك الله,4,قبل أسبوعين,شيف الشام,مطعم مأكولات سورية,google_maps
1184,سئ للغايه,1,قبل أسبوعين,شيف الشام,مطعم مأكولات سورية,google_maps
1185,طعام سئ وليس له علاقه بالاكل السوري,1,قبل 3 أسابيع,شيف الشام,مطعم مأكولات سورية,google_maps
1186,والله العظيم سئ جدا وغير منظمين والأكل متأخر,1,قبل 3 أسابيع,شيف الشام,مطعم مأكولات سورية,google_maps
1187,خدمة ممتازة,5,قبل 3 أسابيع,مستشفى كليوباترا,مستشفى,google_maps
1188,خدمة ممتازة ودكتورة على أعلى مستوي,5,قبل 3 أسابيع,مستشفى كليوباترا,مستشفى,google_maps
1190,خدمة ممتازة,5,قبل 3 أسابيع,مستشفى كليوباترا,مستشفى,google_maps
1192,خدمة رائعة وخصوصا علاقات المرضي,5,قبل 3 أسابيع,مستشفى كليوباترا,مستشفى,google_maps
1193,خدمة ممتازة,5,قبل 3 أسابيع,مستشفى كليوباترا,مستشفى,google_maps
1194,خدمه ممتازه,5,قبل 3 أسابيع,مستشفى كليوباترا,مستشفى,google_maps
1196,خدمة رائعة,5,قبل 3 أسابيع,مستشفى كليوباترا,مستشفى,google_maps
1197,Very good,5,قبل 3 أسابيع,مستشفى كليوباترا,مستشفى,google_maps
1199,للأسف تجربة اسوء ما يكون لما دكتور يبلغ المريض و اهله ان فيه ورم ولازم تدخل سريع ولازم ندخل عمليات حالا و هنقص الأمعاء و نشيل و نفتح في الجنب و نركب كيس خارجي للإخراج و لما اتكلمنا و سألنا طاب فيه اي حاجة تأكد التشخيص يبصلنا بقرف و يقرر انه يمشي و يسيبنا و يقولنا انت بتفتوا او بتقولوا اي كلام لما دكتور ياكد ان المشكلة ورم بنسبة ٩٩٪؜ و لما نسال هي حاله المريض تسمح بعملية زي ديه و يقول اصل لو معملتوش العملية هتموت و لو عملتوها و حصل خطا خلاص مش فارقه … وطالما انتوا مش عايزين عملية يبقي اكتبوا تعهد و امضوا و عشان الحمد لله ربنا بيحبنا خرجنا من المستشفي و رحنا لدكتور تاني و اول كلمه قالها ان ده مش ورم وان ده انعكاس الأمعاء في الاشعه  و الحمد لله روحنا مستشفي تانية محترمه و بيفهموا و بيعرفوا يتعاملوا مع المريض انه انسان و في أزمة صحية و عملنا العملية و مطلعش ورم و طلع انسداد معوي بسبب التصاقات في الأمعاء ، ياريت لو يبقي عندكم دكاتره بتفهم و تعرف تتعامل مع المرضي ازاي و يبقي إنسان يعرف يقول ايه و يتكلم ازاي مش يبقي بيحاول يضغط علي المرضي عشان ياخدوا اجراء مش محتاجين ليه بغرض سحب فلوس من المريض و استغلاله لو الكلام ده من دكتور صغير ساعتها نقول معلش قلة خبرة بس لما يبقي استشاري الجراحة دكتور علاء الدين عبد الله فراج يبقي مش عارفة اقول ايه غير حسبي الله و نعم الوكيل فيك,1,قبل شهر,مستشفى كليوباترا,مستشفى,google_maps
1200,good hospital,5,قبل شهر,مستشفى كليوباترا,مستشفى,google_maps
1201,سئ,1,قبل 23 ساعة,الجحش,مطعم فلافل,google_maps
1203,اسوء سحور في مصر مفيش نظام تقف في دماغ اللى قاعد عشان تلحق ترابيزة الاكل بيطلع من طاسة القلية في منتهى القذارة، سيبنا المكان ومشينا,1,قبل يوم واحد,الجحش,مطعم فلافل,google_maps
1204,"great place to get traditional egyptian food. very friendly staff (salam, abu ahmed :D ) and great price. we had a whole table of foods and, including tip, paid ~300 EGP (~5€). prices from early 2026. when you are in Cairo, give this place a try :)",5,قبل يوم واحد,الجحش,مطعم فلافل,google_maps
1205,جميل,1,قبل يوم واحد,الجحش,مطعم فلافل,google_maps
1208,مطعم غالى بالاونطه والأكل طعمه وحش وبارد يا خساره الفلوس حسبى الله ونعم الوكيل,1,قبل 4 أيام,الجحش,مطعم فلافل,google_maps
1212,Nice place,4,قبل أسبوع,الجحش,مطعم فلافل,google_maps
1214,"Nice place by the Nile to relax at the end of the day, nice sisha and drinks , the staff do their best to help👍",4,قبل أسبوع,بوترى كافيه,مقهى,google_maps
1215,One of my favourites,5,قبل أسبوعين,بوترى كافيه,مقهى,google_maps
1216,"Kahvaltı yaptık,falafelli bir tabaktı ismini hatırlamıyorum içinde omlet,sürme peynir ve bakladan veya barbunyadan yapılmış sos ve patlıcan kızartma vardı tabak 200 mısır lirasıydı ve doyurucu geldi ,servis ilgi alaka çok iyiydi ancak hesap geldiğinde 200 mısır lira civari servis ücreti ve 200 msıır lira vergi ödedik bu başında söylenmemişti bu kötü oldu ama onun dışında fiyatları ortalama",4,قبل 3 أسابيع,بوترى كافيه,مقهى,google_maps
1217,"Place in dirty.
We ordered 2 tuna sandwiches and paid over 700 pounds.
Food is below average.
The fries looked like they were left over from someone else.
Table covers came 5 mins after tbe food arrived.
Water took 30 mins to arrive and not to mention how untrained and unprofessional the staff are.
I would never go back to any of their venues ever again.
Shame on you.",1,قبل 3 أسابيع,بوترى كافيه,مقهى,google_maps
1218,المكان جميل علي النيل تقدروا تستمتعوا بالوقت الصبح مجربتش الأكل كنافة بالقشطة فقط,4,قبل 3 أسابيع,بوترى كافيه,مقهى,google_maps
1219,"The service is very low and they talk to much with the visitors either that is good, the food and the beverage is perfect",3,قبل شهر,بوترى كافيه,مقهى,google_maps
1220,"طلبت من عندهم ستيك مشروم زي الي مبين عندهم بطلبات

وصلني اللي متصور الله وكيلكم 🤦🏻‍♂️",1,قبل شهر,بوترى كافيه,مقهى,google_maps
1222,الكنافة سيئة جدا,2,قبل شهر,بوترى كافيه,مقهى,google_maps
1223,Good,4,قبل شهر,بوترى كافيه,مقهى,google_maps
1224,المكان في الليل هادى وجميل,5,قبل شهر,بوترى كافيه,مقهى,google_maps
1226,"كافيه خدمته و أجوائه جميل جدا
و إبراهيم وابو يوسف شيشة من اروع الشباب",5,قبل شهر,بوترى كافيه,مقهى,google_maps
1227,"Köstliche Speisen, schöne Einrichtung",5,قبل 4 أيام,مطعم تبوله,مطعم مأكولات لبنانية,google_maps
1229,"Heerlijk eten, sfeervol en niet duur",5,قبل أسبوع,مطعم تبوله,مطعم مأكولات لبنانية,google_maps
1230,"Restaurant beaucoup recommandé mais un peu décevant!
La nourriture est bonne dans l’ensemble mais vraiment pas incroyable surtout les grillades.
Le service n’était pas terrible",4,قبل أسبوع,مطعم تبوله,مطعم مأكولات لبنانية,google_maps
1231,Super resto entre amis je recommande,5,قبل أسبوع,مطعم تبوله,مطعم مأكولات لبنانية,google_maps
1232,"Essen war wirklich eine 10/10 und der Service genau so! Preise sind auch voll okay und man muss auf jeden Fall die Mushroom Soup bestellen! Wirklich die beste Suppe die ich je gegessen habe, wir kommen auf jeden fall nochmal!",5,قبل أسبوع,مطعم تبوله,مطعم مأكولات لبنانية,google_maps
1233,Fabulous food and lovely atmosphere.,5,قبل أسبوعين,مطعم تبوله,مطعم مأكولات لبنانية,google_maps
1234,"Magnífica experiencia! La
Cocina es muy rica, con platos de influencia libanesa pero muy similares a los de cocina egipcia. Servicio correcto y ambiente también. Volveremos!",5,قبل أسبوعين,مطعم تبوله,مطعم مأكولات لبنانية,google_maps
1235,Very poor service with an improper attitude from the staff.,1,قبل 3 أسابيع,مطعم تبوله,مطعم مأكولات لبنانية,google_maps
1236,Πολύ μέτριο-κακό μαγαζί γενικά. Φαγητό μέτριο. Εξυπηρέτηση πολύ κακή και παααααρα πολύ αργή χωρίς να χει κόσμο. Ατμόσφαιρα χάλια επειδή κάπνιζαν πολλοί και μοίραζε παντού τσιγαρίλα.,2,قبل شهر,مطعم تبوله,مطعم مأكولات لبنانية,google_maps
1237,الله يبارك لهم اقسم بالله اكلهم لذيذ 👌وما يغث وفي نفس الوقت خفيف يارب يفتحون في السعوديه ❤️,5,قبل شهر,مطعم تبوله,مطعم مأكولات لبنانية,google_maps
1238,اكل عادي جدااا,2,قبل شهر,مطعم تبوله,مطعم مأكولات لبنانية,google_maps
1239,"久しぶりに訪れたところ、味・サービスが著しく落ちていて残念。客はほとんど外国人だったので、さほどおいしくなくても、アルコールがあるから集客できているのだろう。再訪はしない。
［食事］Taboulaは野菜よりパンがとても多く、アエイシの野菜添えという感じ。グリルチキンは、身がバサバサ。前菜はまあまあ。
［サービス］ひどい。原因はウエーターの数がまったく足りていないこと。注文の際に何回も呼んでやっと来たと思ったら、非常に感じが悪い。まずは前菜を注文して、後からメインを頼むと言ったら、いつまで待てばいいんだ！作っちゃいけないのか！飲み物しか注文しないのか！と攻撃的に言われた。残った食事のテイクアウトをお願いしたら、注文を受けたのと同じウエーターが来て、とっとと片付けようとしたのでテイクアウトを再依頼。非常にアグレッシブに、どれを持って帰りたいんだ！と言われた。この１番年配の小柄なウエイターに雰囲気を台無しにしている。",3,قبل شهر,مطعم تبوله,مطعم مأكولات لبنانية,google_maps
1240,"Ce restaurant nous a été recommandé. Quelle déception. Réputation surfaite. Nos deux repas principaux de viande étaient beaucoup trop cuit, la viande très dure. Et que dire des gens qui fument. L’air est irrespirable. A éviter",3,قبل شهر,مطعم تبوله,مطعم مأكولات لبنانية,google_maps
1241,"The only good thing about this place is how it looks. Menu with some fancy names that mislead what you will get. They don't have sides meniu, but also kai dishes come with nothing, spoon of rice or spoon of French fries,in our case fries where drowning under the beef with pomegranate sauce,that taste like balsamic vinegar. Do people like soggy wet fries? Didn't know that.. all the cold starters like simple humus is over 120 le.. i was happy to see they have tomato juice as ""virgin mary"" but sadly didn't habe ir also..smoking is also allowed. The place is next to the american embassy, so I guess it's dedicated for foreigners who has no idea what the food can be here in Egypt, but sadly there is not many places and the embassy also closed lots of streets,so just to get there is a lot of walking.",2,قبل شهر,مطعم تبوله,مطعم مأكولات لبنانية,google_maps
1244,Great atmosphere and friendly staffs. They are all attentive enough and quick service. It was nice dinner here. Food are all delicious.,5,قبل شهر,مطعم تبوله,مطعم مأكولات لبنانية,google_maps
1245,Very good food. Affordable and also vegetarian options,5,قبل شهر,مطعم تبوله,مطعم مأكولات لبنانية,google_maps
1246,I like this place,5,قبل 12 ساعة,فيرست مول,مركز تسوق,google_maps
1247,مكان ممتاز,5,قبل أسبوع,فيرست مول,مركز تسوق,google_maps
1248,راع جدا,5,قبل أسبوعين,فيرست مول,مركز تسوق,google_maps
1249,Very bice,5,قبل أسبوعين,فيرست مول,مركز تسوق,google_maps
1250,"This is the biggest mall in Giza district. Very clean and less crowded. It could be me, but the only issue I had was there are limited restaurants.",4,قبل أسبوعين,فيرست مول,مركز تسوق,google_maps
1251,Several luxury brands are present here. Valet parking is available for L.E. 120 pounds.,5,قبل أسبوعين,فيرست مول,مركز تسوق,google_maps
1252,مول فندق فور سيزون الجيزة روووعه,5,قبل 3 أسابيع,فيرست مول,مركز تسوق,google_maps
1253,مكان جميل للتسوق,5,قبل 3 أسابيع,فيرست مول,مركز تسوق,google_maps
1254,مول رائع وراقي والأجواء رائعه هدوء نظافة,5,قبل 3 أسابيع,فيرست مول,مركز تسوق,google_maps
1256,مول صغير تابع لفندق الفور سيزون,5,تاريخ التعديل: قبل شهر,فيرست مول,مركز تسوق,google_maps
1257,"The mall itself is top-notch. However, taxi drivers outside the mall are scamming foreigners. One taxi driver in front of the mall initially said the price was 500. After a 7-minute trip, he claimed it was 500 euros. Mall security should remove these taxi drivers from the area.",2,قبل شهر,فيرست مول,مركز تسوق,google_maps
1258,Good mall,4,قبل شهر,فيرست مول,مركز تسوق,google_maps
1259,Atmosphere was outstanding.,4,قبل شهر,فيرست مول,مركز تسوق,google_maps
1260,تجربه شراء قريبه من فندقك,5,تاريخ التعديل: قبل شهر,فيرست مول,مركز تسوق,google_maps
1262,"Staff members are so helpful
Food is 10/10 recommend shrimp fries and egyptian foul",5,قبل 14 ساعة,فول وحيد العظيم,مطعم للإفطار,google_maps
1265,حلو بس زحمه,4,قبل يومين (2),فول وحيد العظيم,مطعم للإفطار,google_maps
1266,"ما شاء الله أحسن سحور في مصر
عظمة يا عم وحيد",5,قبل يومين (2),فول وحيد العظيم,مطعم للإفطار,google_maps
1273,الاسعار اوفر ومفيش يعتبر عروض,2,قبل شهرين,روستو,مطعم مأكولات سورية,google_maps
1274,"الكل كويس معاهك الدجاج المشوي جميل جدا والبطاطس والثوميه حلوه اوي بس الرز مزيت شويه
و الخدمه جميله والمكان نضيف وحلو والاسعار متوسطه",4,قبل شهرين,روستو,مطعم مأكولات سورية,google_maps
1275,الخدمة ممتازة وأفراد المكان محترمين ولكن جودة الأكل غير لائق بحجم المكان,1,قبل شهرين,روستو,مطعم مأكولات سورية,google_maps
1278,الاكل محترم الصراحه بس الاسعار اغلى شويه من اسعار السوق,5,قبل شهرين,روستو,مطعم مأكولات سورية,google_maps
1281,خدمة كويسه,4,قبل شهرين,روستو,مطعم مأكولات سورية,google_maps
1284,✨✨✨✨✨,5,قبل أسبوع,Caracas,مطعم مأكولات لبنانية,google_maps
1285,"Caracas is a Lebanese restaurant that I definitely recommend, especially for dinner.
The vibes are nice and create a warm, enjoyable atmosphere.
Prices are acceptable and fair compared to the quality of the food and overall experience.

The menu offers a wide variety of options, including a good selection for breakfast, which makes it suitable for different times of the day.

Overall, a very good experience and a place worth visiting.",4,تاريخ التعديل: قبل 3 أسابيع,Caracas,مطعم مأكولات لبنانية,google_maps
1287,مطعم سيئ وتعامل الموظفين سيئ ويجبرون الشخص على اكل معين وخصوصا الموظف علي بدير,1,قبل شهر,Caracas,مطعم مأكولات لبنانية,google_maps
1288,Mahmoud farag was so helpful,5,قبل شهر,Caracas,مطعم مأكولات لبنانية,google_maps
1289,"Ask for Mahmoud farag, very helpful👌",5,قبل شهر,Caracas,مطعم مأكولات لبنانية,google_maps
1290,"Ask for Mahmoud Farag, very helpful👍🏼",4,قبل شهر,Caracas,مطعم مأكولات لبنانية,google_maps
1291,Mahmoud Farag was so helpful,5,قبل شهر,Caracas,مطعم مأكولات لبنانية,google_maps
1293,كان طيب جدا بس اسعارو غالي,4,تاريخ التعديل: قبل شهر,Caracas,مطعم مأكولات لبنانية,google_maps
1295,محمود جابر افضل موظف في كاراكاس من افضل الموظفين الي شفتهم في حياتي. ويستاهل كل خير,5,قبل شهر,Caracas,مطعم مأكولات لبنانية,google_maps
1296,Mahmoud Farag is the best & the food is super 🤗,5,قبل شهر,Caracas,مطعم مأكولات لبنانية,google_maps
1298,جيد,5,تاريخ التعديل: قبل شهر,Caracas,مطعم مأكولات لبنانية,google_maps
1299,غالي علي الفاضي,2,قبل شهر,Caracas,مطعم مأكولات لبنانية,google_maps
1301,Nice place for gathering and meeting with friends and co-workers,5,قبل شهر,Caracas,مطعم مأكولات لبنانية,google_maps
1302,اكلهم لذيذ .. وترتيب مميز 🤍🫰,5,قبل شهر,Caracas,مطعم مأكولات لبنانية,google_maps
1303,"Delicious Lebanese food. Quick and friendly service.
Special thanks to our waiters Mr. Youssef and Mr. Mahmoud.
Maybe a couple of additional gas heaters in the outside seating area  would make guests freeze less. Unfortunately they don't offer blankets so it was uncomfortable to dine outside in the evening and we had to leave earlier  than planned.",5,قبل شهرين,Caracas,مطعم مأكولات لبنانية,google_maps
1304,"مطعم يقدم أفضل استيك في المول
شكراً على حسن الاستقبال",5,قبل شهرين,Caracas,مطعم مأكولات لبنانية,google_maps
1306,انا بحب الفراخ الشيش من عنده قوي,5,قبل أسبوعين,كبابجي النصر,مطعم مأكولات مشوية,google_maps
1308,أروع اكل في مصر تحفة,5,قبل 3 أسابيع,كبابجي النصر,مطعم مأكولات مشوية,google_maps
1309,Delicious,5,قبل شهر,كبابجي النصر,مطعم مأكولات مشوية,google_maps
1311,food was magical! is it even real?,5,قبل شهر,كبابجي النصر,مطعم مأكولات مشوية,google_maps
1313,من زمان والطعم احلي من اي مكان,4,قبل شهر,كبابجي النصر,مطعم مأكولات مشوية,google_maps
1315,المكان جميل والأكل روعه,5,قبل شهر,كبابجي النصر,مطعم مأكولات مشوية,google_maps
1316,المكان فوق الممتاز والخدمه جميله و الأكل تحفه ماشاء الله,5,قبل شهر,كبابجي النصر,مطعم مأكولات مشوية,google_maps
1317,احسن كبابجي حاليا في مصر لو حابب التنوع يعني تأكل حاجة جنب الكباب والكفتة,5,تاريخ التعديل: قبل شهر,كبابجي النصر,مطعم مأكولات مشوية,google_maps
1318,Not very good,3,قبل يوم واحد,بيت المشويات,مطعم,google_maps
1319,المكان ممتاز,5,قبل 5 أيام,بيت المشويات,مطعم,google_maps
1320,جميل جداااا,5,قبل 6 أيام,بيت المشويات,مطعم,google_maps
1321,المشويات حلوه جده,5,قبل أسبوع,بيت المشويات,مطعم,google_maps
1323,"I contacted your restaurant at 1:00 PM to arrange a reservation for 16 people. I was clearly informed that there would be no issue with accommodating us and that no further confirmation was required. Based on this assurance, we all arrived at the agreed time.
Unfortunately, upon arrival, we were unexpectedly refused entry in a very cold and unprofessional manner, without any respect or consideration for the large group or the prior confirmation given to us.
This situation caused significant embarrassment in front of my guests and wasted our time, especially since we relied on your confirmation.",1,قبل 3 أسابيع,بيت المشويات,مطعم,google_maps
1324,الاكل تحفه الخدمه تحفه و الوتير محمد فرج ممتاز في الاداء و الخدمه,5,قبل 3 أسابيع,بيت المشويات,مطعم,google_maps
1325,"ستيك وكباب عشره من عشرة
وبشكر كابتن اميره🥰😍",5,قبل 3 أسابيع,بيت المشويات,مطعم,google_maps
1328,"Top , viande excellente.
Mention spéciale Amira",5,قبل 3 أسابيع,بيت المشويات,مطعم,google_maps
1329,Muy buena la pizza y el shawarma de carne,4,قبل 5 أيام,مطعم شارع الحمرا,مطعم مأكولات لبنانية,google_maps
1330,"A Lebanese restaurant that offers delicious items, great taste and generous with customers..",5,تاريخ التعديل: قبل أسبوع,مطعم شارع الحمرا,مطعم مأكولات لبنانية,google_maps
1331,المطعم اكله جميل جدا و مضمون,5,قبل أسبوع,مطعم شارع الحمرا,مطعم مأكولات لبنانية,google_maps
1332,Amazing 🥰❤️,5,قبل أسبوع,مطعم شارع الحمرا,مطعم مأكولات لبنانية,google_maps
1333,Buena comida porciones generosas,5,قبل أسبوع,مطعم شارع الحمرا,مطعم مأكولات لبنانية,google_maps
1334,"جيد
بس فيه كام حاجه الصراحه
السندوتشات السوري بالسجق عادي من احسن حاجه
والكاشير لازم يكون معاك فكه جنيهات
وفيه شورما الفراخ مفهوش حشو كتير",3,تاريخ التعديل: قبل أسبوع,مطعم شارع الحمرا,مطعم مأكولات لبنانية,google_maps
1335,Very good Lebanese taste,4,قبل أسبوعين,مطعم شارع الحمرا,مطعم مأكولات لبنانية,google_maps
1336,Ordered takeout. Staff were very friendly & food delivered pretty quickly and was delicious.,5,قبل أسبوعين,مطعم شارع الحمرا,مطعم مأكولات لبنانية,google_maps
1337,شاورما اللحم رائعة   مكان جيد,4,قبل أسبوعين,مطعم شارع الحمرا,مطعم مأكولات لبنانية,google_maps
1338,"Great shawarma 😋  every time  I go to cairo ,
Last time on Feb, I've noticed that the tast slightly different,
Last year it was  like  a more  lime 🍋 test on the shawarma , I don't know if that's coming from the mayo sauce .
So, I suggest to put more lime with the mayo sauce.
Many Thanks for successful boss and all staff.",5,تاريخ التعديل: قبل 3 أسابيع,مطعم شارع الحمرا,مطعم مأكولات لبنانية,google_maps
1339,خدمه ممتازه,5,قبل أسبوع,بارك مول,مركز تسوق,google_maps
1342,خدمه ممتازه جدا,5,تاريخ التعديل: قبل 3 أسابيع,بارك مول,مركز تسوق,google_maps
1343,جيد,3,قبل 3 أسابيع,بارك مول,مركز تسوق,google_maps
1344,"Service plus que médiocre, attente de 2 h malgré toute une armée de serveurs volatiles. Nourriture fade et peu raffinée. Rien à voir avec la cuisine Libanaise",1,قبل أسبوعين,Villa Caracas,مطعم مأكولات لبنانية,google_maps
1348,"I went to this branch more than 20 years ago, it was very lively and friendly. As I walked in this time the guy kept insisting that we have to eat or we can't be seated. It was not a warm welcome at all. There was a football match that night which we didn't care about but he kept directing us where to sit which also wasn't accommodating. The food was the only good thing, the service was very slow considering there were only 4 other tables. The quality of this place has gone significantly down it's a shame to see it in this state.",3,قبل شهر,Villa Caracas,مطعم مأكولات لبنانية,google_maps
1349,Terrace of a balcony,4,قبل شهر,Villa Caracas,مطعم مأكولات لبنانية,google_maps
1350,"Excellent food, excellent service, generous portions and fantastic environnement. I highly recommend this restaurant.",5,قبل شهرين,Villa Caracas,مطعم مأكولات لبنانية,google_maps
1351,Very rude stuff,2,قبل شهرين,Villa Caracas,مطعم مأكولات لبنانية,google_maps
1354,"Price very high ,",3,قبل شهرين,Villa Caracas,مطعم مأكولات لبنانية,google_maps
1356,"Ein unvergesslicher Zufallsfund – absolut authentisch und herzlich!
Was als spontaner Umweg begann, wurde zu einem der schönsten Essenserlebnisse unserer Reise. Unser aufmerksamer Taxifahrer – dem wir ewig dankbar sein werden – empfahl uns dieses versteckte Juwel, als wir nach einem Ort suchten, der uns während des Ramadans mit echten ägyptischen Falafel versorgen konnte.
Was dann folgte, hat uns wirklich überwältigt: Obwohl es tagsüber während des Ramadans war, hat die Küche eigens für uns den Ofen angeworfen und ein wunderbares Mahl gezaubert. Die Falafel waren schlichtweg perfekt – superkross, frisch und voller Geschmack, genau so, wie sie sein sollen. Dazu gab es frisch gebackenes Pita-Brot, einen knackigen Salat mit reifen Tomaten, Gurken und aromatischen Kräutern, eine cremige Mischung aus Frischkäse, Tomaten und Gurken sowie knusprige Pommes mit einem herrlich würzigen Topping.
Das Herzerwärmendste war die Gastfreundschaft – man hat sich wirklich die Mühe gemacht, uns zu bewirten, obwohl der Betrieb zu dieser Zeit normalerweise ruhte. Das ist echter ägyptischer Charakter.
Und das Beste? Das gesamte Festmahl für gerade einmal ca. 2 Euro pro Person. Unschlagbar.
Wer auf der Suche nach authentischer ägyptischer Küche und echter Herzlichkeit ist, sollte unbedingt hierher kommen – am besten mit einem ortskundigen Taxifahrer! 🇪🇬",5,قبل أسبوع,مطعم عبد الله بشندي,مطعم فلافل,google_maps
1357,"الفول عنده حلو والأكل كويس ونضيف
والاسعار حلوه
بس الكاشير أسلوبه وحش ولازم جنيهات فكه
والانتظار كتير",4,قبل أسبوع,مطعم عبد الله بشندي,مطعم فلافل,google_maps
1359,خدمة ممتازة وتعامل راقي,5,قبل أسبوعين,مطعم عبد الله بشندي,مطعم فلافل,google_maps
1360,جيد,5,قبل أسبوعين,مطعم عبد الله بشندي,مطعم فلافل,google_maps
1361,العشق,5,قبل أسبوعين,مطعم عبد الله بشندي,مطعم فلافل,google_maps
1363,فرع ردئ جدا,1,قبل 3 أسابيع,مطعم عبد الله بشندي,مطعم فلافل,google_maps
1365,"Peaceful, clean, and affordable option in the beautiful Zamalek district. Greetings to Ahmed from the reception and the rest of the team for taking great care of us.",5,قبل 5 أيام,فندق أم كلثوم القاهره,فندق,google_maps
1368,علي النيل تحفه,5,تاريخ التعديل: قبل أسبوعين,فندق أم كلثوم القاهره,فندق,google_maps
1369,"Very good location, the vibes of the hotel is cood, not perfect cleanliness, break fast was ordinary not perfect. Overall good stay.",3,قبل أسبوعين,فندق أم كلثوم القاهره,فندق,google_maps
1370,"Elçiliklerin olduğu bi mahallede, okullar da var güvenli bir mahalle her akşam sokak yürüyüşüne çıkıyorduk, ayrıca Nil kenarı olduğu için teknelere binip 1 saatlik gezilere çıkabilirsiniz. Otelin kahvaltısı çok güzeldi. Cafesi de var orada da çok lezzetli yemekler var, temiz güzel otel, çalışanları da çok kibar, kesinlikle tavsiye ederim",5,تاريخ التعديل: قبل 3 أسابيع,فندق أم كلثوم القاهره,فندق,google_maps
1371,تراث,5,قبل 3 أسابيع,فندق أم كلثوم القاهره,فندق,google_maps
1372,الموظفين والموقع والنظافة ١٠٠٪؜,5,قبل 3 أسابيع,فندق أم كلثوم القاهره,فندق,google_maps
1373,تجربة سيئة ودون المستوى مع اني دافع مبلغ وقدره لكن الخدمة سيئة وفيه مماطلة من قبل الصيانه والاستقبال,1,قبل 3 أسابيع,فندق أم كلثوم القاهره,فندق,google_maps
1374,"Öncelikle tüm çalışanlara teşekkür ederim. İlk gün odamızda sorunlar vardı ama hemen ilgilenip çözüm üretirler. Kahvaltısı orta düzey diyebilirim. Konum olarak Kahire’nin tahrir bölgesi aşırı karışık bir yer bu nedenle zamalek adası gayet iyi konumda kalıyor. Otel çalışanlarına tek tavsiyem bize ilk başta verdikleri odayı kimseye vermemeleri çünkü odanın neredeyse camı yoktu, metrekaresi küçüktü ve banyosu aşırı kötüydü. Onun dışında her şey yolunda gitti. Teşekkürler",5,قبل 3 أسابيع,فندق أم كلثوم القاهره,فندق,google_maps
1375,ممتازين بتعامل وخاصة معتز واحمد يعطيهم الف عافيه,5,قبل شهر,فندق أم كلثوم القاهره,فندق,google_maps
1376,Bize verdikleri odadan mı kaynaklıydı bilmiyorum odanın tek penceresi çok küçük ve büyük bir koridorun arkasında. Ayrıca odada internet çekmiyordu. Özellikle söylememize rağmen tek havlu getirdiler. Otele çok yakın bir gece kulübü varmış geç saatlere kadar müzik sesi geliyor. Kahvaltısı iyiydi. Personel güleryüzlüydü. Benim için en önemlisi tüm yiyecek içecekler helaldi. Ayrıca konum olarak kahirenin en güvenli yerlerinden birinde olması güzeldi.,3,قبل شهر,فندق أم كلثوم القاهره,فندق,google_maps
1378,"Om Kalthoum Hotel – Two Stays, Two Perspectives
Having stayed at Om Kalthoum Hotel on two separate occasions, I was able to get a good sense of what the hotel does well and where expectations should be managed.
During our first stay, we were on the 16th floor in a room without a view, but it was surprisingly spacious and better furnished than expected. The room included a microwave, hairdryer, and a TV on a rotating mount, which made the space feel practical and comfortable. Our second stay was on the 2nd floor with a view. While both rooms clearly showed their age, they were in line with what we’ve come to expect from mid-range hotels in Egypt.
On our late January 2026 visit, it was clear that renovations were actively underway. Several rooms were completely stripped down and being rebuilt, which is a very positive sign. Future guests will likely benefit greatly once this work is completed.
Cleanliness was good overall. One small observation is that the softer, fluffier towels seemed to be reserved for the gym rather than the rooms.
Noise levels were interestingly inconsistent. Street noise was actually worse on the 16th floor. Either we adjusted over time, or the windows on the lower floors offered better insulation.
Wi-Fi was slow and unreliable, making it unsuitable for work or streaming. We relied on mobile data tethering for anything important.
Breakfast was a standout. The selection changed regularly, and the variety was impressive — including items like blue cheese on one morning. This was easily one of the strongest aspects of the stay.
Most of the staff spoke good English, with only one or two exceptions, and everyone was polite and helpful. Pricing, however, felt uneven: the 2nd-floor room with a view didn’t quite justify the higher cost in its current condition.
As with many hotels in Egypt, the hot water was extremely hot, bordering on scalding.
Tips for future guests:
Don’t rely on the Wi-Fi; mobile data works far better.
Lower floors may be quieter than higher ones.
Renovations are ongoing, so conditions should improve.
Ask staff to turn on the power in the gym if needed.
Be cautious with the hot water.
Overall, Om Kalthoum Hotel offers generous room sizes, excellent breakfast, and helpful staff, with clear signs of improvement on the way.",5,قبل شهر,فندق أم كلثوم القاهره,فندق,google_maps
1379,اطلالة المكان تحفة والأكل يجنن,5,قبل 4 أيام,كبابجي,مطعم مأكولات مشوية,google_maps
1380,مطعم الكبابجيThe experience is amazing in Ramadan,4,قبل 4 أيام,كبابجي,مطعم مأكولات مشوية,google_maps
1381,"تجربه افطار في رمضان

اسوا تجربه طعام في هذا المطعم.
موظفه الاستقبال مالها نفس تشتغل.
تم توضيح ان نظامهم افطار على الشخص وكنا شخصين. قالوا الدخول للشخص 450. واتفاجأ بعدين الفاتوره 5300 يعني نصب في نصب.

اخر مره اجي المطعم ذا والفندق. تجربه سيئه بالكامل مقابل اسعار وخدمه لاترتقي بالمأمول",1,قبل أسبوع,كبابجي,مطعم مأكولات مشوية,google_maps
1382,Ottima location sul Nilo,5,قبل أسبوعين,كبابجي,مطعم مأكولات مشوية,google_maps
1383,"We dined there with my wife during our stay at the Sofitel.
The location is great, with direct views on the Nile, the pathway is beautiful, and the bread is homemade and really good.
The service however was really bad and did ruin our night : there are many servers but nonetheless everything was very slow (humus, babaganush, and a mix grill, we had to wait over 45mins, and the bread another 5mins after that despite asking for it twice).
Food was OK, nothing special but not bad either. Also I ordered sparkling water, and got still water instead. It’s fine but I told the server, and he repeated that I ordered still water (with insistance). This is certainly a miscommunication due to language barrier, and again this is fine, but the reaction was not.

Overall a bad experience, especially for the hefty price…",2,قبل أسبوعين,كبابجي,مطعم مأكولات مشوية,google_maps
1384,"Horrible service, they tried to charge me extra for food courses i didn’t order. They only service bigger tables and completely ignore all the other tables. Food is extremely underwhelming for the price.",1,قبل 3 أسابيع,كبابجي,مطعم مأكولات مشوية,google_maps
1385,"نجمتين للموقع فقط
الاكل غير لذيذ والخدمه عاديه
خساره الموقع روعه عالنيل ياليت يهتمون اكثر بمذاق الاكل",2,قبل 3 أسابيع,كبابجي,مطعم مأكولات مشوية,google_maps
1386,"The place is amazing, the service was wonderful from the moment we went in and we didnt even have any reservations. The food was so quick to arrive and super delicious and the presentation was amazing. The nile view is wonderful and calm and the atmosphere and location are perfect.",5,قبل 3 أسابيع,كبابجي,مطعم مأكولات مشوية,google_maps
1388,"Tres bin accueil. Je vous recommande Amer,, un excellent serveur ainsi que ses equipes.",5,قبل شهر,كبابجي,مطعم مأكولات مشوية,google_maps
1389,"Grill as usual great, together with appetizers.",5,قبل شهر,كبابجي,مطعم مأكولات مشوية,google_maps
1390,الاكل جيد جداً والمكان والخدمة رائعه، المكان يحتاج حجز,4,قبل شهر,كبابجي,مطعم مأكولات مشوية,google_maps
1392,الاكل ممتاز والناس محترمين وبشوشين بالاخص استاذ نور واشتاذ حمد جمال,5,قبل شهر,كبابجي,مطعم مأكولات مشوية,google_maps
1394,"food is okay, good in general, view is spectacular, service is very good,
the problem is with the beverages, avoid water or tea, they are more expensive than beer!!",3,قبل شهر,كبابجي,مطعم مأكولات مشوية,google_maps
1395,مطعم جلسات داخلية وخارجية مطلة ع التيل اجراءاهم جميلة يوجد لديهم طرب او باند في المساء اجواءهم جميلة مشهورين بالمشاري,5,قبل شهر,كبابجي,مطعم مأكولات مشوية,google_maps
1396,"مكان رائع و الخدمة ممتازه و الاكل لذيذ و الاسعار معقوله
👌🏻",4,قبل شهر,كبابجي,مطعم مأكولات مشوية,google_maps
1397,"Beautiful place, great food, very polite staff! Thank you!!!",5,قبل شهر,كبابجي,مطعم مأكولات مشوية,google_maps
1399,Beautiful view and atmosphere. The food is delicious specially mix grill,4,قبل شهر,كبابجي,مطعم مأكولات مشوية,google_maps
1400,Amazing atmosphere.. great team ( abdel aziz and mr. Nour). Very supporting,5,قبل شهر,كبابجي,مطعم مأكولات مشوية,google_maps
1401,انا ماشوفتش سرقة علنية بالشكل ده انا روحت مع عائلتي للفرع اللي في الماظة بارك وقريت المنيو والاسعار كان عالية جدا بس قررت اروح يمكن السعر المبالغ فيه ده هيكون قدامه مقابل مناسب طلبت ربع تيس يجي لي 3 قطع لحم عبارة عن جلد وعظم ايه هو نوع التيس اللي الربع منه بالحجم ده واللي كان طالب نفر لحم يجي له قطعة لحم فقط ومفيش اي سلطات جانية بتنزل مع الاكل اي سلطة انت اللي تشتريها بسعر اضافي مبالغ فيه جدا وينزل لك عينة سلطة مش كمية مناسبة حتى وخدمة 400ج وضرايب 600ج اسوأ تجربة اكل انا شوفتها ماانصحش اي حد يروح يجرب واللي هيروح يشتري فراخ فقط مايشتريش اي اطباق لحم,1,قبل يوم واحد,مطعم السدة للمأكولات اليمنية,مطعم يمني,google_maps
1402,افضل مندي في مصر,5,قبل 5 أيام,مطعم السدة للمأكولات اليمنية,مطعم يمني,google_maps
1403,من افضل المطاعم المندي بالقاهرة,5,قبل أسبوع,مطعم السدة للمأكولات اليمنية,مطعم يمني,google_maps
1408,يستاهل خمس نجوم,5,قبل شهر,مطعم السدة للمأكولات اليمنية,مطعم يمني,google_maps
1412,I rate it as the number one Yemeni restaurant in Cairo. Yemei food in a global standards.,5,قبل شهر,مطعم السدة للمأكولات اليمنية,مطعم يمني,google_maps
1413,"Lovely place
Very nice team
Service is very good",4,قبل أسبوع,انتخ كافيه العجوزة,مقهى,google_maps
1414,Prices are a little high but other that that every thing is okay,3,قبل 3 أسابيع,انتخ كافيه العجوزة,مقهى,google_maps
1416,Good for shisha and a beverage. Also great for watching football matches,4,تاريخ التعديل: قبل شهر,انتخ كافيه العجوزة,مقهى,google_maps
1417,اسؤ مكان ممكن تروحو جو زفت اسعلر مبالغ فيها معاملة خرة اكل بشع,1,قبل شهر,انتخ كافيه العجوزة,مقهى,google_maps
1418,اكل تحفه بصراحه لذيذ جدا,5,قبل شهرين,انتخ كافيه العجوزة,مقهى,google_maps
1419,Very owful service with a bad attitude of the stuff,2,قبل شهرين,انتخ كافيه العجوزة,مقهى,google_maps
1420,the best,5,قبل شهرين,انتخ كافيه العجوزة,مقهى,google_maps
1421,رائع جداً,5,قبل 8 ساعات,مطعم عم بشندي,مطعم وجبات سريعة,google_maps
1422,ممتاز,5,قبل 3 أيام,مطعم عم بشندي,مطعم وجبات سريعة,google_maps
1423,مطعم ممتاز,5,قبل أسبوع,مطعم عم بشندي,مطعم وجبات سريعة,google_maps
1425,نظيف جدا,5,قبل أسبوعين,مطعم عم بشندي,مطعم وجبات سريعة,google_maps
1426,"Great takeaway place. Was super-busy with delivery drivers, which we always take as a good sign. Staff were so friendly. We can’t speak any Arabic and they don’t speak English but they were so welcoming and through google translate they patiently helped us get some great food! Had a few of their sandwiches, falafel and fries, which were tasty. Highly recommended",5,قبل 3 أسابيع,مطعم عم بشندي,مطعم وجبات سريعة,google_maps
1427,احلى فول مدمس من عنده,5,قبل 3 أسابيع,مطعم عم بشندي,مطعم وجبات سريعة,google_maps
1428,"Very unprofessional hospital, made us pay huge amounts of money and didn’t get any result, a pain doctor even charged us $2300 for a pain injection which did not work at all i highly do not recommend this hospital especially if you are an international patient",1,قبل أسبوعين,المستشفي السعودي الألماني القاهرة,مستشفى,google_maps
1429,I like their service  emergency especially Randa she’s so nice and kind I lke her,5,قبل أسبوعين,المستشفي السعودي الألماني القاهرة,مستشفى,google_maps
1430,"I would like to sincerely thank Dr. Anwar for his great care and professionalism. I also want to give special thanks to Dr. Mortada the anesthesiologist. I did not feel any pain after the operation at all. He is very polite, respectful, and highly professional.

The hospital is very clean The only downside is that it is a bit expensive, but the quality of service makes it worth it.",4,قبل أسبوعين,المستشفي السعودي الألماني القاهرة,مستشفى,google_maps
1431,مكان راقي و محترم,5,قبل أسبوعين,المستشفي السعودي الألماني القاهرة,مستشفى,google_maps
1432,شكرا ايناس شاطرة جدااا ومحترفه في التعامل بجد و إنسانة زوق جدا ربنا يباركلها يارب,5,قبل أسبوعين,المستشفي السعودي الألماني القاهرة,مستشفى,google_maps
1433,"Very competent and well organised Hospital in Cairo. The service can be compared to any Swiss Hospital. I had a stroke during our holiday and they took excellent care of my health. All staff are extremely competent and very friendly. Even my wives could accompany me during visit. Thanks again for this positive experience.
The Hospital has also some nice shops, a pharmacy and a cafeteria near the entrance.",5,قبل أسبوعين,المستشفي السعودي الألماني القاهرة,مستشفى,google_maps
1434,"This is the worst hospital admin to deal with. Admission office is slow, they think like you are begging them to do their job. They will tell you to sit there while it will take them 3 hours to process a a discharge or admission. The nurses can’t speak english and only a third of them are actually good or professional some of them are angry at the job and let’s not forget the receptionists like everything is a hustle this is supposed to be the best private hospital but i guess only in terms of the fees not service.",1,قبل أسبوعين,المستشفي السعودي الألماني القاهرة,مستشفى,google_maps
1435,خدمة ممتازة وبالتحديد ميس راندا طوارئ,5,قبل أسبوعين,المستشفي السعودي الألماني القاهرة,مستشفى,google_maps
1437,I'd like to express my gratitude to miss Abeer and Randa from the emergency department,5,قبل 3 أسابيع,المستشفي السعودي الألماني القاهرة,مستشفى,google_maps
1441,very bad service no transparency,1,قبل 3 أسابيع,المستشفي السعودي الألماني القاهرة,مستشفى,google_maps
1442,"Update: I came for a knee issue, I got misdiagnosed. The head of the hospital just wanted to perform surgery. And again they refused insurance. They made patients with knee problems walk two floors to see a clueless ortho, too.

Pathetic excuse for a hospital! I live abroad - had an emergency there. I paid over EGP 4000 - can't claim them back because the team is lying saying they don't deal with the company (I know for a fact they do). They also refused to give me medicine - the rude lady pharmacist.

No standards - mediocre care - zero customer service.",1,تاريخ التعديل: قبل 3 أسابيع,المستشفي السعودي الألماني القاهرة,مستشفى,google_maps
1443,"خضعت لجراحة استئصال غضروف و الحمد لله كانت ناجحه جدا رغم صعوبة الحالة أوجه كل الشكر و العرفان للدكتور الجميل ذو الشخصية العظيمة د/ محمد عاطف النقلي (مخ و اعصاب و عمود فقري) ربنا يبارك فيه و يحفظه على مجهوداته الرائعه مهما شكرت لن أوفي حق هذا الدكتور العظيم 🌺❤️
و طبعا لا انسى طاقم التمريض الأكثر من رائع على اهتمامهم و تعاملهم مع المرضى كأنهم اهل بمعنى الكلمة
كل الشكر و التقدير للعاملين بالمستشفى على تعاونهم و ادائهم المميز

كل ملاحظاتي على الإداريون بالمستشفى خاصة مكتب تنسيق الدخول و الخروج و بعض أفراد الامن للأسف كان تعاملهم سيء و لا يراعون اي مشاعر للمرضى محتاجين يشتغلوا على نفسهم شويه في طريقة التعامل و التنظيم اتمنى حل الامور البسيطه دي لتصبح المستشفى كاملة الرعاية 🙏",4,قبل 3 أسابيع,المستشفي السعودي الألماني القاهرة,مستشفى,google_maps
1444,"Had a splendid service at the hospital with Randa Eshaaq, she was very caring and thoughtful",5,قبل 3 أسابيع,المستشفي السعودي الألماني القاهرة,مستشفى,google_maps
1447,اطلب من زبادي توت سعر و جوده و خامه انصح به,5,قبل شهر,سلامة المتميز فرع الشيخ زايد,مطعم وجبات سريعة,google_maps
1449,"High-quality ingredients great presentation. Servers need to be a hair, more attentive, but overall great experience.",5,قبل شهر,سلامة المتميز فرع الشيخ زايد,مطعم وجبات سريعة,google_maps
1450,مكان كويس جداً سندويتشات سريعه بافضل طريقه ممكنه و طعم حلو صراحه و سعر كويس,4,قبل شهر,سلامة المتميز فرع الشيخ زايد,مطعم وجبات سريعة,google_maps
1451,Testy food,5,قبل شهر,سلامة المتميز فرع الشيخ زايد,مطعم وجبات سريعة,google_maps
1452,جميل وشغلهم نظيف ومرتب 💕🎶,5,قبل شهر,سلامة المتميز فرع الشيخ زايد,مطعم وجبات سريعة,google_maps
1453,Good location ❤️,5,قبل 4 أيام,AL Guezira Plaza,مطعم,google_maps
1454,Extraordinary slow delivery,1,قبل أسبوع,AL Guezira Plaza,مطعم,google_maps
1455,Few shops.  Many restaurants . Seem like a convenient place. Plenty of parking,4,قبل 8 أشهر,AL Guezira Plaza,مطعم,google_maps
1456,مكان هايل,5,قبل 8 أشهر,AL Guezira Plaza,مطعم,google_maps
1457,يحتوي على كافيهات وعيادات ومحلات للملابس,4,قبل سنة,AL Guezira Plaza,مطعم,google_maps
1458,المكان جميل صراحه ويستحق الزياره .. 👍🏻,5,قبل سنة,AL Guezira Plaza,مطعم,google_maps
1459,هادي و جميل,5,قبل سنتين,AL Guezira Plaza,مطعم,google_maps
1460,Good,5,قبل سنتين,AL Guezira Plaza,مطعم,google_maps
1461,مكان رائع يوجد به بنك المشرق وبنك القاهره,5,قبل سنتين,AL Guezira Plaza,مطعم,google_maps
1462,مكان راقي فيه خدمات طبية وبنوك ومقر لبعض الشركات,5,قبل سنتين,AL Guezira Plaza,مطعم,google_maps
1464,Thanks Tasnem&Habiba,5,قبل 7 ساعات,Vinny's Pizza,مطعم بيتزا,google_maps
1465,الاستاف جميل اوي وشيماء وملك لطاف اوي,5,قبل 7 ساعات,Vinny's Pizza,مطعم بيتزا,google_maps
1467,رائعه,5,قبل 7 ساعات,Vinny's Pizza,مطعم بيتزا,google_maps
1468,الاكل حلو جدا و الاستف زوق جدا تسنيم و حبيبه,5,قبل 7 ساعات,Vinny's Pizza,مطعم بيتزا,google_maps
1471,"Staff was friendly and appealing  especially Tasneem and Habiba
Food is very good",5,قبل يوم واحد,Vinny's Pizza,مطعم بيتزا,google_maps
1472,تسنيم وحبيبة كانو لذاذ جدااا❤️❤️,5,قبل يوم واحد,Vinny's Pizza,مطعم بيتزا,google_maps
1473,أطعم بيتزا وأفضل ستاف وخصوصا تسنيم وحبيبة 🥰♥️♥️♥️♥️♥️,5,قبل يوم واحد,Vinny's Pizza,مطعم بيتزا,google_maps
1475,"تسنيم وحبيبة
تسلم ايدكوا",5,قبل يوم واحد,Vinny's Pizza,مطعم بيتزا,google_maps
1478,الاكل والمكان تحفه والبنت اسمها رانيا فريد شوقي لذيذه اوي وفريندلي وجميله,5,قبل يومين (2),Vinny's Pizza,مطعم بيتزا,google_maps
1480,مطعم راقي جدا وجميل,5,قبل يومين (2),Vinny's Pizza,مطعم بيتزا,google_maps
1483,حبيبه وتسنيم ناس عسل جدا,5,قبل يومين (2),Vinny's Pizza,مطعم بيتزا,google_maps
1484,Thank you so much for the delicious pizza & the great service. Hemdan ✌🔥 thank you again for Rania Farid & Habiba Mohamed ♥️♥️,5,تاريخ التعديل: قبل يومين (2),Vinny's Pizza,مطعم بيتزا,google_maps
1486,Food was ready due on iftar and waiters were really helpful especially rania fared,5,قبل يومين (2),Vinny's Pizza,مطعم بيتزا,google_maps
1489,للاسف جينا للمكان وكان فاضي ولاتوجد طلبات الا محدده وحبينا نجرب الحمام المحشي وافادونا بانه بعد ساعه راح يتوفر,2,قبل 3 أسابيع,مطعم الجمهورية,مطعم مأكولات مشوية,google_maps
1490,احسن مشاوي في وسط البلد,5,قبل 3 أسابيع,مطعم الجمهورية,مطعم مأكولات مشوية,google_maps
1491,الحمام خطير والنيفه في حته تانية بجد ❤️,4,قبل شهر,مطعم الجمهورية,مطعم مأكولات مشوية,google_maps
1492,طاقم العمل ممتاز ومتعاون والطعام مميز لكن الأسعار بالنسبه الخدمه مبالغ فيها والمحل يحتاج الاهتمام بالنظافة,2,قبل شهر,مطعم الجمهورية,مطعم مأكولات مشوية,google_maps
1493,"هناك سر في تراجع، بل تدني مستوى المطعم!

الزيارة قبل الأخيرة، كانت منذ سنوات وكانت متوسطة، ثم زرته مساء الأربعاء 4 فبراير، اولا المطعم نظافته شبه معدومة!!!
أثناء تناولي الطعام نزل الشيف لعبه مخزن، وخرج حاملات أسياخ الكفتة على ذراعه .. اللحم على جلد الشيف ويداه المعرفة!

لا أحد يرتدي قفاز .. القطط تكاد تأكل معك
يعني أسعار تفوق مطاعم الرياض، لك انت تتخيل ان موزة ب 50 ريال، 600 جنيه، والمطعم قذر لدرجة مقرفة.

الطرب تكفي أن ترى صورته

لا أحترم أي مطعم يقدم لي طحينة معمولة من الدقيقة والعيش ..

عند الدفع سألت عن الدفع بالفيزا .. فلم أجد.. واضطررت أبحث عن ATM

تجربة مريرة لن أعود بالطبع",1,قبل شهر,مطعم الجمهورية,مطعم مأكولات مشوية,google_maps
1494,مطعم قديم ويقدم فقط مشويات كفته وحمام ولكن سمعة والطعم والنظافة والخدمة هي محفز كبير للعودة له,4,قبل شهر,مطعم الجمهورية,مطعم مأكولات مشوية,google_maps
1495,الصورة مختلفه,5,قبل شهر,مطعم الجمهورية,مطعم مأكولات مشوية,google_maps
1497,"The restaurant is overrated. The stuffed pigeon with rice cost us 400 EGP for two, but the portions were very small compared to what we saw being served to local customers. There was nothing special or surprising about the food, and it was definitely not worth trying for that price. Overall, a very disappointing experience.",2,قبل شهرين,مطعم الجمهورية,مطعم مأكولات مشوية,google_maps
1499,Friendly staff and delicious,5,قبل شهرين,مطعم الجمهورية,مطعم مأكولات مشوية,google_maps
1503,"Excellent food with very professional staff, average prices",5,قبل شهر,مطعم ليموزين,مطعم مأكولات مصرية,google_maps
1504,"انا اتفاجئت ان الاكل حلو جدا
خصوصا الكبد و الكلاوي، العكاوي، الكوارع
حتى لحمة الراس مش وحشه",5,قبل شهر,مطعم ليموزين,مطعم مأكولات مصرية,google_maps
1505,"مكان ممتاز ومريح جدا
والأكل تحفة والاسعار تمام",5,تاريخ التعديل: قبل شهرين,مطعم ليموزين,مطعم مأكولات مصرية,google_maps
1507,رائع,5,قبل شهرين,مطعم ليموزين,مطعم مأكولات مصرية,google_maps
1508,"It was delicious (above average), service was good, but not  very clean",4,قبل 3 أشهر,مطعم ليموزين,مطعم مأكولات مصرية,google_maps
1509,A very lovely experience to be repeated !,5,قبل أسبوعين,بيبنيرو,مطعم مأكولات إيطالية,google_maps
1510,"Fresh ingredients. Incredible mixture of flavors. The outdoor area is very pretty. Only downside is that it was noisy, but overall one of the best Italian restaurants I have tried in Egypt.",5,تاريخ التعديل: قبل أسبوعين,بيبنيرو,مطعم مأكولات إيطالية,google_maps
1511,amazing lasagna,5,قبل شهر,بيبنيرو,مطعم مأكولات إيطالية,google_maps
1512,Great food,5,قبل شهر,بيبنيرو,مطعم مأكولات إيطالية,google_maps
1513,La pizza est excellente,5,قبل شهر,بيبنيرو,مطعم مأكولات إيطالية,google_maps
1514,"Food is delicious and fairly priced.
Some staff members were unhelpful.",4,قبل شهر,بيبنيرو,مطعم مأكولات إيطالية,google_maps
1515,"I liked everything.. the reservation system, the friendly staff, the food, and the atmosphere",5,قبل شهر,بيبنيرو,مطعم مأكولات إيطالية,google_maps
1516,Nice vintage atmosphère with v.good taste,5,قبل شهر,بيبنيرو,مطعم مأكولات إيطالية,google_maps
1517,"Piatti non 100% italiani, ma abbastanza buoni. Purtroppo non servono alcolici. Però l'atmosfera è piacevole e ci tornerei volentieri (già stato 2 volte). Servizio buono",4,قبل شهر,بيبنيرو,مطعم مأكولات إيطالية,google_maps
1518,The food is so delicious & on weekends they have a salad buffet.,5,قبل شهر,بيبنيرو,مطعم مأكولات إيطالية,google_maps
1519,Too crowded,4,قبل شهرين,بيبنيرو,مطعم مأكولات إيطالية,google_maps
1521,"Everything was perfect
Highly recommended 🤍🤍",5,قبل شهرين,بيبنيرو,مطعم مأكولات إيطالية,google_maps
1522,"The food quality is exquisite , the taste is authentic italian flavor and the atmosphere is lovely
The pasta was my top favorite then the risotto",5,قبل شهرين,بيبنيرو,مطعم مأكولات إيطالية,google_maps
1523,المكان جميل لكن مش دايما حاطين ميوزيك ... البريسكيتا خطيرة,4,قبل شهرين,بيبنيرو,مطعم مأكولات إيطالية,google_maps
1524,"Lovely food, lovely hosting and lovely atmosphere.  Thank you very much.
We were a group mafeesh 80 peipel for iftar",5,قبل أسبوع,Favilla Lounge,مطعم مأكولات إيطالية,google_maps
1525,فطارهم مختلف ومميز,5,قبل أسبوع,Favilla Lounge,مطعم مأكولات إيطالية,google_maps
1526,"المكان والخدمة ممتازين
انصح بالمكان 👍👍",5,قبل 3 أسابيع,Favilla Lounge,مطعم مأكولات إيطالية,google_maps
1527,"Nice cafe and restaurant
Good food quality
Wide range menu
Nice cozy place",4,قبل شهر,Favilla Lounge,مطعم مأكولات إيطالية,google_maps
1528,Slightly expensive but excellent staff and very good service,5,تاريخ التعديل: قبل شهر,Favilla Lounge,مطعم مأكولات إيطالية,google_maps
1529,"Overrated pasta, not that good",3,قبل شهرين,Favilla Lounge,مطعم مأكولات إيطالية,google_maps
1530,Beat place for gathering,5,قبل شهرين,Favilla Lounge,مطعم مأكولات إيطالية,google_maps
1531,Keep up the good work and the amazing staff and great food,5,قبل شهرين,Favilla Lounge,مطعم مأكولات إيطالية,google_maps
1532,"I would like to thank the waiter
Ahmed El Kady
He was very hospitable and brought what we have ordered excatly.",5,قبل 3 أشهر,Favilla Lounge,مطعم مأكولات إيطالية,google_maps
1535,"احسن مطعم شعبيات في مصر اكل نظيف وجيييد
ياليت يبقى على نفس المستوى",5,قبل 22 ساعة,مطعم واحة اليمن - فرع الشيخ زايد,مطعم يمني,google_maps
1536,"الأكل لذيذ جداً
ولكن مواعيدهم مش مضبوطه في طلب الاوردر
ويقولو لك الطلب طلع حالاً  وللأسف ماطلع شيء
وتجلس معهم ع الجوال كثير انتظار .",2,قبل يوم واحد,مطعم واحة اليمن - فرع الشيخ زايد,مطعم يمني,google_maps
1537,Recommend for sohour Ramadan,5,قبل يومين (2),مطعم واحة اليمن - فرع الشيخ زايد,مطعم يمني,google_maps
1538,مطعم محترم و اكل ممتاز و مجهود كويس من العاملين في زحمه الفطار و خصوصا كابتن حسن شخص محترم جدا و الويتر حسن الدالي,5,قبل يومين (2),مطعم واحة اليمن - فرع الشيخ زايد,مطعم يمني,google_maps
1541,خدمة ومعاملة سيئة,1,قبل 4 أيام,مطعم واحة اليمن - فرع الشيخ زايد,مطعم يمني,google_maps
1542,مطعم مشويات جميل جدا,5,قبل 4 أيام,مطعم واحة اليمن - فرع الشيخ زايد,مطعم يمني,google_maps
1543,الطعام جيد  بنكهه مميزه ومختلفه....سرعه فى تقديم الطعام فى رمضان تحسب ل المكان ..تجربه مميزه...وارشح المكان ل اصدقائي,4,قبل أسبوع,مطعم واحة اليمن - فرع الشيخ زايد,مطعم يمني,google_maps
1545,مطعم جميل جدا ومقابله جميله جدا ومدير استقبلنا استقبال ممتاز احمد ابو المجد ربنا يبارك فيه,5,قبل أسبوع,مطعم واحة اليمن - فرع الشيخ زايد,مطعم يمني,google_maps
1547,حلوين اوي اوي و خدمه تحفه,5,قبل أسبوع,مطعم واحة اليمن - فرع الشيخ زايد,مطعم يمني,google_maps
1549,한국인 기준으로 진짜 엄청 salty(짜다)합니다. So(그래서) 먹을때 물(water)을 많이 먹게되서 적은 돈으로 배를 두둑하게 채울 수 있습니다. 짠 음식을 좋아하는 친구도 탈수가 온거 같다고 한 그 맛. 개인적으로.. 한국인들에겐 추(sin soo)천하지 않습니다.. 짠걸 좋아하거나 적은돈으로 배를 채우고 싶다.. 추천..,3,تاريخ التعديل: قبل يومين (2),دجاج تكا,مطعم وجبات سريعة,google_maps
1550,"Very bad quality,  service and portions less than it has to be  and all u order u get",1,قبل 4 أيام,دجاج تكا,مطعم وجبات سريعة,google_maps
1551,"food is average not serving what writing in menu ,very bad experience",1,قبل 4 أيام,دجاج تكا,مطعم وجبات سريعة,google_maps
1552,الطعام والخدمه فوق الرائعه,5,قبل أسبوع,دجاج تكا,مطعم وجبات سريعة,google_maps
1553,الاكل جميل,5,تاريخ التعديل: قبل أسبوع,دجاج تكا,مطعم وجبات سريعة,google_maps
1554,"The food was wonderful and the service was excellent. I felt right at home because of the great service and the staff's attitude, especially Mr. Sameh, the restaurant manager.",5,قبل أسبوعين,دجاج تكا,مطعم وجبات سريعة,google_maps
1555,ممتازة,5,قبل أسبوعين,دجاج تكا,مطعم وجبات سريعة,google_maps
1556,مطعم راىع,5,قبل أسبوعين,دجاج تكا,مطعم وجبات سريعة,google_maps
1557,جميل جدا,5,قبل أسبوعين,دجاج تكا,مطعم وجبات سريعة,google_maps
1558,مطعم متميز,5,قبل أسبوعين,دجاج تكا,مطعم وجبات سريعة,google_maps
1559,إيه الحلاوة دى,5,قبل أسبوعين,دجاج تكا,مطعم وجبات سريعة,google_maps
1560,مطعم مناسب جدا وخدمه  محترمه والاكل مختلف عن أي مطعم,5,قبل أسبوعين,دجاج تكا,مطعم وجبات سريعة,google_maps
1561,تجربه ممتازه وخدمه جيده,5,قبل أسبوعين,دجاج تكا,مطعم وجبات سريعة,google_maps
1562,طعم رائع وخدمه ممتاذه جدااا,5,قبل أسبوعين,دجاج تكا,مطعم وجبات سريعة,google_maps
1564,V. Good,5,قبل أسبوعين,دجاج تكا,مطعم وجبات سريعة,google_maps
1565,الدجاج كلو ملح لكن السندويتشات لذيذه لذيذه لذيذه اسم الصنف اللي جربته راب دجاج تكا خفيف ولطيف وصحي,4,قبل أسبوعين,دجاج تكا,مطعم وجبات سريعة,google_maps
1566,في الماضي افضل كتير,3,قبل شهر,دجاج تكا,مطعم وجبات سريعة,google_maps
1567,الاستمتاع ب الفروج بطريق تككا منتهي التذوق والاكل الشهي,5,قبل شهر,دجاج تكا,مطعم وجبات سريعة,google_maps
1569,導遊埃及阿龍帶領推薦，能體驗道地埃及料理的餐廳，烤鴿子塞飯、烤羊排等，是一家值得品嚐的店家。,4,قبل أسبوع,كبابجي الأزهر فرحات قسم الجمالية,مطعم مأكولات مشوية,google_maps
1570,"Super busy, a bit rough and ready but food is absolutely delicious! Best hamam mashi!",4,قبل أسبوع,كبابجي الأزهر فرحات قسم الجمالية,مطعم مأكولات مشوية,google_maps
1571,الحمام المحشي ولا غلطه,5,قبل شهر,كبابجي الأزهر فرحات قسم الجمالية,مطعم مأكولات مشوية,google_maps
1572,The worst part of my day was at this place,1,قبل شهر,كبابجي الأزهر فرحات قسم الجمالية,مطعم مأكولات مشوية,google_maps
1574,"お釣りをくれなかったです。
少額なので何も言いませんでしたが。
20EGPという微妙な金額です。",2,قبل شهر,كبابجي الأزهر فرحات قسم الجمالية,مطعم مأكولات مشوية,google_maps
1575,Ara sokakta servis olmasına rağmen nefis bir et yemiş olduk. Yanında taze salata ve nefis turşu yemeği taçlandırmış oldu. Yerli halk turistlerden daha fazla restoranı tercih ediyor. Mısır atmosferini doya doya yaşıyorsunuz.Önerilir,5,قبل شهر,كبابجي الأزهر فرحات قسم الجمالية,مطعم مأكولات مشوية,google_maps
1576,"I really wanted to try this place.
I had lamb Hawawshi and half a BBQ chicken.
The chicken was good, but the lamb Hawawshi was incredible.
I've never had it before and I talked amazing. Melt in your mouth meat in delicious bread.
Service was quick, staff where nice.
Good buzz even at 4pm",5,قبل شهر,كبابجي الأزهر فرحات قسم الجمالية,مطعم مأكولات مشوية,google_maps
1579,"Kalabalık, çok kalabalık. Otantik görünüm fakat alınabilecek hiç bir şey yok. Satıcılar ile göz teması kurmaz cevap vermez iseniz peşinizi ancak 2dk da bırakıyorlar. Selamun aleyküm demek baya işe yarıyor. Ne teklif ederler ise 3'te 1 fiyatı verip yarı yarıya fit olabiliyorsunuz. Atam ise her yerde 🥰",4,قبل شهر,كبابجي الأزهر فرحات قسم الجمالية,مطعم مأكولات مشوية,google_maps
1580,鴿子塞飯香料味濃郁，令我印象深刻。需要花些時間等待料理上桌。結帳時才發現需要繳的稅很高，但可嘗試一次。,4,قبل شهر,كبابجي الأزهر فرحات قسم الجمالية,مطعم مأكولات مشوية,google_maps
1581,"We ate grilled pigeons and stuffed pigeon with rice here. Their foods are really tasty and service is nice!
The environment is quite different though. I don’t see it as an issue because it is really close to the market and very local.
But if you like fancy places, this place is probably not for you.",5,قبل شهرين,كبابجي الأزهر فرحات قسم الجمالية,مطعم مأكولات مشوية,google_maps
1582,"Very good meat, can't go wrong with any dish. Really enjoyed the pigeon rice.",5,تاريخ التعديل: قبل شهرين,كبابجي الأزهر فرحات قسم الجمالية,مطعم مأكولات مشوية,google_maps
1584,Very tasty and good quality food they serve,5,قبل شهرين,كبابجي الأزهر فرحات قسم الجمالية,مطعم مأكولات مشوية,google_maps
1585,Excellent,5,قبل يومين (2),بيلز,مطعم,google_maps
1587,الفرنش توست 👌👌,5,قبل شهر,بيلز,مطعم,google_maps
1588,"Cozy pkace, very clean and the staff is very friendly",5,قبل شهر,بيلز,مطعم,google_maps
1589,"The food was excellent, the quantity was more than enough, and everything was perfect.
Even the staff were very friendly and professional.
Honestly, this is the best restaurant in Egypt.
Highly recommended — I will definitely come again!",5,قبل شهر,بيلز,مطعم,google_maps
1591,"The place where you can’t honestly find any small mistake, they took care of everything.
First they booked table for me once I called them , food was very delicious ( I ordered Steak rare , it was one of the best test I ever tried ), my daughters ordered chicken, it was very testy, my four years daughter enjoyed playing with girls at kids area, she gave us more space to enjoy our meals, service was very friendly, outstanding and very professional, stuff there you feel like they’re your family and you feel your self at your home , finally I was chocked when I received my bill, what’s wrong men!!? I thought something is wrong when I saw very small amount for what we ordered!!I like it too much and definitely will come back, if I forget, my daughters will never do 😅",5,قبل شهر,بيلز,مطعم,google_maps
1592,"Great Service and waiters ,although the food was not great the Salmon is not great there I got mild food poisoning.",2,قبل شهر,بيلز,مطعم,google_maps
1593,"Amazing place, people and service",5,تاريخ التعديل: قبل شهرين,بيلز,مطعم,google_maps
1594,الفراخ كانت ناشفه شويه,4,قبل شهرين,بيلز,مطعم,google_maps
1595,Warm place,5,قبل شهرين,بيلز,مطعم,google_maps
1596,"The place is so cozy and the food portions are quite large and of high quality. The service is awesome and the staff are amiable and friendly!

However, I’d want my food to be a little warmer in terms of temperature but given we are in winter, food is expected to cool down a bit before being served. Overall, it was a great experience!",5,قبل شهرين,بيلز,مطعم,google_maps
1597,Mohamed is exceptional 🌟,5,قبل شهرين,بيلز,مطعم,google_maps
1598,Great place with delicious food and excellent service. Highly recommended!,5,تاريخ التعديل: قبل شهرين,بيلز,مطعم,google_maps
1599,"A very nice restaurant located in the Maadi district. The area feels elegant and peaceful, almost like a royal neighborhood. It’s also perfect for families with kids, my daughter really enjoyed the play area.
Highly recommended",5,قبل شهرين,بيلز,مطعم,google_maps
1600,Very bad stuff attitude,1,قبل شهرين,بيلز,مطعم,google_maps
1601,"Un restaurant qui propose un peu de tout (pizzas, pâtes, salades, poissons, viandes) le cadre est très agréable et joliment décoré. La terrasse est vraiment plaisante et le service est assez rapide. Dans l’assiette, c’était globalement bon même si les pizzas manquaient un peu de cuisson (pâte un peu molle au centre). En revanche, elles étaient bien garnies.
Le dessert, un molten cake, était très copieux dommage qu’il n’était pas coulant comme attendu. Un lieu polyvalent et agréable pour passer un bon moment.",4,قبل شهرين,بيلز,مطعم,google_maps
1602,I love this cozy place.,5,قبل شهرين,بيلز,مطعم,google_maps
1603,I had a wonderful breakfast today. 😍,5,قبل شهرين,بيلز,مطعم,google_maps
1604,So good,5,قبل شهر,مطعم الدباغ,مطعم,google_maps
1605,المطعم روعة ، الاسعار ممتازه جدا ، الكميات كبيره جدا,5,قبل شهر,مطعم الدباغ,مطعم,google_maps
1606,أكل حلو وأسعار كويسة,4,قبل شهر,مطعم الدباغ,مطعم,google_maps
1607,"They offer a really good value for money.
I tried their zinger and crispy sandwiches which were both really good.",5,قبل شهر,مطعم الدباغ,مطعم,google_maps
1608,حلو,5,قبل شهر,مطعم الدباغ,مطعم,google_maps
1609,حلو جدا🫶,5,قبل شهر,مطعم الدباغ,مطعم,google_maps
1610,جميل جدا والاكل اسعاره مناسبة و كمياته كبيرة ماشاء الله,5,قبل شهر,مطعم الدباغ,مطعم,google_maps
1611,قيمه مقابل سعر و اكلو لذيذ,5,قبل شهرين,مطعم الدباغ,مطعم,google_maps
1612,المكان محترم والخدمة كويس,5,قبل شهرين,مطعم الدباغ,مطعم,google_maps
1614,Great value for money,5,قبل شهرين,مطعم الدباغ,مطعم,google_maps
1616,"طلبت اوفر ٢ زنجر دليفري

الكمية كويسة جدا ، بس الطلب بارد جدا و البطاطس كانت باردة ، و على الفراخ جبنة المفروض سايحة ، بس مجلدة و طعمها وحش ، كمان تتبيله الفراخ ملهاش طعم، و الاوردر وصل خلال ساعة زي ما بلغو",2,قبل شهرين,مطعم الدباغ,مطعم,google_maps
1617,Not fresh and the taste is so baaaaaaaad,1,قبل 3 أشهر,مطعم الدباغ,مطعم,google_maps
1621,للاسف رأيتهم بعيني عند بداية العمل في الشاورما يحضرونها من علبة معبأة بالأمس من الثلاجة وبعد لف الساندوتش يضعونه على الجريل فيظهر أنه فريش و طازج .,3,تاريخ التعديل: قبل 3 أسابيع,مطعم الأصيل الدمشقي,مطعم,google_maps
1622,مطعم جميل والاكل حلو اوي و الخدمه محترمه ❤️,5,قبل شهر,مطعم الأصيل الدمشقي,مطعم,google_maps
1630,"مطعم الاصيل الدمشقى يمتاز بالجودة  والكفاءة وسرعه تقديم الخدمات واسعارة معقولة
تمنياتي لكم بالتوفيق والتقدم والتوسع بفروع اخرى",5,تاريخ التعديل: قبل 3 أشهر,مطعم الأصيل الدمشقي,مطعم,google_maps
1631,"المذاق جيد جدا والحشو جيد
السعر رائع",4,قبل 3 أشهر,مطعم الأصيل الدمشقي,مطعم,google_maps
1632,جيد,5,قبل 3 أشهر,مطعم الأصيل الدمشقي,مطعم,google_maps
1633,مطعم ممتاز واسعاره وجودة الاكل فوق الممتاز,5,قبل 3 أشهر,مطعم الأصيل الدمشقي,مطعم,google_maps
1634,مكان جميل جدا وبيقدم خدمة ممتازة وجودة ثابتة,5,تاريخ التعديل: قبل 3 أشهر,مطعم الأصيل الدمشقي,مطعم,google_maps
1636,احلى شاورما في مصر,5,قبل 3 أشهر,مطعم الأصيل الدمشقي,مطعم,google_maps
1637,Un oasis en medio del caos. La gente que atiende muy amable. La torta de zanahoria muy rica. Linda música. Volvería y recomiendo,5,قبل 13 ساعة,Holm Cafe,مقهى,google_maps
1638,"tempat nyaaa sangatt cantik, nyaman, dan aestetic. Harga nya jugaa worth it sesuai sama rasa nyaa yang enak, pelayann nya ramah dan murah tersenyum,",5,قبل 3 أيام,Holm Cafe,مقهى,google_maps
1642,Przyjemna knajpka. Dobre ciastka,5,قبل أسبوعين,Holm Cafe,مقهى,google_maps
1643,جمييييل,5,تاريخ التعديل: قبل أسبوعين,Holm Cafe,مقهى,google_maps
1644,المكان بصراحة يستاهل بس ياريت يحسنو شوي من قهوة v60 لانو طعمها موية حرفياً,5,قبل 3 أسابيع,Holm Cafe,مقهى,google_maps
1645,"Had the green omelette and hot americano. The dish portion was satisfying. The omelette was good not oily and better than the one I had in the hotel buffet. The americano taste little soury for my taste like main better or nuty, but it's was good too.",5,قبل شهر,Holm Cafe,مقهى,google_maps
1648,Küçük ve fazla yeri olmayan bir yer ama akşam üstü kahve için gidilebilir,4,قبل شهر,Holm Cafe,مقهى,google_maps
1649,Nice coffee and sweet.. cozy place,5,قبل شهر,Holm Cafe,مقهى,google_maps
1650,"Had to find a place to work, came in and asked if they had wifi, they confirmed so I went ahead and ordered. Once I sat down and tried to connect the wifi didn't work, told the staff and they didn't care at all, terrible service. Ordered a croissant and it was stale.",1,قبل شهر,Holm Cafe,مقهى,google_maps
1651,Nice cafe ❤️,5,قبل شهر,Holm Cafe,مقهى,google_maps
1652,السعر جدا جدا غالي ع قهوه وحده,2,قبل شهر,Holm Cafe,مقهى,google_maps
1654,"فعلا مقهى ممتاز بكل ماتعنيه الكلمة
وبالاخص قهوة v60 اول مرة بمصر احس انها مضبوطة وموزونة",5,قبل شهر,Holm Cafe,مقهى,google_maps
1655,"السويت لذييييييذ و المكان جميل جدا ،، كيكة الچوكلت خياااااال
يستاهل الزيارة",5,قبل شهر,Holm Cafe,مقهى,google_maps
1656,مكان سي واجواء سيئة وصغير جدا ولم يعجبني القهوة ولا الكيكة ايضا,2,قبل شهر,Holm Cafe,مقهى,google_maps
1657,رائع,5,قبل شهر,Holm Cafe,مقهى,google_maps
1659,"Great experience, JK JK! ROWLING ROWLING, read the sign",5,قبل شهر,Holm Cafe,مقهى,google_maps
1661,My favourite,5,تاريخ التعديل: قبل يوم واحد,بينوس كافيه,كافيه,google_maps
1662,Amazing breakfast. Go for the avocado eggs with cheese.,5,قبل 3 أسابيع,بينوس كافيه,كافيه,google_maps
1663,I drive 6 days a week from Zayed to Zamalek to get the best coffee done at beano’s 🤍🤗,5,قبل 3 أسابيع,بينوس كافيه,كافيه,google_maps
1665,Très bon spot ! Ambiance étudiant / jeunes pro et le chocolate Fudge était super bon,5,قبل شهر,بينوس كافيه,كافيه,google_maps
1666,Endroit magnifique service excellent idéal pour se concentrer sur le travail Agréable et à prix raisonnable,5,قبل شهر,بينوس كافيه,كافيه,google_maps
1667,Güzel ve temiz bir yer ama çok kalabalık olabiliyor,5,قبل شهر,بينوس كافيه,كافيه,google_maps
1668,Ordered breakfast wasn’t great.,2,قبل شهر,بينوس كافيه,كافيه,google_maps
1669,"القهوة لذيذه والحلا لذيذ
بس ماعجبني انه قال الجلسات المطله بحجز",5,قبل شهر,بينوس كافيه,كافيه,google_maps
1670,For me it was overpriced for the quality,3,قبل شهر,بينوس كافيه,كافيه,google_maps
1671,بينوس ممتاز بكل فروعه، والقهوه عندهم جميله جدا,5,تاريخ التعديل: قبل شهر,بينوس كافيه,كافيه,google_maps
1672,"- Triple Layer Cheesecake: 5/5
I really enjoyed this. It wasn’t too sweet, and the caramel topping ratio was just right.

- South of the Border Salad: 2/5
The taco basket was a little stale, and the salad itself was bland. It only came with two pieces of chicken. The walnuts also weren’t caramelized like the menu said.

- Pistachio Latte: 2/5
I’ve had pistachio lattes at other places, and compared to those, this one was pretty mediocre.

- Strawberry Matcha Latte (with coconut milk): 5/5
My sister ordered this and she really liked it.

- The waiters are really nice and smiley, and the seating in the Zamalek branch is nice. ✨",3,قبل شهر,بينوس كافيه,كافيه,google_maps
1673,"Great little spot to recharge or get some work done. Delicious cake options. Lots of seating, charging outlets, Wi-Fi. Good service too.",5,قبل شهرين,بينوس كافيه,كافيه,google_maps
1674,Service is too slow!!,1,قبل شهرين,بينوس كافيه,كافيه,google_maps
1675,They added items that we did not order and refused to return them,1,قبل شهرين,بينوس كافيه,كافيه,google_maps
1676,Good place to study at the morning and it has good vibe and tasty food,3,قبل شهرين,بينوس كافيه,كافيه,google_maps
1677,"It was amazing experience! Very tasty and big portions
Thanks for Amr Moahmed",5,قبل أسبوع,مطعم الخال المصرى,مطعم,google_maps
1678,Insane. It’s actually so so good. No other words. Just try it,5,قبل أسبوع,مطعم الخال المصرى,مطعم,google_maps
1679,"Maybe because of Ramadan, but the place was completely empty, food was basic, cannot see why so good rated on google and trip advisor. So what should have been a fine dining birthday dinner ended with basic food with 2 guests only.",2,قبل أسبوع,مطعم الخال المصرى,مطعم,google_maps
1680,تثبيت عناصر الحافظة لإيقاف انتهاء صلاحيتها بعد ساعة واحدةتثبيت عناصر الحافظة لإيقاف انتهاء صلاحيتها بعد ساعة واحدةتثبيت عناصر الحافظة لإيقاف انتهاء صلاحيتها بعد ساعة واحدةتثبيت عناصر الحافظة لإيقاف انتهاء صلاحيتها بعد ساعة واحدةتثبيت عناصر الحافظة لإيقاف انتهاء صلاحيتها بعد ساعة واحدةتثبيت عناصر الحافظة لإيقاف انتهاء صلاحيتها بعد ساعة واحدةتثبيت عناصر الحافظة لإيقاف انتهاء صلاحيتها بعد ساعة واحدةتثبيت عناصر الحافظة لإيقاف انتهاء صلاحيتها بعد ساعة واحدةتثبيت عناصر الحافظة لإيقاف انتهاء صلاحيتها بعد ساعة واحدةتثبيت عناصر الحافظة لإيقاف انتهاء صلاحيتها بعد ساعة واحدةتثبيت عناصر الحافظة لإيقاف انتهاء صلاحيتها بعد ساعة واحدةتثبيت عناصر الحافظة لإيقاف انتهاء صلاحيتها بعد ساعة واحدةتثبيت عناصر الحافظة لإيقاف انتهاء صلاحيتها بعد ساعة واحدةتثبيت عناصر الحافظة لإيقاف انتهاء صلاحيتها بعد ساعة واحدةتثبيت عناصر الحافظة لإيقاف انتهاء صلاحيتها بعد ساعة واحدةتثبيت عناصر الحافظة لإيقاف انتهاء صلاحيتها بعد ساعة واحدةتثبيت عناصر الحافظة لإيقاف انتهاء صلاحيتها بعد ساعة واحدةتثبيت عناصر الحافظة لإيقاف انتهاء صلاحيتها بعد ساعة واحدةتثبيت عناصر الحافظة لإيقاف انتهاء صلاحيتها بعد ساعة واحدةتثبيت عناصر الحافظة لإيقاف انتهاء صلاحيتها بعد ساعة واحدةتثبيت عناصر الحافظة لإيقاف انتهاء صلاحيتها بعد ساعة واحدةتثبيت عناصر الحافظة لإيقاف انتهاء صلاحيتها بعد ساعة واحدةتثبيت عناصر الحافظة لإيقاف انتهاء صلاحيتها بعد ساعة واحدةتثبيت عناصر الحافظة لإيقاف انتهاء صلاحيتها بعد ساعة واحدةتثبيت عناصر الحافظة لإيقاف انتهاء صلاحيتها بعد ساعة واحدة,3,قبل أسبوعين,مطعم الخال المصرى,مطعم,google_maps
1681,"We were there for dinner at the beginning of Ramadan. In addition to the regular menu, they had a set, 4 course menu for Ramadan dinner. It consisted of multiple salads and appetizers,  soups,  rice, a variety of grilled meat brought to the table on a cute miniature golden grill, drinks and desserts. Everything was very delicious. I loved the subtle aromatic spices that they used for dish. The service was very good too. Our server, Amr Mohahmed was very courteous and attentive. It was a genuine Egyptian culinary experience.",5,قبل 3 أسابيع,مطعم الخال المصرى,مطعم,google_maps
1682,"Great food and hospitality from Yasser, the team, and Chef Mohammad. There was a special menu with multiple dishes for the month of ramadan and every plate that came out great.",5,قبل 3 أسابيع,مطعم الخال المصرى,مطعم,google_maps
1683,"Disrespectful, discriminatory, and unacceptable service.
The place was completely empty, yet the waiter behaved as if we were bothering him. He was rude, spoke aggressively fast, kept his arms crossed, and showed zero basic manners.
They deliberately seated us in the worst corner despite all tables available.
He even openly complained about us to the manager with a discriminatory attitude.
This is not how you treat customers. Avoid this restaurant.",1,قبل 3 أسابيع,مطعم الخال المصرى,مطعم,google_maps
1684,the ox tail was quite good. meat is jiggling.,5,قبل 3 أسابيع,مطعم الخال المصرى,مطعم,google_maps
1685,Environment is great. Service is fabulous. I really recommend the pigeon. Emat is so nice.,5,قبل 3 أسابيع,مطعم الخال المصرى,مطعم,google_maps
1686,"Food was perfect
Best service in the city from Amr Mohamed",5,قبل 3 أسابيع,مطعم الخال المصرى,مطعم,google_maps
1687,Cuisine excellente et service de grande qualité ! Et particulièrement merci à Amar ☺️,5,قبل شهر,مطعم الخال المصرى,مطعم,google_maps
1688,"We had the most delicious meal.  Everything was so fresh and well seasoned.  The staff was outstanding!  We were so impressed with our meal last weekend that we returned again before departing Cairo!
I highly recommend dining here!",5,قبل شهر,مطعم الخال المصرى,مطعم,google_maps
1689,Tasty food and excellent services.,5,قبل شهر,مطعم الخال المصرى,مطعم,google_maps
1690,"Hamam mehshi roz was really good
Kebda eskandarani very nice
Grilled mashawe very nice
Kebab was excellent
Molokheya amazing
Food is really good",4,قبل شهر,مطعم الخال المصرى,مطعم,google_maps
1691,Food was so very delicious and the service is very excellent thanks Mohamed Aly for your wonderful service your the best.,5,قبل شهر,مطعم الخال المصرى,مطعم,google_maps
1692,"とってもよかったですー100文字書いてくださいと言われました。よくわかんなかったですが、料理はとても美味しかったです。
あぁ、とても美味しかったです。とても美味しかったです。",5,قبل شهر,مطعم الخال المصرى,مطعم,google_maps
1693,"Love this place! Food is amazing and the waitstaff is fantastic. Our waiter, Mohamed Aly is always more than helpful, incrddible courteous and welcoming and he's so pleasant whenever we're here. Highly recommend!",5,قبل شهر,مطعم الخال المصرى,مطعم,google_maps
1694,"The food we ordered was really good but there were a few dishes ewe had which could have been better. The serving sizes were really generous though and for two propel we could hardly finish all the dishes, so I would recommend this for a bigger group of people to really enjoy all the dishes the place has to offer.

The service from Amir, out waiter, was really incredible though! It was our first wedding anniversary and they went above and beyond to organise something really special (they had the chef come out and I helped make the traditional dish Mulukhiyah as a special surprise) for our anniversary on top of the dessert. We can't recommend Amir enough and they really made our anniversary special.

The atmosphere of the place was really Greta because we had Kareem playing the Qanun and it really added to the ambience of the place away from the hustle and bustle.",4,قبل شهر,مطعم الخال المصرى,مطعم,google_maps
1695,"Big serving sizes, so visit on empty to fully appreciate the food!

The service was next level, and Amr went out of his way to see to our needs, even arranged a nice cake on the account of our wedding anniversary. Massive props!

The atmosphere was good too with soothing live music that augmented the experience. Recommend if you're staying in the area.",5,قبل شهر,مطعم الخال المصرى,مطعم,google_maps
1696,Great food.,5,قبل شهر,مطعم الخال المصرى,مطعم,google_maps
1697,جيدا,5,قبل شهر,مطعم الخال المصرى,مطعم,google_maps
1698,مكان رائع جدا,4,قبل شهر,كافيه طقطوقة,مقهى,google_maps
1699,رايق,5,قبل شهرين,كافيه طقطوقة,مقهى,google_maps
1700,V good,4,قبل شهرين,كافيه طقطوقة,مقهى,google_maps
1702,Bad service,2,قبل 3 أشهر,كافيه طقطوقة,مقهى,google_maps
1703,قعدت في فرع ميراكي كومبلكس طلبت باستا ولما جيت احاسب لقيتهم حاسبين المية قولت للويتر انا مفتحتش المية قالي لازم تدفعيها فهمتوا اني قعدت قبلها بيوم وطلبت نفس الاوردر ومفتحتش المية ومدفعتهاش قاللي انتي بتهئي؟ مدفعتيهاش امبارح تدفعيها انهاردة قولتله هات حد اعلى منك قاللي انا اكبر واحد في المكان وبقولك لازم تدفعيها وقمة قلة الادب بعدها جالي المانچر بيقولي معلش اصل المية لازم تتشال قبل ما اطبع الشيك وطالما طبعته لازم تدفعي طيب وانتوا مبتقولوش الكلام دة ليه للناس قبل ما تحاسب؟؟ قاللي كل المطاعم كدة وانتي شكلك صغير ومش فاهمة!!!! (بيحبوا يسرقوا الناس الصغيرين تقريبا) لما قولتله سني رجع في كلامه، حكيتله على اللي الويتر عمله وان طريقته وحشة ومبيعرفش يتعامل مع الناس لقيت الويتر جه و شتمني قدامهم كلهم وقدام المانچر نفسه وقاللي انا مقولتش حاجة وانتي قليلة الادب ومحدش عمله حاجة خالص كتر خيرهم قالوله خش جوة هيوقفوه تقريبا في النوتي كورنر رافع ايده 😂 اول ما قولت اني هبلغ البوليس والناس اللي قاعدة في المكان شاهدين و الكاميرات موجودة طلع يجري وكلهم اتلموا عليا بيقولولي انتي صاحبة مكان 😅 اخر كلمة قولتها للمانچر لو بنتك قاعدة في مكان ترضى ان حد يشتمها ومحدش يعمله حاجة مردش (ما هو يا دة مش المانچر وحد بيبعتوه يضحك بس عشان محدش يطالب بحقه يا دة المانچر فعلا بس سلبي جدا ومبيعرفش يتصرف),1,قبل أسبوعين,مقهى بوخارست بلاك,مقهى,google_maps
1704,لم اجربه لكن الاقبال عليه ضعيف,2,تاريخ التعديل: قبل أسبوعين,مقهى بوخارست بلاك,مقهى,google_maps
1706,"Place wasn't busy and servers took a long time. Ask for alcholic drinks and at first they said ""Yes"" But only VIRGEN DRINKS. IT TOOK ALMOST 30 MINUTES TO GET THE CHECK. I WILLN'T RECOMMEND OR USE THIS PLACE AGAIN",2,قبل 3 أسابيع,مقهى بوخارست بلاك,مقهى,google_maps
1708,Very bad i didnot like maadi branch,1,قبل شهر,مقهى بوخارست بلاك,مقهى,google_maps
1709,كافية عادي,3,قبل شهر,مقهى بوخارست بلاك,مقهى,google_maps
1715,"الكراسي سيئة
الخدمة بطيئة",2,قبل شهر,مقهى بوخارست بلاك,مقهى,google_maps
1716,"Best service ever and the nicest staff
Got my engagement dress thanks to mrs. Maria, verina and farah❤️",5,قبل أسبوع,مستك ايفينيج,متجر ملابس حريمي,google_maps
1717,A beautiful place and the staff are very helpful and cheerful,5,قبل 3 أسابيع,مستك ايفينيج,متجر ملابس حريمي,google_maps
1718,💗💗مكان مميز كل حاجه فيه جميله والتيم ذوق جدا,5,قبل 3 أسابيع,مستك ايفينيج,متجر ملابس حريمي,google_maps
1719,Perfect place for your special events perfect customer service all staff are helpful I recommend mystic branch for my friends thanks for amazing experience,5,قبل 3 أسابيع,مستك ايفينيج,متجر ملابس حريمي,google_maps
1720,CFC♥️♥️♥️,5,قبل شهر,مستك ايفينيج,متجر ملابس حريمي,google_maps
1721,"Perfect varieties and very decent and polite way of dealing with people..
Thank you Mystic for always being there for every event ❤️❤️",5,قبل شهر,مستك ايفينيج,متجر ملابس حريمي,google_maps
1722,Very helpful & professional staff,5,قبل شهر,مستك ايفينيج,متجر ملابس حريمي,google_maps
1723,❤️❤️,5,قبل شهر,مستك ايفينيج,متجر ملابس حريمي,google_maps
1724,"Maria the manager??? did no one taught her how to be a respectful woman and talk to people with respect? please be more aware who you let represent your brand & communicate with your clients because she’s one of the worst people i ever talked to ever! Completely disrespectful, rude and bossy. What’s wrong? Does she have issues or something? please re-consider hiring a respectful store manager as this is one of the worst human beings i ever talked to. what a shame!!!!!!!!",1,قبل شهر,مستك ايفينيج,متجر ملابس حريمي,google_maps
1725,"This used to be my favorite place to buy dresses and I always recommended it. After my last visit, I will never step inside again.

We found a suit we were fully ready to purchase. We simply asked about minor tailoring adjustments and mentioned that the white pants were slightly transparent. Instead of helping, the CFC store manager, Maria, immediately responded with attitude and arrogance. She told us that if it is not our style then it is not for us and that many popular people wear it, so the problem is ours and not the design.

When I asked for the tailor to come so I could show the adjustments I wanted, she refused to even let him see the suit and shut the discussion down completely.

Her manner was dismissive, condescending, and openly disrespectful. There was no attempt to assist, no professionalism, and no basic courtesy. The whole interaction felt uncomfortable and unwelcoming rather than a customer service experience.

A store manager represents the brand, and this behavior reflected extremely poorly on it. Because of this experience I will not return and I will actively warn anyone who asks me about this store.

One of the worst retail experiences I have had.",1,قبل شهر,مستك ايفينيج,متجر ملابس حريمي,google_maps
1726,Donia is great. Very helpful.,5,قبل شهر,مستك ايفينيج,متجر ملابس حريمي,google_maps
1727,❤️❤️❤️❤️❤️❤️❤️,5,قبل شهرين,مستك ايفينيج,متجر ملابس حريمي,google_maps
1728,Best service ..thank you ❤️,5,قبل شهرين,مستك ايفينيج,متجر ملابس حريمي,google_maps
1730,"very cooperative and helpful,great work",5,قبل 3 أشهر,مستك ايفينيج,متجر ملابس حريمي,google_maps
1731,Gasser and rawan were very helpful and likes the experience so much,5,قبل 3 أشهر,مستك ايفينيج,متجر ملابس حريمي,google_maps
1732,معاملة كويسة جدا والترزى محترم جدا وشاطر رائع وتم عمل التعديل احسن من المطلوب,5,قبل 3 أشهر,مستك ايفينيج,متجر ملابس حريمي,google_maps
1734,"Not good food, moderate service",3,قبل أسبوع,مطعم أبو يوسف السوري,مطعم مأكولات سورية,google_maps
1736,力推这家炸鸡全开罗最好,5,قبل شهر,مطعم أبو يوسف السوري,مطعم مأكولات سورية,google_maps
1737,Great experience,5,قبل شهر,مطعم أبو يوسف السوري,مطعم مأكولات سورية,google_maps
1743,Fried chicken is 10/10. Do order it spicy tho!,5,قبل شهر,مطعم أبو يوسف السوري,مطعم مأكولات سورية,google_maps
1744,من افضل الفرايد تشكن اللى ممكن تاكلها,5,قبل شهر,مطعم أبو يوسف السوري,مطعم مأكولات سورية,google_maps
1745,دبوس عندهم حلو قوي,5,قبل شهر,مطعم أبو يوسف السوري,مطعم مأكولات سورية,google_maps
1747,"الفراخ كانت زفره جدا ووجعت بطننا كلنا تاني يوم
للاسف كان اجمل بروست بس بقا من سئ ل اسوء",2,قبل شهرين,مطعم أبو يوسف السوري,مطعم مأكولات سورية,google_maps
1748,ممتاز,5,قبل 5 أيام,مترو ماركت,سوبرماركت,google_maps
1749,خدمه ممتازه,5,تاريخ التعديل: قبل أسبوع,مترو ماركت,سوبرماركت,google_maps
1750,به جميع الاحتياجات,4,قبل أسبوعين,مترو ماركت,سوبرماركت,google_maps
1753,ممتاز,5,تاريخ التعديل: قبل شهر,مترو ماركت,سوبرماركت,google_maps
1754,Oldest supermarket in Rehab and majority of quality stuff and best brands are available,5,تاريخ التعديل: قبل شهر,مترو ماركت,سوبرماركت,google_maps
1755,خيال,5,قبل شهرين,مترو ماركت,سوبرماركت,google_maps
1756,So good,5,قبل شهرين,مترو ماركت,سوبرماركت,google_maps
1758,Worst food i have ever eaten. The vibes are the worst. Not recommended at all,1,قبل يوم واحد,قرية جدو,مطعم مأكولات مشوية,google_maps
1760,اسوء تجربه الاكل بارد اكثر الطلبات في المنيو غير متوفر شاي مفيش تجربه سيئه جدا,1,قبل يوم واحد,قرية جدو,مطعم مأكولات مشوية,google_maps
1761,المكان تحفه والأكل تحفه,5,قبل 4 أيام,قرية جدو,مطعم مأكولات مشوية,google_maps
1763,الاكل ممتاز والخدمه ممتازه اشكر الجميع بالتوفيق,5,قبل 4 أيام,قرية جدو,مطعم مأكولات مشوية,google_maps
1764,محترمين وذوق والاكل حلو ماشاء الله,5,قبل 4 أيام,قرية جدو,مطعم مأكولات مشوية,google_maps
1766,المكان تحفه,5,قبل 4 أيام,قرية جدو,مطعم مأكولات مشوية,google_maps
1767,المكان تحفه و الاكل روعه والخدمه ممتازه,5,قبل 4 أيام,قرية جدو,مطعم مأكولات مشوية,google_maps
1768,خدمه و تنظيم ١٠/١٠ و اسالوا على امبابى,5,قبل 4 أيام,قرية جدو,مطعم مأكولات مشوية,google_maps
1769,Best food best service best vibes ever bgd tohfa totally recommend,5,قبل 4 أيام,قرية جدو,مطعم مأكولات مشوية,google_maps
1771,مكان رائع والخدمة ممتازة,5,قبل 4 أيام,قرية جدو,مطعم مأكولات مشوية,google_maps
1772,جميل جداااااا تسلم ايدكم,5,قبل 4 أيام,قرية جدو,مطعم مأكولات مشوية,google_maps
1773,المكان تحفه والاكل جميل,5,قبل 4 أيام,قرية جدو,مطعم مأكولات مشوية,google_maps
1774,الاكل تحفة♥️,5,قبل 4 أيام,قرية جدو,مطعم مأكولات مشوية,google_maps
1775,Good managers,5,قبل أسبوع,صاج وشاورما,مطعم,google_maps
1776,The place is so good,5,قبل أسبوع,صاج وشاورما,مطعم,google_maps
1777,الخدمة جيدة والاكل جيد,5,قبل أسبوع,صاج وشاورما,مطعم,google_maps
1779,No good service nor attitude provided from the employees,1,تاريخ التعديل: قبل أسبوع,صاج وشاورما,مطعم,google_maps
1782,"بصراحة لا يعتمد
طلبت صاج شاورما فراخ
جت الشاورما كلها عيش صاج ومفيش حشوه شاورما ومكانش ليها طلعم عشان مفيش شاورما كفايه بيها
وزياده عالسعر برضو كان سعرها ٩٠ وهيا متستحقش
الموظفات محترمين جداً وبمنتهى الادب",2,قبل 3 أسابيع,صاج وشاورما,مطعم,google_maps
1783,"الاكل تحفهههه
المعمله تحفهه",5,قبل 3 أسابيع,صاج وشاورما,مطعم,google_maps
1784,الاكل تحفه اوي,5,قبل 3 أسابيع,صاج وشاورما,مطعم,google_maps
1788,Stuff الصالة دنيا واسماء وفاطمة متعاونين ومعاملة كويسة جدا,5,قبل 3 أسابيع,صاج وشاورما,مطعم,google_maps
1790,اصطف الصاله البنات دنيا و اسماء و فاطمة عسل اوووي و متعاونين جداا,5,قبل 3 أسابيع,صاج وشاورما,مطعم,google_maps
1792,"I take away my food and ate at home, the shawarma needs improvement as may competitors are doing the same business and many others are better in quality and price",3,قبل 18 ساعة,مأكولات أبو العز السورى,مطعم مأكولات سورية,google_maps
1795,حلى بس غالي الصراحه,4,قبل 3 أسابيع,مأكولات أبو العز السورى,مطعم مأكولات سورية,google_maps
1796,"Their sandwichs are so bad , salty and barely any shawarma it's full of pickles and it's a TINY sandwich,not worth it 👎",1,قبل 3 أسابيع,مأكولات أبو العز السورى,مطعم مأكولات سورية,google_maps
1797,I cant say anything else than vey nice and tasty,5,قبل 3 أسابيع,مأكولات أبو العز السورى,مطعم مأكولات سورية,google_maps
1798,Nice place,5,قبل شهر,مأكولات أبو العز السورى,مطعم مأكولات سورية,google_maps
1800,👍🏼,5,قبل شهر,مأكولات أبو العز السورى,مطعم مأكولات سورية,google_maps
1801,اكلهم لذيد,5,قبل شهر,مأكولات أبو العز السورى,مطعم مأكولات سورية,google_maps
1804,مكان فى المجمل كويس,4,قبل يومين (2),اندريا ممفيس المعادي - Andrea Memphis El Maadi,مطعم,google_maps
1806,"رحله جميله جدا وفطار حلو وشو راءع
انبسط جدا معاكم شكرا ليكم",5,قبل شهر,اندريا ممفيس المعادي - Andrea Memphis El Maadi,مطعم,google_maps
1807,محتاج تعمل حساب كبار السن فى السلالم والطوابق المتعددة وكذلك اندريا اسم كبير فمحتاج تعمل صيانة وتحديث للمكان ل,5,قبل شهر,اندريا ممفيس المعادي - Andrea Memphis El Maadi,مطعم,google_maps
1808,اكثر من رائع بجد اسمتعت,5,قبل شهر,اندريا ممفيس المعادي - Andrea Memphis El Maadi,مطعم,google_maps
1809,تجربيه جميله,5,قبل شهر,اندريا ممفيس المعادي - Andrea Memphis El Maadi,مطعم,google_maps
1810,تجربه ممتازة,5,قبل شهر,اندريا ممفيس المعادي - Andrea Memphis El Maadi,مطعم,google_maps
1812,روعه ومحتاجين كمان من هلفطار ودوم ع طول يارب,5,قبل شهر,اندريا ممفيس المعادي - Andrea Memphis El Maadi,مطعم,google_maps
1814,المكان حلو جدا والجو جميل ونضيف,1,قبل شهر,اندريا ممفيس المعادي - Andrea Memphis El Maadi,مطعم,google_maps
1816,Special thanks for chief and staff,5,قبل شهر,اندريا ممفيس المعادي - Andrea Memphis El Maadi,مطعم,google_maps
1817,"Atmosphere , Food, and show very good and staff are very helpful",5,قبل شهر,اندريا ممفيس المعادي - Andrea Memphis El Maadi,مطعم,google_maps
1819,"تجربه مختلفة ولذيذه
والستاف لطيف ومتعاون
شكراً ليكم 🤩",5,قبل شهر,اندريا ممفيس المعادي - Andrea Memphis El Maadi,مطعم,google_maps
1821,"يوم مختلف ولطيف
اجواء مفرحه وفريق لطيف ومتعاون
شكرا ليكوا ♥️",5,قبل شهر,اندريا ممفيس المعادي - Andrea Memphis El Maadi,مطعم,google_maps
1822,المكان و البرنامج جميل و شكر خالص لاستاذ محمد السيد,5,قبل شهر,اندريا ممفيس المعادي - Andrea Memphis El Maadi,مطعم,google_maps
1824,انا بشكر المنظومة بالكامل وإدارة المستشفي شكرا جدا علي الاهتمام والجودة العالية,5,قبل 12 ساعة,القاهره التخصصي مستشفيات كليوبترا,مستشفى,google_maps
1825,شكرا لتمريض الدور السادس,5,قبل 12 ساعة,القاهره التخصصي مستشفيات كليوبترا,مستشفى,google_maps
1826,المستشفي ممتازة جداا في كل حاجة بدون تقصير تماما,5,قبل 13 ساعة,القاهره التخصصي مستشفيات كليوبترا,مستشفى,google_maps
1828,الخدمة كلها بلا تفرقة ممتازة والناس متعاونة وبشوشة وجعلونى اشعر اننى فى بيتى تماما,5,قبل 13 ساعة,القاهره التخصصي مستشفيات كليوبترا,مستشفى,google_maps
1832,"التمريض ممتاز ومتعاون بالاخص ميس وسام وميس دعاء
تمريض الدور السادس",5,قبل يومين (2),القاهره التخصصي مستشفيات كليوبترا,مستشفى,google_maps
1837,التمريض ممتاز جدا والدكاترة ممتازة وادارة المستشفي منظمة وبالاخص الدور السابع,5,قبل 3 أيام,القاهره التخصصي مستشفيات كليوبترا,مستشفى,google_maps
1838,جميع خدمات المستشفي ممتازة من إدارة وتمريض ودكاترة ونظافة وتغذية وأخص بالشكر الدور العاشر,5,قبل 3 أيام,القاهره التخصصي مستشفيات كليوبترا,مستشفى,google_maps
1841,جزيل الشكر لطاقم مستشفى القاهرة التخصصى من اطباء و تمريض و معاونين على الاهتمام و الرعاية بوالدتى الدور العاشر غرفة ٨ تحت اشراف الاستاذ الدكتور احمد هانى و مس سحر محمد و مستر محمد عبدربه,5,قبل 4 أيام,القاهره التخصصي مستشفيات كليوبترا,مستشفى,google_maps
1842,المعامله ممتازة من التمريض والدكاترة والنظافة في الدور السادس والمعامله اللطيفه من طاقم العمليات والاهتمام من العلاقات العامة بالاخص ميس ايمان,5,قبل 5 أيام,القاهره التخصصي مستشفيات كليوبترا,مستشفى,google_maps
1844,كله تمام الطقم التمريض والدكاتره والدور السادس,5,قبل 5 أيام,القاهره التخصصي مستشفيات كليوبترا,مستشفى,google_maps
1845,ممتاز,5,قبل 5 أيام,القاهره التخصصي مستشفيات كليوبترا,مستشفى,google_maps
1847,الخدمات الصحية و المعاونة جيدة جدا,5,قبل 5 أيام,القاهره التخصصي مستشفيات كليوبترا,مستشفى,google_maps
1848,الخدمه كانت كويسه أثناء تواجدي فالمستشفى,5,قبل 5 أيام,القاهره التخصصي مستشفيات كليوبترا,مستشفى,google_maps
1850,"المكان هادي
الخدمه راقيه
الاكل فوق المستوى",5,قبل أسبوعين,طبالي - الزمالك,مطعم,google_maps
1852,The worst tabali branch ..i ve tried many tabali branches..all have been great on every level..didn’t expect such incompetence in zamalek’s,1,قبل 3 أسابيع,طبالي - الزمالك,مطعم,google_maps
1853,تجربتي مع الفول والبيض المدحرج مع المشلتت ولا غلطه,5,قبل شهر,طبالي - الزمالك,مطعم,google_maps
1855,مطعم جميل واكله لذيذ 👍,5,قبل شهر,طبالي - الزمالك,مطعم,google_maps
1857,"The service is low , food is cold , the new branch have an issue",2,قبل شهر,طبالي - الزمالك,مطعم,google_maps
1863,"طبالي الزمالك Tabali /التصنيف: أكلات مصرية
التقييم:٥ من ١٠
توقيت الطلب: بعد العشا

الطلب: محلي

الأسعار: مناسبه بالنسبة للكمية

سبب خسارة النقاط: لانه مو بيرفكت

الطلبات:
*ارز معمر بالحمة- الرز ناشف(اللحم قاسي مليان شحم) ماهو افضل شي
-بيض بالبسطرمة (حلو)
- فرايز
- حواوشي طبالي(لذيذ)
-كولا
- شاي

-كاتشب مايونيز شطة /المفترض تنزل مع الفرايز حاسبينها بفلوس

ينصح به: لابأس 👍

《التقييم ذوق شخصي》",3,قبل شهر,طبالي - الزمالك,مطعم,google_maps
1868,حلو فطور مكان رايق انصح الصبح بدري الاجواء حلوه في الزمالك,5,قبل شهر,طبالي - الزمالك,مطعم,google_maps
1871,الاكل وصل ناقص و بارد  لا انصح ابدا بالتعامل معهم و خدمة العملاء تكلمهم ميعرفوش يعملوا حاجة للاسف,1,قبل 11 ساعة,ابو انس السوري الدقي,مطعم مأكولات سورية,google_maps
1872,مكان رائع,5,قبل يومين (2),ابو انس السوري الدقي,مطعم مأكولات سورية,google_maps
1873,طلبت ساندوتش شاورما من غير مخلل، جابولي ساندوتش مليان مخلل، المشكله اني طلبته و روحت البيت فمش هعرف ارجع تاني,1,قبل 5 أيام,ابو انس السوري الدقي,مطعم مأكولات سورية,google_maps
1877,تجربة جيده جدا وشغلهم نظيف,4,قبل شهر,ابو انس السوري الدقي,مطعم مأكولات سورية,google_maps
1878,خدمة ممتازة والأكل طيب وشهى,5,تاريخ التعديل: قبل شهر,ابو انس السوري الدقي,مطعم مأكولات سورية,google_maps
1879,"بالسم الهاري
اسوء و أقذر اكل
لا طعم و لا ريحة و لا مذاق
اكل فاسد و لحوم",1,قبل شهر,ابو انس السوري الدقي,مطعم مأكولات سورية,google_maps
1880,We only did takeout from this restaurant and the food was ok but we were disappointed of how thin the falafel sandwich was compared to other restaurants.,3,قبل شهر,ابو انس السوري الدقي,مطعم مأكولات سورية,google_maps
1885,اسعار معقوله,4,قبل شهرين,سوبرماركت أغاخان,سوبرماركت,google_maps
1886,👍👍,3,قبل 3 أشهر,سوبرماركت أغاخان,سوبرماركت,google_maps
1887,Very good. People are very friendly here.,4,قبل 4 أشهر,سوبرماركت أغاخان,سوبرماركت,google_maps
1888,جيد,4,قبل 4 أشهر,سوبرماركت أغاخان,سوبرماركت,google_maps
1889,"Thanks for Mr Ahmed Saed
For warm welcome and help",5,قبل 6 ساعات,كريف,مطعم,google_maps
1890,"Very disappointing experience. The pasta was chewy and the portions were small. The food arrived about 40 minutes after iftar (Ramadan) and wasn’t even hot. On top of that, people were smoking while others were eating and the ventilation was very poor. Overall, the quality need serious improvement.",1,قبل يومين (2),كريف,مطعم,google_maps
1891,حبيته جدا,5,قبل 6 أيام,كريف,مطعم,google_maps
1892,"Quality is inconsistent, ordered a ceaser salad, chicken was not edible, bread salty and not fresh and the sauce was not a ceaser sauce they just packed any sauce! Stomach after three bites only, happened before when i ordered sliders. Never ordering again",1,قبل شهر,كريف,مطعم,google_maps
1893,شهادتي مجروحه في هاذا المطعم الرائع بكل فروعه سواء وقت الافطار او الغداء المتاخر او العشاء ♥️,5,قبل شهر,كريف,مطعم,google_maps
1894,"its like what do i want to order that nobody agrees with but nobody disagrees with?

crave",4,قبل شهرين,كريف,مطعم,google_maps
1895,The Caesar salad was bas tasted like fish.,3,قبل شهرين,كريف,مطعم,google_maps
1896,"Food was tasty but took a while, not sure why as it wasn't crazy busy. We ordered pasta and steak. Staff didn't check on us if we needed anything. Acceptable overall experience.",4,قبل شهرين,كريف,مطعم,google_maps
1897,Crave branches are normally good … the one in Maadi was not I expected,3,قبل شهرين,كريف,مطعم,google_maps
1898,"Thank you Mr Ahmed Saeed
Thanks Crave 😍😍",5,قبل 3 أشهر,كريف,مطعم,google_maps
1899,"The staff were very kind, the food was amazing, try the Alfredo and the tiramisu",5,قبل 3 أشهر,كريف,مطعم,google_maps
1900,ممتاز,5,قبل 3 أشهر,كريف,مطعم,google_maps
1901,"It was a wonderful experience!
Our favorite dishes were the Truffle Potato Skin and Rose Rigatoni — both were exceptional.
We really enjoyed the atmosphere and the overall vibe.
A special thanks to our waiter, Ayad, for the great service",5,قبل 4 أشهر,كريف,مطعم,google_maps
1903,"I loved the experience, the steak was amazing and the waiter was very polite and patient",5,قبل 4 أشهر,كريف,مطعم,google_maps
1904,Food was amazing I loved mcm chicken & the staff was helpful & welcoming the atmosphere is cozy,4,قبل 4 أشهر,كريف,مطعم,google_maps
1905,"fantastic food but a bit too pricey
lovely staff
a bit too hot though",4,قبل 4 أشهر,كريف,مطعم,google_maps
1907,الاكل متاخر اوي احنا في رمضان و وصلين من ٤ونص و المغرب اذن و الساعه ٦ ونص و الاكل منزلش,2,قبل 3 أيام,مطعم الخديوي أكتوبر,مطعم,google_maps
1909,I don’t like the place Very bad service food coming cold,1,قبل شهر,مطعم الخديوي أكتوبر,مطعم,google_maps
1911,الفرايد تشكن عند مطعم الخديوي ملهاش حل بصراحه ومن أحسن المطاعم ف أكتوبر بتعملو,5,قبل شهرين,مطعم الخديوي أكتوبر,مطعم,google_maps
1912,مكان سئ جدااااا,1,قبل شهرين,مطعم الخديوي أكتوبر,مطعم,google_maps
1913,ناس محترمه الاكل كويس الحمد لله,5,قبل شهرين,مطعم الخديوي أكتوبر,مطعم,google_maps
1914,جو جميل و اكل جميل نتمني الاستمرارية,5,قبل شهرين,مطعم الخديوي أكتوبر,مطعم,google_maps
1917,The worst service,1,قبل 4 أشهر,مطعم الخديوي أكتوبر,مطعم,google_maps
1918,اسعاره مبالغ فيها شويه,3,قبل 5 أشهر,مطعم الخديوي أكتوبر,مطعم,google_maps
1922,"Very bad experience, wouldn’t serve me a quick coffee during iftar time although he was standing at the bar",1,قبل يوم واحد,بينوس كافيه,كافيه,google_maps
1923,"Quiet place to work, study or have a conversation. I didnt eat there but i always go for the strawberry smoothie 😋",4,تاريخ التعديل: قبل شهرين,بينوس كافيه,كافيه,google_maps
1924,Opens on 7 am not 9 like the rest + very good to work and have breakfast in,5,قبل 3 أشهر,بينوس كافيه,كافيه,google_maps
1925,"I like the place , it's very suitable for a working or studying.",5,قبل 3 أشهر,بينوس كافيه,كافيه,google_maps
1926,"good place to study/work  , good wifi connection,  i would spend my day there finishing my work without getting bored  .",4,قبل 3 أشهر,بينوس كافيه,كافيه,google_maps
1927,my second home fr,5,قبل 3 أشهر,بينوس كافيه,كافيه,google_maps
1928,I liked beanos and my experience with their branches so far. But the experience we had in this branch was so bad. We entered and ordered food. It took so long to prepare it although there was not many coustomers. When the food finally arrived they gave me a wrong order and my husbands avocado sandwich was prepared with unripe avocados . I complained and they took long to replace it. When I finally got my salad the dressing tasted and smelled so bad I wanted to vomit. They put the same very hard avocado and spoiled beetroot on my salad. They were out of the other ingredients. In the end we payed 600 pounds for food that was bad and we left hungry,1,قبل 3 أشهر,بينوس كافيه,كافيه,google_maps
1929,مكان محترم بيحترم زباينه من ناحية كواليتي الطلبات وسرعة تجهيزها والستاف كلهم ناس متربية ومتدربين إزاي يتعاملوا مع زباين ببسمة وذوق...الله ينور 👏,5,قبل 3 أشهر,بينوس كافيه,كافيه,google_maps
1930,"Perfect place to work/study.. very spacious, good sandwiches and beverages and staff are very nice",5,قبل 4 أشهر,بينوس كافيه,كافيه,google_maps
1931,"First of all
I want to thank sayed adel for his behavior and his amazing smile and the hospitality he got for us today
The place is great for studying and working as well as the service is 100/10",5,قبل 4 أشهر,بينوس كافيه,كافيه,google_maps
1932,"A perfect place to have a coffee and study or just stay for a tasty snack
Spacious with great 2 floors indoor smoking and non smoking areas indoor and lovely outdoor area..
Really loves it",5,قبل 4 أشهر,بينوس كافيه,كافيه,google_maps
1935,أسعار مناسبة مقابل جودة ممتازة 💰✨,5,قبل شهر,تاج الشام TAG ELSHAM RESTAURANT,مطعم مأكولات سورية,google_maps
1936,اسوأ تجربه,1,قبل شهرين,تاج الشام TAG ELSHAM RESTAURANT,مطعم مأكولات سورية,google_maps
1939,خدمه ممتازه,5,قبل 6 أشهر,تاج الشام TAG ELSHAM RESTAURANT,مطعم مأكولات سورية,google_maps
1940,"I first visited Tag El Sham Restaurant about 5 years ago, and in June 2024 I had the chance to revisit. The food quality remains excellent flavors are authentic, portions are generous, and the menu offers a great variety of Middle Eastern dishes.

The atmosphere is warm and welcoming, with attentive staff who make the dining experience pleasant. It’s nice to see that after all these years, the consistency and taste are still top-notch. A solid choice for anyone craving delicious Arabic cuisine.",5,تاريخ التعديل: قبل 7 أشهر,تاج الشام TAG ELSHAM RESTAURANT,مطعم مأكولات سورية,google_maps
1941,اسوء مطعم اتعملت معاه وخدمه التوصيل زي الزفت والاكل مستواه صفر,1,قبل 7 أشهر,تاج الشام TAG ELSHAM RESTAURANT,مطعم مأكولات سورية,google_maps
1942,Nice place tried mainly either for delivery or take out. Good flavor. Would use again.,4,قبل 7 أشهر,تاج الشام TAG ELSHAM RESTAURANT,مطعم مأكولات سورية,google_maps
1943,"المكان روعة، الصالة فوق مكيفة جداً والشباب ماشاء الله بشوشين جداً وقبل ما تطلب حاجة بيكونوا عندك
أ/ السيد حامد مدير الصالة فوق محترم جدا جدا
الله يباركلكم",5,قبل 7 أشهر,تاج الشام TAG ELSHAM RESTAURANT,مطعم مأكولات سورية,google_maps
1944,الاسعار مبالغ فيها جدا جدا    ..,2,قبل 22 ساعة,مطعم طشة توت - Tashet Tut Restaurant,مطعم,google_maps
1945,مكان ممتاز,5,قبل 22 ساعة,مطعم طشة توت - Tashet Tut Restaurant,مطعم,google_maps
1946,الاكل عجبني والخدمه حلوه جدا شكرا للاستاف,5,قبل 22 ساعة,مطعم طشة توت - Tashet Tut Restaurant,مطعم,google_maps
1947,١٠/١٠ و نجمه ♥️,5,قبل 22 ساعة,مطعم طشة توت - Tashet Tut Restaurant,مطعم,google_maps
1948,احلي مطعم ف مصر,5,قبل 22 ساعة,مطعم طشة توت - Tashet Tut Restaurant,مطعم,google_maps
1949,Perfectoooo🔥🔥,5,قبل 22 ساعة,مطعم طشة توت - Tashet Tut Restaurant,مطعم,google_maps
1951,Very good food and people,5,قبل 22 ساعة,مطعم طشة توت - Tashet Tut Restaurant,مطعم,google_maps
1952,Amazing service and food,5,قبل 23 ساعة,مطعم طشة توت - Tashet Tut Restaurant,مطعم,google_maps
1953,احلى مكان ممكن تتسحر فيه الخدمة ممتازة,5,قبل 23 ساعة,مطعم طشة توت - Tashet Tut Restaurant,مطعم,google_maps
1954,مكان زي الفل,5,قبل 23 ساعة,مطعم طشة توت - Tashet Tut Restaurant,مطعم,google_maps
1955,مطعم حلو و اكلة جميل بصراحة,5,قبل 23 ساعة,مطعم طشة توت - Tashet Tut Restaurant,مطعم,google_maps
1956,اكل مصري اصيل مع كوالتي تحفه ❤️❤️❤️❤️,5,قبل 23 ساعة,مطعم طشة توت - Tashet Tut Restaurant,مطعم,google_maps
1958,تجربة ممتازة في زحمة رمضان,4,تاريخ التعديل: قبل أسبوع,حضرموت التجمع الخامس,مطعم يمني,google_maps
1959,كويس على العموم إلى حدٱ ماء مش وحش السفره والاهتمام بالاكل حبه بس,4,قبل أسبوع,حضرموت التجمع الخامس,مطعم يمني,google_maps
1960,الأجواء كانت عادية خالص,5,قبل أسبوع,حضرموت التجمع الخامس,مطعم يمني,google_maps
1964,مش احسن حاجه,1,قبل أسبوعين,حضرموت التجمع الخامس,مطعم يمني,google_maps
1966,"طعام جميل
بس هو سعات وساعات
لو زحمة اوي الطعام مش بيطلع حلو
لكن إجمالا طعام جميل",4,قبل شهر,حضرموت التجمع الخامس,مطعم يمني,google_maps
1968,"تعاملت مع هذا الفرع أكثر من مرة سواء في أيام المناسبات (ضغط عمل كبير عليهم) أو في الايام العاديه
في كلا المرتين الاكل بارد والنظام والنظافه عليهما علامه استفهام كبيره فضلا عن لامبالاه العاملين",1,قبل شهر,حضرموت التجمع الخامس,مطعم يمني,google_maps
1970,طاقم العمل مضياف ومحترم لكن الاكل مش اد كده.,2,قبل أسبوع,بيت لحم Beet Lahm,مطعم,google_maps
1972,"Not so wow, it was ok, Mansaf I give it a 6/10.
Their Saudi Kabsa I give it a 4/10.
Very expensive..",3,قبل 3 أسابيع,بيت لحم Beet Lahm,مطعم,google_maps
1973,الاسعار  والخدمة والضريبة غالية,1,قبل شهر,بيت لحم Beet Lahm,مطعم,google_maps
1974,مطعم جميل,5,قبل شهر,بيت لحم Beet Lahm,مطعم,google_maps
1976,مكان جميل يحتاج ادارة وعماله محترفيين  وعروضهم جميله ولكن اسعارهم غاليه جدا,4,قبل شهر,بيت لحم Beet Lahm,مطعم,google_maps
1977,"سيء جدا

الله يكرم النعمة.",1,قبل شهر,بيت لحم Beet Lahm,مطعم,google_maps
1979,الأكل بارد ومش افضل حاجة,2,قبل شهر,بيت لحم Beet Lahm,مطعم,google_maps
1981,انا جربت اوفر من عندهم على كبسة الهام والاكل كان شكله بايت والفراخ بارده واللحمه كان عالمه زى الكاوتش,1,قبل شهرين,بيت لحم Beet Lahm,مطعم,google_maps
1984,Such a great experience! Great food! Friendly and respectful staff really loved the place and would go back there more than one time!,5,قبل يوم واحد,Dido's al Dente,مطعم مأكولات إيطالية,google_maps
1985,The quality of the cheese used in the Quattro Formaggi pasta was quite poor.,2,قبل يوم واحد,Dido's al Dente,مطعم مأكولات إيطالية,google_maps
1986,"Guys, so you're in Cairo and you don't know where to eat but you want to spend a tiny amount of money and at the same time have an amazingly nice and filling dinner?

Thank God, this place does exist! It is in Zamalek, and it is Dido's!!!

Fantastic food, fantastic portions, fantastic service, fantastic prices.

We had one pizza, one huge portion of penne in a blue cheese, the fried rice balls and the bruschetta as a starter and we paid...11 Euros...

Then we had the tuna salad, the amazing arabiatta with chicken and the even better lasagna and we paid ... 10 Euros...

I forgot to include the drinks... Can you believe it?

The guys are super friendly, need to add more? It is a small place, it has 10 tables, the atmosphere is cozy, the music super cool international and not loud, they do a lot of take aways.

Guys, I only took a photo of the fried rice balls (arancini) because I was so eager to eat the food. Sorry about this.

Don't even think about it. Go.",5,قبل 5 أيام,Dido's al Dente,مطعم مأكولات إيطالية,google_maps
1987,"Pizza, lasagne, bruschette, aranchini everything was very tasteful! Try also the lemon juice (they serve it with bottled water and milk), is perfect! I recommend it!",5,قبل 5 أيام,Dido's al Dente,مطعم مأكولات إيطالية,google_maps
1988,Maintaining Consistent Taste & Freshness since decades 😋,5,قبل أسبوعين,Dido's al Dente,مطعم مأكولات إيطالية,google_maps
1993,"We ordered Pizza and it was very tasty, good size, very reasonable price and wee made as a thin pizza. Only thing that it was a bit salty. We told them and the Chef Mohammad did an outstanding gesture which is rarely seen now. He removed part of the receipt and also served us free lemonade( we were 5 people) . He also went to explain what might have happened and he was so nice about our comments and welcomed us a lot. The staff are so good and friendly and service overall is great. Rarely you see such a gesture nowadays but Mohammed set an example for it. Definitely highly recommending it and will come again.",5,قبل شهر,Dido's al Dente,مطعم مأكولات إيطالية,google_maps
1994,"Restaurant très sympa pour un petit creux. Il y a beaucoup de monde, la commande se fait à l’extérieur et des qu’il y a une place on vous installe. La salle est petite et l’ambiance y est chaleureuse! A tester si vous êtes dans les parages",4,قبل شهر,Dido's al Dente,مطعم مأكولات إيطالية,google_maps
1995,ذوق جدا,5,قبل شهر,Dido's al Dente,مطعم مأكولات إيطالية,google_maps
1996,Guys they are so nice team bgd w aklhum tuhfa tuhfa bgd all are 10/10,5,قبل شهر,Dido's al Dente,مطعم مأكولات إيطالية,google_maps
1997,طلبت بيتزا مارغريتا والطعم تعبان ، الموظفين قاعدين يتكلموا عند الكاشير طول الوقت ، شيف من اللي بيشتغلوا بالمطبخ قاعد برا المطعم ولابس باطلون رياضة، تجربه ما تتكرر,3,قبل شهر,Dido's al Dente,مطعم مأكولات إيطالية,google_maps
1999,"لو فيه اكثر من كذا تقييم أعطيت، وحقه يكون في التقييم العام ٥ من ٥
أجواءه مختلفه وأطباق لذيذه جدا",5,قبل شهر,Dido's al Dente,مطعم مأكولات إيطالية,google_maps
2000,Nice old place.. just take the queue every visit,4,قبل شهر,Dido's al Dente,مطعم مأكولات إيطالية,google_maps
2002,Super nice and super helpful staff,5,قبل شهر,Dido's al Dente,مطعم مأكولات إيطالية,google_maps
2005,الأكل مش طيب أبدا والشاورما كلها مجلدة والجبنة ريحتها طالعة وبتنادي النادل بقلك المرة الجاية … ان شاء الله مافي مرة جاية الأكل كان وحش اوي اوي ولا انصح به,1,قبل شهر,الجناني الدمشقي,مطعم مأكولات سورية,google_maps
2006,مطعم الياسمين نضيف جدا,5,قبل 3 أشهر,الجناني الدمشقي,مطعم مأكولات سورية,google_maps
2007,مطعم الياسمين الدمشقي  جميل,5,قبل 3 أشهر,الجناني الدمشقي,مطعم مأكولات سورية,google_maps
2008,اسعارهم كويسه جدا والأكل تحفه اوي,5,قبل 3 أشهر,الجناني الدمشقي,مطعم مأكولات سورية,google_maps
2010,مش قد كده,5,قبل 3 أشهر,الجناني الدمشقي,مطعم مأكولات سورية,google_maps
2013,جيد,3,قبل 4 أشهر,الجناني الدمشقي,مطعم مأكولات سورية,google_maps
2014,المكان مغلق غير موجود,1,قبل 3 أسابيع,مطعم ريدان,مطعم أطباق اللحوم,google_maps
2015,مغلق للاسف,1,قبل شهرين,مطعم ريدان,مطعم أطباق اللحوم,google_maps
2017,يحتاج إلى تطوير في المكان ومهارت الطهاه,1,قبل 3 أشهر,مطعم ريدان,مطعم أطباق اللحوم,google_maps
2018,ممتاز,5,قبل 3 أشهر,مطعم ريدان,مطعم أطباق اللحوم,google_maps
2021,افضل جوده وممتاز فى تجربة المشاوى,5,قبل 4 أشهر,مطعم ريدان,مطعم أطباق اللحوم,google_maps
2022,The rating says it all.,2,قبل 6 أشهر,مطعم ريدان,مطعم أطباق اللحوم,google_maps
2023,الأكل كان جميل، و المعاملة جميلة جداً و لكن العاملين بالمكان عددهم مش كافي لو في زحمة,5,قبل 6 أشهر,مطعم ريدان,مطعم أطباق اللحوم,google_maps
2024,لا انصح به سى للغايه في اكتوبر الحصري,1,قبل 7 أشهر,مطعم ريدان,مطعم أطباق اللحوم,google_maps
2026,جدا سي,1,قبل 8 أشهر,مطعم ريدان,مطعم أطباق اللحوم,google_maps
2029,"ابدا لا انصح بتجربة اللحم المندي عندهم، اللحم المندي دائما سيئ جدددددا وناااااشف وغير طازج وفيه كمية زفرررررر، اسوء تجربه للحم المندي.
بالنسبه للدجاج لازم يكون طااااازج والى هيكون سيئ وزفررر",1,قبل 11 شهرًا,مطعم ريدان,مطعم أطباق اللحوم,google_maps
2032,المكان خيال وكل حاجه حلوه,5,قبل 3 أسابيع,مطعم ميت موت مدينة الشيخ زايد,مطعم,google_maps
2033,الاكل عادي جدا,3,قبل 3 أسابيع,مطعم ميت موت مدينة الشيخ زايد,مطعم,google_maps
2034,"This is where you’d want to go and experience meat in Zayed.
The meet was delicious, the atmosphere was good and the service was pretty decent. The cook behind the grill was a great gentleman.

The only reason that I took one star ⭐️ was that I went there for Short Ribs and they didn’t have.",4,قبل شهر,مطعم ميت موت مدينة الشيخ زايد,مطعم,google_maps
2035,الاكل لذيذ والمكان راقي بس الاسعار غاليه جدا,4,قبل شهر,مطعم ميت موت مدينة الشيخ زايد,مطعم,google_maps
2039,"The meat was perfectly cooked—tender, juicy, and full of rich flavor. Every bite showed great attention to quality and seasoning. The portion was generous and beautifully presented, making the dish both satisfying and enjoyable. But the definitely need to choose better Music Tracks.",5,قبل شهر,مطعم ميت موت مدينة الشيخ زايد,مطعم,google_maps
2045,"Meatmoot Restaurant offers a nice overall experience with a pleasant and stylish vibe.
The food quality is good, well prepared, and clearly uses premium ingredients.

However, prices are relatively very high compared to portion size and alternatives, so it’s more suitable for special occasions rather than casual dining.

Overall, it’s a good experience for those who appreciate ambiance and quality and don’t mind paying a premium.",4,قبل شهرين,مطعم ميت موت مدينة الشيخ زايد,مطعم,google_maps
2049,مكان كويس وشوو حلوو جدا,5,تاريخ التعديل: قبل شهرين,مطعم ميت موت مدينة الشيخ زايد,مطعم,google_maps
2052,"I would like to sincerely thank the emergency room team for the excellent care they provided to my father. From the moment we arrived, the staff were attentive, professional, and compassionate. They received us quickly and made sure my father was comfortable while assessing his condition.
We are very grateful for the care and support they gave my father. Thank you to the entire emergency department for your hard work and commitment to helping patients.",5,قبل أسبوع,مستشفى السلام الدولي فرع القاهرة الجديدة,مستشفى,google_maps
2053,اسوء تمريض و اسوء تجربة مريت بيها معاهم,1,قبل أسبوع,مستشفى السلام الدولي فرع القاهرة الجديدة,مستشفى,google_maps
2054,مستشفى سيئه جدا وبطئ شديد فى كل شئ والتمريض مش على المستوى ومافيش مسؤول تعرف تكلمه,1,قبل أسبوع,مستشفى السلام الدولي فرع القاهرة الجديدة,مستشفى,google_maps
2055,We appreciate everything you have done..especially the nursing services..all the nurses in fifth floor.. also house keeping and room service..especial thanks to miss Diamond...,5,قبل أسبوعين,مستشفى السلام الدولي فرع القاهرة الجديدة,مستشفى,google_maps
2057,"Ich war heute bei Frau Dr. Hala wegen meiner Schilddrüse. Ich hatte alle meine gesammelten Testergebnisse vom letzten Jahr ordentlich mitgebracht, um ihr einen Überblick zu geben. Leider war der Termin sehr enttäuschend.

Bereits im Gespräch hat sie mich vor ihrer Assistentin – die ohne ersichtlichen Grund mit im Behandlungszimmer saß – kritisiert und regelrecht „fertig gemacht“, weil ich bestimmte Untersuchungen habe durchführen lassen. Ich empfand das als sehr unangenehm und respektlos, vor allem da ein Arzt-Patienten-Gespräch auf Vertrauen und Diskretion basieren sollte.

Zusätzlich wurde ich mehrfach gedrängt, den Namen meines vorherigen Arztes zu nennen. Nachdem ich ihn genannt hatte, wurde dieser von ihr als unfähig bezeichnet. Ein solches Verhalten gegenüber Kollegen finde ich unprofessionell.

Am meisten schockiert hat mich jedoch, dass sie sich nach diesem Gespräch geweigert hat, meine Schilddrüse überhaupt zu untersuchen, mit der Begründung, das würde keinen Sinn machen. Stattdessen kam sie innerhalb einer einzigen Sitzung zu dem Schluss, ich hätte Depressionen, und verschrieb mir – mit 35 Jahren – Antidepressiva, ohne eine gründliche Untersuchung oder weiterführende Diagnostik.

So eine Behandlung habe ich noch nie erlebt. Ich habe mich weder ernst genommen noch respektvoll behandelt gefühlt. Sehr enttäuschend.

Lautes Auftreten, abwertende Kommentare und voreilige Diagnosen sind für mich in keiner Weise akzeptabel. Dieser Termin war eine große Enttäuschung und für mich absolut nicht empfehlenswert.",1,تاريخ التعديل: قبل أسبوعين,مستشفى السلام الدولي فرع القاهرة الجديدة,مستشفى,google_maps
2058,Poor nursing staff & poor dealing with medical insurance.,2,قبل 3 أسابيع,مستشفى السلام الدولي فرع القاهرة الجديدة,مستشفى,google_maps
2059,"Very good hospital
Has good doctors
Service is good
Staff is helpful and friendly

Special needs wheelchair entrance is available
The hospital is wheelchair accessible

Parking is not available and very hard to find in the street
Special needs wheelchair parking is not available",5,قبل 3 أسابيع,مستشفى السلام الدولي فرع القاهرة الجديدة,مستشفى,google_maps
2060,"The hospital food service is really good, clean, organized, and attentive to patients’ dietary needs",5,قبل 3 أسابيع,مستشفى السلام الدولي فرع القاهرة الجديدة,مستشفى,google_maps
2061,"Thank you assalam hospital for the good cara
Thanks to ms Noura tàbebe nurse and ms aya abdel wahab
Spécial thanks to ms Diamond for her care",5,قبل 3 أسابيع,مستشفى السلام الدولي فرع القاهرة الجديدة,مستشفى,google_maps
2062,"Ms aml the head on the 9th floor  , rahma is very kind and professional. :)",5,قبل 3 أسابيع,مستشفى السلام الدولي فرع القاهرة الجديدة,مستشفى,google_maps
2063,I visited the hospital today and I was very tried really I have appreciated manager in reception Mr. Ramzy has really supported me and also the assistant for dor Ahmed انف وأذن وحنجره,5,قبل شهر,مستشفى السلام الدولي فرع القاهرة الجديدة,مستشفى,google_maps
2065,"This is my first time coming to Egypt and I never thought it would be a delightful experience. I brought my father for a medical treatment from Eritrea and from the first minute we arrive at As Salam international hospital Maadi branch, they took everything serious and they did what we needed to stabilize my father's heart condition before any further tests. From the emergency room with in couple hours they transfer as to CCU which is cardiac care unit. After intensive tests and diagnostics they did intervention and everything went well. Thanks to God my father is in great condition now. I want to name those nurses who did everything to make me and my dad feel home and relaxed. I could write about my delighted experience but I will end it here. I am sorry I couldn't remember the name of the Dr.s but they are as helpful as all the nurses we came across. With out any specific orders here are the amazing nurses, Mr. Rabbani Mahmoud
Mr. Mohammed Abdullah
Miss. Rabab Hosni Mr.mustafa |brahim
Mr. Ahmed Tarik
Press and hold",5,قبل شهر,مستشفى السلام الدولي فرع القاهرة الجديدة,مستشفى,google_maps
2066,"Cc u 21 I would like to express my sincere gratitude to Madam Diamond, Amira, Eid, Refay, Tahany, and Shrouk for their dedication during the two medical interventions for my mother from Djibouti.
My sincere thanks to the CNSS team, especially Omar Ahmed, for his assistance, professionalism, and kindness.
I also extend my appreciation to Dr. Wahbia, Mr. Osman, Hasna, Amina, Ismael, and to all those who contributed and offered their support.
My highest respect and gratitude go to His Excellency the Ambassador of Djibouti in Egypt and his spouse, as well as to the spouse of the President of the African Union, for their continued support to evacuated patients.
With profound respect and appreciation.",5,قبل شهر,مستشفى السلام الدولي فرع القاهرة الجديدة,مستشفى,google_maps
2067,خدمه متيمزه وأشخاص رائعين,5,قبل شهر,مستشفى السلام الدولي فرع القاهرة الجديدة,مستشفى,google_maps
2070,قسم الاغذيه و المشروبات ممتاز جدا جدا و ناس محترمه اوى,5,قبل شهر,مستشفى السلام الدولي فرع القاهرة الجديدة,مستشفى,google_maps
2074,The Food and beverage section is very helpful and supportive,5,قبل شهر,مستشفى السلام الدولي فرع القاهرة الجديدة,مستشفى,google_maps
2075,قسم اغذيه ومشروبات محترمين جدا ومعاملته كويسه وناس زوء,5,قبل شهر,مستشفى السلام الدولي فرع القاهرة الجديدة,مستشفى,google_maps
2077,احب اشكر قسم اغذيه ومشروبات علي الخدمه الممتازه في تقديم الاكل وجوده الطعام الممتازه بجد شكرا ليكم جدا,5,قبل شهر,مستشفى السلام الدولي فرع القاهرة الجديدة,مستشفى,google_maps
2078,"Ci vengo ogni inverno ma il caffè è sempre peggio! Poco denso , senza crema e caro!",1,قبل شهرين,جريكو كافيه,مقهى,google_maps
2079,خدمة ممتازة,5,قبل شهرين,جريكو كافيه,مقهى,google_maps
2080,مكان لطيف و هادئ و قهوه جميله,4,قبل 4 أشهر,جريكو كافيه,مقهى,google_maps
2081,"Cozy, classy, and Gentle stuff
what a lovely place.
Great for dates, good for studying and working. Not suggested for loud groups.",5,قبل 4 أشهر,جريكو كافيه,مقهى,google_maps
2082,"Mediocre.

not good coffee, it was burnt.
ice coffee was good, probably milk had a flavor..
atmosphere is not bad, it was quiet cuz no one was there, chairs are terrible and quite old

service not bad, people expect you to come and take your order,

just another regular overpriced coffee restaurant.

not recommended
but i might go there again",3,قبل 4 أشهر,جريكو كافيه,مقهى,google_maps
2083,Best place to have coffee in maadi,5,تاريخ التعديل: قبل 6 أشهر,جريكو كافيه,مقهى,google_maps
2084,A wonderful cafe with great ambience and delightful staff. A must visit if you’re ever n Maadi.,5,تاريخ التعديل: قبل 6 أشهر,جريكو كافيه,مقهى,google_maps
2085,ممتاز و أ. نجاح متعاون جدا والتيم كله محترم,5,قبل أسبوع,بيتزا السلطان التجمع الخامس,مطعم بيتزا,google_maps
2087,احلى فطيره مشكل جبن وسط  ، ٤ قطع ميكس بدون مكسرات و عيش المتعه🔥🔥🔥🔥🔥,5,قبل 3 أشهر,بيتزا السلطان التجمع الخامس,مطعم بيتزا,google_maps
2089,الأكل حلو جدا بس المكان محتاج تجديد,4,قبل 3 أشهر,بيتزا السلطان التجمع الخامس,مطعم بيتزا,google_maps
2090,طلبت الاوردر الساعة ٦ جايلي ٩ وكل اما اكلم حد يرميني على حد تاني وحاجة في منتهى قلة الأدب اقسم بالله,1,قبل 4 أشهر,بيتزا السلطان التجمع الخامس,مطعم بيتزا,google_maps
2091,"قبل ما اعمل الكومنت دة، لسة قافل مع المطعم و طلبت اوردر توصيل منزلي و بعد مخلصت الاوردر قولتلوا يبعت مندوب التوصيل بالفيزا ، راح قالي لازم كاش 🤷🏻‍♂️ يا فندم ازاي كاش بس دة ٣/٤ معاملات التجارية في المحلات و المطاعم من خلال الفيزا ، رد عليا يقولي لا سياسة المطعم نقدي فقط ، روحت قولتلوا طيب ابعتلي مندوب توصيل عندوا حساب بنكي انستاباي احول عليه ، راح رفض بردوا 🤷🏻‍♂️ قولتلوا الغي الاوردر

بصراحة انا مستغرب من الاسلوب و التعامل الغريب دة ، دة الف باء في اي مكان بيقدم خدمة سواء اكل او غيروا يكون عندوا فيزا

لا انصح به لان الاسلوب و المعاملة المحترمة هيا اساس التقييم و زي مبيقولوا التربيه قبل التعليم ( معلم في شغلك بس قليل الادب و الذوق يبقا ولا ليك لزمة )",1,قبل 4 أشهر,بيتزا السلطان التجمع الخامس,مطعم بيتزا,google_maps
2092,"great food and great prices, but I'm not so fond of the dine in experience, could use some touches",4,قبل 5 أشهر,بيتزا السلطان التجمع الخامس,مطعم بيتزا,google_maps
2093,الاكل ممتاز و اسعار معقوله جدا,5,تاريخ التعديل: قبل 5 أشهر,بيتزا السلطان التجمع الخامس,مطعم بيتزا,google_maps
2098,طلبت أوردر ، الجودة سيئة جداً.,1,قبل 7 أشهر,بيتزا السلطان التجمع الخامس,مطعم بيتزا,google_maps
2100,Thank's mr ahmed,5,قبل 3 أيام,صاج وشاورما,مطعم شاورما,google_maps
2101,احمد كان ممتاز معانا شكرا للمساعده,5,قبل 3 أيام,صاج وشاورما,مطعم شاورما,google_maps
2102,جميل,5,قبل 3 أيام,صاج وشاورما,مطعم شاورما,google_maps
2103,تحفه,5,قبل 5 أيام,صاج وشاورما,مطعم شاورما,google_maps
2104,"had a very good time, nice environment and tasty food",5,قبل أسبوع,صاج وشاورما,مطعم شاورما,google_maps
2108,Yemeğim içerisinde uzun bir saç kılı çıkıyor işletmenin müdürü belki senin saçındır diyip gülüyor temizlik açısından sıfır tavsiye etmem verdiğiniz parayı çöp etmek istiyorsanız bu lokantaya gidin.,1,قبل 3 أسابيع,صاج وشاورما,مطعم شاورما,google_maps
2110,ممتاز,5,تاريخ التعديل: قبل شهر,صاج وشاورما,مطعم شاورما,google_maps
2113,المكان جميل اووي و الاكل و بجد في ويتر اسم  اسلام كان محترم و زووق اووي,5,قبل شهرين,صاج وشاورما,مطعم شاورما,google_maps
2114,ممتاز,5,تاريخ التعديل: قبل شهرين,صاج وشاورما,مطعم شاورما,google_maps
2116,كانت التجربة جميلة و استقبلنا الموظف عمر حلمي وكان محترم جداً و خدوم و الأطباق لذيذة,5,قبل 23 ساعة,Willows,مطعم,google_maps
2117,"Literally my favorite place to study, work, eat, chill, and even gather with friends in Egypt",5,قبل 3 أيام,Willows,مطعم,google_maps
2118,"Un repas d’excellente qualité, et un service impeccable, merci à Omar.",5,قبل أسبوع,Willows,مطعم,google_maps
2122,"A very good experience! I highly recommend this place the food , ambience, service all was just amazing",5,قبل 3 أسابيع,Willows,مطعم,google_maps
2123,"Nice to have Abd Elrahman Oscar & Ahmed Samer in addition to Omar Helmy at Willow’s since all of them are very helpful and friendly, not my first time to visit, highly recommended",5,تاريخ التعديل: قبل 3 أسابيع,Willows,مطعم,google_maps
2124,جيد,3,قبل 3 أسابيع,Willows,مطعم,google_maps
2125,Excellent service by Abdelrahman oscar. Great food,5,قبل 3 أسابيع,Willows,مطعم,google_maps
2126,"احمد تركي كان ممتاز معانا
وخدمة ممتازة
والأكل لذيذ جداً",5,قبل 3 أسابيع,Willows,مطعم,google_maps
2127,"Excellent service
Sheko and abdelrahman oscar excellent services
very nice food",5,قبل شهر,Willows,مطعم,google_maps
2128,"This place feels like home, Amazing food, very helpful stuff specially Ahmed Turkey",5,قبل شهر,Willows,مطعم,google_maps
2129,Great experience and service !,5,قبل شهر,Willows,مطعم,google_maps
2130,اجمل فطار انجليزي,5,قبل شهر,Willows,مطعم,google_maps
2131,"Clean, fresh and bright.  Pistachio Crossiants are amazing! Service is excellent.",5,قبل شهر,Willows,مطعم,google_maps
2132,"النودلز و تاكو الربيان فوق التقييم ❤️❤️❤️❤️❤️
والموظف مصطفى حياة للمكان",5,قبل شهر,Willows,مطعم,google_maps
2133,"Very friendly staff and best quality of food
Special thanks to ahmed tourky",5,قبل شهر,Willows,مطعم,google_maps
2134,I definitely enjoyed the service and the food! An incredible experience! Thank you to the staff especially Mohamed Magdy and Ahmed El tork.,5,قبل شهر,Willows,مطعم,google_maps
2135,"Ahmed Turky extremely welcoming, Service in a timely manner 👍🏻👍🏻",5,قبل شهر,Willows,مطعم,google_maps
2136,The service is amazing and the food is tasty with fresh ingredients 🙏 big thanks to Ahmed Turki serving us with a great smile and welcoming attitude!,5,قبل شهر,Willows,مطعم,google_maps
2137,The food was amazing and Ahmed Turky gave us the best service possible!!,5,قبل شهر,Willows,مطعم,google_maps
2138,"Mohamed magdy was great , he was really nice and the food was really good",5,قبل شهر,Willows,مطعم,google_maps
2141,Thanx mr ali for service today and refaay,5,قبل شهر,Willows,مطعم,google_maps
2143,Hands down the best pizza in Egypt!,5,قبل شهر,وات ذا كرست,مطعم بيتزا,google_maps
2144,"Best pizza experience I’ve ever had.
From the vibe of the place to the food, everything was perfect. The pizza was amazing. I always follow a rule in any authentic pizza restaurant: I try the Margherita pizza first, then decide if the place is really worth it—and this one was the best I’ve ever had.
From the cheese to the dough, everything was incredible. The sauce was a little light in my opinion; I personally prefer it thicker and more herby. But overall, it’s a 10/10, especially for a pizza that was finished in just 3 minutes.",5,قبل شهر,وات ذا كرست,مطعم بيتزا,google_maps
2146,"진짜 맛있음. 한국의 유명한 피자 맛집이랑 다를게 없음. 좀 짜긴 하지만 이집트 여행이 길어져서 익숙해진듯. 멀리까지 온 보람이 있다. 브레이크 타임이 있으니 잘 고려해서 올 것!! 이름이 기억 안나는데 안티초크, 버섯, 살라미, 치즈가 들어간 피자/ 시저 샐러드/ 콜라 먹었고 800EGP정도 나왔음.",5,قبل شهر,وات ذا كرست,مطعم بيتزا,google_maps
2147,"My experience was average, they mastered the dough indeed but the toppings could be better mix I guess
They use a very tasty special tomato sauce too",4,تاريخ التعديل: قبل شهر,وات ذا كرست,مطعم بيتزا,google_maps
2149,Garlic bread was without any Garlic,4,قبل شهرين,وات ذا كرست,مطعم بيتزا,google_maps
2150,Always great!,5,قبل شهرين,وات ذا كرست,مطعم بيتزا,google_maps
2151,World class pizza with very fast and excellent service. Way to go guys.,5,قبل شهرين,وات ذا كرست,مطعم بيتزا,google_maps
2152,"I had a very wonderful time there
The italian vibes and the amazing taste

I loved it",5,قبل شهرين,وات ذا كرست,مطعم بيتزا,google_maps
2153,鉴定过了，披萨好吃! 饼皮筋道，外酥内软，有个肉的肉味道特别好吃。点了凯撒沙拉味道也好吃，而且他们还开创性地用了本地的蔬菜，口感味道更丰富。虽然我坐了三十分钟车来，但是值了。,5,قبل شهرين,وات ذا كرست,مطعم بيتزا,google_maps
2154,Really good Neapolitan pizza!! So impressive to see this in Egypt. Highly recommend it.,5,قبل شهرين,وات ذا كرست,مطعم بيتزا,google_maps
2155,مكان حلو  و رعب و دخلت قصة هاري هاوس,5,قبل شهرين,وات ذا كرست,مطعم بيتزا,google_maps
2156,"بصراحه لسة مشتري بيتزا سوبر سوبريم ممتازة طعمها حلو
حشو ممتاز
حجم كويس جدا
ألف شكر للشيف اللى عملها",5,قبل أسبوعين,فطائر و بيتزا المهندسين,مطعم بيتزا,google_maps
2157,طعم سيء جدااا في الحلو والحادق,1,قبل شهر,فطائر و بيتزا المهندسين,مطعم بيتزا,google_maps
2159,احلا فطائر,5,قبل 4 أشهر,فطائر و بيتزا المهندسين,مطعم بيتزا,google_maps
2160,فطير في المنيل,5,قبل 4 أشهر,فطائر و بيتزا المهندسين,مطعم بيتزا,google_maps
2162,So delicious pizza in the cairo,5,قبل 4 أشهر,فطائر و بيتزا المهندسين,مطعم بيتزا,google_maps
2164,مفيش order  بيجى صح يا حاجه نقصه يا مختلفه وكمان توقيت التوصيل سئ جدا منصحش بيه حد,1,قبل 5 أشهر,فطائر و بيتزا المهندسين,مطعم بيتزا,google_maps
2165,"Feter is excellent, pizza not recommended",4,قبل 6 أشهر,فطائر و بيتزا المهندسين,مطعم بيتزا,google_maps
2166,الاكل كان حلو و الاسعار معقوله,4,قبل 6 أشهر,فطائر و بيتزا المهندسين,مطعم بيتزا,google_maps
2167,شغال,3,قبل 7 أشهر,فطائر و بيتزا المهندسين,مطعم بيتزا,google_maps
2169,Very nice,5,قبل يوم واحد,فندق اطلس,فندق,google_maps
2170,"No había agua o salía sucia.  Tuvimos que mudarnos de hotel.  Básico y en obra. El personal muy amable, lo único rescatable del alojamiento.  Desayuno muy básico y limitado.  Obviamente es un low cost.",2,تاريخ التعديل: قبل 3 أيام,فندق اطلس,فندق,google_maps
2171,تجرّبه جميله جدا وتعامل راقي من الجميع  ويختص الاستاذه يارا,5,قبل 5 أيام,فندق اطلس,فندق,google_maps
2172,TV 📺,5,قبل أسبوعين,فندق اطلس,فندق,google_maps
2173,"So far my best stay in Egypt, it’s not a luxury hotel but it has everything that we need. From the receptionist to the breakfast chef, everybody is friendly and helpful, this hotel represents the kindness of Egyptian people. The cost of the stay is very budget friendly, breakfast is very good, location is central and we use uber go around. We just need to pay small amount to take a shower after checkout before jump to the train station. I recommend to everybody.",5,قبل شهر,فندق اطلس,فندق,google_maps
2174,"Perfect convenient location and a very nice hotel, rooms was spacious and spotless, bathroom so clean and spacious. Staff are nice and professional. Very close to Talaat Harb and 20 mins walking from Khan elKhalily. If ever again in Cairo would definitely stay here.",5,قبل شهر,فندق اطلس,فندق,google_maps
2175,"اشكركم على حسن الاستقبال صراحه من افضل الفنادق من واقع تجربتي نظافه وفخامه
وايضا لاننسى طاقم الريسبشن يستاهلو كل تقدير واحترام كانوا في قمة الاخلاق وحسن التعامل
وهم الاستاذه منى والاستاذ محمد والاستاذه يارا
وان شاءالله معكم دائما في هذا الفندق
وانقل تجربتي لأخواني في السعوديه
تحياتي لكم جميعا",5,قبل شهر,فندق اطلس,فندق,google_maps
2176,A very beautiful hotel with excellent service especially from mona tariq the receptionist she's truly wonderful and understanding girl very honest with customers everything about the hotel is beautiful this isn't my first time it's my second it's truly amazing hotel l also can't forget toulan and Abdullarahman they are very friendly and helpful ❤️ I will never forget the moments and memories have at this hotel,5,قبل شهر,فندق اطلس,فندق,google_maps
2177,Odalar pisti çarşaflar pisti. Lavabo pisti çok üzgünüm ama 2 yıldızı sadece resepsiyondaki nazik hanımefendi için verdim. Kahvaltı da peynir bile yenilmeyecek derecedeydi. Kahire deki başka otelin mağduriyetiyle Mecbur kaldığımız için tek gece iki kişi 4 bin kiraya konakladık. Fiyat performans olarak tüm mısır tatilimizin en kötüsü..,1,قبل شهر,فندق اطلس,فندق,google_maps
2178,"帰国前にカイロで一泊するのに利用しました。
部屋はコンパクトでしたが値段相応です。
受付の男性はにこやかで、ホスピタリティがあり、朝のUber手配で困っていたら助けてくれました。ありがとうございます！",3,قبل شهر,فندق اطلس,فندق,google_maps
2179,좋은 서비스에 감사합니다.,5,قبل شهر,فندق اطلس,فندق,google_maps
2180,広くてよかった。サポートもよかった。,5,قبل شهر,فندق اطلس,فندق,google_maps
2181,"Dentro del Cairo este hotel ha sido un gran lugar para hospedarse. Está cerca de varios lugares interesantes y además el servicio, la atención y la limpieza es muy buena.",5,قبل شهر,فندق اطلس,فندق,google_maps
2182,A nice hotel with worm welcome all staff are helpful miss Walaa and Mr Marius as well Mr Marwan I enjoyed my staying.,5,قبل شهر,فندق اطلس,فندق,google_maps
2185,"The service at the hotel is much better than before
There are a lot of improvements occurring in the hotel hope that you keep it up service cleaning cafe shop but there are something needs to be dine",5,قبل شهر,فندق اطلس,فندق,google_maps
2187,"فندق جميل جدا
والانسه ولاء قمه في الذوق
صاحبه الابتسامه دايما تشرح النفس",5,قبل شهر,فندق اطلس,فندق,google_maps
2188,Central location Downtown.  Well connected.  good services.  Nice room,5,قبل شهر,فندق اطلس,فندق,google_maps
2189,Rooms are nice and staff are very helpful.,5,قبل شهر,فندق اطلس,فندق,google_maps
2191,لطيف مش واو,3,قبل أسبوع,خمسينة كافيه,مقهى,google_maps
2194,جيد,5,قبل 3 أشهر,خمسينة كافيه,مقهى,google_maps
2195,كويس,4,قبل 5 أشهر,خمسينة كافيه,مقهى,google_maps
2196,Nice place to meet friends.,5,تاريخ التعديل: قبل 5 أشهر,خمسينة كافيه,مقهى,google_maps
2197,The closest place to my heart because of the amazing collection and high quality of provided products nevertheless to mention the most professional staff there,5,قبل 4 أيام,سوريا ماركت البان اجبان حلويات,متجر بقالة,google_maps
2201,الحلويات من اسوأ ما يكون,1,قبل شهر,سوريا ماركت البان اجبان حلويات,متجر بقالة,google_maps
2203,أسواء خدمه توصيل فى التجمع,1,قبل شهر,سوريا ماركت البان اجبان حلويات,متجر بقالة,google_maps
2204,Delicious,5,قبل شهر,سوريا ماركت البان اجبان حلويات,متجر بقالة,google_maps
2206,"طلبت من الابلكيشن ٢ كيلو ونص يالنجي و جالي كيلو ونص بس بعد ساعتين اساسا و خدمة العملاء عندهم فالضياع الاليم بجد بقولهم مستعجله و محتاجه الكيلو التاني تقولي البنت منا مستنيه رد الفرع مرتين اكلمها تقولي نفس الكلام و حاجه في منتهى الاستهتار بوقت العميل .. لو مش عارفين
تاخدوا طلبات من ابلكيشن يبقى متعملوش ابلكيشن اصلا دا كدا منتهى الفشل
و لما كتبت الكلام دا فكومنتات على صفحتهم عملولي بلوك .. قله ادب",1,قبل شهر,سوريا ماركت البان اجبان حلويات,متجر بقالة,google_maps
2208,جيد,3,قبل شهرين,سوريا ماركت البان اجبان حلويات,متجر بقالة,google_maps
2210,احلى منتجات,5,قبل 3 أشهر,سوريا ماركت البان اجبان حلويات,متجر بقالة,google_maps
2213,الاستقبال كويس جدا والخدمة ممتازة,5,قبل يوم واحد,كايرو كلينك جناح النساء والولاده,مستشفى,google_maps
2214,مستشفي هايله ومستوي نظافة جيد جدا صطاف ممتاز,5,قبل يوم واحد,كايرو كلينك جناح النساء والولاده,مستشفى,google_maps
2215,ماشاءالله تبارك مستشفي مستوي عالي جدا من النظافه والاحترافيه والدكاتره والتمريض والحضانه وكلو,5,قبل يوم واحد,كايرو كلينك جناح النساء والولاده,مستشفى,google_maps
2216,مستشفى ممتاز التمريض كمان ممتاز ونظيف جدا وكلهم زوق,5,قبل يوم واحد,كايرو كلينك جناح النساء والولاده,مستشفى,google_maps
2217,اهتمام كامل والخدمات متكاملة الرعاية الدقة ف المواعيد,5,قبل يومين (2),كايرو كلينك جناح النساء والولاده,مستشفى,google_maps
2218,سي للغايه واهمال جابوا لبن للطفل منتهي من 6 شهور حسبي الله عليهم ونعم الوكيل فيهم,1,قبل يومين (2),كايرو كلينك جناح النساء والولاده,مستشفى,google_maps
2219,مستشفى ممتاز جدا وبشكر كل اطباء الرعاية وبشكر مستر عبد الله ناصر انسان محترم جدا,5,قبل 5 أيام,كايرو كلينك جناح النساء والولاده,مستشفى,google_maps
2224,"بصراحة كانت تجربة استثنائية بفضل الممرضة إسراء. من أول لحظة وهي بتتعامل بأقصى درجات الرحمة والاهتمام والاحترافية بشكل يميزها فعلًا. كانت دايمًا موجودة، منتبهة لكل تفصيلة، وبتسبق احتياجاتي قبل ما أطلبها.

أنا اتعاملت مع أنظمة رعاية صحية في أمريكا وإنجلترا، وأقدر أقول بثقة إن مستوى الرعاية اللي بتقدمه الممرضة إسراء مش بس على نفس المستوى، ده كمان أعلى وأفضل. مهارتها الطبية، وهدوءها، وطيبتها الحقيقية بيخلّوا أي مريض يحس بالراحة والأمان.

هي فعلًا مثال للتمريض على مستوى عالمي، والمستشفى محظوظة جدًا بوجودها.",5,قبل أسبوعين,كايرو كلينك جناح النساء والولاده,مستشفى,google_maps
2225,مستشفي ممتازه ممتازه ومعامله فوق الممتاز محدش قصر معايا نهائي,5,قبل أسبوعين,كايرو كلينك جناح النساء والولاده,مستشفى,google_maps
2226,خدمه ممتازه ممتازه,5,قبل أسبوعين,كايرو كلينك جناح النساء والولاده,مستشفى,google_maps
2227,"⭐⭐⭐⭐⭐

Excellent care from start to finish. The staff was professional, kind, and attentive, and the doctors explained everything clearly. The facility was clean and well-organized. Highly recommend!
Thank you Ms. Nirmeen. ❤️ ❤️",5,قبل أسبوعين,كايرو كلينك جناح النساء والولاده,مستشفى,google_maps
2229,"تعامل راقي وتجاوب مع المريض والمرافقين وتوفير كل المتطلبات بدون تعقيد
وشكر خاص لقسم العلاقات العامه واستاذة نيرمين علي اهتمامها باستعجال الاجراءات واسلوبها الراقي في التعامل",5,قبل أسبوعين,كايرو كلينك جناح النساء والولاده,مستشفى,google_maps
2230,مستشفي نظيفه  جدا واهتمام  واهم حاجه انهم بيساعدو ولو فيه اي مشكله ان وجدت حصلت بيحلوها ف اسرع وقت,5,قبل أسبوعين,كايرو كلينك جناح النساء والولاده,مستشفى,google_maps
2231,بدون وسيبة تواصل,1,قبل 3 أسابيع,كايرو كلينك جناح النساء والولاده,مستشفى,google_maps
2234,اللة واكبر علي الطاقم الطبي ومعامله مثاليه وكل الشكر,5,قبل 3 أسابيع,كايرو كلينك جناح النساء والولاده,مستشفى,google_maps
2237,"الاكل بارد و غالي و الخدمه زفت وحاسبونا  على العيش مع الاكل
لا انصح به و لن اكرر التجربه",1,قبل يوم واحد,مطعم سيخ مشوي التجمع الخامس,مطعم,google_maps
2241,مش حلو فرمضان للاسف,2,قبل 3 أيام,مطعم سيخ مشوي التجمع الخامس,مطعم,google_maps
2242,Lamb chops are just AMAZING. It’s a must.,5,قبل 4 أيام,مطعم سيخ مشوي التجمع الخامس,مطعم,google_maps
2243,Frozen food arrived after 4 hours of ordering then they turn their phone off to avoid responsibility,1,قبل أسبوع,مطعم سيخ مشوي التجمع الخامس,مطعم,google_maps
2245,"الكميات قليلة شوية
لكن كله غير كدة كله حلو",5,تاريخ التعديل: قبل أسبوع,مطعم سيخ مشوي التجمع الخامس,مطعم,google_maps
2246,"If you’re heading out to the New Settlement for a meal, this spot is a solid contender, though there are a few things you should keep in mind before you park the car. The food quality itself is wonderful—you can tell the ingredients are fresh and the kitchen knows what they’re doing with their seasoning—but you definitely shouldn't come here if you're already ""starving"" or in a rush. The preparation takes its sweet time, so it’s much better suited for a long, relaxed family lunch or a slow weekend dinner where the conversation is the main event while you wait.
​As for the menu, I gave the tarb a shot, and while the taste was authentic, it was a bit of a heavy hit. The mandeel was way too thick for my liking, making it a bit over-fatty rather than having that perfect, thin melt-in-your-mouth crunch you look for. If you aren't a fan of a really heavy wrap, you might want to ask them to lean it out or try one of their other grilled platters, which were excellent.
​The saving grace during the long wait for the food was definitely the staff. They were incredibly pleasant and had that genuine Egyptian hospitality that makes you feel welcome rather than just another table number. Even with the kitchen running slow, their attitude kept the vibe positive. It’s a great addition to the New Settlement dining scene, just go in expecting a slow-paced experience and maybe a bit of a heavier hand on the traditional grills",4,تاريخ التعديل: قبل أسبوعين,مطعم سيخ مشوي التجمع الخامس,مطعم,google_maps
2247,"The place is nice , stuff are nice and helpfull . The food is delicious , portions are fine and good value for money",4,تاريخ التعديل: قبل 3 أسابيع,مطعم سيخ مشوي التجمع الخامس,مطعم,google_maps
2248,Nice place,5,قبل 3 أسابيع,مطعم سيخ مشوي التجمع الخامس,مطعم,google_maps
2249,"مطعم ممتاز ونظيف خصوصا الريش 👌
الفرع هذا افضل من فرع النيل وأحدث",5,قبل 3 أسابيع,مطعم سيخ مشوي التجمع الخامس,مطعم,google_maps
2250,سيخ مشوي ياخد جايزة اسوء مطعم مشاوي واسوء خدمة ممكن تشوفها، قلة ذوق من ال staff غير محترمين بالمرة.,1,قبل 3 أسابيع,مطعم سيخ مشوي التجمع الخامس,مطعم,google_maps
2251,مطعم رائع واجوائه جميله ورايقه واكلهم لذيذ,5,قبل شهر,مطعم سيخ مشوي التجمع الخامس,مطعم,google_maps
2252,"Spent full day there for team gathering
Starting with Breakfast:
Food was great but took a long preparation time and for large group (+5), it's easy to be confused which plate belongs to which order.
Drinks: great variety and taste
For lunch, food was excellent and its preparation was much quicker than the breakfast.
For desserts, enjoyed it but preparation time wasn't quick like the lunch

Overall, it was a great experience there.",4,قبل شهر,مطعم سيخ مشوي التجمع الخامس,مطعم,google_maps
2254,اكل لذيذ ونظيف الأسف فنان بشوشين,5,قبل 5 ساعات,مطعم فيروز,مطعم مأكولات لبنانية,google_maps
2256,Thank you fayrouz restaurant,5,قبل أسبوع,مطعم فيروز,مطعم مأكولات لبنانية,google_maps
2257,thank you so much mona for your service,5,قبل أسبوع,مطعم فيروز,مطعم مأكولات لبنانية,google_maps
2258,thank you mona,5,قبل أسبوع,مطعم فيروز,مطعم مأكولات لبنانية,google_maps
2259,Great food and great atmosphere. The hummus was phenomenal.,5,قبل أسبوعين,مطعم فيروز,مطعم مأكولات لبنانية,google_maps
2260,"Mükemmel yemek lezzeti , büyük porsiyonlar ve canayakın hizmet . Kahire de uğranması gereken bir yer",5,قبل أسبوعين,مطعم فيروز,مطعم مأكولات لبنانية,google_maps
2261,Very good food! Very Nice persons ! I totally recommend,5,قبل 3 أسابيع,مطعم فيروز,مطعم مأكولات لبنانية,google_maps
2262,Everything was perfect,5,قبل شهر,مطعم فيروز,مطعم مأكولات لبنانية,google_maps
2264,كل حاجة جميلة,5,قبل شهر,مطعم فيروز,مطعم مأكولات لبنانية,google_maps
2265,Amazing food. Exceptional service and very friendly and courtious staff.,5,قبل شهر,مطعم فيروز,مطعم مأكولات لبنانية,google_maps
2266,Great experience at Fairuz Intercontinental Cairo. Food was authentic and delicious and the service was great!,5,قبل شهر,مطعم فيروز,مطعم مأكولات لبنانية,google_maps
2267,Excellent service and food...very nice,5,قبل شهر,مطعم فيروز,مطعم مأكولات لبنانية,google_maps
2268,"So much food, thought we didn’t order enough but when the food came out there was more than enough! Food tasted delicious, would highly recommend!",5,قبل شهر,مطعم فيروز,مطعم مأكولات لبنانية,google_maps
2269,Had a good time!,5,قبل شهر,مطعم فيروز,مطعم مأكولات لبنانية,google_maps
2270,الأكل طيب وشهي,5,قبل شهر,مطعم فيروز,مطعم مأكولات لبنانية,google_maps
2271,ممتاز جداً وسريع جداً شكراً,5,قبل شهر,مطعم فيروز,مطعم مأكولات لبنانية,google_maps
2272,"What a wonderful meal! The grilled chicken was quite literally the best I’ve ever had. Beautifully prepared, tender and juicy with a lovely crisp coating on the outside. A Cairo highlight! Thank you all!",5,قبل شهرين,مطعم فيروز,مطعم مأكولات لبنانية,google_maps
2273,"Delicious food and excellent service. I had shish tawook. Salmeen was very attentive and the manager, Sabry was very good at wine recommendations",5,قبل شهرين,مطعم فيروز,مطعم مأكولات لبنانية,google_maps
2274,الأكل تحفة ونضيف,4,قبل 3 أسابيع,نجف,مطعم فلافل,google_maps
2276,"الاكل جودته ممتازة
المشكلة في الزحمة وبطء الخدمة",4,قبل شهر,نجف,مطعم فلافل,google_maps
2278,للاسف فين نجف بتاع زمان ولا جودة ولا خدمة وكمان اسعار عالية,2,قبل شهر,نجف,مطعم فلافل,google_maps
2279,الاول كان احلي,4,قبل شهر,نجف,مطعم فلافل,google_maps
2280,الاهتمام بالنظافة شبه معدوم,2,تاريخ التعديل: قبل شهرين,نجف,مطعم فلافل,google_maps
2281,جميل,5,قبل شهرين,نجف,مطعم فلافل,google_maps
2282,هو هو من ٥٠ سنه,5,قبل 3 أشهر,نجف,مطعم فلافل,google_maps
2284,اسواء خدمه عملاء في مصر,1,قبل 3 أشهر,نجف,مطعم فلافل,google_maps
2285,مطعم قذر,1,قبل 3 أشهر,نجف,مطعم فلافل,google_maps
2286,اكلهم حكاية,5,قبل 3 أشهر,نجف,مطعم فلافل,google_maps
2287,خدمة بشعة,1,تاريخ التعديل: قبل يومين (2),المستشفى الجوي التخصصي التجمع الخامس,المستشفى العسكري,google_maps
2288,خدمة رائعة,5,قبل أسبوعين,المستشفى الجوي التخصصي التجمع الخامس,المستشفى العسكري,google_maps
2289,good for pediatric and children,5,قبل أسبوعين,المستشفى الجوي التخصصي التجمع الخامس,المستشفى العسكري,google_maps
2290,مستشفي نظيفه وجميع العملين بها زو خبره جيده,5,قبل 3 أسابيع,المستشفى الجوي التخصصي التجمع الخامس,المستشفى العسكري,google_maps
2292,مستشفى نوعاً ما مقبوله,4,قبل شهر,المستشفى الجوي التخصصي التجمع الخامس,المستشفى العسكري,google_maps
2293,مستوى عال فى الخدمات الطبية مع الضبط والربط العسكرى,5,قبل شهر,المستشفى الجوي التخصصي التجمع الخامس,المستشفى العسكري,google_maps
2296,حرفيا ممتازه جدا,5,قبل شهر,المستشفى الجوي التخصصي التجمع الخامس,المستشفى العسكري,google_maps
2297,"I was doing a medical check. The system was down for almost an hour and a half, and they kept asking me to leave and come another day.",1,قبل شهر,المستشفى الجوي التخصصي التجمع الخامس,المستشفى العسكري,google_maps
2298,ممتازه,5,تاريخ التعديل: قبل شهر,المستشفى الجوي التخصصي التجمع الخامس,المستشفى العسكري,google_maps
2299,مكان رائع جدًا ويملكون مجموعة مميزة من الدكاترة والاستشاريين وقريب من جميع الخدمات,4,قبل شهر,المستشفى الجوي التخصصي التجمع الخامس,المستشفى العسكري,google_maps
2303,ممتاز,5,قبل شهرين,المستشفى الجوي التخصصي التجمع الخامس,المستشفى العسكري,google_maps
2304,مستشفى متميزة,5,قبل شهرين,المستشفى الجوي التخصصي التجمع الخامس,المستشفى العسكري,google_maps
2306,الاكل بارد جداا,1,قبل 4 أيام,ست الشام,مطعم مأكولات سورية,google_maps
2311,لذيذ😋,5,قبل شهر,ست الشام,مطعم مأكولات سورية,google_maps
2315,وحش جدا,1,قبل شهرين,ست الشام,مطعم مأكولات سورية,google_maps
2318,تجربة سيئة لا ينصح به,1,قبل 4 أشهر,ست الشام,مطعم مأكولات سورية,google_maps
2319,تجربة سيئة,1,قبل 4 أشهر,ست الشام,مطعم مأكولات سورية,google_maps
2320,"Old style, spacey, restaurant with live performing pianist, who is taxed in your bill for instance :D, good waiters, average food and slow kitchen.",3,قبل 6 أيام,فايف بيلز,مطعم,google_maps
2321,مكان حلو قوي ونظيف جدا قضيت في وقت ممتع الصراحه,5,قبل 3 أسابيع,فايف بيلز,مطعم,google_maps
2322,We returned the food and left... they didn't charge us,1,قبل شهر,فايف بيلز,مطعم,google_maps
2325,Very nice and cozy place to grab a drink . Ambiance is nice. Service is great. I tried food just once. It was not the best. But I totally recommend for drinks,5,قبل شهرين,فايف بيلز,مطعم,google_maps
2326,مكان رومانسي  موسيقى حيه  رقص رومانسي... متعه حقيقيه,5,قبل 3 أشهر,فايف بيلز,مطعم,google_maps
2327,"You can’t go wrong at Five Bells. The ambience was very elegant thanks to the piano player, among other things. No need to mention the service and the food because they met our expectations.",5,قبل 4 أشهر,فايف بيلز,مطعم,google_maps
2328,Great Place,5,قبل 4 أشهر,فايف بيلز,مطعم,google_maps
2329,Overpriced and not particularly special. The atmosphere lacks privacy and the relaxing touch you’d expect for the price.,3,قبل 4 أشهر,فايف بيلز,مطعم,google_maps
2331,A night club in cairo,5,تاريخ التعديل: قبل 5 أشهر,فايف بيلز,مطعم,google_maps
2332,Good pub with both indoor and outdoor areas,4,تاريخ التعديل: قبل 5 أشهر,فايف بيلز,مطعم,google_maps
2333,Musique très ancienne et triste j aimerais bien écouter de la musique egyptienne car j ai mangé un plat typique egypte,4,قبل 5 أشهر,فايف بيلز,مطعم,google_maps
2335,جودة اكل ونضافة صفر من عشرة,1,قبل شهر,شامينا - مأكلات سورية -,مطعم مأكولات سورية,google_maps
2336,الاكل مشاء الله جميل ومختلف عن أى مكان اخر,5,قبل شهر,شامينا - مأكلات سورية -,مطعم مأكولات سورية,google_maps
2337,"خدمات توصيل زيرو
معامله وحشه بعد ماتتصل بيهم",1,قبل شهرين,شامينا - مأكلات سورية -,مطعم مأكولات سورية,google_maps
2339,الاكل مش نضيف خالص وبايت ومالوش طعم مكنتوش كدا خالص سقوط رهيب,2,قبل شهرين,شامينا - مأكلات سورية -,مطعم مأكولات سورية,google_maps
2340,الفراخ بايته و كان فيه شيش حمضان,1,قبل 3 أشهر,شامينا - مأكلات سورية -,مطعم مأكولات سورية,google_maps
2342,للاسف اخر مره اطلب من عندهم الاكل سئ وحمضان,1,قبل 3 أشهر,شامينا - مأكلات سورية -,مطعم مأكولات سورية,google_maps
2343,للأسف الأكل بايت والرز سئ جدا  وكمان المشويات حمضانه,1,قبل 3 أشهر,شامينا - مأكلات سورية -,مطعم مأكولات سورية,google_maps
2345,جيد,5,قبل 3 أشهر,شامينا - مأكلات سورية -,مطعم مأكولات سورية,google_maps
2349,I regret 🤥😠,1,قبل 4 أشهر,شامينا - مأكلات سورية -,مطعم مأكولات سورية,google_maps
2351,زفت,1,قبل 5 أشهر,شامينا - مأكلات سورية -,مطعم مأكولات سورية,google_maps
2352,They charge security deposit for reserve table now they don’t want return money and ignoring me i’m usa citizen i request to usa embassy they trying to SCAM,1,قبل يومين (2),مطعم شاشلك ( التجمع الخامس ) Shashlik Turkish Anatolian Grill Restaurant,مطعم مأكولات تركية,google_maps
2353,"Nice food , parking is horrible in weekend",5,قبل 3 أيام,مطعم شاشلك ( التجمع الخامس ) Shashlik Turkish Anatolian Grill Restaurant,مطعم مأكولات تركية,google_maps
2354,Not bad ... taste didn't impress me much ... nothing special ... nice place and decorations ... less than average service,3,قبل 4 أيام,مطعم شاشلك ( التجمع الخامس ) Shashlik Turkish Anatolian Grill Restaurant,مطعم مأكولات تركية,google_maps
2356,Everything was super except the weather was too cold,4,قبل أسبوع,مطعم شاشلك ( التجمع الخامس ) Shashlik Turkish Anatolian Grill Restaurant,مطعم مأكولات تركية,google_maps
2357,"İftar için rezervasyon yapıp gittik. Yaklaşık 10-15 dakika kadar yerimize geçmek için bekledik. Bir Türk olarak yemekleri puanlamam gerekirse 8.5/10 diyebilirim (1.5 puanı lahmacunun az baharatı ve iskender kebaptan kırdım). Ayrıca, bir Türk olarak Ali Nazik Kebabı şiddetle öneririm, harikaydı. Atmosfer fena değildi. Ancak hizmet, garsonlar ve servis hızı aşırı kötüydü. Çorbayı 3 kez tekrar hatırlatmak durumunda kaldık ve ekip birbirinden bağımsız hareket ettiğinden ekstra çorba getirdiler. Yemek sonrası çay ve kahveyi de yine aynı şekilde en az 20 dakika gecikmeli ve tekrar tekrar hatırlatarak ancak alabildik. Sütlaç Brulee'yi de sipariş edip 25 dakika bekledikten sonra masaya gelmediği halde hesapta görünce hesaptan çıkarılmasını istedik hiçbir problem çıkarmadan hemen çıkardılar.

Sonuç olarak; lezzetler gerçekten çok iyi. Orijinal türk yemeklerine aşırı yakın lezzetler sunuyorlar ama hizmetlerini geliştirmeleri gerekiyor. Karşılama ve sipariş süreci gerçekten çok çok zayıf. İngilizce bilen bir müdür vardı olabildiğince yardımcı olmaya çalıştı ama ekiple ilgili pek olumlu yorum yapmam maalesef mümkün değil.

Hizmetlerini düzelttikleri takdirde kesinlikle önereceğim bir mekan olur.",4,قبل أسبوع,مطعم شاشلك ( التجمع الخامس ) Shashlik Turkish Anatolian Grill Restaurant,مطعم مأكولات تركية,google_maps
2359,"Amazing experience, the food was WOW, the service was amazing, high quality, great meat and taste.

Fast Service, clean place, professional staff.

Really recommended, you should try it.

I always love the Turkish cuisine, but here it was more better than what I tried before.",5,قبل أسبوعين,مطعم شاشلك ( التجمع الخامس ) Shashlik Turkish Anatolian Grill Restaurant,مطعم مأكولات تركية,google_maps
2361,جيد,5,قبل شهر,مطعم شاشلك ( التجمع الخامس ) Shashlik Turkish Anatolian Grill Restaurant,مطعم مأكولات تركية,google_maps
2362,A nice place with delicious food,5,قبل شهر,مطعم شاشلك ( التجمع الخامس ) Shashlik Turkish Anatolian Grill Restaurant,مطعم مأكولات تركية,google_maps
2363,خدمه ممتازه و اسعار معقوله الاطباق كبيره و خاماتها ممتازه,5,قبل شهر,مطعم شاشلك ( التجمع الخامس ) Shashlik Turkish Anatolian Grill Restaurant,مطعم مأكولات تركية,google_maps
2364,"'260306訪問
Chicken orzo soup 50EGP
Green peas tagine with chicken 200EGP
Spaghetti pasta with vegetables 150EGP",3,قبل أسبوع,مطعم وكافيه الهضبة,مطعم مأكولات ومشروبات,google_maps
2365,La comida estuvo muy bien. Y la vista es impresionante. Lo que no fue tan bueno fue la atención. Además cobran el 24% en servicios.,4,قبل أسبوعين,مطعم وكافيه الهضبة,مطعم مأكولات ومشروبات,google_maps
2366,"Una perla nascosta vicino al vecchio ingresso delle piramidi di Giza. La strada su cui si trova potrebbe far cambiare idea, ma il cibo è stata una grande sorpresa, davvero buonissimo. Siamo tornati due volte durante la nostra permanenza, il rapporto qualità-prezzo è corretto e le porzioni sono abbondanti. Ottimo lavoro ai proprietari",5,قبل أسبوعين,مطعم وكافيه الهضبة,مطعم مأكولات ومشروبات,google_maps
2367,"insane view, would recommend",3,قبل 3 أسابيع,مطعم وكافيه الهضبة,مطعم مأكولات ومشروبات,google_maps
2368,"Very bad experience.. the service .food , people every thing is very bad not clean",1,قبل 3 أسابيع,مطعم وكافيه الهضبة,مطعم مأكولات ومشروبات,google_maps
2369,"TODO LO QUE COMES AHI SABE DELICIOSO,  CON ESE INGREDIENTE ESPECIAL LA VISTA HACIA LAS PIRAMIDES,  Y SI ESTAS CON EL AMOR 💘 💕 DE TÚ VIDA PA QUE MAS, Y QUE TE TRAIGAN LA LAMPARA PARA FROTARLA Y AÑADIR OTRO DESEO. 🌻🌻🌻",5,قبل شهر,مطعم وكافيه الهضبة,مطعم مأكولات ومشروبات,google_maps
2370,جميل جدا ورائع,5,قبل شهر,مطعم وكافيه الهضبة,مطعم مأكولات ومشروبات,google_maps
2371,"モロヘイヤスープと肉入りムサカを食べました。どちらもとても美味しかったです！付け合わせのパンもしっとりむっちりしていて日本人好みだと思いました。

料理が出てくるまで時間はかかりましたが、丁寧に作っているのだと思います。
他のお店で食べたスープと比べても格段に美味しく、モロヘイヤがたっぷり入っていました。

ピラミッドも見渡せて、立地も良いです。

テーブルや椅子、お店まで行くビルの階段はもう少し掃除が必要かと思います。

日にちがあればもう一度行って他の料理も食べてみたかったです。

※サービス料12%と税12%がかかります。",5,قبل شهر,مطعم وكافيه الهضبة,مطعم مأكولات ومشروبات,google_maps
2372,"Fuimos un grupo de 19 personas. Comimos muy bien, parrillada al carbón y hummus con pan de pita. Salimos a 9-10€ por cabeza. Delicioso el café turco. También se puede fumar shisha. La callecita es un poco desangelada pero el sitio es auténtico y lleno de clientes locales.",4,قبل شهرين,مطعم وكافيه الهضبة,مطعم مأكولات ومشروبات,google_maps
2373,"Per cena abbiamo trovato questo ristorantino con cibi locali e cucina tradizionale ✨

Abbiamo aspettato un bel po', circa 30 minuti dall'ordinazione, ma ne è valsa la pena per rilassarci nel frattempo con un the caldo vista piramidi 🥹🔺

Diversi piatti anche per noi vegetariani, davvero saporiti, zuppa alla cipolla TOP 🧅🍆🍈. La cena è stata servita con pane caldo e tipico, posate e tovaglioli................ senza dover pagare il coperto!!! 😍🥁

Abbiamo preso 5 piatti davvero saziati e 2 the caldi, mangiato in 2 adulti, e speso 630 lire egiziane con scontrino e prezzi già noti al momento dall'ordinazione..Davvero incredibile 💚

Uniche aree di miglioramento : 1) si può pagare solo in contanti ; 2) nei bagni manca la carta igienica, però si può chiedere ed ottenere dei tovagliolini

Grazie, Antea & Stefano (Italy)",4,قبل شهرين,مطعم وكافيه الهضبة,مطعم مأكولات ومشروبات,google_maps
2374,"Nous sommes allés mangé ici en soirée. Passez votre chemin. Le service à été extrêmement long alors même que nous étions les seuls clients. A aucun moment les serveurs ne sont venus nous voir pour s'excuser de l'attente, savoir si tout se passait bien et n'étaient ni chaleureux ni agréables. La nourriture était à l'image du reste.
Dommage car la vue sur les Pyramides étaient splendide!",2,قبل 3 أشهر,مطعم وكافيه الهضبة,مطعم مأكولات ومشروبات,google_maps
2375,A nice place with a view of the pyramids the furniture is little old but everything else is perfect,5,قبل 3 أشهر,مطعم وكافيه الهضبة,مطعم مأكولات ومشروبات,google_maps
2376,One day it was wonderful and suddenly another management took it and they destroyed completely .. avoid coming here!,1,تاريخ التعديل: قبل 3 أشهر,مطعم وكافيه الهضبة,مطعم مأكولات ومشروبات,google_maps
2377,"Increíble la comida, el ambiente tranquilo y la vista a las pirámides muy buena!!
El precio es correcto, solo tener en cuenta que al precio que ves en la carta luego te suman el 12% de impuestos y 12% por el servicio; Aún así el precio es barato (para los turistas).
100% recomendado si queres comer comida típica egipcia ✨",5,قبل 3 أشهر,مطعم وكافيه الهضبة,مطعم مأكولات ومشروبات,google_maps
2378,"Está genial para tomar un café por la mañana, tiene muy buenas vistas a las pirámides.",4,قبل 4 أشهر,مطعم وكافيه الهضبة,مطعم مأكولات ومشروبات,google_maps
2379,"Место довольно интересное, но как и в многих местах в Египте еда как будто пресная и не сильно сытная, но зато отличный вид на пирамиды, только ради такого вида можно посетить это место.",4,قبل 4 أشهر,مطعم وكافيه الهضبة,مطعم مأكولات ومشروبات,google_maps
2380,"Amazing restaurant, BUT in 2 out of 3 visits they charged us double the price of the menu",3,قبل 4 أشهر,مطعم وكافيه الهضبة,مطعم مأكولات ومشروبات,google_maps
2381,"Comida local muy buena, servicio muy atento (Ahmed) y vistas inmejorables.",5,قبل 4 أشهر,مطعم وكافيه الهضبة,مطعم مأكولات ومشروبات,google_maps
2382,"Como todos los restaurantes de esta zona, no es el mejor sitio en el Cairo ni el más económico, pagas por las vistas de las pirámides. Sabíamos que iba a estar hinflado de precio pero he de decir que nos sorprendió para bien. La comida estaba bastante rica, el servicio decente, y no era un sitio muy turístico ya que estaba lleno de locales. No tienes consumición mínima por lo que puedes ir a tomar bebidas y ya está. El precio fue menos de lo que esperábamos, nos gastamos unos 6€ por persona (por supuesto creo que nos cobraron lo que quisieron, pero aún así) y cenamos decentemente. Las vistas de las pirámides preciosas así que lo recomiendo totalmente, creo que de los de la zona es el más económico y se está a gusto para ver el espectáculo de luces. Eso sí, el sitio está al final de un callejón de mala muerte, pero existe y no tuvimos problemas de seguridad. Llegamos y nos fuimos en taxi.",4,قبل 4 أشهر,مطعم وكافيه الهضبة,مطعم مأكولات ومشروبات,google_maps
2383,"La atención es muy cercana y muy amable.
El local tiene muchos detalles descuidados, estaba muy sucio,
Desde la entrada, escaleras, sillas y mesas, muy sucio.
Decidimos pedir unas bebidas y la comida porque habíamos visto buenas reseñas, pero ten en cuenta que por toda esta zona los precios estan demasiado inflados porque pagas por las vistas.. la cantidad estaba bien.
Pedimos shawarma, estaba bañado en aceite.. una exageración, lo dejamos tal cual.
El pollo a la parrilla estaba bueno.
Lo dicho.. creo que hay varios lugares para comer en la zona pero que sepas que los precios son puestos para bolsillos de turistas.
Recomiendo pedirte una bebida y disfrutar de las vistas.

Nosotros pagamos en euros
Y nos dijo si 26€
1267 Le = 26 € 💶",1,قبل 5 أشهر,مطعم وكافيه الهضبة,مطعم مأكولات ومشروبات,google_maps
2384,الأجواء رائعة,5,قبل أسبوع,Oldish,مطعم,google_maps
2385,价格不贵，食物挺抽象的，点了一个辣意面超级酸，一个烟熏鸡又特别甜。最离谱的是我们总价450.3磅，给了500，找零45磅，正常情况下应该是抹零0.3磅吧（之前遇到的埃及餐厅和超市都是这样），只能说避雷,2,قبل أسبوع,Oldish,مطعم,google_maps
2386,Una scoperta veramente piacevole. Un angolo di pace e gusto in centro del Cairo. Consigliatissimo.,5,قبل أسبوع,Oldish,مطعم,google_maps
2387,我點的是雞胸肉，非常鮮嫩，搭配蘑菇醬，很好吃，而且不油膩。餐點偏歐式，價格不貴，氣氛還非常好，服務也棒，很推薦來這裡用餐。,5,قبل 3 أسابيع,Oldish,مطعم,google_maps
2388,"Great food and such friendly staff! When the bill came their were no surprises charges or fees, I mention this because we have had a few surprise fees when dining in Cairo restaurants.",5,قبل 3 أسابيع,Oldish,مطعم,google_maps
2389,"Friendly and helpful stuff, delicious hawawshi",5,قبل شهر,Oldish,مطعم,google_maps
2390,"للأسف المطعم مش كويس الاكل
بس شكرا لهم على حسن تعامل",1,قبل شهر,Oldish,مطعم,google_maps
2391,"Wonderful service, great, authentic food. :)",5,قبل شهر,Oldish,مطعم,google_maps
2392,"تجربة رائعة (فطور شرقي + حلى أم علي)

أ. أمل، ماشاء الله عليه ماقصرت ولاغلطة👌🏻",5,قبل شهر,Oldish,مطعم,google_maps
2393,A beautiful and charming restaurant with gorgeous decor. It was like walking into a cave! Lovely waitress and waiter! The cappuccino and the Nutella cappuccino is so delicious.  The orange juice is fresh and yummy. The Turkish coffee is strong and tasty. The Oriental and English breakfasts are great and is served with warm pita and other breads. Worth a visit.,5,قبل شهر,Oldish,مطعم,google_maps
2394,"Terrible experience. Wait for 40 minutes for the dish, and a fly flew into it. If you expect a nice dinner, this is not the right place to go to.",1,قبل شهر,Oldish,مطعم,google_maps
2396,モロヘイヤチキンのチキンが激うまです！サービスもめちゃくちゃよくておすすめ！,5,قبل شهر,Oldish,مطعم,google_maps
2397,"L'endroit est sympa, on y mange bien et on a été super bien servi par Ahmed !",5,قبل شهر,Oldish,مطعم,google_maps
2398,Ahmed ist super nett.,5,قبل شهر,Oldish,مطعم,google_maps
2399,"Tolles Restaurant- sehr freundlicher Service.
Tolle Bar & Restaurant im 11.Stock.",5,قبل 5 ساعات,La Terrace Restaurant & Lounge,مطعم,google_maps
2400,Doctor Akmet was the best waiter!!! He was very friendly with a lot of communication and his service was excellent!! Also all of the other waiters were very helpful!!Thank you very much🙏🏽 The food also was very nice !!,5,قبل 7 ساعات,La Terrace Restaurant & Lounge,مطعم,google_maps
2401,Very ambient location with great food and hospitality.,5,قبل 5 أيام,La Terrace Restaurant & Lounge,مطعم,google_maps
2402,"Lieu super,
Service impeccable
Nourriture très bonne.
Juste un peu plus de lumières et ce serait parfait.
Merci pour ce moment",5,قبل أسبوع,La Terrace Restaurant & Lounge,مطعم,google_maps
2403,"Cibo vario e ottimo, ambiente accogliente con aria intima.. personale disponibile e servizio eccellente !",5,قبل أسبوع,La Terrace Restaurant & Lounge,مطعم,google_maps
2404,"This was our go-to spot in that area of Cairo. Hard to find better elsewhere and we enjoyed the quiet and less crowded atmosphere. Food was very good and we ate there several times, sampling various items off the menu. One warning, there is a smoking section so ensure you are seated in the right area. We never smelled smoke in the Non-Smoking area. For reference, we never ate at a local restaurant that, to us, was better then 2 or 3 stars until we came here.",4,قبل أسبوع,La Terrace Restaurant & Lounge,مطعم,google_maps
2405,Omar and Ibrahim took great care of us; highly recommended to visit the terrace!,5,قبل أسبوع,La Terrace Restaurant & Lounge,مطعم,google_maps
2406,"Food is very average. I was there twice, at dinner and lunch. The first time I ordered the fillet and it was ok and the second time I ordered the grilled chicken and it was definitely overcooked and I left almost all of it. The one dish I liked a lot was the goat cheese salad. The service is very friendly. I would recommend if you are in the area and need something quick to eat or a nice place for a drink as at night is quite a good atmosphere. However, don’t expect mind blowing dishes!",3,قبل أسبوع,La Terrace Restaurant & Lounge,مطعم,google_maps
2407,"위치가 조용하고 직원들의
서비스가 좋았습니다.",5,قبل أسبوع,La Terrace Restaurant & Lounge,مطعم,google_maps
2408,나는 여기에서 아주 만족했다 특히 omar은 아주 특별한 직웜이다 아주 훌륭한 직원이다 사장은 이 직원에게 보너스 두둑히줘라 이 호텔이 이집트 메리어트 보다 좋은 이미지를 받는것은 직원들 덕이다.,5,قبل أسبوع,La Terrace Restaurant & Lounge,مطعم,google_maps
2409,여기 아주좋다 이집트 카이로 메리어트 보다 호텔은 작아도 알차고 특히 아침 모닝 식사는 메리어트 보다 질적으로 우수하다. omar은 아주 우수한 호텔직원이다. 이 호텔 사장은 omar에게 보너스 줘야한다. 어떻게 이런 직원을 뽑았나. 호텔 등급이 두등급은 올라갔다.,5,قبل أسبوع,La Terrace Restaurant & Lounge,مطعم,google_maps
2410,Wir waren mit dem Frühstück sehr zufrieden,5,قبل أسبوع,La Terrace Restaurant & Lounge,مطعم,google_maps
2411,"Great breakfast
Super nice service.",5,قبل أسبوع,La Terrace Restaurant & Lounge,مطعم,google_maps
2412,"It's located at the top floor of a hotel. Went there for iftar with family. They had a set menu with 3 main course options. The food was good overall, but the meat was a bit too dry. Otherwise the service and atmosphere were great.",4,قبل أسبوعين,La Terrace Restaurant & Lounge,مطعم,google_maps
2413,Service parfait par Ibrahim .,5,قبل أسبوعين,La Terrace Restaurant & Lounge,مطعم,google_maps
2414,Lovely hotel and services.,5,قبل أسبوعين,La Terrace Restaurant & Lounge,مطعم,google_maps
2415,在埃及住到最喜歡的飯店，早餐很好吃，廁所設計很合理，推薦這間飯店,5,قبل أسبوعين,La Terrace Restaurant & Lounge,مطعم,google_maps
2416,It’s such a great place to start my first day in Cairo! The food is amazing and the service by Mr. Ibrahim was fantastic,5,قبل أسبوعين,La Terrace Restaurant & Lounge,مطعم,google_maps
2417,Great atmosphere! Very picturesque view from here! Very good and attentive waiter Ibrahim! And food is tasty 😋,5,قبل أسبوعين,La Terrace Restaurant & Lounge,مطعم,google_maps
2418,Thank you Ibrahim and other staff for better service.,5,قبل أسبوعين,La Terrace Restaurant & Lounge,مطعم,google_maps
2419,حلوه اوي,4,تاريخ التعديل: قبل 4 أيام,بيتزا السلطان القصر العيني,مطعم بيتزا,google_maps
2420,خامات جيدة,5,قبل أسبوعين,بيتزا السلطان القصر العيني,مطعم بيتزا,google_maps
2425,اسوء بيتزا كلتها في حياتي,1,قبل شهرين,بيتزا السلطان القصر العيني,مطعم بيتزا,google_maps
2427,جامد بس زحمه جامد,5,قبل شهر,حبايب مدينة نصر,مطعم,google_maps
2428,jucy lucy,5,قبل شهر,حبايب مدينة نصر,مطعم,google_maps
2429,كويس,5,قبل شهر,حبايب مدينة نصر,مطعم,google_maps
2430,جميل ...برجر بالجبنه...ميكس كفته...طبق بطاطس بالجبنه...اكل جميل ونضيف....,5,قبل شهر,حبايب مدينة نصر,مطعم,google_maps
2431,اكلم تحفة 😋 😋 😋 😋,5,قبل شهر,حبايب مدينة نصر,مطعم,google_maps
2432,اكل مناسب  وسعر مناسب,5,تاريخ التعديل: قبل شهر,حبايب مدينة نصر,مطعم,google_maps
2433,ممتاز جدا,5,قبل شهر,حبايب مدينة نصر,مطعم,google_maps
2434,كويس,3,قبل شهر,حبايب مدينة نصر,مطعم,google_maps
2436,"It's my main grocery store in Zamalik. It's Clean, not to much pricey and a friendly staff.
The Manager is always their for your help.",5,تاريخ التعديل: قبل أسبوع,سعودى سوبر ماركت الزمالك,سوبرماركت,google_maps
2437,جيد,5,قبل أسبوع,سعودى سوبر ماركت الزمالك,سوبرماركت,google_maps
2438,"On y trouve un peu de tout, avec des marques locales et étrangères, à des prix raisonnables.",4,قبل شهر,سعودى سوبر ماركت الزمالك,سوبرماركت,google_maps
2439,Great experience,5,قبل شهر,سعودى سوبر ماركت الزمالك,سوبرماركت,google_maps
2441,مكاني المفضل لأغراض البيت.,5,قبل شهر,سعودى سوبر ماركت الزمالك,سوبرماركت,google_maps
2442,Es gab hier sehr gute Lebensmittel zu kaufen und ich fand das Personal sehr freundlich. Vielen Dank dafür 🌞,5,قبل شهرين,سعودى سوبر ماركت الزمالك,سوبرماركت,google_maps
2444,Very nice,5,قبل أسبوعين,عيادات كليوباترا - القاهرة الجديدة,عيادة طبية,google_maps
2446,Excellent experience,5,قبل 3 أسابيع,عيادات كليوباترا - القاهرة الجديدة,عيادة طبية,google_maps
2447,مكان ممتاز العائلة كلها بتشكر فيها,5,قبل 3 أسابيع,عيادات كليوباترا - القاهرة الجديدة,عيادة طبية,google_maps
2448,"Today went very smooth, i didnt have to wait a lot for my appointment. Overall things were good.",4,قبل 3 أسابيع,عيادات كليوباترا - القاهرة الجديدة,عيادة طبية,google_maps
2449,معاملة جميلة ناس محترمة,5,قبل 3 أسابيع,عيادات كليوباترا - القاهرة الجديدة,عيادة طبية,google_maps
2450,"Very professional & polite with dealing with patients.
Best place
Highly recommended.",5,قبل 3 أسابيع,عيادات كليوباترا - القاهرة الجديدة,عيادة طبية,google_maps
2452,Good experience,5,قبل 3 أسابيع,عيادات كليوباترا - القاهرة الجديدة,عيادة طبية,google_maps
2453,good service,5,قبل 3 أسابيع,عيادات كليوباترا - القاهرة الجديدة,عيادة طبية,google_maps
2454,Good place with professional Sevices,5,قبل 3 أسابيع,عيادات كليوباترا - القاهرة الجديدة,عيادة طبية,google_maps
2455,إستقبال محترم ودكاتره ممتازه,5,قبل 3 أسابيع,عيادات كليوباترا - القاهرة الجديدة,عيادة طبية,google_maps
2457,خدمة ممتازة و الاطباء علي اعلي مستوي,5,قبل 3 أسابيع,عيادات كليوباترا - القاهرة الجديدة,عيادة طبية,google_maps
2458,Very good experience,5,قبل شهر,عيادات كليوباترا - القاهرة الجديدة,عيادة طبية,google_maps
2459,الخدمة جيدة جدا,5,قبل شهر,عيادات كليوباترا - القاهرة الجديدة,عيادة طبية,google_maps
2460,ناس محترمه,5,قبل شهر,عيادات كليوباترا - القاهرة الجديدة,عيادة طبية,google_maps
2461,Schöner Blick auf den Nil,5,قبل أسبوع,مطعم زيتوني,مطعم مأكولات مصرية,google_maps
2462,"I, just like you, saw the great reviews this place had and decided to give it a go. I had the a la carte menue, ordered the egyptian fattah with lamb which was melt in the mouth fantastic.
I ordered the om ali too but didn't have it as the fattah was so filling. This dish would be best for 2 people.
The service was great and I did not wait long for my food.
There is also seating for a cool view of the nile which looks great at night",5,قبل 3 أسابيع,مطعم زيتوني,مطعم مأكولات مصرية,google_maps
2463,"We ate at this restaurant on our final evening in Cairo. It offers a buffet style restaurant with a good selection of salad and cold meats and fish, and hot dishes. I guess it's reasonable value for money if you are hungry and looking to eat three courses. However, if like me you can't eat a big meal and are only after a small plate of salad and a glass of water then it's really rather outrageously expensive. Left a rather sour note to the end of my stay here in Cairo. Hence only two stars.",2,قبل شهر,مطعم زيتوني,مطعم مأكولات مصرية,google_maps
2464,"Restaurant qui sert au petit déjeuner le matin et qui officie comme restaurant Libanais le soir. Pour le petit déjeuner, rien à redire, c'est très bien servis, beaucoup de choix, personnel super serviable. Ce qui en gâche rien, c'est la magnifique vue sur le Nil et une partie du Caire.
Pour le soir, le restaurant Libanais tient tous ces engagements. Une cuisine excellent, beaucoup de spécialités du Liban, cuisiné avec beaucoup de raffinement. Ayant voyagé au Liban, je retrouve toutes ces saveurs. Les serveurs et les cuisiniers se montre très serviable pour donner toutes les explications et pour nous proposer des mets incroyables. A recommander sans réserve.",5,قبل شهر,مطعم زيتوني,مطعم مأكولات مصرية,google_maps
2465,ممتاز,5,قبل شهر,مطعم زيتوني,مطعم مأكولات مصرية,google_maps
2466,المطعم موقعه جميل على النيل ...واكلهم طيب ...والموظفين في قمة الاحترام,5,قبل شهر,مطعم زيتوني,مطعم مأكولات مصرية,google_maps
2467,حلو,5,قبل شهر,مطعم زيتوني,مطعم مأكولات مصرية,google_maps
2468,"Good food, amazing buffet!",5,قبل شهر,مطعم زيتوني,مطعم مأكولات مصرية,google_maps
2469,تجربة رائعة انصح به,5,قبل شهرين,مطعم زيتوني,مطعم مأكولات مصرية,google_maps
2470,So disappointed. The food and service did not corresponded with the price. I feel scammed. Stay away.,1,قبل شهرين,مطعم زيتوني,مطعم مأكولات مصرية,google_maps
2471,"Not worthy of the 4 seasons brand, at all!!",1,قبل شهرين,مطعم زيتوني,مطعم مأكولات مصرية,google_maps
2472,"Great place with wonderful ambience, attentive service, and beautiful decoration. I visited for the New Year’s Eve buffet and was disappointed with the vegan options, which were mostly cold. There was perhaps one pasta as a hot option and a grilled pineapple for dessert. Considering it’s a five-star hotel and the vegan menu was priced the same as the meat menu, I expected more variety and creativity.

Additionally, some guests were smoking in the hall, and the smell was unpleasant, which affected the overall experience. With a bit more attention to both the menu and the atmosphere, this could easily match the high standard expected from such a venue.",3,قبل شهرين,مطعم زيتوني,مطعم مأكولات مصرية,google_maps
2473,"Un restaurant aflat intr-un loc scump si luxos, privelistea este minunata, spre Nil si hotelurile din jur, cu pretentii si staif. Servirea este corecta, chelnerii sunt rigizi si destul de neprietenosi, de altfel vineri este bufet deschis cu multe feluri de mancare pentru toate gusturile. Este scump si doar cu card se poate plati. In rest pot spune ca la acelasi pret sint si alte locuri in Cairo.",5,قبل شهرين,مطعم زيتوني,مطعم مأكولات مصرية,google_maps
2474,Best breakfast,5,قبل شهرين,مطعم زيتوني,مطعم مأكولات مصرية,google_maps
2475,"Pendant nos 4 nuits au Four Seasons, nous sommes retournés deux fois dans ce restaurant tant nous avons été satisfaits. Avant tout, la vue sur le Nil est absolument spectaculaire. Installés près de la baie vitrée, on voit le fleuve d’un seul coup d’œil, et au moment du coucher de soleil l’ambiance change complètement : un vrai “spot vue” comme on les aime. Après une journée de visites, s’y poser ne serait-ce qu’un moment est déjà un vrai moment de détente.

Côté cuisine, c’est une cuisine égyptienne à la fois savoureuse et légère, avec une sensation “healthy”. Beaucoup de fraîcheur : légumes, huile d’olive, légumineuses/céréales, grillades… Rien de trop lourd, l’assaisonnement reste équilibré, et on ressort avec l’impression d’avoir mangé un vrai bon repas, sans fatigue. Le choix est large, ce qui permet aussi de composer selon ses envies.

Et le service mérite une mention spéciale. Mohamed a été remarquable : il explique le menu avec beaucoup de clarté, décrit les ingrédients et les saveurs avec précision, et ses recommandations sont vraiment pertinentes. En plus d’être très aimable, il sait mettre les clients à l’aise avec une grande élégance. On aimerait que ce niveau d’attention et de professionnalisme soit la référence partout.

Je recommande vivement si vous voulez profiter d’un bon repas en prenant le temps, avec une vue magnifique sur le Nil, ou si vous cherchez une cuisine égyptienne plus “healthy” pendant votre séjour. Si je reviens au Caire, j’y retournerai sans hésiter.",5,قبل شهرين,مطعم زيتوني,مطعم مأكولات مصرية,google_maps
2476,MasyaAllah salah satu tempat pilihan untuk belanja haha,5,قبل شهرين,El Wekala . -. براندز,متجر ملابس,google_maps
2478,Not impressed. Pricey fairly used items.,4,قبل 9 أشهر,El Wekala . -. براندز,متجر ملابس,google_maps
2480,حبيتها,5,قبل سنتين,El Wekala . -. براندز,متجر ملابس,google_maps
2481,👍🏻,5,قبل سنتين,El Wekala . -. براندز,متجر ملابس,google_maps
2482,اجود ملابس,5,قبل سنتين,El Wekala . -. براندز,متجر ملابس,google_maps
2483,I have a question do they sell yarn here?,5,قبل سنتين,El Wekala . -. براندز,متجر ملابس,google_maps
2484,جيده,5,قبل سنتين,El Wekala . -. براندز,متجر ملابس,google_maps
2485,Used clothes for sale are there,3,قبل سنتين,El Wekala . -. براندز,متجر ملابس,google_maps
2489,"Pizza is delicious, great vibes, good salep.",4,قبل 4 أشهر,Marasy cafe,مقهى,google_maps
2491,سيئ جدا أجواء غير مناسبة و جوده مفيش,1,تاريخ التعديل: قبل 6 أشهر,Marasy cafe,مقهى,google_maps
2493,متميزين ماشاء الله شكرا  للتيم الرائع ببذل الجهد لراحتنا ❤️,5,قبل 5 أيام,فندق انديانا,فندق,google_maps
2494,A good place for you,5,قبل 5 أيام,فندق انديانا,فندق,google_maps
2495,"Hi everyone,today i just came back from a trip of 4 days in Cairo. Very traumatic experience
Firsly this hotel was booked by an agency that I trusted(I didn't check it online and fully trust the agency).
Since there is no other place to express my opinions about Cairo overall,I will explain the review for the hotel and then for the city.
Our room
-Didn't have air conditioner and i catch a cold
- the hair dryer didn't function so I didn't wash my hair in four days
- NO ONE ever came to change the towels,to put new toilet papers and shampoo( we slept four days in the same sheets)
-The staff since we came didn't turn back 20$ from a payment that we did( we have 100$ for a night cruise that normally they told us that costed 80$) online only 10 euros when we checked later
-One of the receptionist offended me and told me I talk very bad😂
- The breakfast never came, we used to wait downstairs just to eat a pita, but two days we totally skip it because no one ever came in the morning
Since I came(after seeing online for problematic people in Egypt) I ask the hotel about a guide,to be protected from the scam.
We paid 110 EACH PER DAY(220 ) per day !!!!to do a guide(that surprisingly lasted only til 14:00 o clock, and a lunch (all you can eat).
What can I say😭we went to piramind and someone was trying to sell us a scarf for 1 euro,the guide SAID NO,I will lead you to someone else she said(I thought, oh ok maybe cheaper) BUT WE PAID 15 PER SCARF EACH, deniitely she knew him
This thing kept on going because she was taken her percentage, ohh and the camel ride 75€ crazy guys(normally 20€), and we couldnt even talk because we were too afraid
Everytime we were trying to negotiate the price,she would talk with the seller in Arabian language to interact with him whether to lower or not the price,because she had her part of money
So we were trying to avoid scams,but we buy the BIGGEST SCAM by ourselves
They act like muslims and people of belief but they are pure evil with no feelings at all!!
In the last day we asked to be taken to the cave church and they said no,so we took by our self Uber,JUST TO SEE HOW LITTLE THE RIDES COSTED.
You might think ok then,I will always take Uber,NOO . Be careful,one of the Uber guys was very agrassive and always hitting the wheel because of the trafic.
The only guy that seemed fine,mmubaed the drive of the guide that we paid,scammed as on the last day at the airport, the last moment he ASKED 1000 EGP,for a ride that normalyt cost 200 max .so guys, I'm really sorry,but I TOTALLY SUGGEST YOU TO AVOID EGYPT,ESPECIALLY CAIRO. THE STREETS ARE VERY DIRTY,A LOT OF CRAZY DRIVING you cannot even pass the street safely. The Egyptians I swear are very bad people ,they don't see  tourist as normal people but as walking walets. I swear they will.let you die if you are in need and don't give them money. If you realllyy like the piramids and you are very passionate about them( not me,so I absolutely regretted the trip)book as little days as possible(max 2) because you are really at risk for your life there. Did I mention there is rabies?
Please guys avoid avoid avoid this place,go to Europe full of beautiful countries and a lot cheaper( +2 million did I spent for 4 days). The second I came back to my county I kissed the floor,because some wars were going near by in jordian,Iran and there is a risk the future flights from cairo will be closed too. Avoid everything there guys, a lot of European country's with beautiful beaches and buildings and history. People in Europe help you for free, meanwhile there even when you pay they try to scam you.",1,قبل أسبوع,فندق انديانا,فندق,google_maps
2496,Nice,5,قبل أسبوعين,فندق انديانا,فندق,google_maps
2498,فندق ماشاء الله تبارك الله خدمة ممتازة المسبح بالدور الثاني جميل والكافيه اللي بالروف تبارك الله فيو برج القاهرة ونهر النيل الافطار بالمطعم متنوع وأحيانا كنت أطلب الأفطار بالغرفة العاملين جزاهم الله خير ما يتاخروا عند طلب اي شئ كل الشكر للعامين وإدارة الفندق على حسن الضيافة,5,قبل شهر,فندق انديانا,فندق,google_maps
2499,"كل الخدمات في فندق انديانا  ش عادل حسين رستم سيئه جدا
خدمة الغرف جدا جدا سيئه
تتكلم مع موظفي الاستقبال وتطلب تنضيف الغرفه مايتجاوبون
الشاشه ماهي شغاله من وقت الدخول الي وقت المغادرة
النت سئ جدا جدا جدا
ما انصح في أي شخص يفكر أنه يدخل هذا الفندق",1,قبل شهر,فندق انديانا,فندق,google_maps
2501,Buena atención al cliente,5,قبل شهرين,فندق انديانا,فندق,google_maps
2505,فندق جميل ومريح وقريب من وسط البلد وقريب من جميع  الخدمات والاستطاف متعاون والافطار ممتاز ومتنوع,5,قبل شهرين,فندق انديانا,فندق,google_maps
2508,ضيافة مميزة واستقبال رائع,5,قبل شهرين,فندق انديانا,فندق,google_maps
2509,Fantastic place,5,قبل 12 دقيقة,بلبع فرع الشيخ زايد طريق الاوسطى,مطعم,google_maps
2510,مطعم سئ و خدمة غير لطيفه,1,قبل يوم واحد,بلبع فرع الشيخ زايد طريق الاوسطى,مطعم,google_maps
2511,"Food was ok - service not! Waiters need training and to be more mindful of customer service. The molokheyya came very late (after we had finished our food); cold, and without the famous pouring show. We had a guest who wanted to see that in specific and we never got to. Far cry from the Alexandria branch we used to go to. When it was later suggested we go again - it was a definite no.",2,قبل يوم واحد,بلبع فرع الشيخ زايد طريق الاوسطى,مطعم,google_maps
2513,ممتاز,5,تاريخ التعديل: قبل 3 أيام,بلبع فرع الشيخ زايد طريق الاوسطى,مطعم,google_maps
2514,Egyptian food,5,قبل 3 أيام,بلبع فرع الشيخ زايد طريق الاوسطى,مطعم,google_maps
2515,"الطلبات و الأطباق رائعة. ذهبت في رمضان لحضور حفل الإفطار لشركتي. لم يعجبني لعدة أسباب
١- ضيق المكان
٢- الخدمة سيئة و غير منظمة
٣- واضح جداً أنه بسبب تحقيق أكبر مكاسب لم تهتم الإدارة بتوفير أقل شيء مساحة لتسهيل الحركة",3,قبل 4 أيام,بلبع فرع الشيخ زايد طريق الاوسطى,مطعم,google_maps
2516,جالي تسمم ربنا ينتقم منكم، لما تواصلت معاكم قولتولي مش بسببنا حسبي الله و نعم الوكيل.. محدش ياكل عندهم احتمال كبير بينزلوا اوردرات لحوم فاسدة,1,قبل أسبوع,بلبع فرع الشيخ زايد طريق الاوسطى,مطعم,google_maps
2522,مصطفي متولي  وأحمد غريب وزياد  تحفه وشغلهم حلو جدا,5,قبل يوم واحد,صاحب السعاده فرع التجمع,كافيه,google_maps
2523,"Very nice place ,very nice atmosphere and staff
Shisha Mostafa Metwaly
Waiter Ahmed Gharib
And Mr Ziad
Very nice staff and excellent service",5,قبل يوم واحد,صاحب السعاده فرع التجمع,كافيه,google_maps
2525,"Mostafa metwally and Ahmed gharib ,zaid  shisha excellent",5,قبل يوم واحد,صاحب السعاده فرع التجمع,كافيه,google_maps
2527,اخص بالذكر عمار أوسه على خدمته المميزه وتفانيه في العمل ورحابت صدره,5,قبل يوم واحد,صاحب السعاده فرع التجمع,كافيه,google_maps
2529,جميل,5,قبل يومين (2),صاحب السعاده فرع التجمع,كافيه,google_maps
2530,Thanks for the amazing shisha,5,قبل يومين (2),صاحب السعاده فرع التجمع,كافيه,google_maps
2531,الشيه حلوه جد بجد فتحي شخص محترم جدان ومستر عبد الكريم محترم جد,5,قبل يومين (2),صاحب السعاده فرع التجمع,كافيه,google_maps
2532,"Mkan tohfa w ahla ramdan vibes
Special thanks to ahmed mostaf",5,قبل 3 أيام,صاحب السعاده فرع التجمع,كافيه,google_maps
2534,ضعيف جدا,1,قبل 3 أيام,صاحب السعاده فرع التجمع,كافيه,google_maps
2535,Fathi was super nice and talented loved everything 💗💗 thanks for the great staff 💗💗💗💗,5,تاريخ التعديل: قبل 4 أيام,صاحب السعاده فرع التجمع,كافيه,google_maps
2537,"معامله حلوه اوي  والشيشه حلوه اوى.  ومعامله فتحى كويسه جدا
مستر عبد الكريم",5,قبل 4 أيام,صاحب السعاده فرع التجمع,كافيه,google_maps
2540,"الاستف جميل خصوصا عمار واحمد مصطفى
والشيشة كانت حلوة اوى",4,قبل 4 أيام,صاحب السعاده فرع التجمع,كافيه,google_maps
2541,"Best Service Ammar, Ahmed Mostafa and Gamal",4,قبل 4 أيام,صاحب السعاده فرع التجمع,كافيه,google_maps
2542,Argilla boy fathy is sooo goood,5,قبل 5 أيام,صاحب السعاده فرع التجمع,كافيه,google_maps
2543,Fathy ...shisha is perfect,5,قبل 5 أيام,صاحب السعاده فرع التجمع,كافيه,google_maps
2544,شكرا جدا لي استاذ فتحي بتاع الشيشه تحفه بجد,5,قبل 5 أيام,صاحب السعاده فرع التجمع,كافيه,google_maps
2545,مكان جميل وممتاز,3,قبل يومين (2),المطعم الدوار,مطعم,google_maps
2546,"Great experience, thank you !",5,قبل أسبوعين,المطعم الدوار,مطعم,google_maps
2547,"The food tasted awful, but the service was excellent and the view was wonderful.",3,قبل أسبوعين,المطعم الدوار,مطعم,google_maps
2548,It was very good experience,5,قبل أسبوعين,المطعم الدوار,مطعم,google_maps
2549,"Manzarası etkileyiciydi ama yemekler için aynı şeyi söyleyemem, ayrıca Mısır için inanılmaz pahalı bir yer. Tatlılar çok kötüydü bu fiyatlara bu yemekler kabul edilemez",3,قبل أسبوعين,المطعم الدوار,مطعم,google_maps
2550,"Low food quality comparing to the prices, the service isn’t good.",1,قبل 3 أسابيع,المطعم الدوار,مطعم,google_maps
2551,"Fui al Revolving Restaurant con muchas ganas por la experiencia de las vistas, y hay que decir que el lugar es impresionante: girar lentamente mientras ves la ciudad y el Nilo es realmente único.
En cuanto a la comida, la verdad es que es bastante normalita: nada espectacular y un poco por debajo de lo que esperaba por el precio. Otro detalle importante es que no sirven alcohol, algo que no me habían avisado y que puede ser un fallo si ibas con esa idea.
El servicio es correcto, pero el conjunto deja sensación de que la experiencia depende más de las vistas que de la gastronomía. Ideal para disfrutar del panorama, pero no esperes una comida memorable.",4,قبل 3 أسابيع,المطعم الدوار,مطعم,google_maps
2552,"Sehr schönes Lokal im 41. Stock. Traumhafter Ausblick, perfekter Service und ausgezeichnete Steaks!
Sehr empfehlenswert!",5,قبل 3 أسابيع,المطعم الدوار,مطعم,google_maps
2553,"The food was tasty and made with lots of experiance and passion,
Service was more than perfect Mr. Safwat was serving our table and he did all the efforts to make our visit enjoyable.
Atmoshere was very good only few comments about lights at the table as it becomes really dark with the ambiance blue light alsi the music is sooo clasic but needs to be more modern and suits the ages level visiting the resturant.",4,قبل شهر,المطعم الدوار,مطعم,google_maps
2554,"English not good to be at hilton plus the waiters looking was  in rush ,  on top of that they  give me first salad and then soup... in the end for one coffe i wait 30 minuts and was ordered one green thea and they give me black thea",3,قبل شهر,المطعم الدوار,مطعم,google_maps
2555,ممتازين ماشاء الله ♥,5,قبل شهر,المطعم الدوار,مطعم,google_maps
2556,"Incroyable restaurant avec une vue à 360° sur le Nil.
Super expérience, plats excellents et un service irréprochable qu’on ne retrouve plus forcément dans les grands hôtels / restaurants en France malheureusement. Un grand merci l’hôtesse d’accueil Inès et au serveur Mohammed pour avoir rendu ce moment encore plus fabuleux. Je recommande à 100%",5,قبل شهر,المطعم الدوار,مطعم,google_maps
2557,"Go for the view, not for the food. Try to stick to the small, appetizer like items. Overseasoned everything, overcooked duck, seabass that dis not look anything like seabass (it wasn't bad thoug). No alcoholic beverages. The view is really amazing...",2,قبل شهرين,المطعم الدوار,مطعم,google_maps
2558,"The food was not good, I couldn’t finish it, and very few options as well. The service was kinda slow too",3,قبل شهرين,المطعم الدوار,مطعم,google_maps
2559,"Above all, the service was very poor.
Despite having a reservation, we were told upon arrival that it was not in the list. While this may have been a communication error, the staff at the 40th-floor reception then told us that the restaurant was fully booked for the day. However, we were eventually allowed to enter, and throughout our stay, only about one-third of the seats were actually occupied. I never received a convincing explanation for this inconsistency.

Furthermore, even though we were staying at the same hotel, we were told that charging the bill to our room was not possible and were strongly asked to pay on the spot. This was my first time experiencing such treatment at a Hilton-affiliated property, and it felt unacceptable for a hotel of this standard.

The food was also disappointing. In particular, the ribeye steak was extremely tough, almost rubbery, and far from enjoyable.

While the base prices themselves are not especially high, service charges and taxes are added, increasing the final bill by roughly 30% compared to the displayed prices. This may have been an oversight on my part, but at the very least, these additional charges were not clearly or prominently stated, so caution is advised.

The only positive aspect was the view, which was excellent. That said, the blue lighting felt tasteless to me personally.",1,قبل شهرين,المطعم الدوار,مطعم,google_maps
2560,المكان رائع,4,قبل شهرين,المطعم الدوار,مطعم,google_maps
2561,One of the best places to visit in Cairo; the view is amazing,5,قبل شهرين,المطعم الدوار,مطعم,google_maps
2563,عملت عيد ميلاد زوجتي فيه كان فوق التوقعات من atmosphere لجودة الاكل والكمية الممتازة والسعر المناسب جدا مقارنة بالتجربة! مطعم يلف بيك النيل تقريبا مرة ونص او اكتر مع لايف ميوزك هادي ومميز، تجربة استثنائية ♥️,5,قبل شهرين,المطعم الدوار,مطعم,google_maps
2564,"Nice food, good environment and big portion for the course dinner. We were so so full",5,قبل شهرين,المطعم الدوار,مطعم,google_maps
2565,"I used to go this classy restaurant, perfect for dating, with a very beautiful view of Cairo with Nile from above with 360 degrees revolving in 1.5 hours,
Non alcohol, easy reservation no need to pay in advance, staff so decent and polite letting you enjoy your time",5,قبل 3 أشهر,المطعم الدوار,مطعم,google_maps
2566,"allora da dove inizio..., abbiamo soggiornato due notti ..... classificato come hotel a 4 stelle....  non capisco con quale criterio le sono state assegnate! il nostro piano e le nostre camere vecchie , scarsa manutenzione (piastrelle rotte, sanitari e rubinetti pieni di calcare) finestre che non si chiudevano bene.
pulizia no comment pensate che le camere non sono state pulite dopo la prima notte...non so se è normale in un 4 stelle!.
due stelle per la posizione e la disponibilità del personale.
sconsigliato .... ora ho capito perchè la foto dell'hotel era in notturna",2,قبل 7 ساعات,Holiday Express Hotel,فندق,google_maps
2570,زباله في زباله سويت خروج الظهر ونسيت جوازي وفي الليل رجعت أدور عليه لقيته تحت البطانيه يعني لا غيروا الشرشف ولا البطانيه ولا اهتموا في نظافه الشقه ولا العميل ولا اهتموا في شي بس رجعوا البطانيه واجر على واحد ثاني نظافه صفر حسبنا الله ونعم الوكيل,1,قبل شهرين,Holiday Express Hotel,فندق,google_maps
2571,فندق مريح جدآ ونضيف👍🏻,5,قبل شهرين,Holiday Express Hotel,فندق,google_maps
2572,موقع ممتاز وخدمات ممتازه هاذي ثاني مره لي تزل بالوتيل انصح في والموظفات تعاملهم جدا راقي وذوق,5,قبل 3 أشهر,Holiday Express Hotel,فندق,google_maps
2573,"Il prezzo è troppo alto rispetto ad altri alberghi. Le camere non sono in buone condizioni e il livello di igiene è scarso. Il personale è molto disponibile, ma il costo non è proporzionato alla qualità offerta.
Il ristorante offre una buona colazione, tuttavia il soffitto perdeva acqua sui divani a causa della pioggia del giorno precedente.
Nel complesso, l’esperienza non è stata positiva: il prezzo non dovrebbe superare i 10 € a notte.",1,قبل 3 أشهر,Holiday Express Hotel,فندق,google_maps
2574,"الفندق في مكان حيوي وحلو جداً صح الاثاث قديم بس المنطقة اللي انت فيها تعتبر مركزية وتحت في خدمات في ماركت ومطاعم اكلات سريعة وحاجات حلوة.
عندهم نظافة يومية ينفع للشباب بحسب تجربتي وسعرة جميل جداً",5,قبل 3 أشهر,Holiday Express Hotel,فندق,google_maps
2575,افضل َطعم الاكل راءع ونظيف جدا خدمة جيدة كابتن دعاء,5,قبل 3 أشهر,Holiday Express Hotel,فندق,google_maps
2579,"فندق حلو جدا
وبنات الاستقبال يار واستر
اخلاقهم عالي جدا جدا",5,قبل 4 أشهر,Holiday Express Hotel,فندق,google_maps
2583,مطعم سيء جدا اتمنى عدم التجربه وعدم احترام من الاسطف الموجود,1,قبل 6 أيام,مطعم شاورما ابو حاتم الدمشقي,مطعم شاورما,google_maps
2584,أطيب شاورما بكل مصر 🫶🏼,5,قبل أسبوع,مطعم شاورما ابو حاتم الدمشقي,مطعم شاورما,google_maps
2586,جيد جدا,4,قبل أسبوعين,مطعم شاورما ابو حاتم الدمشقي,مطعم شاورما,google_maps
2587,جامد,5,قبل شهر,مطعم شاورما ابو حاتم الدمشقي,مطعم شاورما,google_maps
2588,افضل شاورمه في اكتوبر والشيخ زايد,5,قبل شهر,مطعم شاورما ابو حاتم الدمشقي,مطعم شاورما,google_maps
2589,اكل جميل ومن الإضافات الجديدة شاورما لحمة وكانت مميزة جدا,5,تاريخ التعديل: قبل شهر,مطعم شاورما ابو حاتم الدمشقي,مطعم شاورما,google_maps
2593,الطعمية رائعة ولكن لا يوجد مكان جيد للجلوس خصوصا العائلى,4,قبل أسبوع,مطاعم الكرابيجى,مطعم فلافل,google_maps
2594,Bad experience,4,قبل أسبوع,مطاعم الكرابيجى,مطعم فلافل,google_maps
2596,الاكل جامد,5,قبل شهر,مطاعم الكرابيجى,مطعم فلافل,google_maps
2597,اكلات شعبية ممتازة بأسعار مناسبة للطبقةالمتوسطةو الأقل من المتوسطة,5,قبل شهرين,مطاعم الكرابيجى,مطعم فلافل,google_maps
2598,تحفه,5,قبل شهرين,مطاعم الكرابيجى,مطعم فلافل,google_maps
2600,"مكان سئ جدا فوق السئ كمان
3 اطباق فول
2 طبق بطاطس
4 طعميه محشيه
اقوم احاسب يقولي 250 جنيه شويه نصابين",1,قبل 3 أشهر,مطاعم الكرابيجى,مطعم فلافل,google_maps
2604,والله العظيم البيتزا طعمها زى الزفت وفاضيه جدا كلها طماطم المحل باظ خالص,1,قبل شهر,فطاطرى وبيتزا أولاد الحسين,مطعم بيتزا,google_maps
2605,اللي عملهم الفطير ظلمهم,1,قبل شهرين,فطاطرى وبيتزا أولاد الحسين,مطعم بيتزا,google_maps
2606,الاكل كويس والاسعار مناسبه,5,قبل شهرين,فطاطرى وبيتزا أولاد الحسين,مطعم بيتزا,google_maps
2607,"حط بلوبيف بدل السجق و كان لونه احمر و شكله مش سجق خالص و الكيرى مكنش باين طعمها اصلا
الحلو اللى هو اصلا رخيص فى عمايله حتى مش تعبانين فيه و اقل محل فطير جمبهم احسن منه بامانة",2,قبل شهرين,فطاطرى وبيتزا أولاد الحسين,مطعم بيتزا,google_maps
2608,جميل جدا,5,قبل شهرين,فطاطرى وبيتزا أولاد الحسين,مطعم بيتزا,google_maps
2610,"اول مره اجربه وصراحة صدمني ماتوقعت لذيذ ونظيف وكمية وسعر من المشاوي جميله والمقبلات روعه وختمتها بسويت روعه .. برافو انصح بشده

وشكرا للأخ محمد شيكا على السيرفس المضبووووط 👌",5,قبل أسبوعين,Dalida Cuisine el zamalek,مطعم,google_maps
2611,اخذنا معسلات ومشروبات باردة,5,قبل شهر,Dalida Cuisine el zamalek,مطعم,google_maps
2613,"المكان مرتب ورايق جربت عندهم العصيرات وطبعا لذيذه وفرش والمعسل عندهم فنااااااان جربت كذا مكان لكن دا احسن مكان انصحكم فيه
اي احد يجي القاهره ويبغى معسل فنان يروح عندهم",5,قبل شهر,Dalida Cuisine el zamalek,مطعم,google_maps
2614,"Ali is the best, politely, friendly and professional.",5,قبل شهر,Dalida Cuisine el zamalek,مطعم,google_maps
2615,كل تمام الخدمة فل الفل 100%,5,قبل شهر,Dalida Cuisine el zamalek,مطعم,google_maps
2616,اسلوبهم سيء ، المكان غير نظيف ، الكنبات وسخه ، تعامل المدير غير لبق ..,1,قبل شهر,Dalida Cuisine el zamalek,مطعم,google_maps
2617,للاسف الموظف اللي يستقبل الزباين في يوم ٢.٢.٢٠٢٦ في فتره النهار لا اسلوب ولا كلام من اول ما شافنا مدخل نفسه في كلامنا مع بعض .. الفلسفه الزايده يا ليت يبطلها ... و بيجبرني اكل او اطلب و يقول معليش ده مطعم و كافيه مش للقعده اللي معايه جايه للشيشه وانا ما ابغى اطلب كنسلناو طلعنا الزبون برحته مو هو اللي يقرر عني اطلب او ما اطلب والحمد لله ما دفعت ريال واحد في هذا المكان,1,قبل شهر,Dalida Cuisine el zamalek,مطعم,google_maps
2619,"Petit déjeuner au calme en regardant passer les kayaks, vraiment agréable. Personnel absolument adorable. Bon expresso. (Un peu dommage, le thé en sachet). Prix très raisonnables.",5,قبل شهر,Dalida Cuisine el zamalek,مطعم,google_maps
2620,خدمة رااائعة  والاجواء  ايضا جميلة,5,قبل شهر,Dalida Cuisine el zamalek,مطعم,google_maps
2622,جميل علي النيل,5,قبل شهر,Dalida Cuisine el zamalek,مطعم,google_maps
2623,"ماشاء الله تبارك الرحمن
لذيذ بشكل وخدمه والله دخلنا بالصدفه ولكن اختيار موفق
واشكر  استاذ خاطر ع اخلاقه
موفقين",5,قبل شهر,Dalida Cuisine el zamalek,مطعم,google_maps
2625,خدمه ممنازه شكرا هاجر وشروق والشيشه يوسف والصيني اسلوب راقي جدا,5,قبل شهر,Dalida Cuisine el zamalek,مطعم,google_maps
2627,Tony was very nice. The food was great,5,قبل شهر,Dalida Cuisine el zamalek,مطعم,google_maps
2628,تعامل دعاء كان راقي جدا ولطيفة وخدومة,5,قبل شهر,Dalida Cuisine el zamalek,مطعم,google_maps
2629,ياحظ أهل مصر بالمكان التحفة دا ، أجواء رائعة أكل طعم الله يبارك لهم ، تحية من السعودية,5,قبل شهر,Dalida Cuisine el zamalek,مطعم,google_maps
2630,من افضل الاماكن وبصراحة الاكل مره نظيف ولذيذ والخدمة ممتازه,5,قبل شهر,Dalida Cuisine el zamalek,مطعم,google_maps
2631,المكان جميل محترمين جدا وتوني ويوسف احلي حاجه ف المكان❤️❤️,5,قبل شهرين,Dalida Cuisine el zamalek,مطعم,google_maps
2632,"Locale veramente carino,sul Nilo. Servizio impeccabile. Tony cameriere molto professionale",5,قبل شهرين,Dalida Cuisine el zamalek,مطعم,google_maps
2633,الأكل لذيذ والمكان جميل والخدمه ممتازه  وتعامل الأستاذ خاطر جدا جميل,5,قبل شهرين,Dalida Cuisine el zamalek,مطعم,google_maps
2638,Gooooood,5,قبل 4 أشهر,الشبراوي,مطعم فلافل,google_maps
2641,كول سنتر مغصوب يشتغل,1,قبل 5 أشهر,الشبراوي,مطعم فلافل,google_maps
2642,اتنصب عليا فى الفلوس و مرجعتش,1,قبل 7 أشهر,الشبراوي,مطعم فلافل,google_maps
2643,مطعم محترم جدا وخدمه علي اعلي مستوا,5,قبل 7 أشهر,الشبراوي,مطعم فلافل,google_maps
2646,ممتاز,5,تاريخ التعديل: قبل سنة,الشبراوي,مطعم فلافل,google_maps
2648,This is the worst food I have ever tried and i found half a lemon at a taamia sandwich and i found a weird thing at the fool sandwich I am really upset from the whole experience and I am not suggesting to try this restaurant ever.,1,قبل سنة,الشبراوي,مطعم فلافل,google_maps
2650,غير موجود في اللوكيشن,4,قبل سنة,الشبراوي,مطعم فلافل,google_maps
2651,جميل,5,قبل سنة,الشبراوي,مطعم فلافل,google_maps
2653,Lovely restaurant and safe food. Staff is very helpful and willing to make you happy.,5,قبل 3 أسابيع,Tajoury Oriental Restaurant - مطعم تاچوري,مطعم مأكولات مصرية,google_maps
2654,"Tajori is a wonderful spot for anyone looking to experience authentic Egyptian cuisine , The restaurant offers a beautiful oriental atmosphere, with tasteful traditional décor and soft music that perfectly matches the experience.

One of its biggest highlights is the view overlooking the Nile ..

As for the food, the experience was excellent overall. The chicken yogurt fatta was outstanding .. honestly the best fatta I’ve ever had, and highly recommended.

The mixed appetizers platter was generous and very enjoyable; the crispy roqaak was delicious, the mombar was excellent, and the stuffed vegetables "" mahshy "" were very good. However waraq enab was average.

The eggplant with meat ""messakaa "" was rich and flavorful, the lentil soup (Adas) was very well prepared,

A special mention goes to the freshly baked bread made in-house with butter  warm, flavorful, and absolutely delicious.

Service was another strong point. Mr Saleh, the restaurant manager, is extremely kind, welcoming, and professional, which adds a very personal and pleasant touch to the whole experience.

Overall, I highly recommend Tajori for anyone looking for Egyptian oriental food & peaceful atmosphere .",5,قبل شهر,Tajoury Oriental Restaurant - مطعم تاچوري,مطعم مأكولات مصرية,google_maps
2655,Yerel mısır yemekleri var dolmaları mükemmel mix steak aldık 2 kişilik bizim 3-4 kişi yiyebilecek kadar geliyor,5,قبل شهر,Tajoury Oriental Restaurant - مطعم تاچوري,مطعم مأكولات مصرية,google_maps
2656,The best authentic Egyptian food. Hidden gem. I feel emotional here,5,قبل شهر,Tajoury Oriental Restaurant - مطعم تاچوري,مطعم مأكولات مصرية,google_maps
2657,"AAA++Esta en la margen derecha del Nilo en el Cairo, buena comida yel precio no es bueno, es excelente relacion calidad precio de las mejores que he conocido comimos seis personas por 44€😀😀😀😀",5,قبل شهرين,Tajoury Oriental Restaurant - مطعم تاچوري,مطعم مأكولات مصرية,google_maps
2658,"*Hidden gem*
staff were really polite and nice ,they gifted me a free dessert
food was UNREAL and quickly prepared
calm and not crowded
-orderd shish tawooq meal",5,قبل شهرين,Tajoury Oriental Restaurant - مطعم تاچوري,مطعم مأكولات مصرية,google_maps
2660,Delicious Egyptian food and amazing desserts! The staff are absolutely marvelous. I highly recommend coming here while visiting Cairo!,5,قبل شهرين,Tajoury Oriental Restaurant - مطعم تاچوري,مطعم مأكولات مصرية,google_maps
2661,"Dziękujemy bardzo za dobór dań, opowieści o Egipcie i profesjonalną obsługę naszemu kelnerowi imieniem Mahommed",5,قبل شهرين,Tajoury Oriental Restaurant - مطعم تاچوري,مطعم مأكولات مصرية,google_maps
2662,"The food was amazing AND very cheap.
I've been in Egypt for about 5 days now. This is the first time I've actually loved the food.
It's a hidden gem.
10/10 would recommend!",5,قبل 3 أشهر,Tajoury Oriental Restaurant - مطعم تاچوري,مطعم مأكولات مصرية,google_maps
2663,"Lovely Restaurant looking over the Nile. Food is impressive. Mainly Arab_Persian food. Very nicely decorrion inspired in Persian and Egyptian_Nubian style. The staff is very helpful, and the owner is great guy, really welcoming to tourist, he is very kind and it will help you to decide what to choose from the menu. Master of Hospitality. Honest and cheerful.
The place is very quiet, clean, and has a great vibe with a beautifuñ view of Cairo and the Nile’s shore. You would lost sense of time just looking through the window with the Persian music playing on the background.",5,قبل 3 أشهر,Tajoury Oriental Restaurant - مطعم تاچوري,مطعم مأكولات مصرية,google_maps
2664,We had dinner here and absolutely loved it. Real egpican flavours . Everything was delicious and fresh. The owner was extremely nice and offered us dessert. Really reccomend this place for a tourist that wants good authentic food for a very cheap price !! 🤩,5,قبل 3 أشهر,Tajoury Oriental Restaurant - مطعم تاچوري,مطعم مأكولات مصرية,google_maps
2665,"It was really nice to be there, food was fantastic and the personal great. Really recommeded if you visit the city.And also a really good price.",5,قبل 3 أشهر,Tajoury Oriental Restaurant - مطعم تاچوري,مطعم مأكولات مصرية,google_maps
2666,"We visited on our trip to Cairo. Great environment, Wonderful food! Great service!!! Thank you!",5,قبل 3 أشهر,Tajoury Oriental Restaurant - مطعم تاچوري,مطعم مأكولات مصرية,google_maps
2667,"Большие порции, вкуснык блюда, особенно tajen/tagine в разных вариациях. Интересный интерьер с видом на Нил. Приятное, ненавязчивое обслуживание. В конце внима ельно проверяйте чек, порой, могут внести не то или что-то лишнее. В конце ужина принесли комплимент сладости, что очень порадовало!",5,قبل 3 أشهر,Tajoury Oriental Restaurant - مطعم تاچوري,مطعم مأكولات مصرية,google_maps
2668,Comida egipciana muy buena con servicio amable!,5,قبل 3 أشهر,Tajoury Oriental Restaurant - مطعم تاچوري,مطعم مأكولات مصرية,google_maps
2669,Love the vibes & I highly recommend for Egyptian food it’s good ♥️,5,تاريخ التعديل: قبل 3 أشهر,Tajoury Oriental Restaurant - مطعم تاچوري,مطعم مأكولات مصرية,google_maps
2670,Great as always,5,قبل 4 أشهر,Tajoury Oriental Restaurant - مطعم تاچوري,مطعم مأكولات مصرية,google_maps
2671,"The food has a lovely homemade taste, and the portions are very generous. We had the cheese samosas and a mixed grill, both were delicious. As a kind gesture, we were also offered some complimentary sweets.

However, we were charged additional taxes that we couldn’t understand. We were aware of the standard 14% VAT and 12% service charge in Egypt, but the charges on the bill (photo attached) did not match these rates. Also, the bill heading didn’t match the restaurant name. When we questioned the staff, no clear explanation was given and we were requested to pay in cash. After several attempts to understand the charges, we eventually gave up and left disappointed.",3,تاريخ التعديل: قبل 4 أشهر,Tajoury Oriental Restaurant - مطعم تاچوري,مطعم مأكولات مصرية,google_maps
2672,"Ich empfehle auf jeden Fall dieses Restaurant und insbesondere die kleinen Metzes und Humus mit Zitrone, Okra der Tajini und das selbstgemachte Brot (vom Chef selbst gebacken) aus Assuan ist absolut einfach ein Geheimtipp. Viele vegane Optionen. Der Service war sehr freundlich und aufmerksam. Du musst hier einfach vorbei kommen. Ich komme auf jeden Fall.",5,قبل 4 أشهر,Tajoury Oriental Restaurant - مطعم تاچوري,مطعم مأكولات مصرية,google_maps
2673,"Food is authentic oriental Egyption cuisine

Mix grill and Musakha was good option.
Flavour and quality was exceptional

Grill chicken rice was not recommended because the chicken and rice was dry and to tasty

Sheeshtawuk was exceptional taste; so great

Mulookhiya don’t recommend
Waraq Anab just an average taste

Very spacious restaurant

No busy at all; we were the only guest when we visit there; group of 6; but we waited almost 40minutes to come

Neat and tidy

Service need to improve much more

If you want sit lavishly and enjoy oriental food this is the right place",4,قبل 5 أشهر,Tajoury Oriental Restaurant - مطعم تاچوري,مطعم مأكولات مصرية,google_maps
2674,"It was nice experience and the food was very good. The provide us  free of charge Basbousa and Konafa, It was nice from them. Their turkish coffee is recomanded, I advise to visit.",4,قبل 5 أشهر,Tajoury Oriental Restaurant - مطعم تاچوري,مطعم مأكولات مصرية,google_maps
2675,Nice restaurant food is very good and service as well,5,قبل 6 أيام,Blue Nile Boat Maadi,مطعم,google_maps
2677,"Affordable and good food
They faked a show in which people pretend to give money away to the belly dancer to urge real visitors to do the same",2,قبل شهر,Blue Nile Boat Maadi,مطعم,google_maps
2678,Perfectly ☺️☺️,5,قبل شهر,Blue Nile Boat Maadi,مطعم,google_maps
2680,Good vibes,5,قبل شهر,Blue Nile Boat Maadi,مطعم,google_maps
2681,Variety of night spots,5,تاريخ التعديل: قبل شهر,Blue Nile Boat Maadi,مطعم,google_maps
2682,جميل,5,قبل شهر,Blue Nile Boat Maadi,مطعم,google_maps
2683,يستحق التجربة,4,قبل شهرين,Blue Nile Boat Maadi,مطعم,google_maps
2684,Great place for coffee lovers. Calm atmosphere and budget-friendly prices. A nice spot for a relaxed late-night coffee with friends.☕,4,قبل 22 ساعة,CAF Cafe - 5A,مقهى لشرب الشاي,google_maps
2685,"Terrible espresso, It tasted burnt and very bad",1,قبل يوم واحد,CAF Cafe - 5A,مقهى لشرب الشاي,google_maps
2686,"The coffe is fine, but the serviceeis auful, the staff deals with us as we are slaves and there was a change for me but they didn't return it. For good coffe I can go to many other places where they deal politely with us.",2,قبل يوم واحد,CAF Cafe - 5A,مقهى لشرب الشاي,google_maps
2687,Absolutely delicious coffee.,5,قبل 4 أيام,CAF Cafe - 5A,مقهى لشرب الشاي,google_maps
2688,good,5,قبل 4 أيام,CAF Cafe - 5A,مقهى لشرب الشاي,google_maps
2690,Nice,1,قبل 5 أيام,CAF Cafe - 5A,مقهى لشرب الشاي,google_maps
2691,Coffee is so mediocre but good service,1,قبل 5 أيام,CAF Cafe - 5A,مقهى لشرب الشاي,google_maps
2693,"Prices are extremely overpriced and unrealistic, and do not reflect the real Egyptian market at all.
There is a clear sense of tourist exploitation, with prices that are not transparent or fair compared to the actual value.
This place needs more honest and consistent pricing to build trust, especially with visitors.
Not recommended for anyone looking for real value.",3,قبل 3 أسابيع,مول رمسيس,مركز تسوق,google_maps
2694,لا انصح به,1,قبل شهر,مول رمسيس,مركز تسوق,google_maps
2698,Diğer yerlere göre daha pahalı,3,قبل 4 أشهر,مول رمسيس,مركز تسوق,google_maps
2699,روعة,5,قبل 4 أشهر,مول رمسيس,مركز تسوق,google_maps
2700,مركز اصبح قديم جدااا وكثير محلات مقفلة,2,قبل 4 أشهر,مول رمسيس,مركز تسوق,google_maps
2701,موجود فيه تقريبا كل ما تحتاجه العائله,5,قبل 4 أشهر,مول رمسيس,مركز تسوق,google_maps
2704,جيد محلات ملابس بأسعار جيدة,2,قبل 6 أشهر,مول رمسيس,مركز تسوق,google_maps
2705,"Good fabric store near the hotel with lots of options, but prices are bit high",5,قبل 7 أشهر,مول رمسيس,مركز تسوق,google_maps
2706,Ya está muy vacío pero encontré el sitio que buscaba una tienda donde no te acosan,3,قبل 8 أشهر,مول رمسيس,مركز تسوق,google_maps
2707,يعتبر مول رمسيس من المولات القديمة المشهور . المتوفر بها جميع انواع الشنط والاحذية النسائية والرجاليه .الأسعار مرتفع نوع ما عن باقي الأماكن.,5,قبل 8 أشهر,مول رمسيس,مركز تسوق,google_maps
2708,ほぼ、モールのていをなしてない,1,قبل 8 أشهر,مول رمسيس,مركز تسوق,google_maps
2710,"The quality of food is perfect, and the staff is so gentle specially mohammad galal, thank you so much syriana❤️",5,قبل 4 أيام,Syriana sandwich,مطعم,google_maps
2712,"Everythinnggggg issss more thaann perffeecttt , the experience is absolute WOOOWW, special thankkss too Mohamedd galaall❤️",5,قبل 5 أيام,Syriana sandwich,مطعم,google_maps
2714,"Lovely first experience the food was delicious and the service is immaculate! The food came in under 20 min which is rare
Definitely won’t be the last time",5,قبل أسبوع,Syriana sandwich,مطعم,google_maps
2715,"بصراحة لذيذ جدا
عرايس
كبة مقلية
مقبلات
جاج مشوي
كلو على بعضو واو 🌺",5,قبل أسبوع,Syriana sandwich,مطعم,google_maps
2716,سحور جميل جدا,5,قبل أسبوع,Syriana sandwich,مطعم,google_maps
2717,سحور جميل,5,قبل أسبوع,Syriana sandwich,مطعم,google_maps
2718,👍👍👍,5,قبل أسبوع,Syriana sandwich,مطعم,google_maps
2719,Great service and food,5,قبل أسبوع,Syriana sandwich,مطعم,google_maps
2720,Abo noah best waiter,5,قبل أسبوع,Syriana sandwich,مطعم,google_maps
2721,سحور رائع وابو نوح رشح عرض الشله جامد بنشكر اداره المطعم,5,قبل أسبوع,Syriana sandwich,مطعم,google_maps
2722,الطعميه مليانه زيت و مفيش فتة حمص,5,قبل أسبوع,Syriana sandwich,مطعم,google_maps
2723,مكان ممتاز والاكل رائع,5,قبل أسبوع,Syriana sandwich,مطعم,google_maps
2724,"Best service for syrian and arabian food i’ve ever tried
Great service great prices and the place is really great
Great overall experience
Should try",5,قبل أسبوع,Syriana sandwich,مطعم,google_maps
2726,very nice experience,5,قبل أسبوع,Syriana sandwich,مطعم,google_maps
2727,"Great experience here every time, All the servers Staff here are professional, well mannered very confident , To be honest, one of the best places for food in Shakih Zayed ,Giza,,Egypt area , lots of options the Price varies on what you’d like to eat, but it starts today 60 egp and up It depends what you’re eating overall food is great fresh will made , I well recommend it. My favorite food I like for there since I’m very light eater  is the Greek salad it’s a very big portion. It would be enough for two to share comfortably and the charcoal grilled half chicken with rice , but if you a heavy Eater than this place  got you too you just gotta check the Menu for your option, but for real they have it for anybody live either have eater even kept for kids they have great options. Guys honestly, highly recommended ,, there is a one server that worked on my last table his name is “ABU NOAH ‏أبو نوح”
Great personality, ‏Confident, and knowledgeable in all  menu Items and recommends you the best option to get depends on your interest, ask for him",5,قبل أسبوع,Syriana sandwich,مطعم,google_maps
2728,Amazing,5,قبل أسبوع,Syriana sandwich,مطعم,google_maps
2729,الاكل ممتاز ، و الخدمه ممتازه خاصه أ ابو نوح,5,قبل أسبوع,Syriana sandwich,مطعم,google_maps
2730,للأسف الأكل مو حلو. الكبة المشوية ابدا مو طيبة وحطوها باردة والدجاج الشواية للاسف فيه طعم زنخة,2,قبل أسبوع,Syriana sandwich,مطعم,google_maps
2731,اول مطعم لا تقل جودته في شهر رمضان تنظيم ممتاز وشكر خاص لكل الستاف والأستاذ خالد على تنظيمه الممتاذ,5,تاريخ التعديل: قبل أسبوعين,Syriana sandwich,مطعم,google_maps
2733,Delicious food but a little bit overpriced!,5,قبل أسبوعين,Syriana sandwich,مطعم,google_maps
2736,ميرسي جدا على نضافة الاكل و الاستقبال و نضافة المكان,5,قبل 4 ساعات,مطعم ومقهي ستوريا,مطعم مأكولات إيطالية,google_maps
2738,Special thanks for minaaa 🙏♥️,5,قبل 5 ساعات,مطعم ومقهي ستوريا,مطعم مأكولات إيطالية,google_maps
2739,Nice place and friendly people and good service I always come every month specially in Ramadan ❤️🥰,5,قبل 6 ساعات,مطعم ومقهي ستوريا,مطعم مأكولات إيطالية,google_maps
2740,المكان كويس جدا ونضيف والاكل سخن والطعم مظبوط,5,قبل يوم واحد,مطعم ومقهي ستوريا,مطعم مأكولات إيطالية,google_maps
2741,المكان كويس جداً و الاكل جميل دايما بقالى اكتر من ٣ سنين باجى المكان و نفس الروح الحلوه فى المكان,5,قبل يوم واحد,مطعم ومقهي ستوريا,مطعم مأكولات إيطالية,google_maps
2742,الفطار والقهوه كانوا حلوين والمكان نضيف,5,قبل يوم واحد,مطعم ومقهي ستوريا,مطعم مأكولات إيطالية,google_maps
2743,Very nice place ❤️,5,قبل يوم واحد,مطعم ومقهي ستوريا,مطعم مأكولات إيطالية,google_maps
2744,Nice place 👌,5,قبل يومين (2),مطعم ومقهي ستوريا,مطعم مأكولات إيطالية,google_maps
2745,مكان جميل وهادى,5,قبل يومين (2),مطعم ومقهي ستوريا,مطعم مأكولات إيطالية,google_maps
2746,"Very good experience 👍🏻😃
Very friendly  staff
Clean place",5,قبل يومين (2),مطعم ومقهي ستوريا,مطعم مأكولات إيطالية,google_maps
2748,"ريحة المكان دخان خانق بشكل غريب.. والمكان مظلم بشكل مريب بردو
دا غير أنه بيقدم خمور",1,قبل 23 دقيقة,Bistro Paris - Maadi,مطعم مأكولات فرنسية,google_maps
2749,"Very enjoyable evening, thank you",5,قبل يوم واحد,Bistro Paris - Maadi,مطعم مأكولات فرنسية,google_maps
2750,"Zizo Thank you
I love this place 🤩",5,قبل أسبوع,Bistro Paris - Maadi,مطعم مأكولات فرنسية,google_maps
2751,Zizo is so awesome! The atmosphere is really good!!!,5,قبل أسبوع,Bistro Paris - Maadi,مطعم مأكولات فرنسية,google_maps
2752,"Zizo Thank you
Very nice place, chill and comfortable
I love it 😀",5,قبل أسبوع,Bistro Paris - Maadi,مطعم مأكولات فرنسية,google_maps
2753,"Zizo Thank you It's so beautiful, very nice experience, I will come back maaaaany times.",5,قبل أسبوع,Bistro Paris - Maadi,مطعم مأكولات فرنسية,google_maps
2754,"I enjoyed the atmosphere, the music, the view and the food everything is just so good, wont be the last time",5,قبل أسبوع,Bistro Paris - Maadi,مطعم مأكولات فرنسية,google_maps
2755,Very nice place and I want to thank Ahmed Kamal for his hospitality and accomodation,5,قبل أسبوع,Bistro Paris - Maadi,مطعم مأكولات فرنسية,google_maps
2756,"Cordon blu was really nice and steak salmon pasta was average.
This was in Ramadan and we were abit late for iftar as well",4,قبل أسبوع,Bistro Paris - Maadi,مطعم مأكولات فرنسية,google_maps
2757,Good hospitality from everyone especially Ahmed kamal and delicious food,5,قبل أسبوع,Bistro Paris - Maadi,مطعم مأكولات فرنسية,google_maps
2758,Perfect place and good vibes ♥️♥️,5,قبل شهر,Bistro Paris - Maadi,مطعم مأكولات فرنسية,google_maps
2759,Amazing staff and perfect service 👏,5,تاريخ التعديل: قبل شهر,Bistro Paris - Maadi,مطعم مأكولات فرنسية,google_maps
2760,"Restaurant agréable, en terrasse, cosy. Les plats sont copieux et bons, le service attentionné.",5,قبل شهر,Bistro Paris - Maadi,مطعم مأكولات فرنسية,google_maps
2761,Sam was excellent! This was a great experience!,5,تاريخ التعديل: قبل شهر,Bistro Paris - Maadi,مطعم مأكولات فرنسية,google_maps
2762,"The staff is amazing especially mr ahmed kamal was so kind and so friendly
Thank you for day",5,قبل شهر,Bistro Paris - Maadi,مطعم مأكولات فرنسية,google_maps
2764,"Yemekler ve servis çok iyi , içki var",5,قبل شهر,Bistro Paris - Maadi,مطعم مأكولات فرنسية,google_maps
2765,"Muhteşem bir akşam yemeği yedik, yemekler çok güzeldi çok özenli hazırlanmıştı. Garsonumuz Zizob çok yardımcıydı ve çok kibardı. Tekrar geleceğiz ,  tavsiye ederim. Müzik dahil içerideki ortam ve gelen insanlarda çok kaliteliydi.",5,قبل شهر,Bistro Paris - Maadi,مطعم مأكولات فرنسية,google_maps
2766,Great place,5,قبل شهر,Bistro Paris - Maadi,مطعم مأكولات فرنسية,google_maps
2767,Very good,5,قبل شهر,Bistro Paris - Maadi,مطعم مأكولات فرنسية,google_maps
2768,Great hospitality from Sameh and the staff thank you,5,قبل شهر,Bistro Paris - Maadi,مطعم مأكولات فرنسية,google_maps
2769,My favorite Fettah,5,قبل شهر,مطعم ماي كوين,مطعم,google_maps
2771,كان حلو زمان,3,قبل 5 أشهر,مطعم ماي كوين,مطعم,google_maps
2772,Not as before. Less quality and not rich taste as it was,3,قبل 7 أشهر,مطعم ماي كوين,مطعم,google_maps
2773,Nice food with fixed standards from the old days.,5,قبل 10 أشهر,مطعم ماي كوين,مطعم,google_maps
2776,ممتاز,5,قبل سنة,مطعم ماي كوين,مطعم,google_maps
2777,حلو,4,تاريخ التعديل: قبل سنة,مطعم ماي كوين,مطعم,google_maps
2779,First time there I order 4 shawarma sandwiches to go. The meat is dry and you can hardly taste the meat from all the spices. Sauces mixed veggies. Soggy and tasteless. Just be aware.,2,قبل سنة,مطعم ماي كوين,مطعم,google_maps
2780,اخر مره كان اكل سيئ جدا ولما بلغتهم مفيش استجابة خالص,1,قبل سنة,مطعم ماي كوين,مطعم,google_maps
2781,المكان محتاج شوية شغل علي الاستاف بالاكتر,4,قبل أسبوعين,مطعم الصلاة على النبي للمأكولات البحريه ٢ فرع التجمع الخامس,مطعم مأكولات بحرية,google_maps
2782,من المطاعم النظيفه,4,قبل 3 أسابيع,مطعم الصلاة على النبي للمأكولات البحريه ٢ فرع التجمع الخامس,مطعم مأكولات بحرية,google_maps
2783,السعر متغالي فيه جدا,2,قبل شهر,مطعم الصلاة على النبي للمأكولات البحريه ٢ فرع التجمع الخامس,مطعم مأكولات بحرية,google_maps
2787,مطعم اسماك ممتاز جدا,5,قبل شهر,مطعم الصلاة على النبي للمأكولات البحريه ٢ فرع التجمع الخامس,مطعم مأكولات بحرية,google_maps
2788,احلي حاجه طاجن الجمبرى,4,قبل شهر,مطعم الصلاة على النبي للمأكولات البحريه ٢ فرع التجمع الخامس,مطعم مأكولات بحرية,google_maps
2789,Very expensive,2,قبل شهر,مطعم الصلاة على النبي للمأكولات البحريه ٢ فرع التجمع الخامس,مطعم مأكولات بحرية,google_maps
2791,Great food and good atmosphere.,5,قبل 4 أيام,"princess cafe, gateway mall Al-Rehab",مطعم,google_maps
2794,Thanks a lot for your caring,5,قبل أسبوع,"princess cafe, gateway mall Al-Rehab",مطعم,google_maps
2795,"معظم الى احتاجته لقيته عندهم
والى شغالين فى المكان محترمين جدا",5,قبل 7 أشهر,El Zahraa Market,سوبرماركت,google_maps
2796,جيدة جدا,5,قبل 8 أشهر,El Zahraa Market,سوبرماركت,google_maps
2797,ذات جوده وخدمه رائعه,5,قبل 8 أشهر,El Zahraa Market,سوبرماركت,google_maps
2798,عشوائي,1,تاريخ التعديل: قبل 8 أشهر,El Zahraa Market,سوبرماركت,google_maps
2799,خدمه جيدة,4,تاريخ التعديل: قبل 10 أشهر,El Zahraa Market,سوبرماركت,google_maps
2800,ابتداء يحمل الزبون مصاريف السداد بالفيزا,1,قبل 10 أشهر,El Zahraa Market,سوبرماركت,google_maps
2801,Thanbyou Egypt ❤️❤️❤️❤️,5,قبل شهرين,مطعم باب الدول,مطعم مأكولات ومشروبات,google_maps
2803,جيد,3,تاريخ التعديل: قبل 6 أشهر,مطعم باب الدول,مطعم مأكولات ومشروبات,google_maps
2805,ممتاز ... خدمة علي مستوي,5,قبل 6 أشهر,مطعم باب الدول,مطعم مأكولات ومشروبات,google_maps
2806,مكان جميل اسعاره معقوله جدآ,5,قبل 6 أشهر,مطعم باب الدول,مطعم مأكولات ومشروبات,google_maps
2808,جيد ولكن المسيقى صاخبة,3,قبل 7 أشهر,مطعم باب الدول,مطعم مأكولات ومشروبات,google_maps
2809,مكان جميل والخدمة ممتازة,5,تاريخ التعديل: قبل 8 أشهر,مطعم باب الدول,مطعم مأكولات ومشروبات,google_maps
2810,"Came one time and it was good. The following time the guy forgot my order for hours and insisted I pay for it before i left until i made a big deal about it. He also got my friends order wrong. 0/10 experience on my graduation day. If you want to celebrate a special occasion, 100% not worth it

They also had a surprise charge of 500 entry that wasn’t there. Go to tipsy camel or any other maadi bar where service is decent and u get what u pay for.",1,قبل شهر,Zulu in Cairo,مطعم مأكولات من جنوب إفريقيا,google_maps
2811,Beautiful every time ❤️,5,قبل شهر,Zulu in Cairo,مطعم مأكولات من جنوب إفريقيا,google_maps
2813,"Bistro, pub, and club. I absolutely love this place. The atmosphere, music, great and friendly staff, patrons, you will really enjoy Zulu.",5,قبل شهرين,Zulu in Cairo,مطعم مأكولات من جنوب إفريقيا,google_maps
2814,"Drinks were decent! The cigarette smoke is completely unbearable. I actually got sick. I hate that they allow smoking inside of establishments in Egypt. There needs to be some type of open doors or ventilation system. For people that don’t smoke, it is very miserable.",2,قبل شهرين,Zulu in Cairo,مطعم مأكولات من جنوب إفريقيا,google_maps
2815,Best dj's,5,قبل شهرين,Zulu in Cairo,مطعم مأكولات من جنوب إفريقيا,google_maps
2817,Very nice atmosphere & great service.,5,قبل 4 أشهر,Zulu in Cairo,مطعم مأكولات من جنوب إفريقيا,google_maps
2818,Супер,5,قبل 4 أشهر,Zulu in Cairo,مطعم مأكولات من جنوب إفريقيا,google_maps
2819,"A small club hidden in the street, it’s underground, a lot people come to sing here. You can have a lazy mood, and have fun here",5,قبل 5 أشهر,Zulu in Cairo,مطعم مأكولات من جنوب إفريقيا,google_maps
2820,"Awesome spot, we went on Thursday which was Hip-Hop night! DJ was on point, started commercial, played some pop/rnb for a bit then Egyptian tunes 🔥 Staff working were mega helpful and friendly, mocktails were perfect; Zulu had a mega vibes, everyone was out fun 🫶🏾",5,قبل 5 أشهر,Zulu in Cairo,مطعم مأكولات من جنوب إفريقيا,google_maps
2821,Just horrible don’t go. They took forever for our food and it sucked. Just don’t go save your money and time.,1,قبل 5 أشهر,Zulu in Cairo,مطعم مأكولات من جنوب إفريقيا,google_maps
2822,Best bar in town for karaoke,5,قبل 6 أشهر,Zulu in Cairo,مطعم مأكولات من جنوب إفريقيا,google_maps
2823,مكان رائع,5,قبل 3 أسابيع,مطعم وكبابجي الفي بك,مطعم مأكولات مشوية,google_maps
2827,"Hey all !! As an Egyptian Canadian I was so excited to try something new ! My family ( grandparents , parents etc) has been coming to this location for years !!! The nicest Vibes + food + 1950s style !! We got kabab + kofta! Since we are from out of the country we skipped the salad that it came with !! We loved the blast from the past — we opted to sit inside cause my family wanted it to feel like the good ol days but next time I would def sit outside and enjoy the Egyptian weather !",5,قبل 3 أشهر,مطعم وكبابجي الفي بك,مطعم مأكولات مشوية,google_maps
2828,للاسف ضحكوا علينا ودبلوا السعر بطريقه مكشوفه وعيني عينك لما اكتشفوا اننا مش مصريين ...,1,قبل 5 أشهر,مطعم وكبابجي الفي بك,مطعم مأكولات مشوية,google_maps
2830,"El-Fay B Kebab is a top-notch spot for lovers of authentic Egyptian kebabs. The meats are perfectly grilled, flavorful, and juicy, served in generous portions that leave you fully satisfied. The menu also offers a variety of traditional sides that complement the main dishes perfectly.

The restaurant has a casual yet comfortable atmosphere, making it ideal for family meals or dining with friends. The staff are attentive and friendly, ensuring a smooth and enjoyable experience. With its combination of high-quality food, generous servings, and excellent service, El-Fay B Kebab stands out as one of the best choices for a hearty and delicious meal.",4,قبل 6 أشهر,مطعم وكبابجي الفي بك,مطعم مأكولات مشوية,google_maps
2831,شكرا حسام,5,قبل 7 أشهر,مطعم وكبابجي الفي بك,مطعم مأكولات مشوية,google_maps
2833,"Пили здесь кофе, с нас за 2 чашки кофе хотели содрать 150 фунтов, это дороже чем в Макдональдс. Отвратительно, пока ты пьёшь кофе тебя задолбают попрошайки и продавцы всякого барахла, пластиковая изношенная грязная мебель и необоснованно завышенная цена. Меню нам так и не предоставили, нет нигде цен, придумывают из головы",1,قبل 9 أشهر,مطعم وكبابجي الفي بك,مطعم مأكولات مشوية,google_maps
2836,مكان جميل وهادئ وانيق ومجهز على اعلي مستوي من الرفاهية,5,قبل أسبوع,نيو جاردن بالاس هوتيل,فندق,google_maps
2837,جميل,5,قبل أسبوعين,نيو جاردن بالاس هوتيل,فندق,google_maps
2838,رائع,5,قبل أسبوعين,نيو جاردن بالاس هوتيل,فندق,google_maps
2841,"It is neat and clean
Budget friendly",5,قبل 5 أشهر,نيو جاردن بالاس هوتيل,فندق,google_maps
2842,كويس,4,قبل 5 أشهر,نيو جاردن بالاس هوتيل,فندق,google_maps
2843,Abdulwahab ensured that even the smallest details were flawless.,5,قبل 5 أشهر,نيو جاردن بالاس هوتيل,فندق,google_maps
2844,"They canceled my reservation without any prior notice. Furthermore, upon arrival, I could see the place was in deplorable condition. It seems I didn't miss out on anything good at this hotel.",1,قبل 5 أشهر,نيو جاردن بالاس هوتيل,فندق,google_maps
2845,"Very nice hotel rooms was very comfortable food was very tasty,  service and location was excellent 👌
❤️❤️❤️💯",5,قبل 6 أشهر,نيو جاردن بالاس هوتيل,فندق,google_maps
2846,سىءجدا غرف غير نظيفه لا يوجد خدمه تعامل سىء,1,قبل 6 أشهر,نيو جاردن بالاس هوتيل,فندق,google_maps
2847,"Ich kann dieses Hotel leider überhaupt nicht empfehlen.

Wir hatten ein Zimmer im 8. Stock (Nr. 82) gebucht und mussten bereits nach einer Nacht abreisen, da wir im Bett Bettwanzen gefunden haben. Die Hygiene im Hotel lässt stark zu wünschen übrig – überall Staub und Schmutz, als ob seit Jahren nicht gründlich gereinigt wurde.

Trotzdem wurden uns zwei Nächte berechnet, und von dem Betrag wurde zusätzlich die Steuer abgezogen.
Als wir nach dem restlichen Geld fragten, hieß es nur: „Der Buchhalter ist nicht da“. Seitdem wird die Rückzahlung ständig verschoben, mit neuen Ausreden jeden Tag.

Sehr enttäuschende Erfahrung.
Wenn Sie Ruhe, Sauberkeit und faire Behandlung erwarten, würde ich Ihnen raten, ein anderes Hotel zu wählen.",1,قبل 7 أشهر,نيو جاردن بالاس هوتيل,فندق,google_maps
2849,Great place very good food and the staff is amazing the manager ramez was very helpful,5,قبل 8 أشهر,نيو جاردن بالاس هوتيل,فندق,google_maps
2854,نايس الاداره جديده  ممتازه مشاء الله,5,قبل شهر,مطعم وكافيه نعومي,مطعم,google_maps
2855,بجد الاداره جديده ظبطط مكان اووي مشاء الله ديما في تقدم,5,قبل شهر,مطعم وكافيه نعومي,مطعم,google_maps
2856,خدمه سيئة وتأخير ف الطلبات وإدارة علي أدني مستوي,1,قبل شهر,مطعم وكافيه نعومي,مطعم,google_maps
2857,"The staff were very rude and the service is terrible, the only good thing in the place was the food.",1,قبل شهر,مطعم وكافيه نعومي,مطعم,google_maps
2858,استاف جميل جدا بالذات ابراهيم الكابتن تحفة تحفة تحفة بجد انبسطنا و مش اخر مرة,5,قبل شهر,مطعم وكافيه نعومي,مطعم,google_maps
2860,"Not clean at all, the menus are torn up. They take services and tax for 40% of the check, forced me to order more than what I needed. Never going there again.",1,قبل شهر,مطعم وكافيه نعومي,مطعم,google_maps
2862,The service and everything is A level service.... I love this place a lot....,5,قبل شهر,مطعم وكافيه نعومي,مطعم,google_maps
2863,خدمه ممتازه صف جميل وخصوصا شهد,5,قبل شهر,مطعم وكافيه نعومي,مطعم,google_maps
2864,مكان جميل  و الخدمة سريعه و الاكل طعمه و لا احلي و بالخصوص الاستقبال شهد,4,قبل شهر,مطعم وكافيه نعومي,مطعم,google_maps
2865,"A classy cafe everything is good, from the service to the staff🤍",5,قبل شهر,مطعم وكافيه نعومي,مطعم,google_maps
2866,ممتاز,5,قبل شهر,مطعم وكافيه نعومي,مطعم,google_maps
2867,روعة,5,قبل شهر,مطعم وكافيه نعومي,مطعم,google_maps
2868,ممتاز,5,قبل شهر,مطعم وكافيه نعومي,مطعم,google_maps
2869,ممتاز,5,تاريخ التعديل: قبل شهر,مطعم وكافيه نعومي,مطعم,google_maps
2870,اجواء جميلة,5,تاريخ التعديل: قبل شهر,مطعم وكافيه نعومي,مطعم,google_maps
2871,"خدمه سيئه بطيئه والحمامات سيئه جدا في النضافه والخامات
سفون لايوجد وشطاف لايوجد
مكان ردئ جدا بالنسبه لموقعه المميز للاسف",1,تاريخ التعديل: قبل شهر,مطعم وكافيه نعومي,مطعم,google_maps
2872,Excellent modren shisha (hooka) lounge,5,قبل شهر,مطعم وكافيه نعومي,مطعم,google_maps
2873,مكان رائع جدا انصح الجميع في زيارته سرعة في الخدمه خدمة ممتازة,5,قبل شهرين,مطعم وكافيه نعومي,مطعم,google_maps
2874,جميل جدا,4,قبل شهرين,مطعم وكافيه نعومي,مطعم,google_maps
2876,مكان جميل,4,قبل أسبوع,كافيه روم ارت سباس- القاهرة الجديدة,مقهى,google_maps
2878,Great vibes,5,قبل شهرين,كافيه روم ارت سباس- القاهرة الجديدة,مقهى,google_maps
2880,لا يوجد احد ولا يوجد موسيقى مكان كئيب,2,قبل 4 أشهر,كافيه روم ارت سباس- القاهرة الجديدة,مقهى,google_maps
2881,"I go there every week for karaoke
Love it",5,قبل 5 أشهر,كافيه روم ارت سباس- القاهرة الجديدة,مقهى,google_maps
2882,"One of the best for the talented singers, musicians and actors to perform
The vibes is amazing
A very good recommendation
You can check for them instagram page and have your reservation
Not recommending the but its okay it is not main aim and drinks are good",4,قبل 6 أشهر,كافيه روم ارت سباس- القاهرة الجديدة,مقهى,google_maps
2884,احلى قص شعور بالدنيا 🤍🤍,5,قبل أسبوعين,ELLE Salon,صالون تجميل,google_maps
2886,"One of the best hair dressers. I have been a loyal customer for the past 7 years. Aly panda for color, aly big for treatment Taher for a hair cut! The girls are also very good for mani padi ! Friendly staff !!!",5,قبل 3 أسابيع,ELLE Salon,صالون تجميل,google_maps
2887,أفضل صالون في مصر🥰🥰🥰🥰,5,قبل 3 أسابيع,ELLE Salon,صالون تجميل,google_maps
2888,Very good experience with ziad and Youssef. Mahmoud is very sweet as welll did such a good job,5,قبل شهر,ELLE Salon,صالون تجميل,google_maps
2890,حابه اشكر اول شي المدير فهمي على التعامل الراقي والاستقبال الحلو  حقيقي دخلت ونفسيتي تعبانه بسبب شعري بس ماقصر ودلعوني وخدمة اكتر من رائعه وحابه اشكر المتخصص حسام على القصة الجميلة حقيقي بنات اي وحده تبغى تقص او تعدل قصه حسام يده شاطره مشاء الله مو اخر ولا اول مره باذن الله😍❤️❤️❤️,5,قبل شهر,ELLE Salon,صالون تجميل,google_maps
2893,شغلهم مرره حلووو سويت صبغه عند علي بيه خيااال وسشوار عند فادي وقص روووعه واخلاقهم جدا عاليه😍,5,قبل شهر,ELLE Salon,صالون تجميل,google_maps
2895,"Super satisfied with the provided service, quick and professional staff!",5,قبل شهر,ELLE Salon,صالون تجميل,google_maps
2899,I got a beautiful haircut and blow out by Peter.,5,قبل شهر,ELLE Salon,صالون تجميل,google_maps
2902,"Best salon in cairo they will provide king treatment, check out both mahmood and ramadan they are the G.O.A.T’s",5,قبل شهر,ELLE Salon,صالون تجميل,google_maps
2904,Tomas mn ashtar el nas 2ly 3mlt sha3ry ma3ahom bgd w bgilo mn a5r el donia 3lshan e3mly sha3ry a7san el nas 2ly mwgodin fil salon,5,قبل شهر,ELLE Salon,صالون تجميل,google_maps
2907,"I had a great experience at this dental clinic. The place is very clean, and the doctors are amazing and really good at what they do. They always follow up with me and make sure everything is okay. I felt very comfortable there and I definitely recommend it!",5,قبل أسبوع,White & Bright Dental Center,عِيادة أسنان,google_maps
2908,"I cannot recommend this practice highly enough. From the moment you get in contact with the dentists to discuss, it is clear that this clinic operates at the highest level of professionalism and expertise.
What truly sets them apart is their team of outstanding specialists. They combine state-of-the-art dental technology with a level of precision that is rare to find. Beyond their technical skills, I was deeply impressed by the amount of time and individual attention they dedicate to their patients. I never felt rushed; instead, every procedure and option was explained with remarkable clarity and patience.
It is refreshing to find a practice that prioritizes both clinical excellence and a genuine, patient-centered approach. If you are looking for dental care that is both sophisticated and compassionate, this is undoubtedly the place to go.",5,قبل شهر,White & Bright Dental Center,عِيادة أسنان,google_maps
2910,الدكاترة لطفاء جدا و يقومون بفهم المشكلة جيدا و يشرحون الحل بالتفصيل أثناء العلاج,5,قبل شهر,White & Bright Dental Center,عِيادة أسنان,google_maps
2911,شكرا لكل طاقم العمل في العيادة من أطباء و ممرضين وطاقم الاستقبال تعامل مهني بامتياز أطباء و ممرضين اكفاء 🙂 عملنا حشوات عادية وحشوات جذر وتلبيسات للاسنان بالإضافة إلى تنضيف عميق للاسنان للعلم نحن أربعة اشخاص عملنا اسنانا في العيادة أثناء زيارتنا لمصر وطاقم العمل كان متعاون جدا في تسهيل المواعيد علينا والنظافة في العيادة عشرة من عشرة حقيقة تجربة ممتازة بكل المقاييس.,5,تاريخ التعديل: قبل شهر,White & Bright Dental Center,عِيادة أسنان,google_maps
2912,"Honestly, I wanna thank the receptionist Omniya. She was really helpful, patient and had a positive attitude. Keep up the great work!",5,قبل شهر,White & Bright Dental Center,عِيادة أسنان,google_maps
2913,"Very incompetent lazy employees with no consideration to the patients needs or condition . The receptionist Omneya never answers the phone on time . You will have to call them around 7 to 10 times first . Today i was in so much pain after root canal retreatment and i asked to speak to the emergency dr there . They told me she is not available today and spoke to Dr Amani . She was loud and rude claiming she is aware if my condition and i have to wait for another week with no oral antibiotic or pain killer since they never prescribed any . At this very moment , i have fever , my jaw is stiff and swollen my teeth feels pressured and in extreme pain that requires medical intervention for sure .  I explained the latter to the receptionist, she became very loud herself and hung up on me . Bear in mind i already paid in advance for this procedure but will never go there again and i dont advise anyone to do  that",1,قبل شهرين,White & Bright Dental Center,عِيادة أسنان,google_maps
2915,"I had a fantastic experience with White & Bright, truly a gem of a dental clinic. Everything from booking to the several procedures I got done went smoothly. First, the clinic is super clean and sterile and has a good feel to it. The entire team at the reception is so welcoming and helpful, and set the spirit for the clinic. Dr. Ahmed Al-Ayedi, and his entire team, is professional, knowledgeable, skilled and also very gentle in both the consultation and the procedures. As someone with dental phobia and have been delaying getting my dental work done, I feel grateful to have found this clinic that suited my dental needs but also my emotional ones. Finally, as someone who has had restoration, extraction, implant and gingivectomy done here, I cannot recommend it enough. Thank you to White & Bright Dental Clinic and the entire team, not one single unpleasant experience.",5,قبل شهرين,White & Bright Dental Center,عِيادة أسنان,google_maps
2917,"DR. Moataz is the best dentist ever
The place offers great service and flexibility
I have  implanted 3 crowns and I'm happy and grateful  to him",5,قبل شهرين,White & Bright Dental Center,عِيادة أسنان,google_maps
2918,معاملة راقية ، وحرفية عالية,5,قبل شهرين,White & Bright Dental Center,عِيادة أسنان,google_maps
2919,"مكان مميز .. تعامل احترافي راقي ..جميع التخصصات ..  اسعار متوسطة نسبيا .. خامات عالمية

طبعا شكرا جزيلا دكتور معتز الشوبري 🤍🤍",5,قبل شهرين,White & Bright Dental Center,عِيادة أسنان,google_maps
2921,"Dr. Moataz is an excellent dentist. Very professional, patient, and knowledgeable. He explains every step clearly and makes you feel comfortable throughout the treatment. I had a great experience and highly recommend him.",5,قبل شهرين,White & Bright Dental Center,عِيادة أسنان,google_maps
2923,مكان ممتاز ... مثالي لعلاج الأسنان... ودكتور معتز الشوبري ... محترم وشاطر و عنده ضمير في شغله ...,5,تاريخ التعديل: قبل شهرين,White & Bright Dental Center,عِيادة أسنان,google_maps
2924,"Very professional, friendly, and clean!",5,قبل شهرين,White & Bright Dental Center,عِيادة أسنان,google_maps
2925,Thank you dr moataz,5,قبل شهرين,White & Bright Dental Center,عِيادة أسنان,google_maps
2927,الخدمه رائعه جدا أحمد هاشم  ماشاءالله كان خدوم وسريع اتمني التوفيق للجميع 👍👍👍👍👍😂👍,5,قبل شهر,قديمو,مطعم,google_maps
2930,نجمة بس عشان التعليق اللي راح اكتبه مسوين نظام مدري من وين طالع لازم تطلب عشا حتى لو متعشي حرام فيكم الموقع على النيل مع انه طالبين طلب يوصل ١٥٠٠ جنيه بالراحة لكن للاسف مشينا من المكان بسبب السياسة اللي مسوينها والتعامل من الطاقم جداً سيء وسوقي,1,قبل شهر,قديمو,مطعم,google_maps
2932,مطعم وكفي على النيل تقليدي وسعره غالي,2,قبل شهرين,قديمو,مطعم,google_maps
2935,"This place is a jewel! The sanitation and quality is high.
We sat outside for getting some fresh air, there was a show inside for guests as well.",5,قبل شهرين,قديمو,مطعم,google_maps
2936,"الاكل
الطعم
الاجواء
العاملين
كلهم 🫶🫶🫶🫶🫶🫶
انصح فيهم وبقوه 💚",5,قبل شهرين,قديمو,مطعم,google_maps
2937,"الاكل ممتاز
والخدمه فوق التحفه
واشكر كابتن فوزي علي مجهوده في المكان ⭐️⭐️⭐️⭐️⭐️",5,قبل شهرين,قديمو,مطعم,google_maps
2939,بجد مكان حلو اووى والأكل روعه شكرا جداا للطباخين على متعه الاكل وشكرا كمان للكابتن فوزى على خدمته الجميله ليا ولى اصدقائي,2,قبل شهرين,قديمو,مطعم,google_maps
2940,المكان مناسب جدا للعائلات وانصح جدا بيه ومن الذ الشخصيات الكابتن فوزي,5,قبل شهرين,قديمو,مطعم,google_maps
2944,Tank you Mohamed shehata,5,قبل شهرين,قديمو,مطعم,google_maps
2945,"المكان جميل والخدمه روعه ١٠ من ١٠
وشكر خاص لمحمد شحاته على حسن الضيافة",5,قبل شهرين,قديمو,مطعم,google_maps
2947,"الطعام فااااخر افضل مطعم اكلت فيه للامانة

الاستقبال جيد
دورة مياة النساء (عليه ملاحظات لو عندك عائلة حصل موقف مع العاملة فيه)

الخدمة والموقع جميل للامانة
الموظفة والموظف اللي خدمونا كانو في قمة الاحترافية والله شكراً",5,قبل 3 أشهر,قديمو,مطعم,google_maps
2948,"Amazing view of the Nilo river.
The buffet food did not like me.
Dessert was ok but they did not have fruit.",4,قبل 3 أشهر,قديمو,مطعم,google_maps
2949,المكان محتاج اهتمام اكثر من كدا من المسؤلين لانه مكان تحفه تحفه وحرام الإهمال فيه,5,قبل 4 أشهر,قديمو,مطعم,google_maps
2951,مستشفى ممتاز وخدمة رائعة من التمريض. جزاهم الله خيرا,5,قبل أسبوعين,مستشفى تبارك القاهرة الجديدة,مستشفى,google_maps
2953,خدمه جيدة,5,قبل أسبوعين,مستشفى تبارك القاهرة الجديدة,مستشفى,google_maps
2954,الخدمة سيئة جدا وعملت شكوى والمفروض أن حد يتواصل معايا محدش عبرنى والحمدلله اول واخر مرة اروح المستشفى دى,1,قبل 3 أسابيع,مستشفى تبارك القاهرة الجديدة,مستشفى,google_maps
2955,ممتاز قسم طوارئ الاطفال,5,قبل 3 أسابيع,مستشفى تبارك القاهرة الجديدة,مستشفى,google_maps
2956,خدمه ممتازه جدا جدا,5,قبل 3 أسابيع,مستشفى تبارك القاهرة الجديدة,مستشفى,google_maps
2957,"I was in the icu for a week the nurses treated me like a friend , i felt love and support from every single one from the staff , thank u for everything",5,قبل 3 أسابيع,مستشفى تبارك القاهرة الجديدة,مستشفى,google_maps
2958,مستشفي ممتازه وخدمه ممتازه جدا,5,قبل 3 أسابيع,مستشفى تبارك القاهرة الجديدة,مستشفى,google_maps
2960,"service is instant and doctor and nurse are professional, room is clean and tudy",5,قبل شهر,مستشفى تبارك القاهرة الجديدة,مستشفى,google_maps
2962,"اتوجه بالشكر والتقدير والاحترام للمستشفى والدكاترة واهتمامهم واتوجه بالشكر والتقدير بالأخص ندي ياسر ماركتينج عيادات  بجد ندي ياسر قد ايه مخلصه في شغلها وذوق جدااا   واهتمامها بالمرضي   انا بكتب الكومنت دا بناء علي تجربتي الحقيقه مع ندي ياسر انسانه محترمه  وذو  خلق  جزاها الله خيرا
انا صابرين ماضي زوجه دكتور سمير",5,قبل شهر,مستشفى تبارك القاهرة الجديدة,مستشفى,google_maps
2964,"👍 The medical staff are exceptional—highly knowledgeable, clinically experienced, and genuinely patient-focused. They take the time to listen, explain, and ensure patients feel comfortable and well cared for.

👍 The facility is new, well-maintained, and equipped with modern medical technology, reflecting a strong commitment to quality and safety.

I am proud of Tabarak Hospital’s staff and management for delivering such a professional, and world-class medical service in Egypt.

بالتوفيق ان شاء الله 🌷",5,قبل شهر,مستشفى تبارك القاهرة الجديدة,مستشفى,google_maps
2965,مستشفى تبارك التجمع القاهرة الجديده اول مره ادخلها او اعرفها واتفاجئت بالخدمة والرعايا قبل وبعد العمليه بصراحة على اعلى مستوى من طقم الدكاتره والتمريض والإشراف اول مره أشوف خدمة ذى كده فى مصر قمة الذوق والأخلاق والابتسامة من اكبر شخصية فى المكان إلى المشرفين والأمن   ألف شكر للإدارة المستشفى على النظام ونضافة المكان,5,قبل شهر,مستشفى تبارك القاهرة الجديدة,مستشفى,google_maps
2966,"Very clean and comfortable
The stuff were very helpful",5,قبل شهر,مستشفى تبارك القاهرة الجديدة,مستشفى,google_maps
2968,Worst medical service and very rude staff,1,قبل شهر,مستشفى تبارك القاهرة الجديدة,مستشفى,google_maps
2970,اسوء تجربه ممكن الواحد يجربها ووجود تغيير فالاسعار اذا انت مش مصري,1,قبل أسبوع,Shobak Habibi,مطعم,google_maps
2971,معقول، الفول و الطعمية مش قد كدا,4,قبل شهر,Shobak Habibi,مطعم,google_maps
2973,المعامله سيئه والأكل مكنش احسن حاجه وبجد اسوء تجربها جربتها ف حياتي منصحش بيه,1,قبل شهرين,Shobak Habibi,مطعم,google_maps
2974,المعامله سيئه جداً والاكل مش احسن حاجه والاسعار غاليه ع حاجه اصلا متستاهلش وبجد أسوء تجربه جربتها,1,قبل شهرين,Shobak Habibi,مطعم,google_maps
2975,"The waiters were so rude. I told them about the poor hygiene at my table, but they did nothing about it. They also spoke to me in an arbitrary way. The fruit they used for the juice wasn’t fresh at all as the food too also, It was one of my worst experiences for real.",1,قبل شهرين,Shobak Habibi,مطعم,google_maps
2976,المكان هاد وجميل,5,قبل 4 أشهر,Shobak Habibi,مطعم,google_maps
2977,"Amazing place very clean and employees are super polite and helpful
Shisha is also amazing
Service was fast and on fleek",5,قبل 5 أشهر,Shobak Habibi,مطعم,google_maps
2978,"The caeser salad was ok, Pasta was so dry as you can see. the service was the worst and was kinda mean.
every 10 minutes the waiter comes and checks if we've finished any dish and if so he takes it from the table while we're eating which is so uncomfortable and distracting.
That's beside taking our serving plates and trays which is so mean and made no sense
Worst experience ever.",1,قبل 6 أشهر,Shobak Habibi,مطعم,google_maps
2979,المكان مش لذيذ خاااالص قعدته سخيفة وحر و overpriced بصراحة والخدمة اقل من العادية والمشروبات غالية جدا وطعمها يقرف بجد مش ده المتوقع من مكان بالاسعار دي,1,قبل 6 أشهر,Shobak Habibi,مطعم,google_maps
2982,الاسعار مبالغ فيها و بيدفعوا خدمة و ضريبة ازيد من 26٪؜ مش زى اللى مكتوب فى المنيو,1,قبل 9 أشهر,Shobak Habibi,مطعم,google_maps
2983,"خدمه حلوه وناس رايقه ومشاريب حلوه
مجربتش الاكل",5,قبل 10 أشهر,Shobak Habibi,مطعم,google_maps
2986,"I went yesterday to the place to study for a bit and it was great the staff are so friendly and the food tastes great, special thanks to Mr Mohamed Ashraf",5,قبل 11 شهرًا,Shobak Habibi,مطعم,google_maps
2988,♥️♥️♥️♥️,4,قبل أسبوعين,Malika and Mo Nails Salon,صالون عناية بالأظافر,google_maps
2989,Extremely unprofessional. Messaged for an appointment. I got there and then they told me,1,قبل شهر,Malika and Mo Nails Salon,صالون عناية بالأظافر,google_maps
2990,سويت أظافري عند نرمين تجنن البنت محترمة وشغلها رهيب💗💗💗,5,قبل شهر,Malika and Mo Nails Salon,صالون عناية بالأظافر,google_maps
2991,"I am currently in Cairo for study purposes, and as soon as I came across this beauty center’s profile on Instagram, I immediately knew it would be a high-quality place. This is the second time I’ve had a gel refill done, and I’m very satisfied. For me, it remains the best beauty center in all of Cairo.",5,قبل شهر,Malika and Mo Nails Salon,صالون عناية بالأظافر,google_maps
2992,سويت اظافري عند نرمين توحفة وشغلها نظيف وبشوشه اعيد التجربه عشانها ❤️,5,قبل شهر,Malika and Mo Nails Salon,صالون عناية بالأظافر,google_maps
2993,"The service is phenomenal and everyone is so nice, and the outcome is even better than expected 😍",5,قبل شهر,Malika and Mo Nails Salon,صالون عناية بالأظافر,google_maps
2998,اجمل lashes ♥️🤍♥️🤍,5,قبل شهر,Malika and Mo Nails Salon,صالون عناية بالأظافر,google_maps
2999,"Perfect
Mashallah ⭐️⭐️⭐️⭐️⭐️",5,قبل شهر,Malika and Mo Nails Salon,صالون عناية بالأظافر,google_maps
3002,تسلم ايدج حبيبتي نيرمين على شغل اكثر من روعه عرفت شنو ابي من غير ماتكلم,5,قبل شهر,Malika and Mo Nails Salon,صالون عناية بالأظافر,google_maps
3004,Amera did my nails exactly like what i want,5,قبل شهرين,Malika and Mo Nails Salon,صالون عناية بالأظافر,google_maps
3005,سيء جدًا وجرحوا حبيبتي تفووووو,1,قبل شهرين,Malika and Mo Nails Salon,صالون عناية بالأظافر,google_maps
3006,Nails done by Dena,5,قبل شهرين,Malika and Mo Nails Salon,صالون عناية بالأظافر,google_maps
3007,Nails done by Haneen 🤍,5,قبل شهرين,Malika and Mo Nails Salon,صالون عناية بالأظافر,google_maps
3008,"دينا اي لوف يو سو ماتش وشكككراً على شغلك الحححلو
حنان وهند احلى شغل تلاقونه عندهم محترفات شكراً شكراً طلعت وانا راضيه اتم الرضااا 🙏🏻♥️♥️♥️♥️♥️",5,قبل شهرين,Malika and Mo Nails Salon,صالون عناية بالأظافر,google_maps
3009,سويت اضافر عند اسراء شغلها يجنن❤️❤️,5,قبل شهرين,Malika and Mo Nails Salon,صالون عناية بالأظافر,google_maps
3011,"Nermien is the best one for the nails , ashtar w ahla w aktr had kwys fe nails w designs I recommend her ❤️❤️❤️❤️❤️",5,قبل شهرين,Malika and Mo Nails Salon,صالون عناية بالأظافر,google_maps
3012,Gracia Dina ! Beautiful work 💕,5,قبل شهرين,Malika and Mo Nails Salon,صالون عناية بالأظافر,google_maps
3013,So tasty,5,قبل 3 أيام,الدهان,مطعم أطباق اللحوم,google_maps
3014,محدش لا يروح و لايطلب من الفرع دا .. من سئ الي اسوأ .. اكل ملوش طعم و وصل ساعتين متأخر ..,1,قبل شهر,الدهان,مطعم أطباق اللحوم,google_maps
3016,"Worset service, worset delivery time, worset customer service",1,قبل شهر,الدهان,مطعم أطباق اللحوم,google_maps
3017,Great,3,قبل شهر,الدهان,مطعم أطباق اللحوم,google_maps
3018,"مكان جميل وراقى
وطعام فوق الممتاز",5,قبل شهر,الدهان,مطعم أطباق اللحوم,google_maps
3019,الاكل تحفة والنظافه ممتازة والسرفيز هايلة بجد من اجمل اماكن الاكل ف المعادى,5,قبل شهرين,الدهان,مطعم أطباق اللحوم,google_maps
3020,"أكل وجو كويسين .. والستاف برده تعامله كويس
اسعار غالية شوية بس يستاهل",5,قبل شهرين,الدهان,مطعم أطباق اللحوم,google_maps
3021,مكان رائع,5,قبل 3 أيام,ذا بلكون كافيه الشيخ زايد,مطعم مأكولات ومشروبات,google_maps
3022,The great place,5,قبل 3 أيام,ذا بلكون كافيه الشيخ زايد,مطعم مأكولات ومشروبات,google_maps
3025,The best in the west 👌👌👌,5,قبل شهرين,ذا بلكون كافيه الشيخ زايد,مطعم مأكولات ومشروبات,google_maps
3026,good,5,قبل شهرين,ذا بلكون كافيه الشيخ زايد,مطعم مأكولات ومشروبات,google_maps
3027,One of my go to places in Zayed!,5,قبل شهرين,ذا بلكون كافيه الشيخ زايد,مطعم مأكولات ومشروبات,google_maps
3032,من احسن الاماكن في الروضه,5,قبل 4 أشهر,ذا بلكون كافيه الشيخ زايد,مطعم مأكولات ومشروبات,google_maps
3033,I find relaxation and good time spending here,5,قبل 5 أشهر,ذا بلكون كافيه الشيخ زايد,مطعم مأكولات ومشروبات,google_maps
3034,تمام,4,قبل 5 أشهر,ذا بلكون كافيه الشيخ زايد,مطعم مأكولات ومشروبات,google_maps
3035,Very cool restaurant but the food was pretty average,3,قبل شهر,BRAAVOS Lounge,مطعم,google_maps
3036,French fries was good and sahlab also but the service very slow adham is good,1,قبل شهرين,BRAAVOS Lounge,مطعم,google_maps
3038,كافيه جميل في شارع ٩,5,قبل 3 أشهر,BRAAVOS Lounge,مطعم,google_maps
3039,"Good vibes, atmosphere, serviceand food,
Staff very helpful and friendly
Thanks for C/Omar",5,قبل 5 أشهر,BRAAVOS Lounge,مطعم,google_maps
3041,"The place used to be very beautiful but recently it became very bad:
- Very loud music
- Too much noise that you can't even concentrate on social media browsing
- Too much vape and shisha
- A very strange policy that states that you can't order a drink without ordering a desert",1,قبل 6 أشهر,BRAAVOS Lounge,مطعم,google_maps
3042,افضل شيشه وتعامل ومكان ف المعادي ☑️☑️☑️,5,قبل 6 أشهر,BRAAVOS Lounge,مطعم,google_maps
3043,"Edit: Went for my 3rd time a week ago expecting the same, however I was met with a completely different experience. The menu was edited to unnecessary prices, the menu itself was cut down. The staff didn’t let me edit my order and change it, even though it was because i felt suddenly sick. Even the food i got was a bit dry. The music didn’t match the vibe and was loud beside the excessive shisha smoke everywhere. It’s a shame to find such a good place lose its spark. Most of the staff has been changed and the new people aren’t as welcoming as before.

Went twice and will still go back again, awesome food taste and portion. The prices are very reasonable and the staff is friendly. Also very close to Maadi metro station so easy transportation",3,تاريخ التعديل: قبل 7 أشهر,BRAAVOS Lounge,مطعم,google_maps
3044,بسم الله ماشاء الله مكان جميل جدا ♥️♥️,5,تاريخ التعديل: قبل 8 أشهر,BRAAVOS Lounge,مطعم,google_maps
3046,المكان جدا رائع والخدمه والاستف اكثر من رائع شكرا لكم,5,قبل 9 أشهر,BRAAVOS Lounge,مطعم,google_maps
3048,"اليوم الجمعة ١٢ ديسمبر طلبت أورد من عندهم ومن ضمنه بيض ولكنهم أرسلوا لي بيض للأسف منتهي صلاحيته تاريخ إنتاجه 22 نوفمبر أي مضي علي إنتاجه 20 يوم ومدة الصلاحية المكتوبه من الشركة المنتجة علي الكرتونة هي 21 يوم فقط
ولولا أني انتبهت إلي تاريخ الصلاحية كان ممكن أن تتاذي صحة أسرتي
واتصلت بالمندوب وطلبت منه إرجاعه أو استبداله بمنتج جديد لايتعدي علي إنتاجه أكثر من ثلاثة أيام
وبعدها اتصل بي مسؤول وابلغني أنه سيرسل مندوب بعد ساعة ولكن مرت اكتر من 4 ساعات ففمت بإعادة الإتصال بهم وقدمت شكوي عبر الهاتف
فاتصل بي المسؤول مرة أخري وتحدث معي بشكل غير لائق وزعل جدا لأني قلت له إن ذلك يعرضني ويعرض العملاء لمشاكل صحية ولولا تقديري للماركت كنت حررت محضر بالشرطة فما كان منه أن احتد في كلامه وقال بتحدي أعمل محضر وأنا مش هاابعت المندوب
وأنا أتقدم إلي إدارة الماركت بشكوي رسمية ضد هذا المسؤول الذي يعرض صحة العملاء للخطر ويسيء إلي سمعة المتجر الذي نقدمه ونتعامل معه
لهذا أتقدم بشكوي إلي إدارة المتجر
رقم الاوردر 5632150",1,قبل 3 أشهر,سوبر ماركت مؤمن و بشار المحكمة,سوبرماركت,google_maps
3049,جميلة جدا,5,قبل 3 أشهر,سوبر ماركت مؤمن و بشار المحكمة,سوبرماركت,google_maps
3050,منتهي العبث ومعظم المنتجات غير متوفره كميه حشرات ونموس منتهي القذارة وأسعار الخضار مبالغ فيها 3اضعاف اي مكان تاني تعامل العاملين منتهي البرود فرع المحكمه لاانصح احد ان يجرب تجربه سيئه للغايه,1,قبل 4 أشهر,سوبر ماركت مؤمن و بشار المحكمة,سوبرماركت,google_maps
3051,اشتريت المانغو من عندون ب ٢٥٠ وكان بمارفور ب ٨٠,1,قبل 5 أشهر,سوبر ماركت مؤمن و بشار المحكمة,سوبرماركت,google_maps
3055,Very bad customer service.. more expensive  goods than nearby supermarkts. Employees seems not well trained to deal with customers... always stressed and show anger at customers. I will never buy from any more... tried to contact the owner however there is no numbers allowed for filling complains.. very unprofessional manager (his name is Moaze) at Elmahkama eltagamoaa elkhames.,1,قبل سنة,سوبر ماركت مؤمن و بشار المحكمة,سوبرماركت,google_maps
3056,معامله سىءه في الداخل,2,قبل سنتين,سوبر ماركت مؤمن و بشار المحكمة,سوبرماركت,google_maps
3057,اسعار متوسطة,2,قبل سنتين,سوبر ماركت مؤمن و بشار المحكمة,سوبرماركت,google_maps
3058,اسعار مناسبه للمكان,5,قبل سنتين,سوبر ماركت مؤمن و بشار المحكمة,سوبرماركت,google_maps
3059,"Unfortunately, my experience was too bad. I ordered a Burger sandwich, but the meat had a strong gamey smell and didn’t taste fresh at all. The flavor was really unpleasant and the overall quality of the beef wasn’t great.

Honestly, the sandwich was very disappointing and far below expectations.

This was at District 5 branch",1,قبل يوم واحد,Roufy’s Maadi 231,مطعم مأكولات أمريكية,google_maps
3060,The burgers were beyond amazing but fries weren’t my fave part. But then again the burgers are not my absolute favorite now,5,قبل 3 أيام,Roufy’s Maadi 231,مطعم مأكولات أمريكية,google_maps
3061,Patty melt with extra mushroom was heaven,5,قبل 4 أيام,Roufy’s Maadi 231,مطعم مأكولات أمريكية,google_maps
3062,Very overpriced for the size and taste 👎,1,قبل أسبوع,Roufy’s Maadi 231,مطعم مأكولات أمريكية,google_maps
3063,Thank you Omar Nagy for the great service,5,قبل أسبوع,Roufy’s Maadi 231,مطعم مأكولات أمريكية,google_maps
3064,"A wonderful restaurant with excellent service, delicious food, and staff who are extremely polite and respectful.",5,قبل أسبوع,Roufy’s Maadi 231,مطعم مأكولات أمريكية,google_maps
3065,"It was so delicious food and perfect service
And beautiful decorations",5,قبل أسبوع,Roufy’s Maadi 231,مطعم مأكولات أمريكية,google_maps
3066,Great food and service,5,قبل أسبوعين,Roufy’s Maadi 231,مطعم مأكولات أمريكية,google_maps
3067,Really good food would recommend,5,قبل 3 أسابيع,Roufy’s Maadi 231,مطعم مأكولات أمريكية,google_maps
3069,Tasty and friendly!,5,قبل شهر,Roufy’s Maadi 231,مطعم مأكولات أمريكية,google_maps
3070,"Cool vibes. Consistent quality
Very friendly staff",5,قبل شهر,Roufy’s Maadi 231,مطعم مأكولات أمريكية,google_maps
3073,بصراحه المستشفى كتر حلوه وممتاز يبدا من الاستقبال الى فريق التمريض و الحسابات شكر خاص لدكتور مجدي الشربيني دكتور عمرو دكتور اشرف وشكرا خاص لى دكتور محمد ابوالناصر%%% بنصاح الجميع,5,تاريخ التعديل: قبل شهر,مستشفى الزهيري,مستشفى,google_maps
3078,شكرا جزيلا لطاقم الطبي وتمريض الدور الثاني ما حد قصر ف شئ,5,قبل شهرين,مستشفى الزهيري,مستشفى,google_maps
3079,تجربه جيدة,5,قبل شهرين,مستشفى الزهيري,مستشفى,google_maps
3080,زيرو تعقيم و مش كلهم شاطرين في العناية المركزة فالأفضل لو حالتك صعبة تروح مكان تاني,1,تاريخ التعديل: قبل شهرين,مستشفى الزهيري,مستشفى,google_maps
3083,شكر  لطاقم الطبي والتمريض الدور الرابع,5,قبل شهرين,مستشفى الزهيري,مستشفى,google_maps
3086,شكر خاص لطاقم الطبي,5,قبل شهرين,مستشفى الزهيري,مستشفى,google_maps
3087,خدمه تمريض ممتازه,5,قبل شهرين,مستشفى الزهيري,مستشفى,google_maps
3089,تجربه جيدة,5,قبل شهرين,مستشفى الزهيري,مستشفى,google_maps
3091,تجربه جيدة,5,قبل شهرين,مستشفى الزهيري,مستشفى,google_maps
3092,شكر خاص لطاقم الطبي وتمريض الدور السادس,5,قبل شهرين,مستشفى الزهيري,مستشفى,google_maps
3093,اكل معفن ولا بروست ولا نظافه,1,قبل 3 أشهر,ضيافة سيريانا,مطعم,google_maps
3094,Unpleasant food and service,1,قبل 5 أشهر,ضيافة سيريانا,مطعم,google_maps
3095,Staff there are highly professionals and polite,5,قبل سنة,ضيافة سيريانا,مطعم,google_maps
3096,"I personally love it, mna'eesh prices are usually so high but this place has actually reasonable prices and I personally like the taste.

I'm so sad its closed now... but I did find that the same Chef now works at Al-Agha الأغا.  He happens to be the one whovmakes  مناقيش mana'esh there as well.",5,تاريخ التعديل: قبل 3 سنوات,ضيافة سيريانا,مطعم,google_maps
3097,"Nice syrian place but not in summer as they don't use air conditioning, they recently had a heavy price hike, for a sidewalk restaurant it's a little expensive",2,قبل 3 سنوات,ضيافة سيريانا,مطعم,google_maps
3098,I love it,5,قبل 4 سنوات,ضيافة سيريانا,مطعم,google_maps
3099,ممتاز,5,قبل 4 سنوات,ضيافة سيريانا,مطعم,google_maps
3100,🤗🥰🤤,4,قبل 4 سنوات,ضيافة سيريانا,مطعم,google_maps
3101,Good portions and service,5,قبل 4 سنوات,ضيافة سيريانا,مطعم,google_maps
3102,البطاطس تحفه,5,قبل 4 سنوات,ضيافة سيريانا,مطعم,google_maps
3105,تتبيلة شاورمة تحفة ماشاءالله,5,قبل 4 سنوات,ضيافة سيريانا,مطعم,google_maps
3106,"اصل الاكل السوري .. واحلى مناقيش سوري متنوعة جدا
لمحبي الفراخ او النباتيين
لكن لا يوجد لحوم",5,قبل 4 سنوات,ضيافة سيريانا,مطعم,google_maps
3107,콜라와 환상의 조합,5,قبل 4 سنوات,ضيافة سيريانا,مطعم,google_maps
3108,Overpriced,2,قبل أسبوع,Vittorio's,مطعم مأكولات إيطالية,google_maps
3109,"Love this place, nice pastas and good service & portions.",5,قبل أسبوعين,Vittorio's,مطعم مأكولات إيطالية,google_maps
3110,Shady is a completely unprofessional dude handling the phone. And your quality is shit right now. You used to be my fav pasta place now i wont even step foot there again. Arrogance and bad customer service.,1,قبل 3 أسابيع,Vittorio's,مطعم مأكولات إيطالية,google_maps
3111,"Perfect food
Perfect hostility
Super perfect overall
Thank you",5,قبل شهر,Vittorio's,مطعم مأكولات إيطالية,google_maps
3112,The food was phenomenal especially the diana pasta 👌👌👌,5,قبل شهر,Vittorio's,مطعم مأكولات إيطالية,google_maps
3113,More than amazing,5,قبل شهر,Vittorio's,مطعم مأكولات إيطالية,google_maps
3114,"A very nice and friendly staff, the food cooked and served with love❤️❤️",5,قبل شهر,Vittorio's,مطعم مأكولات إيطالية,google_maps
3115,Top 3 pizza restaurants in Egypt. This is by far the best pizza I’ve ever tried. Every plate was unique and flavorful. The owner was very kind and helpful.,5,قبل شهر,Vittorio's,مطعم مأكولات إيطالية,google_maps
3116,Best of the best,5,قبل شهر,Vittorio's,مطعم مأكولات إيطالية,google_maps
3117,مكان جميل بصحابه.,5,قبل شهر,Vittorio's,مطعم مأكولات إيطالية,google_maps
3118,The food was sooo soo good and the service was top notch,5,قبل شهر,Vittorio's,مطعم مأكولات إيطالية,google_maps
3119,Great experience,5,قبل شهر,Vittorio's,مطعم مأكولات إيطالية,google_maps
3120,"I had an amazing experience at this restaurant, the food was amazing and got prepared very fast (less than 20 mins)
The staff were friendly and even the owner is always there and is very welcoming.",5,قبل شهرين,Vittorio's,مطعم مأكولات إيطالية,google_maps
3121,amazing food and service one of my favorite spots!!,5,قبل شهرين,Vittorio's,مطعم مأكولات إيطالية,google_maps
3122,"Very overrated and overpriced for the quality. Everything is overwhelmingly garlicky to the point that you can’t taste any other flavors, and you won’t stop burping afterward. The shrimp pasta barely had any shrimp (around five pieces) for a large plate that costs 350+??
The seafood on the pizza wasn’t fresh; it tasted like a frozen seafood mix. Honestly, I feel scammed by the TikTok hype. The mushroom soup was good, but the stuffed mushrooms weren’t worth it at all, and were also very overpriced.",2,قبل شهرين,Vittorio's,مطعم مأكولات إيطالية,google_maps
3123,"Excellent restaurant, great food and very friendly staff.",5,قبل شهرين,Vittorio's,مطعم مأكولات إيطالية,google_maps
3124,"It was very good experience, the food is very delicious I really impressed by the quality of food and hospitality, red sauce pasta was very tasty",5,قبل شهرين,Vittorio's,مطعم مأكولات إيطالية,google_maps
3125,The details is so good and service is another whole level the food and the Hawaiian pizza is the best and they open the door for nahh bro the place to eat is vitorios pizza is the best with your relatives,5,قبل شهرين,Vittorio's,مطعم مأكولات إيطالية,google_maps
3126,"Special Thanks Demiana
She have beautiful face and smile",5,قبل شهر,مطعم ويندوز,مطعم ببوفيه,google_maps
3127,Best choice for open buffet breakfast,5,قبل شهر,مطعم ويندوز,مطعم ببوفيه,google_maps
3129,All good.... enjoyed breakfast,5,قبل شهر,مطعم ويندوز,مطعم ببوفيه,google_maps
3130,Very nice staff and good breakfast. Meatballs are very tasty,5,قبل شهر,مطعم ويندوز,مطعم ببوفيه,google_maps
3131,كل حاجه كانت تمام,5,قبل شهر,مطعم ويندوز,مطعم ببوفيه,google_maps
3132,خدمة ممتازة وطاقم عمل ممتاز,5,قبل شهر,مطعم ويندوز,مطعم ببوفيه,google_maps
3134,"Here I am again with another set of experiences at Holiday Inn Cairo.

Demiana and team ( Mohaimen, Mohammad Hashem) have been above par for extending personlaozwd service today at breakfast table.

Sevices lik ethese make an establishment worth remembering.",5,قبل شهر,مطعم ويندوز,مطعم ببوفيه,google_maps
3135,"Amazing experience at breakfast
Food variety n quality very good and staff amazing cooperative taking care of your every little need
Special thanks to Madonna,Nour , Samar and demiana and menna",5,تاريخ التعديل: قبل شهر,مطعم ويندوز,مطعم ببوفيه,google_maps
3136,الخدمه كويسه جدا وأحب اشكر الجميع جدا جدا جدا,5,قبل شهر,مطعم ويندوز,مطعم ببوفيه,google_maps
3137,Excellent holiday in,5,قبل شهر,مطعم ويندوز,مطعم ببوفيه,google_maps
3138,تجربه ممتعه جدا كل الشكر والتقدير والاحترام للموظفين جميعا ❤️,5,قبل شهر,مطعم ويندوز,مطعم ببوفيه,google_maps
3139,تجربه فوق الممتاز فعلا والمطعم جميل والأكل فوق الممتاز,5,قبل شهر,مطعم ويندوز,مطعم ببوفيه,google_maps
3140,It is ok,5,قبل شهر,مطعم ويندوز,مطعم ببوفيه,google_maps
3141,"I ate here every morning. The food is absolutely amazing. They even had real honeycomb you could make part of your breakfast. There was strawberry juice, orange, guava, and even detox water which I drank mostly. This buffet is located right at the City Stars Mall and inside the Holiday hotel. Highly recommend for a filling meal!",5,قبل 3 أشهر,مطعم ويندوز,مطعم ببوفيه,google_maps
3142,Otel altında bir yer yiyecekler güzel masa ve hizmet ücreti extra alınıyor bilginize,4,قبل 6 أشهر,مطعم ويندوز,مطعم ببوفيه,google_maps
3143,حلو,5,قبل 7 أشهر,مطعم ويندوز,مطعم ببوفيه,google_maps
3144,الاسعار محتاجة تتراجع,4,قبل أسبوع,فول محروس,مطعم فلافل,google_maps
3145,غالي ع الفاضي اي طبق ب 50ج وبينزل في الاول شويه حبشتكنات زي مقلي يعني ب 150ج طبق بطاطس وطبق طحينه وطبق جبنه وجماعا مبرشمين 500ج في اكلت فول,1,قبل أسبوع,فول محروس,مطعم فلافل,google_maps
3146,"One star is more than enough for what we have experienced. Cold food, snail service, not clean food, bad attitude and the list goes on. If you want to wsste your money just go there and you will have fun.",1,قبل أسبوع,فول محروس,مطعم فلافل,google_maps
3147,"Very normal, the time you spend going there is not worth it, you can eat better quality in many places around you, unless you are going there for the eating street experience and vibe of street food, but otherwise no need to go there, this is my humble opinion.",2,قبل أسبوعين,فول محروس,مطعم فلافل,google_maps
3148,I had the 1st Suhour with my love ❤️,5,قبل 3 أسابيع,فول محروس,مطعم فلافل,google_maps
3149,"I wanted to stop here before leaving Egypt. Being hungry and short on time I just payed the 250 pounds they charged me, but I was definitely ripped off.
The staff does not speak English. The food was good but nothing unforgettable - I've had much better stuff for a much cheaper price in Cairo. The area is beautiful, but the place itself dirty and just on the street...if you're okay with this, I guess you can just go for it.",1,قبل شهر,فول محروس,مطعم فلافل,google_maps
3150,Food was really good and the owner is very sweet. Atmosphere is also authentic. The only reason why it is 4 stars was the final price as I got the feeling he overcharged us because we are tourists. Even with the overcharging it was still around 5 EUR for 2 people.,4,قبل شهر,فول محروس,مطعم فلافل,google_maps
3151,الصحون والطاولات غير نظيفة,1,قبل شهر,فول محروس,مطعم فلافل,google_maps
3154,فول التششش بتاع التسعينات في جاردن سيتي حالياً اولاد محروس جامد وعلي وضعه جرب ،💝🎉🎉💯💝😘,5,قبل شهرين,فول محروس,مطعم فلافل,google_maps
3155,"Used to be way better.

Fool (beans) was very saucy , actual beans were very few
Falafel .. not green on the inside, which means that they substituted greens (khodra) with bread and alike, which made it verryyyy oily and not tasty at all, as if yr eating fried bread
Tehina has nothing to do with tehina.. doesnt taste or look like tehina at all.
The fries were too oily

Overall experience is below average.. will think twice before returning back there!",2,قبل شهرين,فول محروس,مطعم فلافل,google_maps
3156,"Great road side spot with delicious vegetarian options. We let the server advise us what to get and he brought us lots of plates of falafel, a bean soup, egg salad, tahini, pickles, salad, home style fries and potato chips. Was great value and one of our favourite meals of the trip",5,قبل شهرين,فول محروس,مطعم فلافل,google_maps
3157,"Great hole in a Wall Street food restaurant - I just had a great cheap falafel, not sure the rest would have been as yummy",5,قبل شهرين,فول محروس,مطعم فلافل,google_maps
3158,"All this and a tea for a nice crisp December morning before exploring the city. I  sat down and the proprietor came to me. Egg, beans, falafel, fries, say yes to it all. Will return.",5,قبل شهرين,فول محروس,مطعم فلافل,google_maps
3160,أحلى طبق فول,5,تاريخ التعديل: قبل شهرين,فول محروس,مطعم فلافل,google_maps
3162,"لا يوجد احد يأتي ل اخذ طلبيتك
الطاولات غير نظيفة يجب ان تخبرهم بتنظيف الطاولات
غير مهتمين للعميل",2,قبل 3 أشهر,فول محروس,مطعم فلافل,google_maps
3163,"I used to go to this gym before Coronavirus hit, it was always clean, there was towels everywhere you can use while training so no machine had sweat from other people, there was also towels to use while showering. Although Jacuzzi was not clean, It was never clean at all. People should shower after working out and before going to the Jacuzzi but unfortunately very few who did that. And when I complained about it, they said there’s nothing to do. But could’ve at least changed the water of Jacuzzi everyday at least. I also didn’t like the way they overpriced personal trainers, I remember it used to cost as much as a full year membership in the gym. Although people themselves were nice, polite and friendly. Same as coaches as well. I also didn’t like the loud music they used 24x7. Sometimes a complete silence is good or low volume. Everyone brings their own headphones anyway so I don’t see why it’s an issue. Parking there is hard too",4,قبل شهر,سمارت جيم,صالة رياضة,google_maps
3166,So bad no recovery for under 16,1,قبل 3 أشهر,سمارت جيم,صالة رياضة,google_maps
3167,"One of the best gyms I’ve ever trained at!
The place is super clean, well-organized, and the equipment is all in great condition. The staff are incredibly welcoming and always ready to help, whether it’s with form, machines, or workout tips. I love the atmosphere — everyone’s focused, respectful, and it really motivates you to push harder.

Classes are well structured, the music is on point, and the whole vibe makes you actually enjoy coming to the gym. Definitely recommended for anyone serious about their fitness!",5,تاريخ التعديل: قبل 3 أشهر,سمارت جيم,صالة رياضة,google_maps
3168,My second home,5,قبل 4 أشهر,سمارت جيم,صالة رياضة,google_maps
3169,جيد جدا,5,تاريخ التعديل: قبل 4 أشهر,سمارت جيم,صالة رياضة,google_maps
3170,"Very disappointing experience with this place. The entire staff including the agents and the manager at reception are extremely unprofessional and irresponsible. They constantly repeat the phrase “It’s not our fault” instead of taking accountability, which is completely unacceptable for a service-oriented business. They lack attention to detail and customer care, and it’s clear they need serious training in professionalism and communication.
I also had a serious issue where I lost two weeks of my paid subscription due to a system error and the staff’s lack of responsibility. Even after following up and escalating several times, they only offered me 2–3 invitations and then just one week, while my actual right was 18 full days (2 weeks as per their system).
This is completely unfair and unprofessional. I’m taking this matter to حماية المستهلك (Consumer Protection), and I’ll make sure my experience is shared everywhere so others are aware of how poorly customers are treated here.
Smart Gym is losing customers because of this management and attitude, and if things don’t change soon, it will definitely harm their reputation and success over time.

أسوأ تجربة ممكن تتخيلوها! 😡
الموظفين ومدير الاستقبال مش مسؤولين خالص، وكل شوية يقولوا ""مش غلطتنا"" كأنها شماعة! بسبب إهمالهم خسرت أسبوعين من اشتراكي المدفوع، وبعد تصعيد ومتابعة طويلة عرضوا عليا أسبوع واحد بس!
بصراحة مكان غير محترف، وهقدّم شكوى لحماية المستهلك وهشارك التجربة دي علشان الناس تعرف تتجنبهم.",1,قبل 5 أشهر,سمارت جيم,صالة رياضة,google_maps
3171,جامد,5,قبل 5 أشهر,سمارت جيم,صالة رياضة,google_maps
3172,"Sve je bilo odlicno. Jako su usluzni. Posebno bih pohvalila kuvara. Sprema odlicnu hranu, a kafa je vrhunska. ❤️",5,قبل شهر,فندق بوتيك النيل,فندق,google_maps
3176,"I stayed for 3 nights in January 2026 at Nile Boutique Guardian Hotel in Cairo and had a wonderful experience. The hotel staff is extremely friendly and truly offers great hospitality. A special thanks to Raniaa the reception, who kindly upgraded me free of cost to a room with an amazing view of the Nile River — it made my stay extra special.

The breakfast was delicious with a wide variety of options, including Continental, Asian, Mediterranean, and of course authentic Egyptian dishes. Chef Hossam and Chef Hani were amazing, very friendly, and made the dining experience even better.

Overall, I had a very comfortable and memorable stay. I will definitely be coming back to this hotel soon and highly recommend it to anyone visiting Cairo.",5,قبل شهرين,فندق بوتيك النيل,فندق,google_maps
3177,"I booked a 4-night stay. I arrived after midnight and was shocked to find the room extremely dirty and unacceptable. Due to the level of uncleanliness, I could not stay there.||I requested to cancel the booking and even suggested paying for one night only instead of the full four nights, as a reasonable compromise. Unfortunately, the management refused.||I was given only two unacceptable options: either wait a few hours until morning and then leave while still being charged for the full stay, or continue the entire stay despite the filthy conditions.||This response was extremely unprofessional and disrespectful. Cleanliness is the most basic standard of hospitality, and the way this situation was handled was very disappointing.",1,قبل شهرين,فندق بوتيك النيل,فندق,google_maps
3179,مساء الخير في الحقيقة الي في الاستقبال كويسين شهادة حق البوفية عندهم مايستاهل ريال وغص عليك تدفعه من قيمة الحجز  الله يديم النعمه العمارة قديمة ومدخل وصخ جدآ اذا بتستاجر فيه احلم انك تمام اخذت يومين عذاب روايح كريهه بالاصنصير توبه,1,قبل 3 أشهر,فندق بوتيك النيل,فندق,google_maps
3183,Best and most kindfull stuff. Magnificent view. U gonna love staying there,5,قبل 4 أشهر,فندق بوتيك النيل,فندق,google_maps
3188,"بنتي فين يا ابو يارا؟؟؟
اتقي الله وسيت البنت كفايه اللي ربنا بيوريهولك في حياتك ياريت نتعظ",1,تاريخ التعديل: قبل 5 أشهر,فندق بوتيك النيل,فندق,google_maps
3191,"I had very bad experience with this hospital. My child was admitted to the PICU, the care was excellent the first day, but the service was very slow, nobody would answer my questions or look at my son. The doctor would do the regular round in the morning and refused to discharge us enough though there was no treatment. We eventually left the hospital without permission from the doc",2,قبل 3 أسابيع,مستشفى الجنزوري التخصصي,مستشفى,google_maps
3192,"الدكتور اسمه وليد عاطف محمود عليان محدش يروحله ولا يروح المستشفي
الدكتور الجراح قال لجوزي هتعمل عملية بتخدير كامل هتتكلف ٩٠٠٠ جنية عشان(ضفر غائر ) وطالب منه تحاليل كتير",1,قبل 3 أسابيع,مستشفى الجنزوري التخصصي,مستشفى,google_maps
3193,"اسوء و اقذر مستشفي ف القاهرة
متقدرش تحدد هي حكومة ولا خاصة بل انها اسوء من المستشفيات الحكومة زي منشية البكري القريبة منها والله انضف منها
من اول الموظفين في الريسبشن اللي بيتخانقو مع بعض علي البريك و الاجازات وقدام المرضي ولا الممرضين اللي بيتعاملو بتكبر وتعالي علي المرضي كانهم شغالين في سنتر دروس خصوصية مش مستشفي خاصة ولا الدكاترة اللي حرفيا عايزين دكاترة
قسما بالله بروحها بسبب التامين وبطلت اروحها وهروح مشوار للهرم ارحم و اهون من التعامل مع المستشفي دي مجرد دخولها بيجيب اكتئاب ولا انصح بها اطلاقا",1,تاريخ التعديل: قبل 3 أسابيع,مستشفى الجنزوري التخصصي,مستشفى,google_maps
3196,مستشفى شيك ونظيفة وفيها إهتمام بالمريض,5,قبل شهر,مستشفى الجنزوري التخصصي,مستشفى,google_maps
3197,"دخلت زوجتي لعمل عمليه لشيل الرحم
اربع ايام ما رضيوش يخرجوها وكل يوم يقولو شاكين في جلطه قلبيه ويعملو اشعه وتحاليل شويه لا اصل شاكين في جلطه علي الرئه
ولازم تطلع بعربه اسعاف لعمل اشعه بره
اربع ايام بهدله
واليوم الخامس دخلوها العمليات تاني بدون اي تبرير
دخلت اكتر من 6 ساعات طلعت فاتحه بطنها بالطول وبالعرض
ويعدها قعدنا في المستشفي اكتر من 10 ايام ممنوع عنها الاكل والشرب
طلعنا كنا مسافرين لاني اعمل بالخارج
يا دوب سافرنا والجرح فتح وبقا بينزل مباه من كل مكان
لمده شهر علي ما قدرو الدكاتره يعملو عمليه تانيه علشان يصححو عمليتهم
وللان لا يوجد اي تبرير لا لسبب دخول العمليه التانيه ولا لفشلهم في العمليه الاولي ولكن اللهم لك الحمد هي ماتت وربنا سبحانه وتعالي حياها من اول وجديد",1,قبل شهر,مستشفى الجنزوري التخصصي,مستشفى,google_maps
3198,من افضل المستشفيات في مصر،في تقديم الخدمه الصحيه,5,قبل شهر,مستشفى الجنزوري التخصصي,مستشفى,google_maps
3202,"Thanks for this great hospital with great staff that was great and they was helpful with my daughter and always asking me if there is any issues
Also great thanks to Miss Wessam from public relations team she was so helpful also
Thanks Ganzori team ❤️❤️",5,قبل شهرين,مستشفى الجنزوري التخصصي,مستشفى,google_maps
3203,دكتور ابراهيم الجنزوري اشطر الدكاترة,5,قبل 3 أشهر,مستشفى الجنزوري التخصصي,مستشفى,google_maps
3207,非常古老的飯店，聽說已經有90年的歷史，飯店內掛滿了歷史照片，但可惜的是房間內的設施也是有年紀的，非常老舊，使用時可能要小心一點；飯店地點不錯，出門就是商品街與地鐵站，吃買東西與交通都方便，逛街也方便，喜歡有歷史的人是不錯的選擇,3,قبل أسبوعين,Carlton Downtown Cairo,فندق,google_maps
3208,موقع جيد لاكن المكان ضعيف اوى,1,قبل شهر,Carlton Downtown Cairo,فندق,google_maps
3210,ممتاز وخدمة غرف جيدة,4,قبل شهر,Carlton Downtown Cairo,فندق,google_maps
3211,"El hotel es toda una experiencia. Para bien y para mal.

La recepción esta abierta toda la noche y son atentos, bien.

Las habitaciones, pese a tener muchos años, tienen unos acabados muy pintorescos e interesantes. Muebles de colección por todo el hotel.

Pero, también tiene olores un tanto extraños y las instalaciones precisan de una renovación más pronto que tarde. La terraza del ático está muy bien, salvo la musica que la tienen demasiado fuerte.

Para mi lo peor fue con diferencia el desayuno. Tardaron más de media hora en prepararlo, y no entiendo el porqué. Me explico, el café de polvo soluble, queso con pepino (muy seco de nevera), y lo más increíble fue una rebanada de bizcocho más seco y rancio que sacado de una tumba de Giza.

Poe cierto, si necesitas Internet fiable aquí no lo hay.

Por lo demás el personal es correcto y amable.",3,قبل شهر,Carlton Downtown Cairo,فندق,google_maps
3212,"Really cool spot, AC in the room was great, doorman was really helpful getting us cabs. Front desk was very friendly, the free breakfast was awesome. Absolutely order the Egyptian one.",5,قبل شهر,Carlton Downtown Cairo,فندق,google_maps
3213,Nice place,5,قبل شهر,Carlton Downtown Cairo,فندق,google_maps
3214,"入国初日、深夜についたためか、ドアマンに部屋まで荷物を運んでもらったらチップを100ポンド要求されました。相場なのかはわかりません。日本人だからかもしれません。
金曜の夜ため、外は結構賑やかでした。耳栓をして寝ましたが、異国の雰囲気を感じられたのでストレスにはならなかったです。

ルーフトップのレストランを朝食、夕食で利用しましたがおいしかったです。気持ちの良い眺めでした。夕食はポンドでもカードでも払えました。2人で4-5品頼んで食べきれないくらいでした。3000円くらいです。

次の日の朝食をBOXにできないか頼んだところ、早朝でしたが引き受けてくれました。",4,قبل شهر,Carlton Downtown Cairo,فندق,google_maps
3216,"Hôtels 3 étoiles avec un service d’un 5 étoiles. Tout le personnel est au petit soins.
L’hôtel avec son cachet des années 30 est très bien conserver et vous donner l’impression de voyage dans le temps. Les chambres sont propres et spacieuses, et l’emplacement est IDÉAL si on veut se balader de jour comme de nuit. Je recommande cet hôtel sans hésiter 🫶🏼",5,قبل شهرين,Carlton Downtown Cairo,فندق,google_maps
3218,"Worst place ever. Staff are incompetent and reservation team is so unprofessional. Each one answering the phone works individually.

I called in the morning to reserve beforehand and when calling before the reservation to confirm suddenly everything changes, no reservation beforehand, minimum starts to appear, there is no room and no one called!

The person responsible for night shift reservations is extremely impolite and unprofessional, changes everything last minute and is extremely rude.

Never going there again place is not even worth the trouble",1,قبل شهرين,Carlton Downtown Cairo,فندق,google_maps
3219,"Awesome Value/Money Hotel.
-staff was super professional and trustworthy (Super important as a tourist!)
-rooftop Restaurant has a relaxed, retro vibe. You could enjoy hours in it.
-breakfast other dishes of the menu are really good.
-area is busy, but not shady. I liked it.
-room is clean with aircon
-hotel seems worn out, but still lovely",5,قبل شهرين,Carlton Downtown Cairo,فندق,google_maps
3220,"Die Dachterrasse mit dem internationalen Publikum ist sehr zu empfehlen,  wenn man einmal dem Trubel unten entkommen will.
Sehr gediegene Atmosphäre,  Preise europäisch!",4,قبل 3 أشهر,Carlton Downtown Cairo,فندق,google_maps
3221,The food was goid. Service very slow and disorganized especially for an iftar in ramadan. Forgot one order completely. Place is too small for the number of tables. Greed should have a limit.,3,قبل 18 ساعة,مطعم الضيعة,مطعم مأكولات لبنانية,google_maps
3222,Greater Lebanese food. Service is amazing.,5,قبل 3 أيام,مطعم الضيعة,مطعم مأكولات لبنانية,google_maps
3223,"The taste is amazing
Thank you",5,قبل أسبوعين,مطعم الضيعة,مطعم مأكولات لبنانية,google_maps
3224,"Nice Lebanese restaurant, with good atmosphere and nice food. The place is somewhat quiet with good music which allows you to talk easily while enjoying your meal. Their dessert tasted really good and wasn’t too sweet. Service is great and fast.",4,قبل 3 أسابيع,مطعم الضيعة,مطعم مأكولات لبنانية,google_maps
3226,الاكل سئ للغاية والأسعار مبالغ فيها ولاانصح بالتعامل معهم,1,قبل شهر,مطعم الضيعة,مطعم مأكولات لبنانية,google_maps
3227,Food was amazing will definitely be there again,5,قبل شهرين,مطعم الضيعة,مطعم مأكولات لبنانية,google_maps
3228,Lovely Lebanese food. Atmosphere is good and the waiters are fast.,4,قبل شهرين,مطعم الضيعة,مطعم مأكولات لبنانية,google_maps
3229,"Sehr gute, libanesische Küche. Man bekommt die typischen Gerichte. Es hat uns alles sehr gut geschmeckt. Die Mitarbeiter waren sehr freundlich. Das Preis-Leistungs-Verhältnis war gut.",5,قبل شهرين,مطعم الضيعة,مطعم مأكولات لبنانية,google_maps
3230,"I absolutely love this place
The chicken Fatteh is addictive
Hummus with meat and Fatoush are so good
You also have to try the kafte pan with pomegranate",5,قبل شهرين,مطعم الضيعة,مطعم مأكولات لبنانية,google_maps
3231,"♦️ الإيجابيات:

المشاوي لذيدة ومافيها زنخة
الخضروات السويتية ممتازة
شوربة الدجاج بالكريمة ممتازة
الحمص جيد
الشاي ممتاز جدا
الحو العام للمطعم ممتاز
الموظفين مهنيين

♦️السلبيات:

لا يوجد جلسات خارجية سوى جلسة واحدة
الموظفين غير بشوشين ولا يردون على الشكر أثناء الخدمة تشعر انه غاضب أو كأنه لا يريدك بالتالي لا يحفزك على العودة مجددًا كشخص",5,قبل 4 أشهر,مطعم الضيعة,مطعم مأكولات لبنانية,google_maps
3232,"They serve the best Lebanese food, and I absolutely love it. The customer service is excellent, making it a highly recommended place to dine.",5,قبل 4 أشهر,مطعم الضيعة,مطعم مأكولات لبنانية,google_maps
3233,Friendly service that was also very fast. The food was so good!!! Can’t wait to go back and try more there!,5,قبل 4 أشهر,مطعم الضيعة,مطعم مأكولات لبنانية,google_maps
3234,"Ordered grilled lamb but got quail instead.
I made it very clear what I wanted. There were no apologies. They just said that they didn’t have any lamb so they gave me something else without even asking me if that was ok. This is the second Lebanese restaurant in maadi that did not give me the lamb that I ordered. Beware of that.",1,قبل 6 أشهر,مطعم الضيعة,مطعم مأكولات لبنانية,google_maps
3235,"Al Dayaa has always been more than just a restaurant for our family, it’s been a second home for years. The cozy atmosphere, especially on the second floor, made it the perfect spot for our big family gatherings, where we shared countless wonderful memories together. Even today, I still enjoy going there with my kids, and it feels just as special. The food is always delicious, the songs bring back beautiful memories, and the overall vibe is warm and welcoming. A place that holds both tradition and heart, truly timeless🥰",5,قبل 6 أشهر,مطعم الضيعة,مطعم مأكولات لبنانية,google_maps
3236,Good,5,قبل 6 أشهر,مطعم الضيعة,مطعم مأكولات لبنانية,google_maps
3239,ممتاز جدا,5,تاريخ التعديل: قبل 7 أشهر,وسط البلد,متجر ملابس,google_maps
3240,التاريخ كله,5,قبل 9 أشهر,وسط البلد,متجر ملابس,google_maps
3241,لو في اقل من ١ كنت هديهم و الله، أسوء مستشفى و أسوء خدمة الفلوس اهم من أي حاجة حتى لو هتيجي على صحة المريض أو لو هيموت حتى و يا ريتهم بيقدموا خدمة تستاهل,1,قبل شهر,مستشفى عين شمس التخصصي العيادات الخارجية شارع الخليفة المأمون,مستشفى متخصص,google_maps
3245,Good hospital to be at. Fair rates.,5,قبل شهر,مستشفى عين شمس التخصصي العيادات الخارجية شارع الخليفة المأمون,مستشفى متخصص,google_maps
3247,اهمال من التمريض في الغرف و اهمال اقل بشئ بسيط في الرعاية و الدكتور النائب صغير و غير كفائه و ينسي يكتب الدواء للمرضي و عندو برد يخش علي مرضي القلب بدون كمامه و مناخيره نازله وبدون خبره في التعامل صراحه فيها من المستشفيات الحكومي مع انها غاليه جدا و ياخدو منك ٦٠الف او ٤٠الف فوق الحساب,1,قبل 4 أشهر,مستشفى عين شمس التخصصي العيادات الخارجية شارع الخليفة المأمون,مستشفى متخصص,google_maps
3248,مستوي الاطباء اهم حاجه الحمدلله عالي جدا,5,قبل 5 أشهر,مستشفى عين شمس التخصصي العيادات الخارجية شارع الخليفة المأمون,مستشفى متخصص,google_maps
3249,"مكان موثوق به
وبه طوارئ جميع التخصصات",5,قبل 5 أشهر,مستشفى عين شمس التخصصي العيادات الخارجية شارع الخليفة المأمون,مستشفى متخصص,google_maps
3250,طلبت مناقيش كانت حلوه,4,قبل شهر,مطعم تفاحة,مطعم,google_maps
3253,الاكل ممتاز,4,قبل شهرين,مطعم تفاحة,مطعم,google_maps
3254,"It's fine, place is empty and dull most of the time, great food tho",3,قبل شهرين,مطعم تفاحة,مطعم,google_maps
3255,حقيقي مطعم تحفه و الخدمه تحفه و الاكل تحفه عشره من عشره والله😍😍😍😍😍♥️,5,قبل 3 أشهر,مطعم تفاحة,مطعم,google_maps
3257,"Nice cafe within the Marriott hotel, nice vibes especially in the evening, with good variety of drinks.

The prices are expectedly high in comparison with other options in the city, the drinks were nothing special, the crème brûlée was good, the atmosphere was lovely, and they offer music show in the evening.

The service was a bit lacking and not great, but overall a decent experience.",4,قبل شهر,Garden Promenade Café,مطعم,google_maps
3258,المكان خيالي ولكن الخدمه بطيئه وعادي يحطون اي شي بالطاوله مو يهمهم المنظر,1,قبل شهر,Garden Promenade Café,مطعم,google_maps
3259,"Це справжній оазис посеред гоміру та хаосу міста. Дуже приємне місце. Досить смачно, але обʼєктивно важко оцінити страви, бо був дуже голодний. Гарний сервіс, але термінал оплати чекав дуже довго. Ціни високі і додатково ще податки",5,قبل شهرين,Garden Promenade Café,مطعم,google_maps
3261,No se podía pagar con tarjeta de crédito,1,قبل 3 أشهر,Garden Promenade Café,مطعم,google_maps
3262,"So bad service so rude staff
So bad experiance",1,قبل 3 أشهر,Garden Promenade Café,مطعم,google_maps
3265,"مطعم جميل في حديقة الفندق جربت البسبوسة ممتازه جدا
اشكر الاستاذ احمد بدوي _ والاستاذه ديينا 🙏",5,قبل 4 أشهر,Garden Promenade Café,مطعم,google_maps
3266,Muy lindo,5,قبل 4 أشهر,Garden Promenade Café,مطعم,google_maps
3267,عادي,2,قبل 4 أشهر,Garden Promenade Café,مطعم,google_maps
3268,"It’s hard to find an empty table.
We came in the evening, we drank hot chocolate it was made the traditional way, old is gold, the way our mum used to do when we were kids :’)
For the Black Forest cake its taste was light and the cherry sauce added to it!",5,قبل 4 أشهر,Garden Promenade Café,مطعم,google_maps
3269,Horrible service!!,1,قبل 5 أشهر,Garden Promenade Café,مطعم,google_maps
3270,"i’ve never seen such a HORRIBLE service like thiss beforee!!

this places used to be my fav but there’s a huge downgrade in the service and even the food",1,قبل 5 أشهر,Garden Promenade Café,مطعم,google_maps
3271,"The service is nice but you need to call them.mamy times.
This is a hotel that must to have a better service
But they garden is super cute..you can forget where you are",5,قبل 7 أشهر,Garden Promenade Café,مطعم,google_maps
3272,مميز,5,قبل 8 أشهر,Garden Promenade Café,مطعم,google_maps
3273,من افضل الفنادق والمطاعم في مصر والخدمة ممتازة اشكرهم علي حسن الاستقبال,5,قبل 10 أشهر,Garden Promenade Café,مطعم,google_maps
3274,"It saddens me to leave such a review for what used to be my favourite place. Unfortunately, the experience has changed. The staff seemed overwhelmed and under pressure, which affected the level of service. The food quality was disappointing, small portions, lacking in flavour, and overall poor value for money. Even the coffee, which I used to love, was bitter. It’s truly disheartening to see this decline.",1,قبل 10 أشهر,Garden Promenade Café,مطعم,google_maps
3275,Good place but full of heavy smokers with no place for nonsmokers. I was planning to stay longer but I had to leave because of the heavy smoking,2,قبل شهرين,Eureka Cafe & Restaurant.,مطعم,google_maps
3276,"Nice place to study, quit classic music, good food too",5,تاريخ التعديل: قبل 3 أشهر,Eureka Cafe & Restaurant.,مطعم,google_maps
3277,"The twist is in the service, staff effortlessly makes you feel that you are a regular while being professional and attentive, the place is nice with an air-conditioned indoors and small outdoor area, go there for a casual shisha evening with friends or to watch a football match",4,قبل 7 أشهر,Eureka Cafe & Restaurant.,مطعم,google_maps
3279,The smell if shiha is horrible even before entering the Cafe very poor ventilation,1,قبل سنة,Eureka Cafe & Restaurant.,مطعم,google_maps
3280,☕☕☕😋,5,قبل سنة,Eureka Cafe & Restaurant.,مطعم,google_maps
3281,خدمة ممتازة من اكتر الاماكن في التجمع راحة وتميز,5,قبل أسبوعين,ولعة كافية,مقهى,google_maps
3284,سئ,1,قبل شهر,ولعة كافية,مقهى,google_maps
3285,"قهوة رايقة و القعدة لذيذة
بس في الاجازات زحمة و ممكن متلاقيش مكان",5,قبل شهرين,ولعة كافية,مقهى,google_maps
3286,معقول,4,قبل شهرين,ولعة كافية,مقهى,google_maps
3287,كافيه كويس قاعده حلوه,5,قبل 5 أشهر,ولعة كافية,مقهى,google_maps
3289,احلا و اطعم  فول و فلافل سورى ف اكتوبر,5,قبل أسبوع,مطعم الشعلان,مطعم فلافل,google_maps
3290,رااااااائع,4,تاريخ التعديل: قبل 3 أسابيع,مطعم الشعلان,مطعم فلافل,google_maps
3291,مع احترامي الشديد لكل المطاعم حق الفلافل المطعم ده غير لائق للاكل عنده,1,قبل شهر,مطعم الشعلان,مطعم فلافل,google_maps
3292,جيد,4,تاريخ التعديل: قبل شهر,مطعم الشعلان,مطعم فلافل,google_maps
3293,ممتاز,5,قبل 3 أشهر,مطعم الشعلان,مطعم فلافل,google_maps
3296,مطعم جميل ومحترمين,5,قبل 6 أشهر,مطعم فول وفلافل السني,مطعم فلافل,google_maps
3298,Perfect. One of my favorite spots,5,قبل 3 أشهر,maharaja october مهراجا اكتوبر,مطعم مأكولات هندية,google_maps
3299,مطعم هندي والشيف مصري.. كيف كذا؟,2,قبل 4 أشهر,maharaja october مهراجا اكتوبر,مطعم مأكولات هندية,google_maps
3300,الاكل تحفة,5,قبل 5 أشهر,maharaja october مهراجا اكتوبر,مطعم مأكولات هندية,google_maps
3302,"Prices are so high compared to portions
of food, yet the food is delicious.",3,تاريخ التعديل: قبل 6 أشهر,maharaja october مهراجا اكتوبر,مطعم مأكولات هندية,google_maps
3303,Amazing food and customer service,5,قبل 7 أشهر,maharaja october مهراجا اكتوبر,مطعم مأكولات هندية,google_maps
3304,Nice place with Authentic Indian test,5,قبل 7 أشهر,maharaja october مهراجا اكتوبر,مطعم مأكولات هندية,google_maps
3305,طعم هندي,5,قبل 8 أشهر,maharaja october مهراجا اكتوبر,مطعم مأكولات هندية,google_maps
3306,Best branch ❤️,5,تاريخ التعديل: قبل 8 أشهر,maharaja october مهراجا اكتوبر,مطعم مأكولات هندية,google_maps
3307,I’m a repeated guest since long time .my last dine wasn’t a good like before the food it’s okay but  from the server way need more attention and training .,4,قبل 11 شهرًا,maharaja october مهراجا اكتوبر,مطعم مأكولات هندية,google_maps
3308,"Worst online service. Ordered online and waited for more than 2 hrs. NO status tracking or no update. If we call the contact number, No one is there to speak in English.
Do no order nayting online.",1,قبل 11 شهرًا,maharaja october مهراجا اكتوبر,مطعم مأكولات هندية,google_maps
3310,Very Delicious food with a very nice ambience....,3,تاريخ التعديل: قبل سنة,maharaja october مهراجا اكتوبر,مطعم مأكولات هندية,google_maps
3311,طعام جيد اسعار غاليه اتمنى خفض الأسعار,4,تاريخ التعديل: قبل سنة,maharaja october مهراجا اكتوبر,مطعم مأكولات هندية,google_maps
3312,"The most amazing restaurant really , they helped me as I asked them to do a surprise for my best friend  and childhood friend ❤️ and they made that dream come true ❤️ she was really happy with the food, atmosphere, and stuff behavior ❤️ definitely will visit when I come to Egypt ❤️❤️❤️",5,قبل سنة,maharaja october مهراجا اكتوبر,مطعم مأكولات هندية,google_maps
3313,كل حاجه سبايسى حتى لو انت طالب العادى و الاسعار و الكميات غير متناسبين مع بعض,2,قبل سنة,maharaja october مهراجا اكتوبر,مطعم مأكولات هندية,google_maps
3316,Marian did an amazing job! It’s by far my favourite place to get my nails done!,5,قبل أسبوعين,ZOEYA Beauty Lounge (New Cairo),صالون تجميل,google_maps
3317,"Mostafa is the fastest and best hairstylist. My favorite salon, even when crowded you don’t have to wait to long.",5,قبل أسبوعين,ZOEYA Beauty Lounge (New Cairo),صالون تجميل,google_maps
3318,"I visited this salon at the beginning of January based on prior communication with customer service. I live in Norway, so I had many questions before the visit to find out what would suit me. The customer service was excellent, the communication was fast, and the answers were comprehensive.

When I arrived at the salon, the hairstylist George first examined my hair to make sure it was healthy and to assess the expected color results, which I really appreciated. George was professional; he listened carefully to what I wanted, suggested what he thought would look even better, and convinced me — and he was absolutely right.

The result was amazing. He told me that my hair would continue to shine and that the color would become more and more beautiful over time — and that is exactly what happened.

I should also mention that I came in after a nose job, but they handled the situation with great care and made me feel very safe.

Finally, girls, I think George has “green fingers,” as we say — because my hair became healthier and even grew longer after he cut it! ☺️
Thanks George and the styff, i will come back as soon as possible!❤️☺️",5,قبل 3 أسابيع,ZOEYA Beauty Lounge (New Cairo),صالون تجميل,google_maps
3319,It was a pampering experience,5,قبل شهر,ZOEYA Beauty Lounge (New Cairo),صالون تجميل,google_maps
3320,It’s now my favorite beauty place.. They really did a great job with my extremely damaged  nails .. thank u zoeya team specially maryan  ❤️❤️,5,تاريخ التعديل: قبل شهر,ZOEYA Beauty Lounge (New Cairo),صالون تجميل,google_maps
3321,"Best pedicure Service in new cairo.. thank u sooo much .. Amy is really professional also mina saved my hair after very bad experience in another salon, many thanks for the professional team because they never fail to make me happy with results
❤️❤️",5,تاريخ التعديل: قبل شهر,ZOEYA Beauty Lounge (New Cairo),صالون تجميل,google_maps
3322,Amazing experience.. love the place ❤️,5,قبل شهر,ZOEYA Beauty Lounge (New Cairo),صالون تجميل,google_maps
3324,Had the best experience with george. Talented is a very small word next to his work. He gave me the best haircut and blowout ever.,5,قبل شهر,ZOEYA Beauty Lounge (New Cairo),صالون تجميل,google_maps
3325,George for hair cutting and blowout is Amazing! And Marianne for nails🤍,5,قبل شهر,ZOEYA Beauty Lounge (New Cairo),صالون تجميل,google_maps
3326,Mina nagueib great with hair cuts,5,قبل شهر,ZOEYA Beauty Lounge (New Cairo),صالون تجميل,google_maps
3327,Thanks to Mary Ann she has done a beautiful job on my hair. God bless her shes amazing. She took lots of time and made sure i like it and made me very comfortable with the whole experience.,5,قبل شهر,ZOEYA Beauty Lounge (New Cairo),صالون تجميل,google_maps
3328,منار ابدعتتتتتتت ، أنا جاية من السعودية خصيصا لها 😍😍😍😍😍وشكرا لعبدالله على حسن الاستقبال,5,قبل شهر,ZOEYA Beauty Lounge (New Cairo),صالون تجميل,google_maps
3329,شغلهم تحفة وجورج وقص الشعر جميل جدا  كل حاجة عملتها حلوة,5,تاريخ التعديل: قبل شهر,ZOEYA Beauty Lounge (New Cairo),صالون تجميل,google_maps
3330,"Update:
The manager called me the day after. Heard my complaint and apologised alot. They dealt with the girl. Refunded my service amount and offered me a free voucher to test their service again.

Don't go for a pedicure there.
I had awful experience with them yesterday. I think i would be traumatised for a long time to go anywhere for a pedicure again.
I have been there twice within 3 months. I asked for pedicure and manicure service. The first time i got injuries around my toe nails though i asked her to be gentle and it was painful for couple of days.
Then i decided to give them a second chance yesterday. The girl rubbed my feet so harsh that it got injured and started bleeding! She said sorry and sanitized it with alcohol and that's it. I blead on the tub that someone will use after me without sanitizing! When i reached out to the reception girl after then she just nodded said sorry she will talk with the girl. Why on earth would someone scrub someone's heel in this painful and stupid way. Now after i got home it's swollen and i can't walk on it properly. And btw i color my nails way better.",2,قبل شهر,ZOEYA Beauty Lounge (New Cairo),صالون تجميل,google_maps
3331,ممتازه جدآ,5,تاريخ التعديل: قبل شهر,ZOEYA Beauty Lounge (New Cairo),صالون تجميل,google_maps
3333,"Thank you so much
Maryam  my beautiful nailartist
Mary my beautiful woman",5,تاريخ التعديل: قبل شهر,ZOEYA Beauty Lounge (New Cairo),صالون تجميل,google_maps
3334,Friendly staff especially Nehal she's always cheerful and helpful♥️♥️♥️,5,تاريخ التعديل: قبل شهر,ZOEYA Beauty Lounge (New Cairo),صالون تجميل,google_maps
3335,A very special confi place where you can find quality of service and cleanliness i want to thank Eman specifically for being friendly and professional.,5,قبل شهرين,ZOEYA Beauty Lounge (New Cairo),صالون تجميل,google_maps
3336,"The salon is absolutely beautiful 🤍 I contacted them last minute and they still managed to fit me in. I did my nails with Marina — she’s fast, very precise, and did exactly what I wanted. Thank you to her! The receptionist is so sweet, and the prices and the place are really nice. I’ll definitely come back",5,قبل شهرين,ZOEYA Beauty Lounge (New Cairo),صالون تجميل,google_maps
3337,"moudy is the best hair colorist in cairo, I wait till i’m back from travels just to dye my hair here. His hairstyling is very smooth too. begad to7fa",5,قبل شهرين,ZOEYA Beauty Lounge (New Cairo),صالون تجميل,google_maps
3338,مكان محترم جدا,5,قبل شهر,لامور بيتزا,مطعم بيتزا,google_maps
3341,"سئ جدا  فى الخدمه والتعامل
الشكل سئ  أنصح بعدم التعامل
سعر غالى وما فيش طعم خالص",1,قبل 6 أشهر,لامور بيتزا,مطعم بيتزا,google_maps
3342,بجد تسلم ايدك من احسن الاماكن الي بتعمل بتزه فرع الموقف الشيف زكريا ❤❤,4,قبل 9 أشهر,لامور بيتزا,مطعم بيتزا,google_maps
3343,لذيذة و شهية للغاية,5,قبل سنة,لامور بيتزا,مطعم بيتزا,google_maps
3344,جيد جدا,5,قبل سنة,لامور بيتزا,مطعم بيتزا,google_maps
3350,Very good,5,قبل 9 أشهر,مكتب المالكى للملابس جمله وقطاعى كل ما يلزم البيت من ملابس,متجر ملابس,google_maps
3351,كل الملابس تعتبر على أحدث,5,قبل 11 شهرًا,مكتب المالكى للملابس جمله وقطاعى كل ما يلزم البيت من ملابس,متجر ملابس,google_maps
3354,مقبول,4,تاريخ التعديل: قبل شهر,مطعم المصطفى,مطعم,google_maps
3356,"Layanan jelek, sengaja melambat-lambatkan antrian dan suka melewatkan nomer antrian tidak tertib.",1,قبل 3 أشهر,مطعم المصطفى,مطعم,google_maps
3359,"طلبت فراخ للاسف طعم غير مناسب
وحجمها صغير جدا
تجربه سيئه بصراحه",1,قبل 10 ساعات,بهية المهندسين,مطعم أطباق اللحوم,google_maps
3362,خدمه ممتازه وناس محترمه,5,قبل شهر,بهية المهندسين,مطعم أطباق اللحوم,google_maps
3365,سيئ جداااا,1,قبل شهر,بهية المهندسين,مطعم أطباق اللحوم,google_maps
3366,"للأسف أكلنا عنده اسواء أكل بمعني الكلمه كله بايت وزيت
مقروعين ماتدخلونه",1,قبل شهر,بهية المهندسين,مطعم أطباق اللحوم,google_maps
3368,The food was raw,4,قبل شهر,بهية المهندسين,مطعم أطباق اللحوم,google_maps
3369,we love coming to bahia it's a very special day when I do  not any more thanks to  the staff laziness not all off them to be fair but    hope to find s better place with egypt food as good as here but with responsev staff,1,قبل شهر,بهية المهندسين,مطعم أطباق اللحوم,google_maps
3370,"كل شي طلبناه كان لذيذ
الملوخية وشوربة كريمة بالفراخ والرز بالشيعيرية والمشاوي معاها المقبلات",5,قبل شهر,بهية المهندسين,مطعم أطباق اللحوم,google_maps
3371,دوار العمده لذيذ,5,قبل شهرين,بهية المهندسين,مطعم أطباق اللحوم,google_maps
3372,الصراحة كلشي كان عندهم جميل الخدمة النظافة الأكل كلشي في المستوى المطلوب,5,قبل شهرين,بهية المهندسين,مطعم أطباق اللحوم,google_maps
3373,بهيه اصل الاكله المصريه 👌👌👌👌👌,5,قبل شهرين,بهية المهندسين,مطعم أطباق اللحوم,google_maps
3374,"احلي طعم
الاوردر كان
وعرض السرايا
فاخره موزه
شوربه عدس
وبجد شوربه العدس ممتازه 😋😋😋
وفخاره الموزه ايه 🥰🥰",5,قبل شهرين,بهية المهندسين,مطعم أطباق اللحوم,google_maps
3378,"متوسط الجودة
خدمة سيئة",3,قبل 4 أشهر,بهية المهندسين,مطعم أطباق اللحوم,google_maps
3380,جميل,3,قبل أسبوع,سمارت ماركت القاهرة الجديدة,متجر بقالة,google_maps
3381,"Good fruits and vegetables
But they don’t care about cleanliness of the street.",4,قبل أسبوعين,سمارت ماركت القاهرة الجديدة,متجر بقالة,google_maps
3383,خدمه ممتازه,5,قبل 3 أسابيع,سمارت ماركت القاهرة الجديدة,متجر بقالة,google_maps
3385,مكان جميل,5,قبل شهر,سمارت ماركت القاهرة الجديدة,متجر بقالة,google_maps
3387,ممتاز ماركت وخضروات,5,تاريخ التعديل: قبل شهرين,سمارت ماركت القاهرة الجديدة,متجر بقالة,google_maps
3388,اسعارهم كويسه وكل حاجه موجوده ماعدا اللحوم  ومتاح توصيل,5,قبل شهرين,سمارت ماركت القاهرة الجديدة,متجر بقالة,google_maps
3389,المكان كويس اسعاره كويسة في متناول الجميع,5,قبل شهرين,سمارت ماركت القاهرة الجديدة,متجر بقالة,google_maps
3390,الحج ابراهيم حاجه محترمه,5,قبل شهر,مطعم وكبابجى الأمانة,مطعم مأكولات مشوية,google_maps
3391,الله يرحمك يا ابي,5,قبل شهر,مطعم وكبابجى الأمانة,مطعم مأكولات مشوية,google_maps
3392,ممتاز,5,تاريخ التعديل: قبل شهرين,مطعم وكبابجى الأمانة,مطعم مأكولات مشوية,google_maps
3393,بحبه جدا واكله اكتر من رائع والخدمه ممتازة جدا واكله ولا اروع فعلا وتقريبا بروح كل اسبوع,5,قبل شهرين,مطعم وكبابجى الأمانة,مطعم مأكولات مشوية,google_maps
3394,جيد,3,قبل 5 أشهر,مطعم وكبابجى الأمانة,مطعم مأكولات مشوية,google_maps
3395,هناك الكثير من القطط,3,قبل 8 أشهر,مطعم وكبابجى الأمانة,مطعم مأكولات مشوية,google_maps
3396,"بصو انا رحت مرتين
المرة الاولى كانت بالصدفه والمكان لطيف وليه vibe حلوة
الحواوشي اللى بالجبنه حلو والكفته تمام والفراخ
الملوخيه والشوربة مش قد كدا
المرة التانيه مكنتش الطف حاجه والحواوشي صغرررر جداااا بس حلو برضو
روحو وانتو جعانين",4,قبل 9 أشهر,مطعم وكبابجى الأمانة,مطعم مأكولات مشوية,google_maps
3397,ليس افضل شئ,3,قبل 10 أشهر,مطعم وكبابجى الأمانة,مطعم مأكولات مشوية,google_maps
3399,"مطعم شعبى اكل مميز
خدمه متوسطه أسعار جيده تنوع فى انواع الطعام والاصناف",4,قبل سنة,مطعم وكبابجى الأمانة,مطعم مأكولات مشوية,google_maps
3402,"Great food, great experience",5,قبل 3 أيام,أريجاتو التجمع الخامس,مطعم مأكولات يابانية,google_maps
3403,Top service,5,قبل 6 أيام,أريجاتو التجمع الخامس,مطعم مأكولات يابانية,google_maps
3404,"the sushi is amazing, super fresh and very clean. you can really tell the quality of the ingredients. the service was also really nice and welcoming, which made the whole experience even better.
i loved the variety on the menu, there were so many great options to choose from. they also gave us several complimentary items, and they were all delicious. would definitely go back again! 😋😋😋😋",5,قبل شهر,أريجاتو التجمع الخامس,مطعم مأكولات يابانية,google_maps
3405,Miso soup was extremely salty! I got sick after eating my order!,1,قبل شهر,أريجاتو التجمع الخامس,مطعم مأكولات يابانية,google_maps
3406,Amazing food and a very friendly staff,5,قبل شهر,أريجاتو التجمع الخامس,مطعم مأكولات يابانية,google_maps
3408,"Super fresh , super good 👌 👍 😋",5,قبل شهر,أريجاتو التجمع الخامس,مطعم مأكولات يابانية,google_maps
3409,"I used to be a loyal customer and even left a positive review two years ago. Unfortunately, this place has gone downhill badly.

Prices are insanely high for the quality and service. Orders , especially the all you can eat
take 30+ minutes, even with pre-orders. Portions are much smaller than before.

The only positive left is the staff—they’re genuinely nice.

Other than that, the quality, service, and pricing feel like a scam. Sad to see such a drop. They seriously need to change.

Clean. Honest. Hits hard without being messy.",1,تاريخ التعديل: قبل شهر,أريجاتو التجمع الخامس,مطعم مأكولات يابانية,google_maps
3410,"We often visit this restaurant, but this time we were very disappointed.
First of all, the sushi portions have become much smaller than they used to be. While this is unpleasant, we could still assume that inflation has affected them.

We also ordered the all-you-can-eat set, but the service was extremely slow. Each order took a very, very long time to arrive. It was obvious that this is part of their policy to delay the orders so that customers get tired of waiting and leave without fully receiving what they paid for.

However, when we received the bill, we noticed discrepancies between the prices listed on the menu and the prices charged on the bill (16pcs for 500 instead of 443egp and all u can eat for 1250 instead of 1100). This is simply dishonest and feels like taking advantage of customers. In the menu screenshots, you can clearly see the difference between the stated prices and the final amount we were charged.

I do not believe this is how a respectable establishment should operate. This experience was unacceptable. I am deeply disappointed, will not return, and will also warn my friends about this place.",1,قبل شهر,أريجاتو التجمع الخامس,مطعم مأكولات يابانية,google_maps
3412,"The taste of the sushi was incredible but the size of the pieces was small. Very cheap tables, but who cares. I would recommend takeout than eating at the restaurant.",4,قبل شهرين,أريجاتو التجمع الخامس,مطعم مأكولات يابانية,google_maps
3413,One of the best sushi places I have been to in new cairo,5,قبل شهرين,أريجاتو التجمع الخامس,مطعم مأكولات يابانية,google_maps
3414,The sushi is so good quality. But atmosphere and service is on another level. Very welcoming and very decent and very considerate. The stuff are amazing. Also that you can take your desert from simonds is a plus 😋,5,قبل شهرين,أريجاتو التجمع الخامس,مطعم مأكولات يابانية,google_maps
3415,"It’s not your typical sushi place but it will work if you are craving some sushi. Good variety, nice service and average ambiance.",4,قبل 3 أشهر,أريجاتو التجمع الخامس,مطعم مأكولات يابانية,google_maps
3416,Very good ❤️❤️,5,قبل 3 أشهر,أريجاتو التجمع الخامس,مطعم مأكولات يابانية,google_maps
3417,wow it'good sushi and amazing place especially hady he served us the sushi,5,قبل 3 أشهر,أريجاتو التجمع الخامس,مطعم مأكولات يابانية,google_maps
3418,"Very good staff , specially Mr. Mazen  and very good tasty sushi 👏🏻",5,قبل 3 أشهر,أريجاتو التجمع الخامس,مطعم مأكولات يابانية,google_maps
3419,"I had an amazing experience at ARIGATO.Everything was absolutely perfect — from the freshness of the fish to the beautiful presentation of every dish. The flavors were perfectly balanced, the portions were generous, and the service was incredibly friendly and attentive. The atmosphere is cozy and elegant, making it the ideal place for a date or a relaxing dinner.
Honestly, this is one of the best sushi spots I’ve ever tried. Highly recommended!",5,قبل 3 أشهر,أريجاتو التجمع الخامس,مطعم مأكولات يابانية,google_maps
3420,Good place & nice prices,5,قبل 4 أشهر,أريجاتو التجمع الخامس,مطعم مأكولات يابانية,google_maps
3421,الاكل عندهم كويس جدا,4,قبل أسبوع,مطعم مهراجا مدينة نصر,مطعم مأكولات هندية,google_maps
3423,"The staff are very very friendly and helpful
We love the place and the food was tasty and fresh",5,قبل شهر,مطعم مهراجا مدينة نصر,مطعم مأكولات هندية,google_maps
3424,The ice cream is very delicious I loved it,5,قبل شهر,مطعم مهراجا مدينة نصر,مطعم مأكولات هندية,google_maps
3426,"Service was extremely friendly and welcoming
Food taste and portions are on point.

Overall experience was mazing",5,قبل شهرين,مطعم مهراجا مدينة نصر,مطعم مأكولات هندية,google_maps
3427,Indian food very taste .,4,قبل شهرين,مطعم مهراجا مدينة نصر,مطعم مأكولات هندية,google_maps
3428,A very wonderful team and service I had a very good experience 😍,5,قبل 3 أشهر,مطعم مهراجا مدينة نصر,مطعم مأكولات هندية,google_maps
3429,قدمة اعلى تقييم بناء على جودة الاكل وسرعة تقديم الوجبات و الخدمة الرائعه مع الاستاذ بلال,5,قبل 3 أشهر,مطعم مهراجا مدينة نصر,مطعم مأكولات هندية,google_maps
3430,أكل ممتاز وخدمة كويسة جدا,5,قبل 3 أشهر,مطعم مهراجا مدينة نصر,مطعم مأكولات هندية,google_maps
3431,The foood tastes sooo gooood literally on toop,5,قبل 3 أشهر,مطعم مهراجا مدينة نصر,مطعم مأكولات هندية,google_maps
3432,"Very delicious
And the staf was nice and very hospital
Belal Ramadan was gr8 to me",5,قبل 3 أشهر,مطعم مهراجا مدينة نصر,مطعم مأكولات هندية,google_maps
3434,"Thanks for your service, food was great and staff was elegant",5,قبل 3 أشهر,مطعم مهراجا مدينة نصر,مطعم مأكولات هندية,google_maps
3435,مكان راقي,5,قبل 3 أسابيع,كازابلانكا كافية و مطعم 6 أكتوبر,مطعم,google_maps
3436,٢٤ ساعه و خدمه ممتازه ❤️,5,قبل شهر,كازابلانكا كافية و مطعم 6 أكتوبر,مطعم,google_maps
3438,"للاسف الكفيه والمطعم استغلالي والاسطف الصالة الداخلية يقلل من احترامك ويعاملك معاملة فلوس فقط. استغلال واضح حتى للزبائن القدامى. الاصطف يكرهك في المكان. انا حريص اني اكتب التعليق ده لاني حكيت كثير للمسولين ومش على بالهم. وتم اليوم التقليل مني والتسبب في احراج ليا بدون اي سبب فقط لان الاصطف يستظرف ويعاملك معاملة استغلال
بقعد في هذا الكفيه قبل ٦ سنوات وفي الاخير يتم احراجي والتقليل مني وده كلام اتحاسب عليه اما ربنا ونصيحة للمسؤولين للمرة الثالثة بقول بيتم استغلال الزبائن. لن ادخل الكفيه مرة ثانية ولا انصح احد من اصحابي يدخله بعد ما كان هو افضل كافيه وافضل اصطف على مستوى اكتوبر
الفترة الاخير كثير من الاصدقاء قالوا نفس الكلام
اتمنى اتمنى اتمنى لكم الافضل وانا عمري ما كتبت تعليق لمطعم او كفيه ولكن هذه المرة غير عن كل مرة واتمنى لكم التوفيق والسداد
هذه نصحية وعتب في نفس الوقت
الوقت",1,قبل 3 أشهر,كازابلانكا كافية و مطعم 6 أكتوبر,مطعم,google_maps
3441,"Worst playlist of music ever, i have ordered my coffee and it took around half an hour to br prepared! Also the receipt i asked for it for three times to just get it! Though the place wasn't that busy",1,قبل 9 أشهر,كازابلانكا كافية و مطعم 6 أكتوبر,مطعم,google_maps
3442,Very nice place,5,قبل 11 شهرًا,كازابلانكا كافية و مطعم 6 أكتوبر,مطعم,google_maps
3443,كويس و عنده تنوع و الحلويات طعمها حلو بس القهوة مش حلوة,4,قبل 11 شهرًا,كازابلانكا كافية و مطعم 6 أكتوبر,مطعم,google_maps
3444,من سطح وعلي قد حاله,5,قبل 3 أيام,مطعم سيتي كريب الشيخ زايد_City Crepe,مطعم كريب,google_maps
3445,ممتاز,5,قبل شهر,مطعم سيتي كريب الشيخ زايد_City Crepe,مطعم كريب,google_maps
3447,حلو نوعا ماه ولاكن اتمنى أن يكون افضل. من كده,5,قبل شهرين,مطعم سيتي كريب الشيخ زايد_City Crepe,مطعم كريب,google_maps
3448,‏جيد بس محتاج يهتم النظافة,5,قبل شهرين,مطعم سيتي كريب الشيخ زايد_City Crepe,مطعم كريب,google_maps
3449,Good,4,قبل 3 أشهر,مطعم سيتي كريب الشيخ زايد_City Crepe,مطعم كريب,google_maps
3450,طعم وخدمة ممتازة,5,قبل 3 أشهر,مطعم سيتي كريب الشيخ زايد_City Crepe,مطعم كريب,google_maps
3451,"Good place with wide variety of selections and mixes, need a bit of upgrading the quality and type of brands",4,قبل 3 أشهر,مطعم سيتي كريب الشيخ زايد_City Crepe,مطعم كريب,google_maps
3452,"Usually I am a big crepe hater, but this branch does a really good job in getting me to try it.",4,قبل 4 أشهر,مطعم سيتي كريب الشيخ زايد_City Crepe,مطعم كريب,google_maps
3454,"في غلط بالحساب يضيف زيادة عالحساب ولما  راجعنهم
لم نتوصل لحل  بالحساب
خدمة سيئة توصيل بطئء ودايما",1,قبل سنة,سوبر ماركت مؤمن وبشار رحاب 1,سوبرماركت,google_maps
3456,اسعاره اغلا من الي جنبه ب 30 جنيه تجربتي كانت بون لا انصح بتعامل معه ابد,1,قبل سنتين,سوبر ماركت مؤمن وبشار رحاب 1,سوبرماركت,google_maps
3457,معاملة سيئه,1,قبل سنتين,سوبر ماركت مؤمن وبشار رحاب 1,سوبرماركت,google_maps
3458,تأخير رهيب ومش بيردو عالتليفون,3,قبل سنتين,سوبر ماركت مؤمن وبشار رحاب 1,سوبرماركت,google_maps
3459,جيد,5,قبل سنتين,سوبر ماركت مؤمن وبشار رحاب 1,سوبرماركت,google_maps
3461,المكان نظيف جدا و كل حاجة موجودة,5,قبل 3 سنوات,سوبر ماركت مؤمن وبشار رحاب 1,سوبرماركت,google_maps
3462,ممتاز,5,قبل شهر,حاتى الجيش,مطعم مأكولات مشوية,google_maps
3463,مطعمي المفضل من ونا ٦ سنين 🥰❤️,5,قبل شهرين,حاتى الجيش,مطعم مأكولات مشوية,google_maps
3466,"We had diner here 2 times and the meal was always really delicious. Two days before we tried the  tajine (molochia and okra) and now the grilled chicken and mixed grill with vermicelli rice and pickled lemon. The staff is really kind, friendly and fast Thanx for everything! Hopefully we will meet again next year.",5,قبل 3 أشهر,حاتى الجيش,مطعم مأكولات مشوية,google_maps
3470,قرر,5,قبل 5 أشهر,حاتى الجيش,مطعم مأكولات مشوية,google_maps
3471,رز مكانش مستوي ، الكمية قليلة وكان بارد ولكن طعم المشاوي كويس,2,قبل 5 أشهر,حاتى الجيش,مطعم مأكولات مشوية,google_maps
3474,"Heya foreigners outside the Arab world. Food is expensive and can’t be eaten.  When you ask a dozen times is it beef meat or lamb meat.  You get the standard response that it’s just meat.  So they do not understand the difference between and sheep and cow.  Even after asking is it beef and telling them we don’t eat lamb, the. They say it’s beef.  Oh boy! Spent a lot of money and couldn’t eat it.",1,قبل 6 أشهر,حاتى الجيش,مطعم مأكولات مشوية,google_maps
3475,Attente de fou on a fini par partir. Rendez-moi une heure de ma vie,1,قبل 6 أشهر,حاتى الجيش,مطعم مأكولات مشوية,google_maps
3478,"Food delicious and cheap, the natural juice is very nice too",5,قبل 7 أشهر,حاتى الجيش,مطعم مأكولات مشوية,google_maps
3480,"I stayed here alone for a few nights in Cairo and felt completely safe. The hotel is right in the central business area, so everything—restaurants, cafes, cinemas, and shops—is within easy reach. The building is a bit old, and the elevator can feel a little creepy, but the rooms are clean, simple, and comfortable enough for a solo traveler.

This isn’t a high-end hotel, so it’s best to manage your expectations. That said, it’s very affordable, breakfast is included, and the staff are incredibly friendly and helpful. They also offer airport pickup and tour packages, which made exploring the city stress-free.

Overall, it’s a safe, convenient, and good-value option for anyone visiting Cairo on a budget. I would definitely stay here again!",4,قبل شهر,Golden palace Hotel,فندق,google_maps
3481,"This is nice hotel in the heart of Giza. I walked to the Citadel & the Hanging church from this hotel. The movie theater is next door & i do go see a movie. The staff of the hotel are very friendly & very helpful in organizing any tours you might want to do. I recommend going to Wadi El Hatim & the waterfall. Booking your visit to the Pyramids or the new Grand Museum through this hotel, will spare you the nightmare aggressive behavior of predatory tour companies that attack you & are 99% scams just trying to upsell you ANYTHING they can. The elevators at this hotel are very unique & cool. Breakfast is delicious & the staff are friendly.",5,قبل شهر,Golden palace Hotel,فندق,google_maps
3482,"Ottima posizione, personale molto gentile, stanza molto pulita e letto comodo. La stanza aveva anche un bel balcone! Un peccato per l’ascensore un po vecchiotto che spero in un futuro potranno migliorare, già che la condividono con il resto  dell’edificio",5,قبل شهر,Golden palace Hotel,فندق,google_maps
3483,"Surroundings are noisy. You can not take sound sleep.
But breakfast was good.",4,قبل شهرين,Golden palace Hotel,فندق,google_maps
3484,"Si on fait abstraction de l'ascenseur qui fait vraiment, mais vraiment peur, c'est parfait.
On nous a accueilli à la sortie de notre taxi, Mlle Dream nous a bien conseillée. Service attentionné.
Déjeuner inclus que nous essayerons demain matin.",5,قبل شهرين,Golden palace Hotel,فندق,google_maps
3485,"Mısır’da kaldığınız en iyi oteldi bence. Ses sevmiyorsanız çevresi aşırı gürültülü çok merkezi konumda her yere yakın. Küçük bir balkonu vardı odanın 6. Katta çok otantik akşam oturduk. Odalar temizdi nevresimler güzeldi. 4. Katta resepsiyon var, o kattan itibaren odalar başlıyor 6. Katta kaldık restorantta oradaydı. Kahvaltısı biraz vasattı ama yine çalışanlar ilgiliydi düşünmedik onu. Valizlerimizin gece geç saate kadar kalmasına müsaade ettiler. Asansörleri otantikti ama korkutucu biraz 151 yıllık.",5,قبل شهرين,Golden palace Hotel,فندق,google_maps
3486,مكان جميل وفيها العمارة من التراث القديم .. وخدمة الطاقم جميل منهم كريم .. شكرا جزيلا,4,قبل 3 أشهر,Golden palace Hotel,فندق,google_maps
3487,"Hotel jest stary ale cena super, wychodzi po 10 dolarów za dobę od osoby i to jeszcze ze śniadaniem,  jest klimatyzacja i łazienka w pokoju, dzielnica fajna I tętniącą życiem , jest gdzie pochodzić i co zjeść, obok sklepiki z dobrymi cenami.",5,قبل 3 أشهر,Golden palace Hotel,فندق,google_maps
3488,"فندق جدا بسيط ولكن ممتاز الفطور كان مميز وطاقم الخدمة جدا متعاون على راسهم الاخ انور والأخت مها وان شاء الله سوف اسكن في كل ما أزور مصر
بس ارجو يشوفون حل للاصنصير",4,قبل 4 أشهر,Golden palace Hotel,فندق,google_maps
3489,"We had a hard time finding the entrance to the hotel building. The entrance did not feel safe at all, and the whole building had a strong, unpleasant smell. It looks like there’s parking available, but there isn’t! It took us almost an hour to find a paid parking garage nearby.
The room we were given looked nothing like the photos. When we decided to leave without staying even one night, I politely asked if we could get a refund. The staff kindly told me to contact Booking, so I thought they would approve the request — but they didn’t! They charged the full amount and didn’t refund anything.
A complete disappointment — I absolutely do not recommend this place!",1,قبل 4 أشهر,Golden palace Hotel,فندق,google_maps
3490,"Nicht empfehlenswert!
Ich kann dieses Hotel leider überhaupt nicht weiterempfehlen. Schon beim Betreten fiel mir ein unangenehmer Geruch im gesamten Gebäude auf. Das Zimmer war nicht sauber, besonders Toilette und Bad waren in einem unhygienischen Zustand – weit entfernt von dem, was man auf den Bildern bei Booking.com sieht. Die Realität entspricht absolut nicht den Fotos. Für die Darstellung im Internet ist das eine Enttäuschung. Ich würde definitiv nicht noch einmal hier übernachten.",1,قبل 4 أشهر,Golden palace Hotel,فندق,google_maps
3491,بصراحه مستواي النظافة كويس جدا فعلا الموظفين بجد كويسن وبالأخص الاستاذ يوسف حسني,5,تاريخ التعديل: قبل 4 أشهر,Golden palace Hotel,فندق,google_maps
3492,"Horrible Experience – Felt Like a Haunted Hotel!
We arrived at 2 a.m. after booking through agoda for two nights, but the hotel had no record of our reservation and claimed they don’t work with agoda. After half an hour of explaining and showing proof, they said the room had leakage issues and moved us to another hotel in the middle of the night. The building itself looked like it had been abandoned for 100 years — dark, eerie, and empty. The lift was an old, manual one straight out of the 1920s, and we were taken to the fourth floor with no guard or staff around. The next morning, the other hotel kept calling us to leave and return to the first one. Overall, a terrible, stressful, and unprofessional experience. I wouldn’t recommend this place to anyone.",1,قبل 4 أشهر,Golden palace Hotel,فندق,google_maps
3493,The rooms are very cosy with a nice view however the building it is in seems a bit run down. The rooms are very clean and comfortable though,5,قبل 4 أشهر,Golden palace Hotel,فندق,google_maps
3496,"Set in the heart of Cairo town though in an old structure, this hotel has experienced and well mannered staff that ensure that the rooms remain sparkling clean. Besides, the facilities are working effectively and despite the bursting of the environment, the rooms are serene.",4,قبل 5 أشهر,Golden palace Hotel,فندق,google_maps
3497,فندق ممتاز و سيف محترم و ذوق,5,قبل 7 أشهر,Golden palace Hotel,فندق,google_maps
3498,"Good value for money, the building has its own rustic charm with elevators from old movies. Don’t expect great luxury but the staff is excellent and the breakfast is tasty. Location is downtown with noise so not for families but perfect for young people all restaurants bars and monuments are easy to reach",4,قبل 7 أشهر,Golden palace Hotel,فندق,google_maps
3499,مافي اي احترام للنزلاء,1,قبل 7 أشهر,Golden palace Hotel,فندق,google_maps
3501,Highly recommended and thank you for everything starting from hosting and welcoming tell the most intelligent doctors I have seen I have tried 3 different doctors and all of them are really great love you everyone there 😍❤️❤️,5,قبل يوم واحد,Nouvel Age Aesthetic Clinics Cairo Festival City Mall Branch - عيادات نوفيلاج للتجميل و الليزر فرع كايرو فستيفال سيتى مول,عيادة طبية,google_maps
3502,It was a very bad experience and the doctors are not professionals at all I don’t recommend this place at all,1,قبل يوم واحد,Nouvel Age Aesthetic Clinics Cairo Festival City Mall Branch - عيادات نوفيلاج للتجميل و الليزر فرع كايرو فستيفال سيتى مول,عيادة طبية,google_maps
3503,Very unprofessional and leaves burns,1,قبل يومين (2),Nouvel Age Aesthetic Clinics Cairo Festival City Mall Branch - عيادات نوفيلاج للتجميل و الليزر فرع كايرو فستيفال سيتى مول,عيادة طبية,google_maps
3504,"I don't recommend nouvel age at all. They have a disgusting service. They burned me during lazer and now I have white spots all over my leg, they didn’t even care about it or bother to follow up as if it wasn't their fault and they speak to us in a very rude way, they don't want to even help. Their doctors are not trained, not qualified, and not professional at all. I told the doctor before i got in that if she cant do on my skin type she doesn't have to but she kept telling me no of course i wont if i cant w i will take care. Turns out the she was using the wrong machine aslan. Fa they are hiring unprofessional doctors that aren’t even trained they don't even know which machine they should use.",1,قبل يومين (2),Nouvel Age Aesthetic Clinics Cairo Festival City Mall Branch - عيادات نوفيلاج للتجميل و الليزر فرع كايرو فستيفال سيتى مول,عيادة طبية,google_maps
3505,I do not recommend. I had a disappointing experience at this clinic. I wouldn’t recommend this clinic.,1,قبل يومين (2),Nouvel Age Aesthetic Clinics Cairo Festival City Mall Branch - عيادات نوفيلاج للتجميل و الليزر فرع كايرو فستيفال سيتى مول,عيادة طبية,google_maps
3506,"I do not recommend nouvel clinc at ALL. The staff is extremely unprofessional, and the service is even worse. They treat customers with disrespect, coldness, and bitterness, even during serious matters. For your own sake do not go",1,قبل يومين (2),Nouvel Age Aesthetic Clinics Cairo Festival City Mall Branch - عيادات نوفيلاج للتجميل و الليزر فرع كايرو فستيفال سيتى مول,عيادة طبية,google_maps
3508,"The best experience I've ever had😍
Professional doctors and the staff was very welcoming and helpful",5,قبل 3 أسابيع,Nouvel Age Aesthetic Clinics Cairo Festival City Mall Branch - عيادات نوفيلاج للتجميل و الليزر فرع كايرو فستيفال سيتى مول,عيادة طبية,google_maps
3509,"One of the best experiences I’ve had
Professional staff, excellent service, and great attention to detail.
Highly recommended!",5,قبل 3 أسابيع,Nouvel Age Aesthetic Clinics Cairo Festival City Mall Branch - عيادات نوفيلاج للتجميل و الليزر فرع كايرو فستيفال سيتى مول,عيادة طبية,google_maps
3511,"Amazing service at nouvelage! Pilot staff, very helpful, clean and hygienic place. Dr Sandra made me feel so comfortable 🥰. She is a professional! Highly reccomend !",5,قبل 3 أسابيع,Nouvel Age Aesthetic Clinics Cairo Festival City Mall Branch - عيادات نوفيلاج للتجميل و الليزر فرع كايرو فستيفال سيتى مول,عيادة طبية,google_maps
3512,"Honestly the most unprofessional and disrespectful clinic I have dealt with. I had an appointment, to my surprise there were three customers delayed before me, because they overbooked and the receptionists were misleading, so I ended up waiting for 2 hours and did nothing. Following week, the same thing happened. They tend to overbook and you always wait 1+ hours with misleading updates from the reception.",1,قبل 3 أسابيع,Nouvel Age Aesthetic Clinics Cairo Festival City Mall Branch - عيادات نوفيلاج للتجميل و الليزر فرع كايرو فستيفال سيتى مول,عيادة طبية,google_maps
3515,Very professional 🥰🥰 and special thanks to dr hadeer ❤️,5,قبل شهر,Nouvel Age Aesthetic Clinics Cairo Festival City Mall Branch - عيادات نوفيلاج للتجميل و الليزر فرع كايرو فستيفال سيتى مول,عيادة طبية,google_maps
3516,Dr asmaa is the best w el branch very clean very helpful stuff highly recommended,5,قبل شهر,Nouvel Age Aesthetic Clinics Cairo Festival City Mall Branch - عيادات نوفيلاج للتجميل و الليزر فرع كايرو فستيفال سيتى مول,عيادة طبية,google_maps
3517,The place was clean and the service was excellent. Thank you to the reception staff and Dr. Sarah.,5,قبل شهر,Nouvel Age Aesthetic Clinics Cairo Festival City Mall Branch - عيادات نوفيلاج للتجميل و الليزر فرع كايرو فستيفال سيتى مول,عيادة طبية,google_maps
3518,I enjoyed my visit. The staff were lovely and dr sara was very nice❤️.,5,قبل شهر,Nouvel Age Aesthetic Clinics Cairo Festival City Mall Branch - عيادات نوفيلاج للتجميل و الليزر فرع كايرو فستيفال سيتى مول,عيادة طبية,google_maps
3520,Worst laser experience!! I got burned not professional at all. I even got back to Dr. Nada and she replied it’s normal it’s just 1st degree burns!!! I’m truly shocked by the terrible service.,1,قبل شهر,Nouvel Age Aesthetic Clinics Cairo Festival City Mall Branch - عيادات نوفيلاج للتجميل و الليزر فرع كايرو فستيفال سيتى مول,عيادة طبية,google_maps
3521,Satisfied! Dr. Dareen is very welcoming and makes things super easy.,5,قبل شهر,Nouvel Age Aesthetic Clinics Cairo Festival City Mall Branch - عيادات نوفيلاج للتجميل و الليزر فرع كايرو فستيفال سيتى مول,عيادة طبية,google_maps
3524,Love the haircut,5,قبل 10 ساعات,Hika salon,صالون حلاقة,google_maps
3525,"A barber with European standard. Top tier service top tier cut, clean shop, great staf. Worth it 100 %",5,قبل 3 أيام,Hika salon,صالون حلاقة,google_maps
3527,Very professional and friendly. They really care about your comfort and satisfaction,4,قبل 5 أيام,Hika salon,صالون حلاقة,google_maps
3528,المكان عجيب ونظيف والي يشتغلون شذاااار نانا اول مره تجربه وماتخيلت برافو .. الي حلقلي  عمرو شاطر والساق الباجي إسلام واوسي اهتمااام ممتاز,5,قبل أسبوع,Hika salon,صالون حلاقة,google_maps
3529,"Very nice place , friendly staff , best hair cut I got in Cairo in years",5,قبل أسبوع,Hika salon,صالون حلاقة,google_maps
3530,شكرا للأخ إسلام و الاخ سيف,5,قبل أسبوعين,Hika salon,صالون حلاقة,google_maps
3531,شباب فنانين ✨🤙🏾,5,قبل أسبوعين,Hika salon,صالون حلاقة,google_maps
3532,. شباب طيبين اوي.  احسن حلاقين في القاهرة,5,قبل أسبوعين,Hika salon,صالون حلاقة,google_maps
3533,"ممكن اروح احلق عند محمد الصغير احسن غلى السعر مره واحده الضعف  بدون اى داعى و المكان ميستاهلش
السعر دا خالص",3,قبل أسبوعين,Hika salon,صالون حلاقة,google_maps
3534,Top class service.,5,قبل أسبوعين,Hika salon,صالون حلاقة,google_maps
3535,"Thank you Amr for the amazing haircut.
Professional, precise, and great vibe. Highly recommended",5,قبل 3 أسابيع,Hika salon,صالون حلاقة,google_maps
3536,I had an amazing experience at Hika Salon. They delivered on exactly what I asked. They were very professional and welcoming. The barbershop was very clean. They took their time cutting my hair. I had a straight razor shave that came out really nice. They even waxed right under my eyes. They washed and styled it for me and at a very very good price. Over all I would highly recommend them to anyone. Thank you guys!,5,قبل شهر,Hika salon,صالون حلاقة,google_maps
3537,بجد كويسين اوي ومحترمين جدا,5,قبل شهر,Hika salon,صالون حلاقة,google_maps
3538,ممتاز جداً,5,قبل شهر,Hika salon,صالون حلاقة,google_maps
3539,شغل جميل ومرتب,5,قبل شهر,Hika salon,صالون حلاقة,google_maps
3540,Super Barber aux petits soins. Merci à Manssy pour le travail. Continuez comme ça. À bientôt ;),5,قبل شهر,Hika salon,صالون حلاقة,google_maps
3541,Une super equipe ! J'ai passé un bon moment,5,قبل شهر,Hika salon,صالون حلاقة,google_maps
3542,"المكان جميل ورايق والحلاقة جدا جميلة
اشكر الطاقم على أداءهم وتعاملهم الراقي
يستاهلو الزيارة",5,قبل شهر,Hika salon,صالون حلاقة,google_maps
3543,2週間に一度くらいのペースで通っています。　フレンドリーで技術も確か。,5,قبل شهر,Hika salon,صالون حلاقة,google_maps
3544,The best salon with wonderful staff!,5,قبل شهر,Hika salon,صالون حلاقة,google_maps
3545,شغال بس مش واو,1,قبل شهر,Hika salon,صالون حلاقة,google_maps
3546,خدمه ممتازه صراحه,5,قبل شهر,Hika salon,صالون حلاقة,google_maps
3547,افضل تعامل واسلوب وشكرا للاخ اسلام والحلاق شريف فنان ويده حلوه,5,قبل شهر,Hika salon,صالون حلاقة,google_maps
3548,اكل حلو و اجوا فرحه و بهجه في رمضان,5,قبل 6 أيام,مشويات الرايق,مطعم,google_maps
3549,اكثر من رائع 🤩,5,تاريخ التعديل: قبل شهرين,مشويات الرايق,مطعم,google_maps
3550,جميل جدا,5,قبل 3 أشهر,مشويات الرايق,مطعم,google_maps
3551,مكان رائع جدا,5,قبل 3 أشهر,مشويات الرايق,مطعم,google_maps
3552,"اهم شيء...
. ارجو الاطمئنان علي الحاج حمدي.
واسال الله له  الشفاء العاجل لا يغادر سقما.. وموفور الصحة....
.. يارب ونحن وقت السحر اسالك فاستجب لي. سبحانك القدير..
سيد البوشي..",1,قبل 4 أشهر,مشويات الرايق,مطعم,google_maps
3553,"الرايق من أقدم محلات للمشويات في حدائق المعادي .. الاكل كان تحفة .. الكفتة طعمها كان حلو اوي تتاكل لوحدها .. الطرب طعمه مميز بردو بس لما يستوي كويس اوي .. الفراخ معظمها شواية تتبيلة محترمة اوي .. أما البروست السباسي مش سباسي اوي بس كطعم المشويات طعمها احلي بكتير .. المكان نفسه صغير حوالي ٣ ترابيزات .. الاكل نضيف بس كل حاجة بفلوس الطحينة و السلطة .  لازم تتطلب ميه سلطة ""ويسكي"" علشان تنزلك.. اسعار الاكل بالنسبة للجودة و الطعم ممتازة .. الخدمة مكنتش احسن حاجة بس كده دي كل التجربة في المكان جربته اكتر من مرة مفيش مرة بصراحة الاكل كان وحش",4,قبل 4 أشهر,مشويات الرايق,مطعم,google_maps
3558,Very carefully and friendly ❤️❤️❤️,5,قبل يومين (2),Dental Care Clinic - Dr. Tarek Moustafa,طبيب أسنان,google_maps
3559,"It was a great visit, Dr. Youssef Mustafa was very capable and friendly",5,قبل يومين (2),Dental Care Clinic - Dr. Tarek Moustafa,طبيب أسنان,google_maps
3562,ممتاز والانفكشن ممتاز,5,قبل 4 أيام,Dental Care Clinic - Dr. Tarek Moustafa,طبيب أسنان,google_maps
3563,Dr Tareq is a professional professor who has a lot of experience in the Dental treatment that make it easy,5,قبل 4 أيام,Dental Care Clinic - Dr. Tarek Moustafa,طبيب أسنان,google_maps
3564,"Good carrying place good customer service
And amazing service",5,قبل 5 أيام,Dental Care Clinic - Dr. Tarek Moustafa,طبيب أسنان,google_maps
3565,"The experience was great
Dr Tarek is the best",5,قبل 5 أيام,Dental Care Clinic - Dr. Tarek Moustafa,طبيب أسنان,google_maps
3566,"Best dr ever , great service ,Top cleanliness",5,قبل 5 أيام,Dental Care Clinic - Dr. Tarek Moustafa,طبيب أسنان,google_maps
3567,Best endo and crown doctor ever. Nada at the front desk is very helpful,5,قبل 5 أيام,Dental Care Clinic - Dr. Tarek Moustafa,طبيب أسنان,google_maps
3568,Thank u so much doc. Tarek for your hands 😍,5,قبل 6 أيام,Dental Care Clinic - Dr. Tarek Moustafa,طبيب أسنان,google_maps
3570,كل سنه وانت طيب يادكتور طارق وشكرا جزيلا وشكرا جزيلا لدكتور محمد ناصر وشكرا لكل الناس الاصطف اللي شغالين ف العياده واتمني ليكم الافضل دايما والتقدم,5,قبل أسبوع,Dental Care Clinic - Dr. Tarek Moustafa,طبيب أسنان,google_maps
3572,دكتور ممتاز ومكان نضيف واجهزة حديثة والريسبشن زوق جداً,5,قبل أسبوع,Dental Care Clinic - Dr. Tarek Moustafa,طبيب أسنان,google_maps
3573,"I had an excellent experience at this clinic! The care I received was outstanding, and I highly recommend it to anyone in need of dental services. Dr. Tarek is truly the best dentist in Cairo. Thank you for the wonderful service!",5,قبل أسبوع,Dental Care Clinic - Dr. Tarek Moustafa,طبيب أسنان,google_maps
3577,"Very professional, on time and everything is super clean.",5,قبل أسبوعين,Dental Care Clinic - Dr. Tarek Moustafa,طبيب أسنان,google_maps
3579,Great,5,قبل أسبوعين,Dental Care Clinic - Dr. Tarek Moustafa,طبيب أسنان,google_maps
3580,الحمدلله تجرّبه كويسه عند دكتور للاطفال عموما,5,قبل أسبوعين,Dental Care Clinic - Dr. Tarek Moustafa,طبيب أسنان,google_maps
3582,"دكتور جميل وشاطر اوي
ارتحنا جدا معاه و بجد بيفهم المريض على كل حاجة بضمير 🤩",5,قبل أسبوعين,Dental Care Clinic - Dr. Tarek Moustafa,طبيب أسنان,google_maps
3583,احلا دكتور في الدنيا,5,قبل أسبوعين,Dental Care Clinic - Dr. Tarek Moustafa,طبيب أسنان,google_maps
3584,أعلى رعايه طبيه,4,قبل أسبوعين,مستشفى قصر العيني التعليمي الجديد,مستشفى,google_maps
3585,محتاج جدول عيادات الصدر ضرورى,5,قبل شهر,مستشفى قصر العيني التعليمي الجديد,مستشفى,google_maps
3589,مستشفى القصر العيني تقع في منطقة المنيل على الكورنيش وهي مستشفى جامعي على أعلى مستوى بها كل التخصصات,5,قبل 3 أشهر,مستشفى قصر العيني التعليمي الجديد,مستشفى,google_maps
3590,Very bad place,1,قبل 4 أشهر,مستشفى قصر العيني التعليمي الجديد,مستشفى,google_maps
3591,جيده جدا,5,قبل 4 أشهر,مستشفى قصر العيني التعليمي الجديد,مستشفى,google_maps
3592,مستشفى تعليمي لجامعة القاهرة,4,قبل 6 أشهر,مستشفى قصر العيني التعليمي الجديد,مستشفى,google_maps
3594,الناس دي الف الف,5,قبل 4 أشهر,ابوحسن السوري,مطعم شاورما,google_maps
3596,❤️💪,5,قبل 4 أشهر,ابوحسن السوري,مطعم شاورما,google_maps
3597,❤️💪اجمل شوريما ف عين شمس و احسن ناس والله و و ف كميه الاحترام,5,قبل 4 أشهر,ابوحسن السوري,مطعم شاورما,google_maps
3599,❤️💪 احسن محل سوري و الخدمه فوق الممتازه و الناس محترمه اوي,5,قبل 4 أشهر,ابوحسن السوري,مطعم شاورما,google_maps
3600,"❤️💪 احسن محل سوري في عزبه النخل وعين شمس
والاداره محترمه جدا الناس في قمه الذوق والاحترام❤️💪",5,قبل 4 أشهر,ابوحسن السوري,مطعم شاورما,google_maps
3603,مش نظيف والاكل زفر,1,قبل 5 أشهر,ابوحسن السوري,مطعم شاورما,google_maps
3604,النظافه معدومه,1,قبل 5 أشهر,ابوحسن السوري,مطعم شاورما,google_maps
3605,ابو حسن السوري ملك الشاورما,5,تاريخ التعديل: قبل 6 أشهر,ابوحسن السوري,مطعم شاورما,google_maps
3606,الاكل فعلا وحش و بايت و التوميه جايه بايظه و حمضانه اول و اخر مره اجربه و اسوء اكل فعلا,1,قبل 7 أشهر,ابوحسن السوري,مطعم شاورما,google_maps
3609,Vue superbe et deco sympa mais cuisine tres moyenne pour prix cher. Je pensais que ce serait plus raffiné.,3,قبل يوم واحد,Zeeyara Moez,مطعم,google_maps
3610,Ristorante con buffet di qualità medio alta. Grande varietà di verdure e carne. Servizio buono.,4,قبل يومين (2),Zeeyara Moez,مطعم,google_maps
3611,Brilliant atmospheric Riad in the heart of the old Islamic quarter. A great experience.,5,قبل يومين (2),Zeeyara Moez,مطعم,google_maps
3612,Best food we‘ve eaten in egypt! Very much recommended.,5,قبل 3 أيام,Zeeyara Moez,مطعم,google_maps
3613,Best downtown Cairo experience for sure! The food is amazing and service is beyond! Ask for Ahmed Wahba at the restaurant he’s the best they have,5,قبل 3 أيام,Zeeyara Moez,مطعم,google_maps
3614,"Bellissima esperienza, consiglio la prenotazione, in quanto sempre super affollato! E il motivo è che è il top!",5,قبل 4 أيام,Zeeyara Moez,مطعم,google_maps
3615,"Απολαύσαμε ένα εξαιρετικό γεύμα στο Zeeyara, αφού ολοκληρώσαμε τη βόλτα μας στην αγορά. Το εστιατόριο βρίσκεται στην ταράτσα του Le Riad Hotel de Charme και παρέχει θέα στο ισλαμικό Κάιρο. Είναι πεντακάθαρο και το προσωπικό είναι γρήγορο και ευγενικό.

Δοκιμάσαμε, μεταξύ άλλων τα εξής:
Το fattah bil mouza ήταν πολύ καλό, ειδικά το crispy ψωμί που έχει στη βάση.
Τα mombar και kebbab tajin ήταν πολύ εύγευστα.
Το rice camel kofta έχει ωραία σάλτσα, αλλά ο κεφτές ήταν ""λαστιχένιος"".
Γενικό τιπ: αποφύγετε την μπίρα χωρίς αλκοόλ Birell. Είναι από τις χειρότερες που έχω δοκιμάσει.

Οι τιμές είναι αυξημένες για τα δεδομένα της πόλης.",5,قبل 5 أيام,Zeeyara Moez,مطعم,google_maps
3616,"Absolutamente perfecto. Sitio muy bonito, en una azotea con vistas sobre Al muiz. Limpieza total, y buen servicio. Y la comida, casi todo especialidades egipcias, buenísima. El duck pie muy bueno, el hummus también y lo mejor el postre Zeeyara pie, para llorar de rico. Y a precios (para turistas) muy baratos.",5,قبل 5 أيام,Zeeyara Moez,مطعم,google_maps
3617,Un très joli restaurant avec roof top qui propose de délicieuses spécialités égyptiennes. Joli décor et excellent service.,5,قبل أسبوع,Zeeyara Moez,مطعم,google_maps
3618,Platos interesantes si quieres probar pigeon y camello.. la terraza es agradable.. y lo más importante es un sitio limpio y con buen servico.,5,قبل أسبوع,Zeeyara Moez,مطعم,google_maps
3619,Très bon et copieux,5,قبل أسبوع,Zeeyara Moez,مطعم,google_maps
3620,"The restaurant was a bit of a let down. The reviews were good, but the food was nothing special, classic touristy food.
The service was a bit careless (let’s say distracted). The views from the rooftop were lovely, but I was hoping for a better experience in terms of food. Personally, a disappointment for me.",3,قبل أسبوع,Zeeyara Moez,مطعم,google_maps
3621,"Prachtige locatie, goed eten en ontzettend attente mensen.",5,قبل أسبوعين,Zeeyara Moez,مطعم,google_maps
3622,Fantástico!! Éramos un grupo y por 15€ cada uno comimos muy bien.,5,قبل أسبوعين,Zeeyara Moez,مطعم,google_maps
3623,"A rather pretentious place on the top floor of a building with an interesting interior, nice view from the terrace, polite staff, but, unfortunately, completely tasteless food. We ordered chicken mesahab, camel meat kofta, grape leaves, lentil soup, and mango fresh. As a result, only the fresh and soup were good. The chicken was tasteless, dry and cold, and the kofta was simply rubbery. In addition, waited about 40 minutes for our order. I absolutely see no merit in this place, the price-quality ratio is the lowest of all our experiences in restaurants in Cairo and Giza… In general, visiting is not recommended.",2,قبل أسبوعين,Zeeyara Moez,مطعم,google_maps
3624,Great food with an amazing view. Great way to dine. Wahba provided great service to us and gave excellent recommendations.,5,قبل أسبوعين,Zeeyara Moez,مطعم,google_maps
3625,"Mi novio y yo somos mexicanos y visitamos su restaurante, ell@s fueron muy amables, su comida y bebida fue muy buena y su ubicación es extraordinaria,  la calle donde se encuentra parece un cuento de Alí Babe..",5,قبل أسبوعين,Zeeyara Moez,مطعم,google_maps
3626,"Food was excellent, service was prompt and the alfresco dinning view was good.",5,قبل أسبوعين,Zeeyara Moez,مطعم,google_maps
3627,Great atmosphere abdelrahman was such a great chef the service is great and salad so fresh .some how they don’t great you with a smile,5,قبل شهرين,مطعم شوجان,مطعم مأكولات يابانية,google_maps
3628,VERY VERY BAD EXPERIENCE!!!!!!!!,1,قبل 3 أشهر,مطعم شوجان,مطعم مأكولات يابانية,google_maps
3629,"I'm not a beef person at all, but I had the best tenderloin of my entire life 🫠❤️ I didn’t get the chance to know the chef’s name, but he was super decent and nice

He did everything to perfection with a great teppanyaki show….I’ll definitely come again! 💕",5,قبل 3 أشهر,مطعم شوجان,مطعم مأكولات يابانية,google_maps
3630,Very nice experience,5,قبل 3 أشهر,مطعم شوجان,مطعم مأكولات يابانية,google_maps
3631,The food was so bad and had no taste for a place that pricey. Wonton soup had no flavor and the noodles were so mid it tasted like foodcourt noodles. Also the salmon dish was so basic.,1,قبل 4 أشهر,مطعم شوجان,مطعم مأكولات يابانية,google_maps
3632,Chef abdallah is the best,5,قبل 4 أشهر,مطعم شوجان,مطعم مأكولات يابانية,google_maps
3633,"Amazing experience.
We were celebrating our anniversary. We ordered Ogosho from the Teppanyaki set menu the food was amazing and the tenderloin was perfectly cooked (medium well). We had a mesmerizing show from Chef Ahmed. What elevated our experience was the attentiveness of the maître d'hôtel Hazem. Overall the best experience and food you can ever have but it's on the pricy side.",5,قبل 4 أشهر,مطعم شوجان,مطعم مأكولات يابانية,google_maps
3634,环境很好，服务很好，但作为日本菜味道一般般。,4,قبل 5 أشهر,مطعم شوجان,مطعم مأكولات يابانية,google_maps
3636,"Amazing intimate place to take a loved one, staffed is extremely friendly, food is top notch, and the chef gave us a delicious complementary desert. 10/10",5,قبل 5 أشهر,مطعم شوجان,مطعم مأكولات يابانية,google_maps
3637,"مطعم داخل فندق الانتركونتيننتال
الاجواء و الاكل لذيذ وفريش
اخذنا عرض مع العشاء
يشكر الشيف عبدالله كل شي لذيذ ومضبوط
لنا عودة باذن الله انصح بالمطعم 👍🏻",5,قبل 5 أشهر,مطعم شوجان,مطعم مأكولات يابانية,google_maps
3638,"Cairo’s most reliable sushi restaurant never disappoints. Fresh fish, excellent cooked options, and informed, attentive service all make for a very pleasant evening. It’s far from the cheapest option in the city, but there are afew restaurants of any kind that are better looking, more serene, and generally all around enjoyable.",5,تاريخ التعديل: قبل 6 أشهر,مطعم شوجان,مطعم مأكولات يابانية,google_maps
3639,"Located on the basement level (B1) of the InterContinental Hotel, this restaurant is on the pricier side, as you’d expect from a hotel dining venue. I found the sushi and nigiri to be better than the rolls. The regular donburi came with generous portions. Overall, it was a good experience.",5,قبل 7 أشهر,مطعم شوجان,مطعم مأكولات يابانية,google_maps
3640,"It’s was amazing,unreal show and food",5,قبل 7 أشهر,مطعم شوجان,مطعم مأكولات يابانية,google_maps
3641,"Très bon restaurant, service impeccable et personnel très aimable",5,قبل 7 أشهر,مطعم شوجان,مطعم مأكولات يابانية,google_maps
3642,Food and hospitality was amazing very professional and sushi is awesome 🥰🌹,5,قبل 7 أشهر,مطعم شوجان,مطعم مأكولات يابانية,google_maps
3643,Sea food was good. Tapenyaki was different but still ok,4,قبل 9 أشهر,مطعم شوجان,مطعم مأكولات يابانية,google_maps
3644,The service and the chef Ahmed mokhtar are amazing,5,قبل 9 أشهر,مطعم شوجان,مطعم مأكولات يابانية,google_maps
3645,ご飯も美味しかったです。,5,قبل 9 أشهر,مطعم شوجان,مطعم مأكولات يابانية,google_maps
3646,点了寿司乌冬面鳗鱼饭 都很一般 尤其寿司很不好吃 价格还很贵 乌冬面不如说是拉面味道很一般 也没吃完 鳗鱼饭还行 服务也还可以,3,قبل 10 أشهر,مطعم شوجان,مطعم مأكولات يابانية,google_maps
3647,La comida estaba muy rica,5,قبل 10 أشهر,مطعم شوجان,مطعم مأكولات يابانية,google_maps
3648,Very good restaurant.,5,قبل 10 أشهر,مطعم شوجان,مطعم مأكولات يابانية,google_maps
3649,الورق عنب وصلني خربان وريحته طالعة للاسف و البيتزا طعم الخميرة فيها ياليتني ما طلبت,1,قبل شهر,المخبز اللبناني,مطعم بيتزا,google_maps
3650,"Not professional, Extremely bad service",1,قبل شهر,المخبز اللبناني,مطعم بيتزا,google_maps
3652,المناقيش حلوة اوي,5,قبل شهرين,المخبز اللبناني,مطعم بيتزا,google_maps
3653,طعم جميل جدا جدا جدا جدا,5,تاريخ التعديل: قبل شهرين,المخبز اللبناني,مطعم بيتزا,google_maps
3654,لذيذ,5,قبل شهرين,المخبز اللبناني,مطعم بيتزا,google_maps
3657,Very good quality it’s wow. Better for food pickup,5,قبل 3 أشهر,المخبز اللبناني,مطعم بيتزا,google_maps
3661,فطور مميز انصح الجميع بتذوق الطعام اللذيذ,5,قبل 3 أشهر,المخبز اللبناني,مطعم بيتزا,google_maps
3662,"It’s not clean, there’s cat getting in the restaurant. It’s small and overcrowded…not a pleasant experience.",2,قبل 12 ساعة,مطعم الدهان,مطعم مأكولات مشوية,google_maps
3664,"I wish i could give negative stars.

They charged us 10% for paying by credit card and gave us mediocre quality food.

Its a scam to tourists. Would not recommend.

Also, they kept us there by force until we agreed to pay the 10% fee and the 14% VAT/service charge which was also a scam.",1,قبل أسبوعين,مطعم الدهان,مطعم مأكولات مشوية,google_maps
3665,الاكل سئ جدا,1,تاريخ التعديل: قبل أسبوعين,مطعم الدهان,مطعم مأكولات مشوية,google_maps
3666,Sollte man unbedingt meiden! Empfang war sehr freundlich aber die Speisen sind völlig überteuert. Das Fleisch war quasi ungenießbar und es wurde ohne Bestellung Reis dazu geliefert und auch verrechnet. Am Ende wurden noch fette 20% Service Gebühr dazu gerechnet und auf das Restgeld wurde großzügig vergessen!,2,قبل 3 أسابيع,مطعم الدهان,مطعم مأكولات مشوية,google_maps
3667,مش بطال,3,قبل شهر,مطعم الدهان,مطعم مأكولات مشوية,google_maps
3668,"Excellent, freshly grilled food, though the wait was long.
Atmosphere is wonderful.
😡Payment in cash only,so you should be prepared,very uncomfortable.
😡Expensive.
😡Rude waiter demanding his tips...",3,قبل شهر,مطعم الدهان,مطعم مأكولات مشوية,google_maps
3669,لا بأس,5,قبل شهر,مطعم الدهان,مطعم مأكولات مشوية,google_maps
3673,الاكل سئ جدااااا والخدمه زباله وملوش اي علاقه بالدهان,1,قبل شهر,مطعم الدهان,مطعم مأكولات مشوية,google_maps
3674,رائع,5,قبل شهر,مطعم الدهان,مطعم مأكولات مشوية,google_maps
3676,جيده,5,قبل شهر,مستشفى الحسين التخصصي,مستشفى جامعي,google_maps
3677,ذكرياتها وحشه معايا,4,قبل شهر,مستشفى الحسين التخصصي,مستشفى جامعي,google_maps
3678,خدمه سئ,5,قبل شهر,مستشفى الحسين التخصصي,مستشفى جامعي,google_maps
3681,خدمه جيده,5,قبل 3 أشهر,مستشفى الحسين التخصصي,مستشفى جامعي,google_maps
3682,خدمه طبية جيده,5,قبل 3 أشهر,مستشفى الحسين التخصصي,مستشفى جامعي,google_maps
3684,المستشفي مستواها طبيا ممتازه جدا جدا والتمريض في قمه الزوق والاحترام لاكن موظفين الامن النسائي غير محترمين علي الطلاق وفي قمه قله الزوق والتحضر وبيعاملوا المرضي بشكل سئ جدا كأننا بنشحت وبسببهم وعدم التزامهم كموظفين امن خارج عن نطاق التكضر والادميه والادب هيكون مستوي المستشفي سئ جدا لانهم واجهه للمستشفي ولابد من المتابعه المستمره علي سلوكيات هؤلاء الموظفين الخارجين عن نطاق الادب والاخلاق,1,قبل 4 أشهر,مستشفى الحسين التخصصي,مستشفى جامعي,google_maps
3685,Good,5,قبل 5 أشهر,مستشفى الحسين التخصصي,مستشفى جامعي,google_maps
3687,"احلي ندي
حقيقي 🤍♥🙏",5,قبل أسبوع,كوافير ندى,صالون تجميل,google_maps
3688,تنضيف بشره واستشوار,5,قبل أسبوع,كوافير ندى,صالون تجميل,google_maps
3690,حلو اوي,5,قبل 3 أسابيع,كوافير ندى,صالون تجميل,google_maps
3692,So good and gentle with hair,5,قبل شهر,كوافير ندى,صالون تجميل,google_maps
3695,Nada is so sweet kind and funny! It’s truly a joy to come here.,5,قبل شهر,كوافير ندى,صالون تجميل,google_maps
3697,"Coiffeuse très gentille 🙂
📍Salon situé au premier étage de la résidence
✅️ Excellent rapport qualité prix
🔹️Prestations supplémentaires : épilation des sourcils et tatouage au henné 🔹️
Je recommande à 💯 %",5,قبل شهر,كوافير ندى,صالون تجميل,google_maps
3698,"I visited l for a nail appointment and I couldn’t be happier. The place was clean, the staff was super friendly, and the attention to detail was amazing. My nails turned out perfect and lasted beautifully. Definitely coming back!",5,قبل شهر,كوافير ندى,صالون تجميل,google_maps
3699,I got my hair done in 20 minutes 😍😍 with nada she was so friendly and nice 🥰🥰 highly recommended..🤩,4,قبل شهر,كوافير ندى,صالون تجميل,google_maps
3700,مكان مريح وندى شاطره بجد وسريعه وبتنجزني,5,قبل شهر,كوافير ندى,صالون تجميل,google_maps
3706,ندى بكل صراحة كانت في المستوى و النصيحة في محلها يعني العمل بتاعها بذمة و اماك حبيييت انا وبنتي,5,قبل شهرين,كوافير ندى,صالون تجميل,google_maps
3707,I just wanted something quick and a fresher hair look. Found good reviews on this place and took a chance! I recommend it. She’s a good hair dresser at the whole experiment was amazing. Thank you,5,قبل شهرين,كوافير ندى,صالون تجميل,google_maps
3708,شغل مزيان برشا 🥰,5,قبل شهرين,كوافير ندى,صالون تجميل,google_maps
3709,Nada was very nice and helped me get a manicure as a tourist! She even offered me coffee while I waited at the end 💞,5,قبل شهرين,كوافير ندى,صالون تجميل,google_maps
3711,"I got a haircut and threading done here today. The lady was very welcoming, gave me a very fair price, and did the job very professionally. Her salon was very clean and she was very good at her job. Thank you so much, 1000% will come again next time I am in Egypt.",5,قبل شهرين,كوافير ندى,صالون تجميل,google_maps
3712,شغل رائع ومعاملة راقية جدا انصح بشدة,5,قبل شهرين,كوافير ندى,صالون تجميل,google_maps
3713,Mükemmel bir yemekti. King Fish süperdi. Om Ali de çok lezzetliydi. Sevgili Su chefimiz Muhammed Shawki masaya kadar gelip bize permaklarımızı yedirten lime butter shrimp'in tarifini verdi.,5,قبل 6 ساعات,Tenaya Riverside Dining,مطعم,google_maps
3714,"Tenaya is truly one of the best restaurants in Cairo.
The Nile view is absolutely stunning, especially at sunset.
The atmosphere is elegant, relaxing, and perfect for a special evening.
The service is outstanding and the staff are very friendly, attentive, and professional.
The food is delicious and beautifully presented.
I highly recommend Tenaya for anyone looking for a memorable dining experience.",5,قبل 21 ساعة,Tenaya Riverside Dining,مطعم,google_maps
3715,"The loaction, the service, the greeting on the door. All are amazing especially the staff.",5,قبل يوم واحد,Tenaya Riverside Dining,مطعم,google_maps
3716,"Korean burger dramatically bad, mombar too dry, .
Carpaccio Fish,
Curry, soups very good",3,قبل أسبوع,Tenaya Riverside Dining,مطعم,google_maps
3717,Iftar was nice and service is very good,5,قبل أسبوع,Tenaya Riverside Dining,مطعم,google_maps
3718,"El sitio es espectacular, las vistas preciosas y el personal atento y agradable. Muy contentos con el servicio de Ahmeed khaled",5,قبل أسبوع,Tenaya Riverside Dining,مطعم,google_maps
3719,"Iftar buffet was Rich,  the food was tasty, with premium service.
Overall Ramadan atmosphere was great
I recommend everyone to try it .",5,قبل أسبوعين,Tenaya Riverside Dining,مطعم,google_maps
3720,الڤيو جامد والخدمة ممتازة,5,قبل أسبوعين,Tenaya Riverside Dining,مطعم,google_maps
3721,Очень хороший ресторан💫,5,قبل أسبوعين,Tenaya Riverside Dining,مطعم,google_maps
3722,مكان اكثر من رآئع و الطعام ممتاز جداً و الخدمه مميزة,5,قبل أسبوعين,Tenaya Riverside Dining,مطعم,google_maps
3723,All is perfect and then the staff were very helpful and friendly. Thank you ahmed Khaled and all the team,5,قبل أسبوعين,Tenaya Riverside Dining,مطعم,google_maps
3724,"Consider this a permanent warning: never visit this restaurant. From start to finish the experience was unprofessional and disrespectful. Orders arrived wrong, dishes came cold, requests were answered with impatience or ignored, and management did nothing to remedy the situation. For the rates on the menu this is inexcusable — you pay top-tier prices and receive shabby treatment and poor value. I left angry and regretful, and I will actively tell friends and family to avoid this place indefinitely. Do not be tempted by the view or the photos online; the moment you walk through the door you risk a ruined evening and money wasted.",1,قبل أسبوعين,Tenaya Riverside Dining,مطعم,google_maps
3725,"If you value your time, money and dignity do not go here. The combination of subpar food, shockingly bad service and arrogant staff creates one of the worst dining experiences I have had. Requests were ignored, mistakes were not corrected, and the team showed zero accountability. Paying high prices for this level of negligence is unacceptable. The location and atmosphere cannot compensate for the contempt shown to guests. This establishment should not be supported; I urge everyone who reads this to never dine here and to warn others not to waste their money.",1,قبل أسبوعين,Tenaya Riverside Dining,مطعم,google_maps
3726,"Warning to anyone considering this place: skip it. My visit was a textbook example of how to ruin a customer’s evening. Multiple errors with our order, excessively long waits, cold plates, and an atmosphere of blatant neglect from staff who acted as if we were inconveniencing them. When we asked for a manager we were met with indifference. Charging European-level prices without delivering service or quality is dishonest and insulting. This is not a place to try once — it is a place to avoid for life. I will never recommend this restaurant to anyone and I advise everyone who sees this review to do the same.",1,قبل أسبوعين,Tenaya Riverside Dining,مطعم,google_maps
3727,"I have never left such a blunt warning before: do not go to this restaurant. The food is barely acceptable, but that would be forgivable if the staff treated customers with basic decency. Instead I encountered rude, dismissive employees who ignored requests, delivered wrong and cold dishes, and responded to complaints with excuses and indifference. There was no apology, no real attempt to fix anything, and no management presence to intervene. For the high prices they charge this is theft by disappointment. This place offers a nice view but that is the only thing worth the visit — otherwise you will pay premium money for the full experience of being disrespected. Do yourself a favor and never set foot in this restaurant. Tell your friends to avoid it forever.",1,قبل أسبوعين,Tenaya Riverside Dining,مطعم,google_maps
3728,"Great meal, fantastic view and food - Ahmed was a fantastic waiter!",5,قبل أسبوعين,Tenaya Riverside Dining,مطعم,google_maps
3729,"Some of the best local food we had during our trip. 10/10 recommend, and I recommend you have some dessert, it was very good as well!",5,قبل أسبوعين,Tenaya Riverside Dining,مطعم,google_maps
3730,The best,5,قبل أسبوعين,Tenaya Riverside Dining,مطعم,google_maps
3731,"Not only was the food was spectacular, but the service was exceptional! Would highly recommend!

A special thank you to the Tenaya team, unforgettable experience!

Looking forward to another amazing experience soon!",5,قبل أسبوعين,Tenaya Riverside Dining,مطعم,google_maps
3733,"Ahmed was our server and was excellent. We enjoyed the avocado quinoa salad, balady bread, and hummus. We dined at night and got many mosquito bites, so I recommend wearing long socks when dining outside.",5,قبل 3 أسابيع,Tenaya Riverside Dining,مطعم,google_maps
3736,مطعم محترم و خدمه ممتازه و شكر خاص لسيد🤍,5,قبل يومين (2),sarayi resturant,مطعم مأكولات تركية,google_maps
3738,Very good service and great staff ❤️❤️❤️ especially samah 😘,5,قبل يومين (2),sarayi resturant,مطعم مأكولات تركية,google_maps
3739,الخدمة جميلة وكابتن سماح قمر🤍,5,قبل 3 أيام,sarayi resturant,مطعم مأكولات تركية,google_maps
3740,المطعم رائع والتنورة والأكل والله انبسطت اوى,5,قبل 3 أيام,sarayi resturant,مطعم مأكولات تركية,google_maps
3741,"جودة الاكل كويسة
الخدمة دون المستوي
السحور المفروض الكمية تكفي 4 افراد لكنها فعليا تكفي فردين .وكمان العيش اللي بينزل غير كافي ولازم تطلب اضافي .",3,قبل 4 أيام,sarayi resturant,مطعم مأكولات تركية,google_maps
3743,The food was delicious and the service was great,5,قبل 6 أيام,sarayi resturant,مطعم مأكولات تركية,google_maps
3745,Very Good food.,4,قبل 6 أيام,sarayi resturant,مطعم مأكولات تركية,google_maps
3747,"Went to the open buffet in Ramadan
The overall experience is below average
Staff is not professional
Food is average
They charge you for water although it is an open buffet which was extremely ridiculous

Not recommended",2,قبل أسبوع,sarayi resturant,مطعم مأكولات تركية,google_maps
3748,Verry bad the food not cooked Verry Dry and so much oil,1,قبل أسبوع,sarayi resturant,مطعم مأكولات تركية,google_maps
3749,المطعم جوه حلو جدا، وكابتن سماح قمر ولذيذة وسريعة والشباب مهذبين جدا والاكل كان حلو جدا,5,قبل أسبوع,sarayi resturant,مطعم مأكولات تركية,google_maps
3754,كافيه كويس وقعده مريحه,5,قبل 3 أسابيع,sarayi resturant,مطعم مأكولات تركية,google_maps
3755,خدمات طبيه محترمه,4,قبل 30 دقيقة,المستشفى القوات الجويةبالعباسية,مستشفى عام,google_maps
3756,"Horrible experience if I'm being honest, I was coming home from school one day when I suddenly felt insane pain and it was so bad they had to rush me to the nearest hospital, and it was this one, they left me waiting for like 30 minutes and then later decided to finally treat me, my father was very worried about me and the female doctor was being very rude and cold so my dad ended up getting in a fight with her because she was very rude and ended up not treating me and getting busy with arguing, I don't understand why people like these even get a license, doctors should be polite, not rude coming to treat me like some piece of corpse or a nothing.",1,قبل يوم واحد,المستشفى القوات الجويةبالعباسية,مستشفى عام,google_maps
3758,me atendireron muy bien cuando mi duende se rompio un dedo,5,قبل شهر,المستشفى القوات الجويةبالعباسية,مستشفى عام,google_maps
3759,"The hospital has very unusual payment policies for foreigners. They insist on being paid in US dollars, and they almost never have change. They also refuse to return the difference in Egyptian pounds, and paying by isn’t accepted. Several times I went to pay and they didn’t have my change, and in the end I just left the money because there were no solutions and no willingness to help. For these reasons, I don’t recommend this hospital for foreigners when it comes to payment.",1,قبل 4 أشهر,المستشفى القوات الجويةبالعباسية,مستشفى عام,google_maps
3765,اعجبنى,4,قبل 10 أشهر,المستشفى القوات الجويةبالعباسية,مستشفى عام,google_maps
3766,"The doctors are excellent, but the lack of attention to the patient by the nursing staff is very poor.",1,قبل 3 أسابيع,المستشفى القبطي بالقاهرة,مستشفى خاصة,google_maps
3768,مستشفي ممتازه جدا والتمريض فوق الممتاز والدكاتره,5,قبل شهرين,المستشفى القبطي بالقاهرة,مستشفى خاصة,google_maps
3769,Very good restrooms are not they take patient,5,قبل شهرين,المستشفى القبطي بالقاهرة,مستشفى خاصة,google_maps
3770,خدمه ممتازه,5,قبل 4 أشهر,المستشفى القبطي بالقاهرة,مستشفى خاصة,google_maps
3771,شكرا للمستشفى والأطباء سرعة اسعاف اخويا وانقاذ حياته بعد حادث كاد يودي بحياته… الحمد لله,4,قبل 5 أشهر,المستشفى القبطي بالقاهرة,مستشفى خاصة,google_maps
3772,كوبسه,1,قبل 6 أشهر,المستشفى القبطي بالقاهرة,مستشفى خاصة,google_maps
3774,نضيفة,5,قبل 8 أشهر,المستشفى القبطي بالقاهرة,مستشفى خاصة,google_maps
3775,ممتاز,5,قبل 8 أشهر,المستشفى القبطي بالقاهرة,مستشفى خاصة,google_maps
3777,"تعامل سئ جدا و نظافة سيئة جداا واهمال و استغلال في الفلوس وضافوا يوم اضافي لمريض في العناية لولا المراجعة كان الحساب زاد اكثر من ما هو زايدو واستغلال بشع
اسوء مسشتفى دخلتها في حياتي",1,قبل 9 أشهر,المستشفى القبطي بالقاهرة,مستشفى خاصة,google_maps
3778,مكان تاريهي يقدم خدمة جيدة نوعا ما ينقصه التطوير,4,قبل سنة,المستشفى القبطي بالقاهرة,مستشفى خاصة,google_maps
3779,the worst gym ever,1,تاريخ التعديل: قبل أسبوعين,Your Gym Ladies - New Cairo,صالة رياضة,google_maps
3781,"I’ve been a loyal member at this gym for 6 years, and unfortunately my recent experience has been extremely disappointing.
During my pregnancy, I froze my membership. Later, when I decided to cancel the freeze, the process was poorly handled and I was never clearly informed about my new expiration date. There was zero transparency or proper communication from the management.
The very next day after my membership expired, I came with a friend who was invited as a guest (potentially a new member), and we were completely denied entry unless I renewed immediately — with a membership price that was suddenly doubled, despite no new facilities, very limited equipment, and no added value whatsoever.
What’s more disappointing is the total lack of appreciation for long-term loyal members. I have raised this issue more than 4 times, each time I’m asked to “file a complaint,” yet no one ever follows up or resolves anything. Just empty promises and repeated calls with no action.
This gym clearly prioritizes short-term profit over customer loyalty, professionalism, and basic respect. I would not recommend this place unless management seriously reconsiders how they treat their long-standing members.",1,قبل شهر,Your Gym Ladies - New Cairo,صالة رياضة,google_maps
3782,"Love this place
It’s my getaway during the week
Love the massage there with Hagar

They just need an elevator badly and to ban cigarettes on the pool",5,قبل شهر,Your Gym Ladies - New Cairo,صالة رياضة,google_maps
3783,"The competence of those in charge is very low
بيئة",1,قبل شهر,Your Gym Ladies - New Cairo,صالة رياضة,google_maps
3784,"the gym appears amazing and luxurious at first, but wait until you start, making up weird rules, rude staff( not all), inflexible, almost you are paying money to get stuck in their silly rules.The staff lacks the least skills to deal with clients and they are able to make your mood worse. Their only focus is on their strict rules as if you’re working for them, if you’re late 1 min after 15 min from your class you can’t enter by any means, and tend to be verrrry rude. And everywhere they will reach you to force you to do other silly rules.",1,قبل شهرين,Your Gym Ladies - New Cairo,صالة رياضة,google_maps
3786,"The worst gym ever! The equipment is extremely outdated, and the trainers are unfriendly. I absolutely do not recommend it
My membership period was one year.",1,قبل شهرين,Your Gym Ladies - New Cairo,صالة رياضة,google_maps
3788,"I went to join new cairo gym and pool and I was chocked by the bad attitude the worker had toward me, stating that that I am too old and they cant accept members older than 60 years old while the woman swimming in the pool was much older! Its not polite nor business like to have such low mannered employee claiming to be an operation manager too!",1,قبل 3 أشهر,Your Gym Ladies - New Cairo,صالة رياضة,google_maps
3790,"Over priced with Plenty of rules that doesn't make sense;
1- you can't wear a chest bag with your mobile and tiny things in gym floor
2- you're nit allowed to take off your shoes while Blanking on a Bosso ball with your feets!
- Not to mention CS team is not cooperative,
- Freez police is pretty unfair.
- They will give you a couple of free sessions and whoever is resposible for it will keep calling and messaging you to subscribe in an extra package with an extra over priced non sense.

-They lie about their prices increase in 48 hours to rush you to subscribe then a couple of weeks later prices go down as an offer afterwards! Trying to catch a financial targets I guess. 3 of their coaches gave me this type of call, prices will increase hurry up, am calling you privately 🤣",1,قبل 4 أشهر,Your Gym Ladies - New Cairo,صالة رياضة,google_maps
3791,The worst gym ever  ...management are very rude and disrespectful,1,قبل 4 أشهر,Your Gym Ladies - New Cairo,صالة رياضة,google_maps
3793,"Foreigners stay away!!! They have two menus, one in Arabic with normal prices and one in English with TRIPLE prices! A salad is 10LE on a regular menus and 60LE om a menus translated to English. Same for meet, 150LE vs 450LE where foreigners are also added 10% service fee while Egyptians don’t.
Many local guides recommend this place because they get commissions and free meals from the restaurant. All of them! Dishonest I came with two Egyptian friends and they were given English aka foreigner menu, but after they insisted on the regular menu, the waiter became angry and mad realizing that I saw the difference in prices.

Their prices are high and the food is average. The 350le lamb chops order came with 2 peaces of meat with mostly fat! No sides included, all paid separate. Food was average. People who came in and ordered after us received their food earlier. They do take cards, which is a plus. Don’t recommend.",1,تاريخ التعديل: قبل يوم واحد,حاتى أبو خالد,مطعم مأكولات مشوية,google_maps
3794,المكان حلو والخدمه كويسه كان وقت فطار بس الملوخيه مش احسن حاجه.. 🫰🏻,5,قبل 3 أيام,حاتى أبو خالد,مطعم مأكولات مشوية,google_maps
3796,"We were looking for local experience but left feeling like we had been scammed, so the rest is not worth commenting on",1,قبل شهر,حاتى أبو خالد,مطعم مأكولات مشوية,google_maps
3797,"Don't eat there, they will cheat you with prices which they then justify with a salad that they brought while we didn't order and a service charge. We chose it because we thought it was a local shop and not a tourist one, but it is a trap. Also, all the utensils were very dirty, unwashed and so on. I don't recommend it.",1,قبل شهر,حاتى أبو خالد,مطعم مأكولات مشوية,google_maps
3798,مطعم محترم,4,قبل شهر,حاتى أبو خالد,مطعم مأكولات مشوية,google_maps
3799,"Ciekawe i rozbudowane menu. Mają pyszne podroby. Ceny przystępne. Obsługa zaangażowana.

I po egipsku: ""za wystrój nie płacisz"":)",5,قبل شهر,حاتى أبو خالد,مطعم مأكولات مشوية,google_maps
3802,"Приятное место, вкусный чай. Очень хороший сервис. Жалко, что нет сладостей к чаю",5,قبل شهرين,حاتى أبو خالد,مطعم مأكولات مشوية,google_maps
3803,They charged me the tourist price and I got food poisoning from eating here...,1,قبل شهرين,حاتى أبو خالد,مطعم مأكولات مشوية,google_maps
3805,مطعم سيء جدااا,2,قبل 4 أشهر,حاتى أبو خالد,مطعم مأكولات مشوية,google_maps
3807,Love it,5,قبل 8 أشهر,حاتى أبو خالد,مطعم مأكولات مشوية,google_maps
3808,Very good,5,قبل 9 أشهر,حاتى أبو خالد,مطعم مأكولات مشوية,google_maps
3809,اسواء مكان شوفته ومفيش جديه فى تعامل واسواء اجهزه,5,قبل شهر,Cairo Cosmo Center,عيادة جراحة التجميل,google_maps
3811,المكان معدوم المصداقيه في الحساب ويقول سعر وشويه يقولي سعر تاني خالص ومفيش دكاتره نهائي فالمكان ده بنات عادي ولا دكاتره ولا حاجه ومش بتصبر عليك  تاخد نفسك فالجلسه وبتبقه عايزه تشوف العميل الي بعدك,1,قبل شهر,Cairo Cosmo Center,عيادة جراحة التجميل,google_maps
3813,المكان كويس اوي ونضيف ودكتور هدي من اشطر الدكاتره بجد♥️♥️,5,قبل شهر,Cairo Cosmo Center,عيادة جراحة التجميل,google_maps
3814,لا أثق بأي مكان ألقى فيه تقييمات من ابو مراجعة واحدة. عيب عليكم,1,قبل شهر,Cairo Cosmo Center,عيادة جراحة التجميل,google_maps
3815,احب اشكر استاذه هدي جدا علي التعامل الجميل بجد من احسن حد في المكان ❤️❤️❤️❤️❤️❤️,5,قبل شهر,Cairo Cosmo Center,عيادة جراحة التجميل,google_maps
3816,احسن مركز ليزر عندهم ضمير خاصة د الاء,5,قبل شهر,Cairo Cosmo Center,عيادة جراحة التجميل,google_maps
3817,ناس محترمه وشاطرين ومكان نضيف,5,قبل شهر,Cairo Cosmo Center,عيادة جراحة التجميل,google_maps
3818,العيادة كويسة ودكتور انجى شاطرة,5,قبل شهر,Cairo Cosmo Center,عيادة جراحة التجميل,google_maps
3820,Makan helw awi w dr/huda helwa gedn,5,قبل شهر,Cairo Cosmo Center,عيادة جراحة التجميل,google_maps
3821,دكتور هدى شاطرة جدا وجميلة والمكان كويس ونضافة حلوة والمعاملة كويسة,5,قبل شهر,Cairo Cosmo Center,عيادة جراحة التجميل,google_maps
3822,The doctor is very skilled and has good experience,5,قبل شهر,Cairo Cosmo Center,عيادة جراحة التجميل,google_maps
3823,احلي عياده تجميل واحلي دكتوره هدي بجد والمكان تحفه والدكاترة لذاذ جدا بجد,5,قبل شهر,Cairo Cosmo Center,عيادة جراحة التجميل,google_maps
3824,"أجمل مكان ليزر بجد ريسيبشن فى قمة الذوق والرقى ودكتور نورهان بجد بجد فوق الممتازة
شكرا ليكم جدا على حسن إستقبالكم ومعاملتكم",5,قبل شهر,Cairo Cosmo Center,عيادة جراحة التجميل,google_maps
3825,very clean center & well organized with Proffesional staff,5,قبل شهر,Cairo Cosmo Center,عيادة جراحة التجميل,google_maps
3826,Perfect clinic,5,قبل شهر,Cairo Cosmo Center,عيادة جراحة التجميل,google_maps
3827,المكان كويس جدا وانا بحبه والناس ذوق ودكتور الاء شاطرة جدا,5,قبل شهرين,Cairo Cosmo Center,عيادة جراحة التجميل,google_maps
3828,افضل حمام محشي تاكلو في مصر,5,تاريخ التعديل: قبل أسبوع,محسن للمشويات,مطعم مأكولات مشوية,google_maps
3830,مشويات جميلة,5,تاريخ التعديل: قبل 3 أشهر,محسن للمشويات,مطعم مأكولات مشوية,google_maps
3832,اكل مميز.. وخدمة متميزة.,5,قبل 5 أشهر,محسن للمشويات,مطعم مأكولات مشوية,google_maps
3834,مطعم جيد اول اجربه المشويات جيدا جدا,5,قبل 5 أشهر,محسن للمشويات,مطعم مأكولات مشوية,google_maps
3836,"This place doesnt only have the best food ive tried in cairo, but also the employees and the owner are the sweetest people ive met in my life.",5,قبل 6 أشهر,محسن للمشويات,مطعم مأكولات مشوية,google_maps
3838,مشويات لذيذة وأسعار طيبة في متناول الجميع,5,قبل 7 أشهر,محسن للمشويات,مطعم مأكولات مشوية,google_maps
3839,جيد,3,قبل 7 أشهر,محسن للمشويات,مطعم مأكولات مشوية,google_maps
3842,احلي مكان مشويات في المنيل,5,قبل 8 أشهر,محسن للمشويات,مطعم مأكولات مشوية,google_maps
3845,"Excellent service as always, great team and Kimi once again fixed my hair, so grateful 🙏🏽",5,قبل شهر,Toi,صالون تجميل,google_maps
3846,صبغت شعري كتير حلو والخدمة ممتازة جدا,5,قبل شهر,Toi,صالون تجميل,google_maps
3847,"The most amazing experience in hair salon, friendly and professional staff. Artist kimi!",5,قبل شهر,Toi,صالون تجميل,google_maps
3849,من اجمل الصالونات في القاهرة وموقعهم ممتاز ، خدمتهم سريعة وشغلهم ممتاز .,5,قبل شهر,Toi,صالون تجميل,google_maps
3850,Fantastic and an exceptional results Kim surprised me with an amazing performance so calm so professional good listening for my needs and great performance so professional,5,قبل شهرين,Toi,صالون تجميل,google_maps
3851,Goood,5,تاريخ التعديل: قبل شهرين,Toi,صالون تجميل,google_maps
3852,I had the roots done by Bob. Good colour. Very satisfied.,5,قبل شهرين,Toi,صالون تجميل,google_maps
3854,"جيت لزينه توصية مخصوص لصبغة الشعر
وطلعت تحفه 👍🏻👍🏻👍🏻👍🏻 فرع الزمالك
تسلم ايدينها شغلها جميل",5,قبل شهرين,Toi,صالون تجميل,google_maps
3855,تعامل جدا رائع من قبل موظفين الاستقبال والكوافير نونو شغله ممتاز,5,قبل شهرين,Toi,صالون تجميل,google_maps
3856,I also dyed my hair and i’m so happy el hmdl,5,قبل شهرين,Toi,صالون تجميل,google_maps
3857,The best salon 😍😍😍😍,5,قبل شهرين,Toi,صالون تجميل,google_maps
3858,Zeina in Zamalek branch made our new year eve very special 💓💓 now I can enter the new year with a fresh haircut. The best 💯,5,قبل شهرين,Toi,صالون تجميل,google_maps
3859,Best hair dresser in town,5,قبل شهرين,Toi,صالون تجميل,google_maps
3860,Very helpful and fast service,5,قبل شهرين,Toi,صالون تجميل,google_maps
3861,"Best service hair die with kimi i always come to him from the airport, also hair extensions and blowdry",5,قبل شهرين,Toi,صالون تجميل,google_maps
3862,"Amazing salon with such a great vibe and professional team.
Highly recommend trying it and booking with Abanoub and Daniel zamalek branch.
For haircuts, Joe is simply the best
Highly skilled and always gets it right.",5,قبل شهرين,Toi,صالون تجميل,google_maps
3863,Amazing experience. I feel like a movie star!,5,قبل شهرين,Toi,صالون تجميل,google_maps
3864,Very good service and stuff,5,قبل شهرين,Toi,صالون تجميل,google_maps
3865,متعاونة وترحب بطلاب الامتياز,5,قبل 13 ساعة,مستشفى باب الشعرية,مستشفى,google_maps
3866,اهتمام ورعاية صحية جيدة,4,قبل 3 أسابيع,مستشفى باب الشعرية,مستشفى,google_maps
3867,خدمه متوسطه,3,قبل شهر,مستشفى باب الشعرية,مستشفى,google_maps
3868,مستشفى لا تساعد فى الشفاء بل تحجز لك تذكرة الى الاخرة والمكان مليئ بالعدوى والدماء والحقن المتناثرة فى الارض . من الاخر مفيش صحة فى كل مستشفيات مصر الحكومية او الجامعية,1,قبل شهرين,مستشفى باب الشعرية,مستشفى,google_maps
3873,سلام عليكم مستشفي عندهم برود اوي مريض تعبان مفروض يعلقون دم محاليل برود غير طبيعي و اهمال,1,قبل 6 أشهر,مستشفى باب الشعرية,مستشفى,google_maps
3874,مستشفى حكومي ممتازة فى الخدمات العامة,5,قبل 7 أشهر,مستشفى باب الشعرية,مستشفى,google_maps
3876,"I love how every element on the plate screams quality ❤️I recommend 100% worth the price.
If you don’t  like overly seasoned food and If you appreciate the food quality this and the authentic Italian taste then I would recommend visiting this place ❤️",5,قبل أسبوعين,مطعم داي بسكاتوري المعادي,مطعم مأكولات إيطالية,google_maps
3877,Pricy but yummy food,4,قبل 3 أسابيع,مطعم داي بسكاتوري المعادي,مطعم مأكولات إيطالية,google_maps
3878,"Strano da dire ma si mangia Strepitosa ente bene, meglio che in numerosi ristoranti d livello italiani, chef egiziano pazzesco, il tutto in un luogo veramente magico",5,قبل شهر,مطعم داي بسكاتوري المعادي,مطعم مأكولات إيطالية,google_maps
3879,"Very spcial place
Staff gomal gdnnnn
Spcially Mohamed 🫶🫶",5,قبل شهر,مطعم داي بسكاتوري المعادي,مطعم مأكولات إيطالية,google_maps
3880,Over priced for average Italian food. Nothing creative,3,قبل شهر,مطعم داي بسكاتوري المعادي,مطعم مأكولات إيطالية,google_maps
3881,Best Italian food ever,5,قبل شهر,مطعم داي بسكاتوري المعادي,مطعم مأكولات إيطالية,google_maps
3882,"I honestly couldn’t have chosen a better place to host my gathering 🤍

From the moment we arrived, everything was just perfect!

A very special thank you to Mr. Mohamed Sobhy, who went above and beyond to make the whole experience smooth, comfortable, and truly enjoyable for everyone. The team was incredibly friendly, professional, and welcoming. They made us feel at home.

And the food… absolutely amazing! The pasta, pizza, and of course the affogato were outstanding, every bite was a delight and warm.
I can’t recommend this restaurant enough. Whenever you are looking for a great experience, this place delivers on every level. A perfect experience from start to finish 🇮🇹✨",5,قبل شهر,مطعم داي بسكاتوري المعادي,مطعم مأكولات إيطالية,google_maps
3883,The best Italy 🇮🇹 food in cairo🫠🫠🫠,5,قبل شهرين,مطعم داي بسكاتوري المعادي,مطعم مأكولات إيطالية,google_maps
3886,"Definitely worth a try, fresh, well made, exactly how you'de imagine it.",5,قبل شهرين,مطعم داي بسكاتوري المعادي,مطعم مأكولات إيطالية,google_maps
3887,"The comparison is a bit unfair as my experience in Dai Pescatori Dahab is way different and marvelous , the place offers quality and freshness but is not compared to Dahab’s branch whatsoever..
However it is still one of the best Italian cuisine spots in Cairo and suitable for a calm unique evening ❤️",4,قبل شهرين,مطعم داي بسكاتوري المعادي,مطعم مأكولات إيطالية,google_maps
3888,"I saw that other reviews rated Dai Pescatori as either absolutely stellar or completely abysmal, so I really didn't know what to expect. Turns out, it was lovely! The music was Mexican and the art was a mix of Egyptian/Sufi mysticism, but the food was 100% Italian. The space was calm, clean, the servers seemed like naturally happy people, and the food was amazing. I highly recommend the lasagna! We'll be back for sure and try the desserts as well.

I do want to address the cost complaint that many seem to have, though. It's true that the dishes were probably the most expensive I've seen, particularly considering the portions. If they go any higher, it likely won't be worth it as a customer. However, I always try to consider operational costs. You cannot realistically compare a restaurant located in Sarayat to have the same prices as somewhere in, say, Hadayek; the rent (and space) for the building, the quality of staff (who I hope are getting paid a living wage), the quality of ingredients, maintenance, the education and skill of the chef and kitchen staff, etc...they're just not the same. When you go out to eat, you're paying for the location, convenience, experience, hygiene, and (God-willing) good food. Put simply, you get what you pay for. Enjoy!",5,قبل شهرين,مطعم داي بسكاتوري المعادي,مطعم مأكولات إيطالية,google_maps
3890,الطعام جميل البيتزا أحلى بس السعر أغلى ما مر علي من جيت مصر....التعامل ممتاز جدا...شباب مؤدبين,4,قبل شهرين,مطعم داي بسكاتوري المعادي,مطعم مأكولات إيطالية,google_maps
3891,من افضل المطاعم في القاهرة ، تجربة ايطالية بامتياز ووجهة لمحبي النكهات الحقيقية، انصح فيه وبشدة,5,قبل 3 أشهر,مطعم داي بسكاتوري المعادي,مطعم مأكولات إيطالية,google_maps
3892,authentic italian home made pasta❤️,5,قبل 3 أشهر,مطعم داي بسكاتوري المعادي,مطعم مأكولات إيطالية,google_maps
3893,Amazing food and service,5,قبل 3 أشهر,مطعم داي بسكاتوري المعادي,مطعم مأكولات إيطالية,google_maps
3894,The resturant is very calm and has a relaxing vibe. It’s perfect for dates and couples as jt’s quiet. The food is delicious and very authentic. The pizza was especially amazing! It’s a bit expensive but totally worth the experience! Highly recommend,5,قبل 3 أشهر,مطعم داي بسكاتوري المعادي,مطعم مأكولات إيطالية,google_maps
3895,Love this place! Both in Dahab and Maadi. Amazing food quality and great service.,5,قبل 3 أشهر,مطعم داي بسكاتوري المعادي,مطعم مأكولات إيطالية,google_maps
3896,The food was really good and tasty and the service also was great especial thanks to Mohamed sobhi,5,قبل 3 أشهر,مطعم داي بسكاتوري المعادي,مطعم مأكولات إيطالية,google_maps
3897,"Really very bad experience the pizza is same like cheap pizza and not italian at all .
Also the tiramisu is very small and not tasty at all really it is very bad experience and very expensive compared to the quality of food .
Sure will not come again.
Update after your silly comment :
Please save my comment to return back to this after your empty restaurant closes 😂",1,قبل 3 أشهر,مطعم داي بسكاتوري المعادي,مطعم مأكولات إيطالية,google_maps
3898,"جيد
الكفته مقبوله
وفيه نسبه ضوضاء
و الخدمه مش احسن حاجه",2,قبل شهر,كبابجى صلى على النبى,مطعم مأكولات مشوية,google_maps
3900,"Friendly staff and excellent kebab&kofta.
مشاوي ممتازة ومعاملة طيبة.",5,قبل شهر,كبابجى صلى على النبى,مطعم مأكولات مشوية,google_maps
3901,الطرب عنده جميل جداااا واسعاره مناسبه والخدمه ناس محترمه,5,قبل شهرين,كبابجى صلى على النبى,مطعم مأكولات مشوية,google_maps
3903,كويس,5,قبل 3 أشهر,كبابجى صلى على النبى,مطعم مأكولات مشوية,google_maps
3904,Dans une région in populaire,3,قبل 5 أشهر,كبابجى صلى على النبى,مطعم مأكولات مشوية,google_maps
3905,جيد,4,قبل 7 أشهر,كبابجى صلى على النبى,مطعم مأكولات مشوية,google_maps
3906,اكله حلوه انا زبون عنده من زمن,4,قبل 8 أشهر,كبابجى صلى على النبى,مطعم مأكولات مشوية,google_maps
3907,حلو,5,قبل 8 أشهر,كبابجى صلى على النبى,مطعم مأكولات مشوية,google_maps
3908,"مطعم ممتاز وخدمة مميرزة وتعامل رائع
أنصح به",5,قبل 11 شهرًا,مطعم فرح,مطعم أطباق اللحوم,google_maps
3910,جيد,5,قبل سنة,مطعم فرح,مطعم أطباق اللحوم,google_maps
3914,اكل لذيذ ونظيف,4,قبل سنتين,مطعم فرح,مطعم أطباق اللحوم,google_maps
3916,The best fatah shawerma in the world... I've been eating it for 15 years and the quality and taste is still the same,5,قبل سنتين,مطعم فرح,مطعم أطباق اللحوم,google_maps
3917,"Unfortunately, my experience at the restaurant was disappointing. The prices are quite high compared to the level of service. I expected a much better experience for the price.",1,قبل 15 ساعة,درويش الكبابجي التجمع الخامس,مطعم,google_maps
3919,Customer service is not good as thier food,1,قبل أسبوع,درويش الكبابجي التجمع الخامس,مطعم,google_maps
3920,رائع,5,قبل أسبوعين,درويش الكبابجي التجمع الخامس,مطعم,google_maps
3921,المكان جميل جدا. الخدمة أكثر من ممتازة. الطعام ولا أروع. تجربة تحفة. تستحق التكرار أكثر من مرة,5,قبل شهر,درويش الكبابجي التجمع الخامس,مطعم,google_maps
3923,"I enjoyed every dish I ordered, with fresh, delicious, juicy meat, rice, and everything else was truly excellent. Many thanks to Mahmoud for the service, as well as Alaa.👍👌💕",5,قبل شهر,درويش الكبابجي التجمع الخامس,مطعم,google_maps
3924,الاكل لذيذ والمكان حلو,5,قبل شهر,درويش الكبابجي التجمع الخامس,مطعم,google_maps
3925,"Amazing Egyptian food.
The place is nice and clean.
Food is amazing.
Service is top.
Enjoy it.",5,قبل شهر,درويش الكبابجي التجمع الخامس,مطعم,google_maps
3927,انا كنت طالب اوردر قعد سعتين وفي الاخر موصلش والكول سينتر بيتعامل باسلوب وحش جدا وحقيقي انا ندمان اني فضلت مستني اكل لمده سعتين وفي الاخر موصلش ولاغيت الاوردر عشان الاسلوب بتاعكم الاكل حلو اه جميل لكن المعامله وحشه جدا ودي اخر مره اطلب من عندكم حقيقي كنت بطلب من ٢٠١٧ بس خلاص شكرا جدا,1,قبل شهر,انديامو,مطعم بيتزا,google_maps
3928,Best pizza in town!,5,قبل شهرين,انديامو,مطعم بيتزا,google_maps
3929,اكل كويس بيجددووالمكان القديم فالاعده مش احسن حاجه,5,قبل شهرين,انديامو,مطعم بيتزا,google_maps
3930,يا ولاد اللعيبة,5,قبل 3 أشهر,انديامو,مطعم بيتزا,google_maps
3931,مكان تحفه و جميل جدا و الناس محترمه في التعامل,5,قبل 3 أشهر,انديامو,مطعم بيتزا,google_maps
3933,ممتاز,5,قبل 4 أشهر,انديامو,مطعم بيتزا,google_maps
3935,"جربته من ترشيح حد
وبصراحه هو مميز جدا جدا في الفطاير
الحلوه و الحادقه
مجربتش بصراحه باقي المنيو
بس المكان بس محتاج يبقي اوسع و يتنظم شويه عن كده",5,قبل 5 أشهر,انديامو,مطعم بيتزا,google_maps
3936,Best fetera ever,5,قبل 5 أشهر,انديامو,مطعم بيتزا,google_maps
3937,انصح الجميع في تجربته,5,قبل 5 أشهر,انديامو,مطعم بيتزا,google_maps
3938,Excellent food,5,قبل 5 أشهر,انديامو,مطعم بيتزا,google_maps
3941,"الاكل اكتر من رائع  و الخدمة ممتازة و جربته اكتر من مرة في اكتر من حاجة و اخرهم الباستا كانت جامدة جدا و ثابت على المستوى جدا و اول مكان بفكر اطلب منه اكل من بره
استمروا",5,قبل 8 أشهر,انديامو,مطعم بيتزا,google_maps
3942,دكتور فادي رياض اعظم دكتور تعاملت معاه بجد قوي,5,قبل 5 أشهر,دكتور فادى رياض,عِيادة أسنان,google_maps
3945,دكتور ممتاز و يهتم بالمرضي ويحترم مواعيده ودقيق في عمله,5,قبل 5 أشهر,دكتور فادى رياض,عِيادة أسنان,google_maps
3947,افتح عندنا في الصعيد يا  دكتوووووووور 😀😀,5,قبل 6 أشهر,دكتور فادى رياض,عِيادة أسنان,google_maps
3949,تسلم و الله يا د فادي تعبتك معايا,5,قبل 6 أشهر,دكتور فادى رياض,عِيادة أسنان,google_maps
3950,we are blessed by having Dr Fady as our dentist 🙏,5,قبل 6 أشهر,دكتور فادى رياض,عِيادة أسنان,google_maps
3952,خلعت ضرس العقل والالم كان بسيط جدا حقيقي ...دكتور ممتاز جدا ❤️❤️,5,قبل 7 أشهر,دكتور فادى رياض,عِيادة أسنان,google_maps
3955,"محستش بحاجه خالص و انا بخلع ضرس العقل
كل حاجه كويسه و نضيفه
انا كنت اصلا مرعوب و الدكتور خلعه في ثواني",5,قبل 9 أشهر,دكتور فادى رياض,عِيادة أسنان,google_maps
3958,All is good doctor was a professional work,5,قبل 10 أشهر,دكتور فادى رياض,عِيادة أسنان,google_maps
3960,excellent service and really accommodating staff. Dr Fady Is always avaible and the clinic is in an excellent location. I recommend you to come by and check out this doctor. My personal favorite Doctor Fady Riad.,5,قبل 11 شهرًا,دكتور فادى رياض,عِيادة أسنان,google_maps
3964,"دكتور فادي من اجمل الشخصيات التعاملت معاها
وشاطر جدا",5,قبل سنة,دكتور فادى رياض,عِيادة أسنان,google_maps
3965,"I’ve been visiting Dr. Fady for 10 years, and I can honestly say that the experience has always been outstanding. From the moment you walk in, the office is welcoming, and the staff is incredibly friendly. Dr. Fady is professional, thorough, and always takes the time to explain procedures and options in detail, making me feel at ease every time.

I’ve had everything from routine cleanings to more complex treatments, and I’ve always been impressed with the quality of care and attention to detail. The team uses the latest technology, which makes a big difference in both comfort and the precision of their work.

I never feel rushed, and Dr. Fady truly listens to any concerns or questions I have. It’s clear that they genuinely care about their patients and their dental health. Highly recommend to anyone looking for a reliable and compassionate dentist!",5,قبل سنة,دكتور فادى رياض,عِيادة أسنان,google_maps
3967,بجد ناس محترمه و شغلهم متميز و شكرا لدكتور فادي و الاطباء اللي معاه كلهم,5,قبل سنة,دكتور فادى رياض,عِيادة أسنان,google_maps
3969,جيد جدا,5,قبل 9 أشهر,بيتزا الشيف المبتديان,مطعم بيتزا,google_maps
3970,مكان هادي ونظيف,5,قبل سنة,بيتزا الشيف المبتديان,مطعم بيتزا,google_maps
3971,رائع,5,قبل سنة,بيتزا الشيف المبتديان,مطعم بيتزا,google_maps
3972,تسلم ايديهم,5,قبل سنة,بيتزا الشيف المبتديان,مطعم بيتزا,google_maps
3973,احلى كريب بانيه و استربس حار,5,قبل سنتين,بيتزا الشيف المبتديان,مطعم بيتزا,google_maps
3975,Bad quality and not testy,2,تاريخ التعديل: قبل سنتين,بيتزا الشيف المبتديان,مطعم بيتزا,google_maps
3976,تم,5,قبل سنتين,بيتزا الشيف المبتديان,مطعم بيتزا,google_maps
3977,تجربة جيدة ومفيدة,5,قبل سنتين,بيتزا الشيف المبتديان,مطعم بيتزا,google_maps
3978,"Tolle zentrale Lage direkt am Nil mit herrlichstem Blick zum Nil, über die Stadr bis hin zu den mächtigen Pyramiden auf dem Plateau von Gize. Sehr empfehlenswert. Frühstück übersichtlich, aber dafür frisch und lecker. Sehr zugewandtes freundliches Personal. Uns wurde ein unentgeldlich Ugrade angevoten. Wir waren sehr zufrieden. Waren bereits 3 mal zu Gast hier im Hotel.",5,قبل 3 أيام,Nile View Inn,فندق,google_maps
3979,Çalışanlar Güler yüzlü ve samimi otel temiz genel olarak herkese tavsiye edilir,5,قبل أسبوع,Nile View Inn,فندق,google_maps
3980,"Herrie van partyboten, straat verkeer en oproepen tot gebed is zelfs op 38e etage goed hoorbaar, tot diep in de nacht. De smog is goed zichtbaar en de airco is niet te gebruiken door de stank. De wifi is er nauwelijks op de kamer. Soms zie je de pyramides en soms zelfs de overkant van de Nijl niet. De service is zeer goed. Onderhoud pand zeer matig. Ontbijt op kamer is royaal, heet en van goede kwaliteit. Omgeving is matig, behalve de view. Restaurants in de buurt zijn matig.",3,قبل 3 أسابيع,Nile View Inn,فندق,google_maps
3981,"Oda güzel ve temizdi. Kahvaltısı harikaydı. Ama dış çok başarılı değildi. Temizlik , personel ilgisi gayet iyiydi. Manzara çok güzeldi.",5,قبل شهر,Nile View Inn,فندق,google_maps
3982,"38ste verdieping, prachtig uitzicht inclusief op de piramides. Goede service, ontbijt op het balkon. Vriendelijke staf. Alles redelijk schoon en netjes.",4,قبل شهر,Nile View Inn,فندق,google_maps
3985,فندق متميز   الموقع ممتاز  وتعامل الموظفين قمة في الأدب  الغرف نظيفة ومتوفر فيها كل شيء,5,قبل شهر,Nile View Inn,فندق,google_maps
3986,"انا سعودي
الغرفة اللي اخذتها صغيرة مره بس نظيفة
الاستقبال الدور الاول فنانين ومحترمين ومحترفين
الفطور خورافي توقعت وصخ
الامان منتاز
فيه 39 دور
الانترنت في دور 38 ضعيف بس يمشي الحال
السعر بالنسبة للغرفة مناسب
حولك ماك و كنتاكي وبرجر كنج
اطلاله على النيل
فيه مكيف وسخانة
الفيش ثلاثي",3,قبل شهرين,Nile View Inn,فندق,google_maps
3987,"شكرا لإدارة الفندق على النظافة الممتازة للغرفة والحمام، وعلى طعام الإفطار الجيد.
كما أشكر موظفة الاستقبال نانسي على حسن التعامل والخدمات المميزة التي قدمتها لي خلال الإقامة.
تجربة رائعة
محمد العودي",5,قبل شهرين,Nile View Inn,فندق,google_maps
3988,"Rooms were quite nice, especially for the price. Loved the black out curtains (great for getting over jet lag). Would love to visit again",5,قبل شهرين,Nile View Inn,فندق,google_maps
3989,الفندق مهتم في النظافة وايضا الاستقبال كان جدا راقي من الجميع وخصوصاً الاستاذ كرم ابو مروان,5,قبل شهرين,Nile View Inn,فندق,google_maps
3990,اطلالة ممتازة وطقم المشرفين والمنظفين ممتاز تعامل ممتاز,5,قبل شهرين,Nile View Inn,فندق,google_maps
3991,صراحه الموقع جميل جدآ ع النيل واطلاله اروعه وحاب اشكر الاستاذه /والاستاذ/ نانسي و محمود على حسن الاستقبال الجميل جدا وحسن المعامله والذوق راح اكرر الزياره مره ثانيه اكيد 🥰,5,قبل 3 أشهر,Nile View Inn,فندق,google_maps
3992,"فندق نظيف العاملين جدا محترمين طاقم الرسبشن خلوقين الاستاذ محمود ونانسي وعلياء قمة في الاخلاق "" والجميلة خُلق واخلاق دعاء متعاونه واي شي تطلبه تحاول تلبيه بصراحة باذن الله اكرر تجربتي معاهم شكرا ادارة وموظفي فندق نايل فيو إن 🥰",4,قبل 3 أشهر,Nile View Inn,فندق,google_maps
3993,"Una de los mejores experiencia en en el corazón del Cairo, el Hotel es súper lujo, los trabajadores y la recepcionista son muy amables y te ayudan por cualquier cosa las habitaciones son súper limpias en total lo hemos pasado genial",5,قبل 4 أشهر,Nile View Inn,فندق,google_maps
3994,"Fantastisk utsikt från hotellrummet över Kairo, på en klar dag kunde man se pyramiderna. Personalen var vänlig och hjälpsam med allt vi behövde. Receptionisten var tillgänglig dygnet runt och gav tips om vad man kan göra i Kairo. Rummen var fina och rena. Vi gillade det så mycket att vi till och med förlängde vår vistelse med fyra dagar. Fantastiskt hotell!",5,قبل 4 أشهر,Nile View Inn,فندق,google_maps
3995,يجمع كل طلباتك في سقف واحد,5,قبل شهر,جولدن مان هاوس,متجر ملابس,google_maps
3997,العمال بتتخانق مع بعض علي كلام الجيست اللي راحوا,1,قبل 3 أشهر,جولدن مان هاوس,متجر ملابس,google_maps
3999,ممكن ممتاز وهادي والناس بتشتغل فيه قمة في الذوق والتعاون,5,قبل 7 أشهر,جولدن مان هاوس,متجر ملابس,google_maps
4000,مكان رائع ل شراء البدل و الملابس و الكاجوال,5,قبل 7 أشهر,جولدن مان هاوس,متجر ملابس,google_maps
4002,لو سمحتوا فى بالطو طويل او هاف برجاء الرد,5,قبل 10 أشهر,جولدن مان هاوس,متجر ملابس,google_maps
4004,"Had a great experience at Hashems Dental Clinic . The dentist and staff were very professional and friendly. The scaling procedure was thorough and painless. The clinic was clean and comfortable, which made me feel at ease throughout the treatment. Thank you for providing such excellent service! I’ll definitely return for follow-up treatments.",5,تاريخ التعديل: قبل 5 أيام,Hashems Dental Clinic,عِيادة أسنان,google_maps
4005,warm hospitability and great service👍🏻,5,قبل 5 أيام,Hashems Dental Clinic,عِيادة أسنان,google_maps
4006,خدمه ممتازه جدا، الف شكر دكتور هاشم,5,قبل 3 أسابيع,Hashems Dental Clinic,عِيادة أسنان,google_maps
4007,The treatment was good👍🏻,5,قبل 3 أسابيع,Hashems Dental Clinic,عِيادة أسنان,google_maps
4008,"Thank you so much, doctor. I’m really grateful for your work. You’re excellent at what you do.🥹❤️",5,قبل 3 أسابيع,Hashems Dental Clinic,عِيادة أسنان,google_maps
4010,"Good environment, skillfull doctor and very kind workers.",5,تاريخ التعديل: قبل 3 أسابيع,Hashems Dental Clinic,عِيادة أسنان,google_maps
4011,"Great dental clinic with a very clean and comfortable environment, Everything feels professional and well maintained.",5,قبل 3 أسابيع,Hashems Dental Clinic,عِيادة أسنان,google_maps
4012,Good but a little expensive the doctor and nurse did a great job removing my wisdom teeth and friendly too,5,قبل شهر,Hashems Dental Clinic,عِيادة أسنان,google_maps
4013,best dental clinic in nasr city,5,قبل شهر,Hashems Dental Clinic,عِيادة أسنان,google_maps
4014,"Great hospitality, good equipment and best doctor!",5,قبل شهر,Hashems Dental Clinic,عِيادة أسنان,google_maps
4015,The clinic was very comfortable and the doctor and nurses are very friendly. This was my first experience being a patient here but I already love it. I feel no pain during the treatment 💪🏻💪🏻,5,قبل شهر,Hashems Dental Clinic,عِيادة أسنان,google_maps
4016,"The dentist was very thorough and reassuring. I was worried about my teeth and gums, but everything was carefully checked and clearly explained. The scaling and occlusal adjustment were done gently and professionally. The clinic was clean, and the staff were polite. Overall, a good and comforting experience.",5,قبل شهر,Hashems Dental Clinic,عِيادة أسنان,google_maps
4017,"J’avais une forte douleur à une dent de sagesse, je les ai contacté le soir et ils m’ont donné rendez vous dès le lendemain matin, le dentiste m’a extrait ma dent de sagesse en 10minutes, les prix sont raisonnables, le médecin hyper gentil et a l’écoute, réactivité et propreté au rendez vous.
Je recommande",5,قبل شهر,Hashems Dental Clinic,عِيادة أسنان,google_maps
4018,"I had a very unfortunate experience with another clinic, the situation was extremely urgent, since I didn’t live in Cairo and needed immediate assistance with having a crown on an implant, only one day before my flight. I contacted Dr. Hashems clinic and the response was almost immediate! He took me in right away, and started working on a plan to resolve the issue. Dr. Hashem and his team were very kind, knowledgeable, helpful, understanding, and friendly! And they were able to get that crown installed in less than two hours!
Can’t recommend this place enough to everyone! And it will be my future destination for any dental work in Cairo going forward! Big thank you to you Dr. and to your team ☺️",5,تاريخ التعديل: قبل شهر,Hashems Dental Clinic,عِيادة أسنان,google_maps
4019,"Dr hashem is really friendly with malaysian, thats why we malaysian love this clinic",5,قبل شهر,Hashems Dental Clinic,عِيادة أسنان,google_maps
4020,معامله وحشه و حاجاتهم غاليه عن الباقي و اداره فاشله و ناس شغالين في قمه قله الذوق,1,قبل شهر,سوبرماركت الخليل,سوبرماركت,google_maps
4021,جيد,3,قبل شهرين,سوبرماركت الخليل,سوبرماركت,google_maps
4022,سوبر ماركت مهزق و ادارته فاشله زي اللي بياخد الطلبات بالظبط و اللي بيرد ع التليفون قليل الذوق و مبيفهمش,1,قبل 8 أشهر,سوبرماركت الخليل,سوبرماركت,google_maps
4024,مفيش أي احترافية في التعامل واحد من الي شاغلين بيتبلى عليا اني خد حاجه من غير ما ادفع تمنها و وقفني بعد ما طلعت من الماركت بشوية علم وسخه,1,قبل سنة,سوبرماركت الخليل,سوبرماركت,google_maps
4026,ماركت جيد ومتنوع الاصناف جدا و الناس زوق جدا,4,قبل سنتين,سوبرماركت الخليل,سوبرماركت,google_maps
4027,ممتازين,4,قبل سنتين,سوبرماركت الخليل,سوبرماركت,google_maps
4028,ممتاز,5,قبل سنتين,سوبرماركت الخليل,سوبرماركت,google_maps
4029,ممتاز,5,تاريخ التعديل: قبل أسبوعين,فول زمان,مطعم فلافل,google_maps
4031,ممتاز 👌,5,قبل شهرين,فول زمان,مطعم فلافل,google_maps
4032,"الفول مميز وخاصة الإسكندراني رائع
الطعمية جيدة
الباذنجان المخلل ممتاز
الناس محترمين وخدومين
خدمة التوصيل سريعة
ومتاح من خلال تطبيق طلبات
المكان بسيط و مساحة معقولة للجلوس
السعر أعلى من المتوسط",4,قبل 3 أشهر,فول زمان,مطعم فلافل,google_maps
4033,جمييييبل,5,قبل 4 أشهر,فول زمان,مطعم فلافل,google_maps
4034,Super tasty,5,قبل 7 أشهر,فول زمان,مطعم فلافل,google_maps
4036,Need improvements,3,قبل شهرين,سوبر ماركت القدس,متجر بقالة,google_maps
4038,👎☝️,1,قبل 4 أشهر,سوبر ماركت القدس,متجر بقالة,google_maps
4039,الكاشير الأقرع تعامله سخيف جدا جدا جدا جدا جدا وأسعاركم أغلى من متوسط الأماكن,1,قبل 4 أشهر,سوبر ماركت القدس,متجر بقالة,google_maps
4040,سوبر ماركت وحش جدا و معامله وحشه مرشحهوش لألد اعدائي,1,قبل 4 أشهر,سوبر ماركت القدس,متجر بقالة,google_maps
4041,Good 💙💙💙,4,قبل 5 أشهر,سوبر ماركت القدس,متجر بقالة,google_maps
4042,جيد لكن الأسعار تحتاج مراجعة,4,قبل 7 أشهر,سوبر ماركت القدس,متجر بقالة,google_maps
4043,جيد,4,قبل 7 أشهر,سوبر ماركت القدس,متجر بقالة,google_maps
4044,Need 1 more cable cross machine And a free squat rack and it will be perfect,4,تاريخ التعديل: قبل شهرين,GHgym,صالة رياضة,google_maps
4045,My home 🔥❤️,5,قبل 4 أشهر,GHgym,صالة رياضة,google_maps
4046,المعدات بقت قديمه ومفيش تطوير,3,تاريخ التعديل: قبل 4 أشهر,GHgym,صالة رياضة,google_maps
4048,جيم محترم و كل الناس متعووونه بصراحه و الاستقبال بتعهم كويس جدا,5,قبل 4 أشهر,GHgym,صالة رياضة,google_maps
4049,جيم نضيف وكل الكابتن محترمين الصراحه ومن نجاح لنجاح,5,قبل 4 أشهر,GHgym,صالة رياضة,google_maps
4050,چيم كبير واسم محترم,5,قبل 4 أشهر,GHgym,صالة رياضة,google_maps
4051,❤️❤️❤️,5,قبل 4 أشهر,GHgym,صالة رياضة,google_maps
4052,100%,5,قبل 4 أشهر,GHgym,صالة رياضة,google_maps
4053,My home ❤️❤️❤️,5,تاريخ التعديل: قبل 4 أشهر,GHgym,صالة رياضة,google_maps
4054,"يعتبر محدش عنده ذوق في المكان ده وكله كلاب وقطط
المستوى المهنى تعبان جدا وخصوصا في تقارير محاضر الشرطة في الاصابات",1,قبل أسبوعين,مستشفى القاهرة الجديدة,مستشفى,google_maps
4055,د تامر حامد من أروع مديري هذا المستشفي بالتوفيق,5,قبل شهر,مستشفى القاهرة الجديدة,مستشفى,google_maps
4056,"جيد انصح به الجميع
الخدمات روعه",4,تاريخ التعديل: قبل شهر,مستشفى القاهرة الجديدة,مستشفى,google_maps
4058,سرعة استجابة  وتطعيم مجانى خدمة ممتازة ٢٤ساعة,4,قبل شهر,مستشفى القاهرة الجديدة,مستشفى,google_maps
4059,لا حول ولا قوه الا بالله العلي العظيم,4,قبل شهرين,مستشفى القاهرة الجديدة,مستشفى,google_maps
4060,"When there today, fast and efficient and free.. amazing service ( got bitten by a dog) the hall process took me less than 10 minutes",5,قبل شهرين,مستشفى القاهرة الجديدة,مستشفى,google_maps
4061,"4 stars rating just for the service I used, which is a rabies shot. Very quick to administer and an easy process. When you enter, stop at the gate and explain to the gate clerk what you need, he will give you a paper, head to ER and get a Dr to write the details of the incident, then head out to a small caravan to the right of the ER to get the shot.",4,قبل شهرين,مستشفى القاهرة الجديدة,مستشفى,google_maps
4066,معاملة سيئة,1,قبل 5 أشهر,مستشفى القاهرة الجديدة,مستشفى,google_maps
4069,"مستشفي جميله وسريعه جدا
وفيها  مصل تطعيم للكلاب",5,قبل 6 أشهر,مستشفى القاهرة الجديدة,مستشفى,google_maps
4070,الجيم بقاله فترة مش شغال و مفيش رقم للتواصل,2,قبل شهر,Monster Gym,صالة رياضة,google_maps
4075,مكاني المفضل تحياتي وتقديري لحضراتكم,5,تاريخ التعديل: قبل 8 أشهر,Monster Gym,صالة رياضة,google_maps
4076,"Went to the abaya shop for a freaking expensive piece, asked for the edge to be folded, and the trimmed it instead. Not only did they make me wait for an extra hour ask promised, they did not offer appropriate compensation. Would not recommend to come by and make any purchases.",1,قبل 3 أسابيع,Galleria Mall,مركز تسوق,google_maps
4077,Great mall,5,قبل شهر,Galleria Mall,مركز تسوق,google_maps
4078,جيد,4,قبل شهر,Galleria Mall,مركز تسوق,google_maps
4079,موديلات قديمه,2,قبل 3 أشهر,Galleria Mall,مركز تسوق,google_maps
4080,"موقع رائع وعلى النيل مباشرة يقع داخل فندق هيلتون جراند نايل تاور أمام مستشفى القصر العيني. ويوجد فيه محلات قطونيل للملابس الداخلية وتحف وهدايا فضية  وبأزار تحف فرعونية وكذلك صيدلية ومحلات ملابس جميلة وعطورات  واكوافير وتجميل وكذلك يوجد محلات شنط وملابس اطفال وغيرها .
ويظم كذلك مسرح مصر.
وسينما لعرض أحدث الأفلام العربية والأجنبي في الدور الاخير مع المنظر الرائع على النيل",5,تاريخ التعديل: قبل 4 أشهر,Galleria Mall,مركز تسوق,google_maps
4083,غالي جدا,3,قبل 6 أشهر,Galleria Mall,مركز تسوق,google_maps
4084,متوسط,3,قبل 6 أشهر,Galleria Mall,مركز تسوق,google_maps
4085,مميزة,5,قبل يوم واحد,مستشفى دار الشفاء,المستشفى الحكومي,google_maps
4086,"May God improve what is in your hands Truly, the best specialist doctors are Dr. Saleh Jamil, may God bless you, and Dr. Hossam Zeidan.",5,قبل شهر,مستشفى دار الشفاء,المستشفى الحكومي,google_maps
4087,المستشفى بتقدم الفحص الطبي المطلوب للحج في مبنى  العيادات الخارجية لانها ضمن المستشفيات الحكومية المعتمدة من الوزارة وبتعطي شهادة الافادة المميكنة عليها ختم النسر. بيعملوا بأمانة الكشف الطبي والتحاليل والأشعة المطلوبة للحج على مدار يومين وبيكون فية عاملة بتلف مع الحاج على كل العيادات والاقسام المطلوب ضمن برنامج الفحص وتحجز الدور وغيره لتيسير الإجراءات,4,قبل شهر,مستشفى دار الشفاء,المستشفى الحكومي,google_maps
4089,Better than before.,3,قبل 3 أشهر,مستشفى دار الشفاء,المستشفى الحكومي,google_maps
4090,مستشفى محترم وخدمه ممتازه,4,قبل 3 أشهر,مستشفى دار الشفاء,المستشفى الحكومي,google_maps
4092,نتمنى الشفاء للجميع بإذن الله,4,تاريخ التعديل: قبل 3 أشهر,مستشفى دار الشفاء,المستشفى الحكومي,google_maps
4093,خدمة ممتازه,5,قبل 4 أشهر,مستشفى دار الشفاء,المستشفى الحكومي,google_maps
4094,كويسه جدا,3,قبل 4 أشهر,مستشفى دار الشفاء,المستشفى الحكومي,google_maps
4095,Bad services,1,قبل 4 أشهر,مستشفى دار الشفاء,المستشفى الحكومي,google_maps
4096,حكومي في رداء الخاص ، او خاص في رداء الحكومي ، تجربتي معها ليست جيدة,2,قبل 6 أشهر,مستشفى دار الشفاء,المستشفى الحكومي,google_maps
4097,Very bad attitude especially the security at the emergency entrance. Unfortunately there is mismanagement and no one controls or supervise the security.,1,قبل 6 أشهر,مستشفى دار الشفاء,المستشفى الحكومي,google_maps
4100,"زفت
Doesn’t recommend
Poor staff
Poor co ordination
Poor ultrasound and CT examination
Pricing doesn’t reflect an actual quality",1,قبل 8 أشهر,مستشفى دار الشفاء,المستشفى الحكومي,google_maps
4101,"I had a wonderful stay at Bella Casa Hostel. The hostel has a warm and welcoming atmosphere that makes you feel at home from the moment you arrive. The location in downtown Cairo is excellent, making it easy to explore the city’s main attractions, restaurants, and cafés. The staff were very friendly and helpful, always ready to assist with recommendations or anything needed during the stay. It’s a great place for travelers looking for comfort, good value, and a social environment while visiting Cairo.",5,قبل 3 أيام,Bella Hostel,فندق,google_maps
4102,"Great service, okay rooms for the price. Clean with all essentials. A bit hard to find though the entrance is a sketchy staircase with no signage, I recommend adding a sign at street level.",4,قبل شهرين,Bella Hostel,فندق,google_maps
4103,"Clean and comfortable rooms in a great location. Complimentary drinks and coffee in the common kitchen, very helpful and friendly staff. For great Egyptian food nearby, go to Kazan restaurant down the street.",5,قبل شهرين,Bella Hostel,فندق,google_maps
4104,"I had an awesome time staying at Bella Hostel! It’s right in the middle of Cairo, at Midan Talat Harb, so you’re super close to everything literally..restaurants, galleries, you name it. It’s perfect if you don’t want to spend ages in transportation.
The team there... Mirna, Sahar, and Om Mohamed were amazing. They made us feel so welcome and really went out of their way to help. The place was super clean, and the rooms and bathrooms were well kept. Yeah, the water pressure is a bit on the gentle side, but that just adds to the vintage charm of the place.
If you’re after something super luxurious, this might not be it, but if you want that authentic, vintage Cairo vibe, you’ll love it. It really feels like stepping into the heart of the city.
The kitchen’s got everything you need for a quick meal or breakfast, and the views are pretty awesome, as you can see in the pics.
All in all, I had a fantastic stay and would totally recommend Bella Hostel if you want to experience Cairo in a genuine way ❤️",5,قبل شهرين,Bella Hostel,فندق,google_maps
4106,Tesisin sadece konumu çok iyi temizlik hijyen 0 yataklar berbat ötesi yerde yatsanız daha iyi mecburiyetten bir gece kaldım ve ikinci günün ücretini ödememe rağmen erken çıkış yaptım.,1,قبل 4 أشهر,Bella Hostel,فندق,google_maps
4107,"Some practical points to prepare for, based on my experience:

- The building is on a lively street with outdoor restaurant seating below, popular for food and shisha at night. Expect noise from cars and people through the night; the windows don’t block sound well.

- The building is very old with a distinct cat urine smell on entry. The beautiful art deco stairs and walls show signs of sinking and wear. Be ready to climb stairs, as accommodations are on higher floors offering views.

- My room had a private bathroom and clean bath towels, which was nice. However:
- The shower head knob was broken with a plastic replacement limiting movement.
- Water pressure in the shower was mostly low with occasional bursts.
- The sink tap was broken and ran scalding hot even near the cold setting; it also leaked water onto and below the sink.

- Slippers were provided but were worn, dirty, oversized men’s slippers.

- Windows offer a decent neighborhood view but are wooden-framed with mostly covered glass, letting little light in when closed. You need to open them fully for fresh air and light, but this invites flies. The windows have a broken triangular hole—fine in mild weather but could cause cold drafts or let in insects depending on season. Ask for extra sheets in winter or insect protection in summer.

- The floor air conditioning was very noisy, making sleep difficult even with earplugs.

- Despite requesting a balcony room, my message was unanswered and I did not get one.

- Due to these issues, I left 1 night early and moved to a different accommodation.",3,قبل 4 أشهر,Bella Hostel,فندق,google_maps
4108,"Otelin dışarıdan herhangi bir tabelası yok. Konum tam değil yerini bulmak için tam 1.5 saat dolaşıp durduk. Oteli aradık, mesaj attık cevap veren kimse olmadı. Bulunca asansörünün olmadığını gördük ve valizleri yukarı çıkartamadık. Rezervasyonu onaylamak için yukarı çıktığımızda da daha fazla ücret istendi daha farklı bir odaya geçirilmek istendik. Her şeyi önceden konuştuğumuzu söylememize rağmen 1 saat boyunca o şekilde bekletildik. İptal etmek istediğimizde bizim taleplerimizi kabul edeceklerini söylediler ama artık iş işten geçmişti zaten. Başka otele yerleştik bir daha da bu otelin önünden dahi geçmek istemem. Eğer geçecek olursanız apartman girişinde sıçanlarla karşılacağınızı da göz önünde bulundurun!",1,قبل 5 أشهر,Bella Hostel,فندق,google_maps
4109,The hostel is very nice ..clean. and quite . Great location of cairo centre. I dont know why people are complaining alot.  Dont expect much ..fo the price i found it fare.  20 euros a night is what you get .. clean beds ..descent shower .. Enophe complaining.   The receptionist Mohamad is sweet heart ..helps alot,5,قبل 5 أشهر,Bella Hostel,فندق,google_maps
4111,Its great hostel to live with great manger there so decent with you ..very clean place and so kind dealing there good trip,5,قبل 5 أشهر,Bella Hostel,فندق,google_maps
4112,"Good service, safe, comfortable rooms, friendly staff, and very clean place.",5,قبل 7 أشهر,Bella Hostel,فندق,google_maps
4113,"宿泊施設は、期待外れというよりも、衛生かつ安全面でも不安があり、他の旅行者が同じような思いにならないよう防ぎたくレビューを書きます。

結論から、おすすめしません。
虚偽の掲載、写真、間違った住所、掃除の行き届いていない宿です。

アゴダで「Bella Casa Hostel」を予約しましたが、サイトに掲載されている写真とはまったく異なり、非常に不快な体験をしました。

まず、Google検索すると「La Bella Casa Hostel」という名前の宿泊所が近くに表示されますが、この場所は存在しないフェイクです。

アゴダやブッキングドットコムに記載されている住所は正確ではなく、41度の猛暑の中、約1時間半も探し回る羽目になりました。しかも、建物の外には宿の名前を示す看板も一切ありません。

チェックイン時間は12:00のはずが、13:45に到着した時点で「前の客が出たばかりだから待ってくれ」と言われ、待たされた事に強く不審な気持ちになりました。

スタッフの方は笑顔ですが、ゲストが欲している事を理解することが難しい様でした。
宿泊するゲストの気持ちになっていただけたら、ここにツラツラと書いた内容は対応できるはずです。残念な気持ちでしかありません。",1,قبل 7 أشهر,Bella Hostel,فندق,google_maps
4114,"The place is so clean, comfortable like home 🏠,
And the receptionist there are so friendly and nice 🥰",5,قبل 7 أشهر,Bella Hostel,فندق,google_maps
4115,"I had a wonderful stay at La Bella Casa Hostel! The atmosphere is warm and welcoming, and the staff go out of their way to make you feel at home. The rooms were clean and comfortable, with all the basics you need for a relaxing stay. I especially appreciated the common areas—perfect for meeting other travelers or just unwinding after a day out. The location is great too, close to local attractions, restaurants, and public transport. Highly recommend if you’re looking for a cozy, affordable, and friendly place to stay!",5,تاريخ التعديل: قبل 7 أشهر,Bella Hostel,فندق,google_maps
4116,"Very nice hostel, the rooms are spacious and the air conditioning works very well.
Have option of room with frigobar and a shared small kitchen with microwave( no stove).
The team who works in the hostel are very attentive.
Don't have washing machine, but they offer the service of laundry paid.
Don't have elevator, it's in the third floor. Good location, next of the Egyptian museum.",5,قبل 7 أشهر,Bella Hostel,فندق,google_maps
4118,"They can kick you out from your room and tell you to move to another room more expensive because they wanted to give your room to another people, and no even please or thank you, or i make you a better price.

Also i had seen this threat to other people.

One greek guy was 2hours waiting to be attended, to do the check in.

A brasilian girl with IT nationality, was rip off.  Same room i payed 600LE, she payed 20€.",1,قبل 8 أشهر,Bella Hostel,فندق,google_maps
4119,بيطلبوا أسعار أضعاف ما هو مكتوب علي بوكينج و مواقع الحجز,1,قبل 8 أشهر,Bella Hostel,فندق,google_maps
4120,One of the best places I’ve ever stayed in. The owner Hassan and the rest of the staff were lovely and helpful.,5,قبل 9 أشهر,Bella Hostel,فندق,google_maps
4122,جودة عادية اسعار مبالغ فيها لاانصح به,1,قبل 6 أيام,تاون تيم,متجر ملابس رجالي,google_maps
4123,اسعار جيده وتنوع فى الملابس,5,قبل شهر,تاون تيم,متجر ملابس رجالي,google_maps
4125,"أسعاره غاليه جدا
ولمه بتكون فيه عروض مش بتكون علي الحاجه الكويسه اللي الواحد يقول هتدفع فيه المبلغ
و الخدمه سيئه",1,قبل شهرين,تاون تيم,متجر ملابس رجالي,google_maps
4127,مكان  جميل ومناسب للشباب وهدم رائعه وبأسعار مناسبه وخدمه عملا ممتازة,5,قبل 7 أشهر,تاون تيم,متجر ملابس رجالي,google_maps
4128,احلي جيم احلي كباتن مكان جميل,5,قبل 7 أشهر,تاون تيم,متجر ملابس رجالي,google_maps
4130,"موظفين فى قمة السوء وعدم المهنية
لا انصح نهائيا بالتعامل مع الفرع ده
تجربة سيئة",1,قبل 9 أشهر,تاون تيم,متجر ملابس رجالي,google_maps
4131,"I give negative due the fact I have not being considered, waiting for 15min and ignored. With only 2 tables serving. Maybe cause I was alone and for them not bringing much money? Let's say the 2 waiters and head of sala were busy somewhere else.
So I left
Inside is nice btw :)",1,قبل أسبوع,كافيه كورنيش,مقهى,google_maps
4132,"Ottima colazione, cappuccino e croissant molto buoni, unico appunto il cornetto al cioccolato era farcito solo esternamente e non all'interno come dovrebbe essere. Nel complesso però buono, un po pieno di burro, ma buono! D'altra parte sono le loro usanze e tradizioni, quindi ci sta!",5,قبل أسبوع,كافيه كورنيش,مقهى,google_maps
4133,The food and the service are very good.,5,قبل أسبوعين,كافيه كورنيش,مقهى,google_maps
4134,Thanks a lot Zakaria ! You are amazing ! Friendly and lovely,5,قبل 3 أسابيع,كافيه كورنيش,مقهى,google_maps
4135,More expensive..,1,قبل شهر,كافيه كورنيش,مقهى,google_maps
4136,المكان حلو و رايق و خصوصا شيماء و مستر هاني لطيفين جدا,5,قبل شهرين,كافيه كورنيش,مقهى,google_maps
4137,"Delicious lentil soup, tuna panini, but smoking is allowed and can be uncomfortable for those not familiar with local customs.",3,قبل شهرين,كافيه كورنيش,مقهى,google_maps
4138,Very nice place with  good coffee and delicious croissant),5,قبل شهرين,كافيه كورنيش,مقهى,google_maps
4139,روزين good service I recommend to visit the cafe,5,قبل 3 أشهر,كافيه كورنيش,مقهى,google_maps
4140,Thank u hayde on cafe cornich,5,قبل 3 أشهر,كافيه كورنيش,مقهى,google_maps
4142,Great oasis of peace and good service. Waiter Haidy was excellent.,5,قبل 3 أشهر,كافيه كورنيش,مقهى,google_maps
4144,Wonderful service by Hassan. Loved my first experience with Turkish coffee at cafe corniche,5,قبل 4 أشهر,كافيه كورنيش,مقهى,google_maps
4145,Highest quality,5,قبل 4 أشهر,كافيه كورنيش,مقهى,google_maps
4146,"Not so cozy of an environment since it's inside a hotel lobby and no Nile view. Turkish coffee came with two pieces of Turkish delight which was nice, but ended up costing 300 LE ($6??!!!) which is outrageous in a country where you can grab a coffee for 20 LE elsewhere. No problem with the service, just the price and atmosphere.",3,قبل 5 أشهر,كافيه كورنيش,مقهى,google_maps
4150,اشكر عبدالرحمن ولد ممتاز و خدمه ممتازه من الكافيه اشكره من المغرب,5,قبل 5 أشهر,كافيه كورنيش,مقهى,google_maps
4153,خدمه ممتازه من النادل عبدالرحمن و مهرائيل و بشكرهم علي الاحترام و التقدير ❤️❤️,5,قبل 5 أشهر,كافيه كورنيش,مقهى,google_maps
4154,The staff are so friendly and amazing. The food was 5 star. We enjoyed sitting here everyday just to see the smiles. Thankyou for making our holiday special.,5,قبل 6 أشهر,كافيه كورنيش,مقهى,google_maps
4155,اختيار مميز وتشكيلة جيدة من الحلويات الغربية كافيه كورنيش حسن محمد,5,قبل 6 أشهر,كافيه كورنيش,مقهى,google_maps
4156,راع جدا وكرم هني جميل وطريقت كلمو حلوه مع اناس ♥️,5,قبل 6 أشهر,كافيه كورنيش,مقهى,google_maps
4157,الكافي ولا اروع,5,قبل 6 أشهر,كافيه كورنيش,مقهى,google_maps
4159,من افضل جلسات المساج الي سويتها بالقاهره,5,قبل 3 أسابيع,نادى الديب الصحى بالقاهرة,غرفة لياقة,google_maps
4162,المكان حلو والجلسه ممتازه,5,قبل شهر,نادى الديب الصحى بالقاهرة,غرفة لياقة,google_maps
4172,مساج سيء جدا جد ولايطلق عليه مساج,1,قبل 5 أشهر,نادى الديب الصحى بالقاهرة,غرفة لياقة,google_maps
4173,غير جيد,1,قبل 5 أشهر,نادى الديب الصحى بالقاهرة,غرفة لياقة,google_maps
4175,المساج سيء جدا لا انصح فيه,1,قبل 6 أشهر,نادى الديب الصحى بالقاهرة,غرفة لياقة,google_maps
4178,زفت الزفت,1,قبل 7 أشهر,نادى الديب الصحى بالقاهرة,غرفة لياقة,google_maps
4182,"Nice,clean and friendly 🩷",5,قبل شهر,H2O Gym & Spa,صالة رياضة,google_maps
4187,ممتاز,5,قبل 10 أشهر,H2O Gym & Spa,صالة رياضة,google_maps
4188,المكان تم نقله,3,تاريخ التعديل: قبل سنة,H2O Gym & Spa,صالة رياضة,google_maps
4189,مكان تحفة أمام النيل في برج 39دور,5,قبل سنة,H2O Gym & Spa,صالة رياضة,google_maps
4190,جميل,5,قبل سنة,H2O Gym & Spa,صالة رياضة,google_maps
4192,Suitable for short stays very good value for money,4,قبل يومين (2),فندق القاهرة,فندق,google_maps
4193,تحفه ونضيف والمعامله حلوه اوي والموقع حلو وجنبه كل حاجه,5,قبل 3 أسابيع,فندق القاهرة,فندق,google_maps
4194,"Nice stay
Highly recommended",4,قبل شهر,فندق القاهرة,فندق,google_maps
4196,Superrr d tt bn accueil bn personnel bn endroit. vraiment super🩷bn continuation l’équipe,5,قبل شهرين,فندق القاهرة,فندق,google_maps
4197,"un hotel espectacular! muy buena atención y comodidad, además que tiene un ubicación increíble ⭐️⭐️⭐️⭐️⭐️",5,قبل شهرين,فندق القاهرة,فندق,google_maps
4198,"Personale gentilissimo, buona colazione e posizione molto comoda per uscire a piedi",5,قبل شهرين,فندق القاهرة,فندق,google_maps
4199,فندق حرفيا في وسط البلد . موقع اكثر من رائع كل  الاماكن قريبة  مع وجوده في شارع داخلي ليس فيه ضوضاء. مقارنة بالأسعار سعره تنافسي. عليك اختيار غرفة بشباك ففط,4,قبل شهرين,فندق القاهرة,فندق,google_maps
4200,"I had a great stay at this hotel in Downtown. Everything was perfect from the moment I arrived.|The reception staff were very welcoming, professional, and always ready to help.||The room was clean, comfortable, and well organized, with great attention to details.|Housekeeping was excellent, and cleanliness was clearly a top priority.||Breakfast was fresh, tasty, and had a good variety of options.|The overall service and attitude of the staff made the stay even more enjoyable — everyone was polite, respectful, and friendly.",5,قبل شهرين,فندق القاهرة,فندق,google_maps
4201,"⭐⭐⭐⭐⭐ Paradise Boutique Hotel||Great stay at Paradise Boutique Hotel. The staff were friendly and helpful, especially the lady at the reception who was very polite and welcoming. Check-in was smooth and comfortable. The location is also very good, making it easy to move around and access nearby places. Overall, a pleasant experience and good value for money. Would definitely recommend and stay again.",5,قبل شهرين,فندق القاهرة,فندق,google_maps
4202,The staff is very friendly and accomodating. The hotel is quiet private and clean. The wifi is strong and the breakfast is great. The location is close to so many retail shops and eateries. It is super convenient. I enjoyed my stay in Cairo and at Cairo Paradise Hotel,5,قبل 3 أشهر,فندق القاهرة,فندق,google_maps
4204,سيئ جداً و خدمة عملاء غير متجاوب,1,قبل 3 أشهر,فندق القاهرة,فندق,google_maps
4205,سيء جدا,1,قبل 3 أشهر,فندق القاهرة,فندق,google_maps
4206,‏سيئ للغاية وأنصحكم بعدم الذهاب إليه,1,قبل 3 أشهر,فندق القاهرة,فندق,google_maps
4207,سيء جدا ❌❌❎,1,قبل 3 أشهر,فندق القاهرة,فندق,google_maps
4208,مافي خدمات,1,قبل 3 أشهر,فندق القاهرة,فندق,google_maps
4209,طاقم  سيئ جداً ، ومعاملة اسؤا لا انصح به ❌,1,قبل 3 أشهر,فندق القاهرة,فندق,google_maps
4210,سيء جدًا أخذو السخان على أساس يزبطوه وحطوه فغرفة ثانية وجلست 3 أيام بدون سخان للماء ❌,1,قبل 3 أشهر,فندق القاهرة,فندق,google_maps
4211,Nice place and good teem work and perfect location in downtown i have a good nights 100 .. 100. And good ...  Price in downtown,5,قبل 3 أشهر,فندق القاهرة,فندق,google_maps
4212,"Had a great stay , everything was nice . |In the middle of cairo , everything was great , the reception was such a nice people",5,قبل 3 أشهر,فندق القاهرة,فندق,google_maps
4213,🥰🥰🥰🥰🥰🥰🥰🥰🥰🥰🥰🥰🥰🥰🥰🥰🥰🥰🥰🥰🥰🥰🥰🥰🥰🥰🥰🥰🥰🥰🥰🥰🥰🥰🥰🥰🥰🥰🥰🥰🥰🥰🥰🥰🥰🥰🥰🥰🥰 the best hotel in cairo |heba is friendly cute and helpful,5,قبل 3 أشهر,فندق القاهرة,فندق,google_maps
4214,بعض المنتجات مش موجودة غير عندو,5,قبل 3 أسابيع,اسواق فتح الله,سوبرماركت,google_maps
4216,سوق به كل المنتجات والأسعار فى المتناول لكل الطبقات,5,قبل سنة,اسواق فتح الله,سوبرماركت,google_maps
4217,كل ما تحتاج اليه مع سعر مميز,5,تاريخ التعديل: قبل سنة,اسواق فتح الله,سوبرماركت,google_maps
4218,"Très bon salon , et prenent
trop soin des clients ❤️❤️❤️❤️",5,قبل يوم واحد,Dehya Beauty Salon ( New Cairo ),صالون تجميل,google_maps
4219,Excellent service,5,قبل 5 أيام,Dehya Beauty Salon ( New Cairo ),صالون تجميل,google_maps
4220,AMAZING!,5,قبل أسبوع,Dehya Beauty Salon ( New Cairo ),صالون تجميل,google_maps
4221,Amzing service!,5,قبل أسبوع,Dehya Beauty Salon ( New Cairo ),صالون تجميل,google_maps
4222,نظراً لجفاف بشرتي الشديد مؤخراً، حجزتُ جلسة ترطيب عميق. مع ذلك، اقتصرت معظم الجلسة على تنظيف عميق مع ترطيب طفيف. خضعتُ لجلسة تقشير دقيق، وتنظيف بالملعقة، وإزالة الرؤوس السوداء، وجلسة تفتيح البشرة. لكن من الواضح أن المعالجة لم تكن تجيد استخدام جهاز التقشير الدقيق والملعقة بشكل صحيح؛ كانت العملية مؤلمة للغاية، وشعرتُ بألم شديد في بشرتي. هذا النوع من العلاج يُلحق الضرر بالطبقة القرنية من الجلد. طلبتُ أيضاً جلسة مانيكير في نفس الوقت، بتكلفة 300 جنيه مصري. لكنها اقتصرت على تقليم الجلد المحيط بالأظافر فقط، دون وضع طلاء أظافر. بعد طلبي، وضعت طلاء الأظافر بشكل سطحي، ما لم يكن مانيكيراً على الإطلاق. علاوة على ذلك، استغرق طلاء الأظافر وقتاً طويلاً ليجف (10 دقائق) وكان غير متناسق. إضافة إلى ذلك، كان روتين العناية بالبشرة لديها دون المستوى المطلوب، ومع ذلك طلبت 2200 جنيه مصري. أعتقد أنها لم تتخرج من تدريبها الطبي. إنها لا تعرف كيفية استخدام أدوات التجميل بشكل صحيح لتقديم تجربة خدمة أفضل لزبائنها.,1,قبل أسبوع,Dehya Beauty Salon ( New Cairo ),صالون تجميل,google_maps
4224,I went to dehya salon today I do my hair with Mr eslam  he is very good and nice 😊❤️❤️,5,قبل أسبوع,Dehya Beauty Salon ( New Cairo ),صالون تجميل,google_maps
4225,The place is super clean and the staff is super friendly and nice!,5,قبل شهر,Dehya Beauty Salon ( New Cairo ),صالون تجميل,google_maps
4226,Perfect bgd w kolhm professional eslam w abod w shahd w mayada bgdd highly recommended ❤️,5,قبل شهر,Dehya Beauty Salon ( New Cairo ),صالون تجميل,google_maps
4227,"رحتلهم على الأسعار حقت المنيو و جاني واحد طويل و نحيف وكان لابس اسود إداني أسعار مختلفه لان عرفو أننا خليجيين و
يقولون إنها الأسعار الجديده و غير عن منيو القديم في الواتساب
و كنا حاجزين معاهم اكريليك نيلز من ٦ ونص و خلونا نسوي فيك نيلز مع جيل الساعه ١٠ و يدخلون ناس يسوون لهم قبلنا و الجيل ثاني يوم بدأ يتقشر و التركيب مركبين ظفر عريض ظفر صغير و مسوين ظفر مايل و ظفر مشطوف و طلعلنا فطريات
التونسيه كان تعاملها كويس بس الي يزعل أنها عارفه و كل الاستف يعرفون انو ناصب علينا و  كيف تبغون عملاء دائمين عندكم و هذا قاعد ينصب على كيفه؟ فين الذمه و الضمير و حاول فينا ندفع فلوس كاش

We checked the prices on their WhatsApp menu, but when we arrived, a tall, slim guy wearing black gave us completely different prices after realizing we were Gulf customers. He claimed these were “new prices” and different from the old menu.

We had booked acrylic nails at 6:30 PM, but they made us wait until 10 PM and convinced us to do fake nails with gel instead. Meanwhile, they kept letting other customers go before us.

The gel started peeling the very next day. The nail application was terrible — one nail was wide, another was small, one was crooked, another was unevenly filed. On top of that, we ended up with fungal infections.

The Tunisian staff member had a good attitude, but what’s disappointing is that she and the rest of the staff clearly knew what was happening. If this is how you treat customers, how do you expect to have loyal clients? Where is the honesty and professionalism? He even tried to make us pay in cash.

Very unprofessional and disappointing experience. I would not recommend this place.",1,قبل شهر,Dehya Beauty Salon ( New Cairo ),صالون تجميل,google_maps
4228,Great lash lift service in Cairo,5,قبل شهر,Dehya Beauty Salon ( New Cairo ),صالون تجميل,google_maps
4229,"Firstly the staff is so friendly, love going there, they are great with customers. Eslam is genuinely the best hairdresser I’ve been to. He knows what he’s doing and puts hard work to make everything turn out like I wanted. I’ve coloured my hair twice, got my extensions refilled, styled my hair with him and never left disappointed once!",5,قبل شهر,Dehya Beauty Salon ( New Cairo ),صالون تجميل,google_maps
4230,"جربت الصبغة مع شهد واعجبتني مرة
والنيلز مع ميادة مرة حلو
عسولات البنات وتعامل جميل جدًا واسلوب🤍
أكرر الزيارة",5,قبل شهر,Dehya Beauty Salon ( New Cairo ),صالون تجميل,google_maps
4231,Islam great hairstylist. I did my roots but am going back for highlights.,5,قبل شهر,Dehya Beauty Salon ( New Cairo ),صالون تجميل,google_maps
4232,"Thank you so much Gigi and shahd! Booked in for my mum and myself for hair wash, mask, cut and styling. Very welcoming team and great service",5,قبل شهرين,Dehya Beauty Salon ( New Cairo ),صالون تجميل,google_maps
4233,"سويت جل اكستشن مع مياده فنانه وسريعه
وصحبتي سوت لون عادي ونظيفففف مع شهد اشكرهم جداااا❤️❤️❤️",5,قبل شهرين,Dehya Beauty Salon ( New Cairo ),صالون تجميل,google_maps
4234,Mayada and shahad an amazing work for me really i love this place and all salon is very clean. Recommend all freinds thanks Dehya team,5,قبل شهرين,Dehya Beauty Salon ( New Cairo ),صالون تجميل,google_maps
4235,Abood Islam juju and all staff thank you feisal I see this salon I happy I recommend all I see you soon I’m in Kuwait I love this salon and also feisal I love coffee,5,قبل شهرين,Dehya Beauty Salon ( New Cairo ),صالون تجميل,google_maps
4237,"I visited Dehya Beauty Salon in New Cairo and had a great overall experience. I got several treatments done, including hair services, a facial, spa pedicure, and manicure. Islam did my hair, and he was extremely professional and knowledgeable. He really knew what he was doing and didn’t try to oversell or push unnecessary treatments—he focused only on what my hair actually needed, which I really appreciated.

The staff were friendly, professional, and welcoming. I was very happy with the results of all the services and would definitely recommend the salon to anyone looking for quality treatments and honest advice.",5,قبل شهرين,Dehya Beauty Salon ( New Cairo ),صالون تجميل,google_maps
4238,Great experience and super kind and professional staff!,5,قبل شهرين,Dehya Beauty Salon ( New Cairo ),صالون تجميل,google_maps
4239,"Best beauty salon ever, super sanitary, spectacular service and jihan does amazing facials, I’d like to thank all staff❤️",5,قبل شهرين,Dehya Beauty Salon ( New Cairo ),صالون تجميل,google_maps
4240,"I had two haircuts with two different people at the salon and I WILL NEVER BE BACK TO THAT SALON BECAUSE THEY RUINED MY HAIR, it so sad the my hair looks funny and weird because of two inexperienced men ( abood and the Christian guy) seriously DO NOT GET A HAIRCUT AT THAT SALON",1,قبل شهرين,Dehya Beauty Salon ( New Cairo ),صالون تجميل,google_maps
4241,"Ive been searching for places that do lash lifts in cairo and they do it so good here! Professional, clean, and lasts long. I got it done by Gigi and she explained to me all the aftercare for it. Every time i get it done i get so mant compliments",5,قبل شهرين,Dehya Beauty Salon ( New Cairo ),صالون تجميل,google_maps
4242,El makan clean awi w elnas henak zo2 gdn w ely 3mly 4a3ry kan shater bsra7a,5,قبل 3 أشهر,Dehya Beauty Salon ( New Cairo ),صالون تجميل,google_maps
4243,"Islam make my hair , very professional with care about  the customer . Kindly recommend all the lady to go this beauty salon he it’s awesome and know all the secret about our hair
Also Mayada , Faisal she so great and professional. With lots of detail . I like her so much
Jihen and supervisor she do all the organisation people work well under her .
The place it’s more then good and amazing
Top of top",5,قبل 3 أشهر,Dehya Beauty Salon ( New Cairo ),صالون تجميل,google_maps
4244,خدمة بروفيشنال جدا انا محجبه و صبغت شعري جيجي هيا الي عملتلي و كنت عاوزه لون فاتح بس مكنش هيناسب فتله شعري و بحثت معايا عن الوان تناسب خامه شعري و متبوظهاش بجد نادر لما انشان يروح يلاقي انسان فاهم في الشغلانه بالشكل دا ويطلع شغل تحفه انا مش بروح و لا بسيب حد يلعب ف شعري او يقصه بس هيا عملتلي قصه تحفه كل الي بيشوفها عليا بينبهر بجد جيجي دي Hidden Gem بجد تعامل راقي جدا و اسلوبهم جميل بجد ❤❤❤,5,قبل 3 أشهر,Dehya Beauty Salon ( New Cairo ),صالون تجميل,google_maps
4246,مطعم جيد جدآ,5,قبل 3 أشهر,مطعم الشعب,مطعم فلافل,google_maps
4247,انضف مطعم فول وفلافل,5,قبل 3 أشهر,مطعم الشعب,مطعم فلافل,google_maps
4249,مطعم ممتازه قوي,5,قبل 10 أشهر,مطعم الشعب,مطعم فلافل,google_maps
4250,تحفة بجد والبطاطس والفول كانوا حلوين جدا جدا,5,قبل 11 شهرًا,مطعم الشعب,مطعم فلافل,google_maps
4252,معامله غير مهذبه.,2,قبل سنة,مطعم الشعب,مطعم فلافل,google_maps
4253,الورشه العرييقه,5,قبل سنة,مطعم الشعب,مطعم فلافل,google_maps
4254,اسرع خدمه توصيل للمنازل,5,قبل سنة,مطعم الشعب,مطعم فلافل,google_maps
4255,احسن مطعم فول وطعمية واحلى اكل,5,قبل سنة,مطعم الشعب,مطعم فلافل,google_maps
4256,جميل ونظيف جدا,5,قبل شهر,يامال الشام - Yamal ElSham,مطعم مأكولات سورية,google_maps
4257,ارجو تغيير الرقم لأنه ملك شخص آخر,5,قبل 3 أشهر,يامال الشام - Yamal ElSham,مطعم مأكولات سورية,google_maps
4259,الله يباركلو الكباب والصفيحة عندو رقم واحد فعلا شي على الأول,5,قبل 4 أشهر,يامال الشام - Yamal ElSham,مطعم مأكولات سورية,google_maps
4261,"The place is authentic and satisfying for a good dinner with friends and family. Food is if good quality, it took a while to get served but it was worth it. Grills are excellent and starters are good. The atmosphere outdoors is good but the noise from the near Café is somewhat disturbing. The prices are quite reasonable and definitely worth the quality.
All in all, I would recommend visiting.",5,قبل 4 أشهر,يامال الشام - Yamal ElSham,مطعم مأكولات سورية,google_maps
4262,الاكل حلو ومش بيتأخر كتير والاسعار معقوله والكميات معقوله,5,قبل 6 أشهر,يامال الشام - Yamal ElSham,مطعم مأكولات سورية,google_maps
4264,الموسيقى والغناء حرام إتقو الله,1,قبل أسبوع,Esplanade cafe restaurant,مطعم,google_maps
4265,مكان راقي جدآ واكلوا جميل والفعاليات كويسه,4,قبل شهر,Esplanade cafe restaurant,مطعم,google_maps
4266,"Really enjoyed the buffet spread in Esplanade Cafe for dinner. The roast are very good , juicy and tender. The spread is amazing and service is good too. I love the many types of desserts from oriental to French .Keep up the good work 😍😍😍",5,قبل 3 أشهر,Esplanade cafe restaurant,مطعم,google_maps
4268,Dinner Open Buffet during Eid is amazing. This is not my first time and definitely will be not the last time. Quality of food is great and staff are very friendly and professional.,5,تاريخ التعديل: قبل 4 أشهر,Esplanade cafe restaurant,مطعم,google_maps
4269,الاكل حلو زي الاسعار بجد ممتزه,3,قبل 4 أشهر,Esplanade cafe restaurant,مطعم,google_maps
4272,"Beautiful music ✨
Lovely atmosphere and service 💫
Thank you 🌹",5,قبل 5 أشهر,Esplanade cafe restaurant,مطعم,google_maps
4274,حلو,5,قبل 7 أشهر,Esplanade cafe restaurant,مطعم,google_maps
4275,أكيد هرجع أزور المطعم تاني عشان الخدمة والطعم,4,قبل 7 أشهر,Esplanade cafe restaurant,مطعم,google_maps
4276,جميل,5,قبل 8 أشهر,Esplanade cafe restaurant,مطعم,google_maps
4278,جميله,5,قبل 9 أشهر,Esplanade cafe restaurant,مطعم,google_maps
4279,"A fine restaurant inside the InterContinental Cairo CityStars Hotel that is open all-day, and serves both buffet and a-la-carte food.

They have a variety of soups, salads, starters, main dishes, dessert, and drinks. They have both vegetarian and non-vegetarian dishes. They serve Middle Eastern, Egyptian, Asian, Italian, and Desi food.

Food portions are very filling. Staff are friendly. They are priced a little above average. They accept cash and card payment.",5,قبل 11 شهرًا,Esplanade cafe restaurant,مطعم,google_maps
4280,الاكل سئ بجد فلوس علي الارض,1,قبل 3 أيام,بيتزا و باستا سان مارينو القاهرة الجديدة,مطعم مأكولات إيطالية,google_maps
4281,To7faaa bgd,5,قبل أسبوعين,بيتزا و باستا سان مارينو القاهرة الجديدة,مطعم مأكولات إيطالية,google_maps
4282,"Food is amazing and prices are great, ordered lasagna alforno which was very hot, but tasted perfecto👌",5,قبل 3 أسابيع,بيتزا و باستا سان مارينو القاهرة الجديدة,مطعم مأكولات إيطالية,google_maps
4283,"We used to go to masr al gedida branch all the time, and the food here is exactly like it.

They make the best tomato soup of all time.
We also ordered the oven potato, steak with pepper sauce and a side of red sauce pasta that tasted amazing! The steak is more of escalope cut so not the regular steak but still good. Ruccoa salad also tastes good.

The seating isn’t fancy at all, it’s the opposite but still very clean and they’re the nicest hosts. Will definitely go again.

The prices are very 2015 coded you won’t find these priced in new cairo at all",5,قبل شهر,بيتزا و باستا سان مارينو القاهرة الجديدة,مطعم مأكولات إيطالية,google_maps
4284,"The new plate  is  awesome  , thanks for your hospitality",5,قبل شهر,بيتزا و باستا سان مارينو القاهرة الجديدة,مطعم مأكولات إيطالية,google_maps
4285,"It is a kind of street food wich is something really great and unique, restaurant is not fancy but very cozy.
Stuff is very welcoming.
Also portions are enough",5,قبل شهر,بيتزا و باستا سان مارينو القاهرة الجديدة,مطعم مأكولات إيطالية,google_maps
4286,The food and portions are great. Price is relatively suitable and good. Highly recommended. The place needs to invest in the decorations and the tables and chairs as you will need to eat and go.,5,تاريخ التعديل: قبل شهرين,بيتزا و باستا سان مارينو القاهرة الجديدة,مطعم مأكولات إيطالية,google_maps
4288,Food is very good,5,قبل شهرين,بيتزا و باستا سان مارينو القاهرة الجديدة,مطعم مأكولات إيطالية,google_maps
4289,مستر محمود خدوم جدا وبيحب يخدم الحاجة اوي وفارقله العميل يكون مبسوط,5,قبل شهرين,بيتزا و باستا سان مارينو القاهرة الجديدة,مطعم مأكولات إيطالية,google_maps
4290,great value at great price,5,قبل 4 أشهر,بيتزا و باستا سان مارينو القاهرة الجديدة,مطعم مأكولات إيطالية,google_maps
4291,Very very basic,2,قبل 4 أشهر,بيتزا و باستا سان مارينو القاهرة الجديدة,مطعم مأكولات إيطالية,google_maps
4293,"Very friendly staff ,very cozy place",5,قبل 5 أشهر,بيتزا و باستا سان مارينو القاهرة الجديدة,مطعم مأكولات إيطالية,google_maps
4294,"Always so good, authentic, and tasty... Just perfect & simply Italian♥️ am a regular customer for 12 years straight and will always be♥️",5,قبل 5 أشهر,بيتزا و باستا سان مارينو القاهرة الجديدة,مطعم مأكولات إيطالية,google_maps
4295,اكلت فيه انا وخطيبتي وكان الاكل تخفة ونضيف والكمية كتيرة,5,قبل 6 أشهر,بيتزا و باستا سان مارينو القاهرة الجديدة,مطعم مأكولات إيطالية,google_maps
4296,"Easily one of the best places to get value for your money,

-Food is cuisine like quality and experience for much cheaper prices
Note: all the food tastes good, and i especially recommend the Polinari Pasta, it is a big bowl and it gets Two people stuffed, you can just get an appetizer beside it for variety, but it really is perfect and the portion like I said is for 2, I also the Chicken Mushroom Main dish, it is really good and tasty, just a heads up, make a reservation prior going as they take a lot of time preparing the main dishes because they serve them fresh, that is if you don't love waiting, but it is really worth the wait, Lasagna is good and  the portion is also for 2, but after finishing the bowl, you'll end up hating the color red from the amount of tomatoe sauce you've eaten 😂.

Pizzas are good but they are not amazing, you'll not be wowed from it like the other plates, if you want to try it though, I really recommend the primavera with extra cheese (with no blue cheese, or olives because pizza is not the food to add those on), the one with pineapples is also good, it's just a bbq pizza with pineapples on it, they do not put a lot of pineapple on it so it is not overwhelming the other flavors, it just gives a kick of sweetness that tastes good, but again pizza will not wow you, it's just a good pizza.

Ask for their spicy sauce bottle if you love spicy, it is really really good and it'll leave you very satisfied.

-Service is great, and the people are lovely there, especially El Capitano, his hospitality and friendliness is what made us fsll in love with this hidden franchise, to the point that we sometimes ask prior going what branch is the Capitano at so we can meet him.

-Atmosphere is very beautiful and peaceful,  it should resemble the local restaurants of Italy, of course, I do not know how much of resemblance there is because I've never been to Italy, but I guarantee you'll feel comfy there, they just need to buy AC for the summer as their portable water cooling fans do not do enough work to cool you in that hot weather, but you can spend everyday of your week there in Winter.

Overall I really with the deepst regret recommend the place as much as I hate to do it, as it's been a special spot for me, and in a selfish way you just want to keep it to yourself, but I really wish them all the best! ♥️",5,قبل 6 أشهر,بيتزا و باستا سان مارينو القاهرة الجديدة,مطعم مأكولات إيطالية,google_maps
4298,10000000/10,5,قبل 5 أشهر,اسكوير كافيه,كافيه,google_maps
4299,ممتاز واسعار جداً رخيصه لكن الجلسات غير مريحه للجلسات الطويله لكن كسعر مناسب جداً,4,قبل 8 أشهر,اسكوير كافيه,كافيه,google_maps
4300,جو شعبي عائلي,3,قبل 9 أشهر,اسكوير كافيه,كافيه,google_maps
4302,المكان كويس جدا فيه كل حاجه اسعار كويسه الاستف هايل جدا و دودو ذوقهما في الاغاني حلو اوووي,5,قبل 10 أشهر,اسكوير كافيه,كافيه,google_maps
4303,حلو و هادي جدا بس في اوقات بيكون زحمه,5,تاريخ التعديل: قبل سنة,اسكوير كافيه,كافيه,google_maps
4305,الاكل و الاسعار كويسه اوي,5,قبل 3 أيام,بيتزا كينج باب اللوق,مطعم بيتزا,google_maps
4306,ممتاز,5,قبل 5 أيام,بيتزا كينج باب اللوق,مطعم بيتزا,google_maps
4307,The chicken pizza was actually not too bad.,4,قبل شهر,بيتزا كينج باب اللوق,مطعم بيتزا,google_maps
4310,"لا انصحكم التعامل مع هذا الفرع
تلقيت منهم اسواء معاملة في مصر
انا رحت عندهم كذا بالصدفة كنت اتمشى
انا جاي من السعودية

وكانت الساعة ١ الليل سألت العامل متى تقفلوا قال ٤ الفجر
طلبت بيتزا وبيبسي
عاوز اقعد على الطاولات اللي جوا المحل
العامل خرجني قال خلاص قفلنا المحل او تدفع فلوش زيادة حقت القعدة جوة المحل
وخلاني اكل خارج وخدمتهم والله صفر
غير كذا قلة ادب ونصب من العمال",1,قبل 3 أشهر,بيتزا كينج باب اللوق,مطعم بيتزا,google_maps
4311,مكان لطيف وظريف وسريع بيرفكت,4,قبل 5 أشهر,بيتزا كينج باب اللوق,مطعم بيتزا,google_maps
4313,"The food was very good overall. However, I gave one less star because I specifically requested all six burgers to be beef, but one was chicken instead. Additionally, the burger that didn’t have cheese or sauce was not clearly marked on the wrapper.",4,قبل 6 أشهر,بيتزا كينج باب اللوق,مطعم بيتزا,google_maps
4314,الفراخ سوده من جوه ومش مستويه خالص حتي القطع غير بعضها في درج لون ونايه من جوه ومش راضي أحط الفديو علشان المنظر سي للغايه,1,قبل 6 أشهر,بيتزا كينج باب اللوق,مطعم بيتزا,google_maps
4315,"Great deals , value for money",5,قبل 6 أشهر,بيتزا كينج باب اللوق,مطعم بيتزا,google_maps
4317,تجرّبه معقوله,2,قبل سنة,Mazzika,مقهى,google_maps
4318,اجمد قنا,5,قبل سنة,Mazzika,مقهى,google_maps
4319,Just fine,4,قبل سنتين,Mazzika,مقهى,google_maps
4320,ممتاز جدا,4,قبل سنتين,Mazzika,مقهى,google_maps
4322,"It's the best local cafe in fifth Settlement, best prices and perfect place",4,تاريخ التعديل: قبل سنتين,Mazzika,مقهى,google_maps
4323,Very good place,5,قبل 3 سنوات,Mazzika,مقهى,google_maps
4324,Nice but over-priced,4,قبل 3 سنوات,Mazzika,مقهى,google_maps
4326,"I used to visit this salon from time to time and previously had positive experiences because the stylists were attentive to my needs and vision. Unfortunately, my most recent visit was very disappointing. The hairstylist/owner, Joseph, did not seem to actively listen to what I was asking for and appeared to be rushing through the appointment.

Despite clearly stating that maintaining length was my top priority, my hair was cut much shorter than requested and the bangs turned out poorly. I also mentioned several times that cutting my hair while wet might not be the best approach since my hair is curly, but after some insistence I trusted his recommendation. Unfortunately, the final result did not turn out well.

I also found some of the comments about my hair being dry unnecessary and somewhat embarrassing, especially when they were made “jokingly” in front of other staff members, despite me already explaining the reason.

I also noticed that videos were being taken during the appointment without my consent, which made me uncomfortable.

Considering the outcome and the experience overall, the service felt overpriced and disappointing. Based on this visit, I would not recommend this salon, particularly for people with curly hair. I hope the salon takes this feedback seriously and becomes more attentive to clients’ requests in the future.",1,قبل يومين (2),Bella salon zamalek,صالون تجميل,google_maps
4327,One of the best salons ever! The team is very professional and they always do an amazing job Highly recommended ♥️,5,قبل 5 أيام,Bella salon zamalek,صالون تجميل,google_maps
4328,"I am in Egypt for several months.  As  I was preparing to come here, I kept thinking and now I need to find a place to get my nails done.  After looking at reviews online, I selected Bella Salon and had an appointment with Shama and Rayna today - I'm not fully sure how the two of them working togethr words - but they were wonderful.  I had gel polish on my toes and also needed a gel fill in for my nails.  We worked through the language differences via Google (the globally understood term) and my nails look great.  Thanks to both of them.",5,قبل شهر,Bella salon zamalek,صالون تجميل,google_maps
4330,"Väldigt bra salong, shayma var väldigt duktig på naglar!",5,قبل شهر,Bella salon zamalek,صالون تجميل,google_maps
4331,"Jag gjorde mina naglar hos Shaima. Duktig, noggrann och lyhörd. Mina naglar blev precis som jag tänkte mig ❤️",5,قبل شهر,Bella salon zamalek,صالون تجميل,google_maps
4334,راااائع وبروفيشنال شغلهم فنان والستاف كلهم شاطرين ، المكان المعتمد بالنسبالي لكل المرات الجايه,5,قبل شهر,Bella salon zamalek,صالون تجميل,google_maps
4336,قصيت شعري عند جوزيف صراحه روووووعه فنان ف القص ماشاءالله تبارك الله اشكره ومو اخر مره 🤍🇸🇦,5,قبل شهر,Bella salon zamalek,صالون تجميل,google_maps
4337,"من السعودية إلى مصر، كانت تجربة ولا أروع ✨
زرت صالون شخصيا جوزيف وبكل أمانة حسّيت نفسي بين أهلي. احترافية عالية، ذوق راقٍ، اهتمام بأدق التفاصيل، ونتيجة فوق التوقعات.
شغل يشرح الصدر، ذوق يرضي العين، وتعامل يخلّي الواحد يرجع وهو مطمئن وسعيد.
شكراً من القلب على الإبداع والذوق العالي، تجربة تستاهل كل مدح وتوصية شكرااا لذوق العالي والراقي  جوزيييف 🤍🇸🇦🇪🇬",5,قبل شهرين,Bella salon zamalek,صالون تجميل,google_maps
4338,"«Le service est excellent, le personnel est formidable et je suis vraiment contente du résultat !❤️💪",5,قبل شهرين,Bella salon zamalek,صالون تجميل,google_maps
4339,"I walked into the salon by pure chance, and it turned out to be the most elegant and beautiful salon I’ve ever visited in Egypt.
My sincere appreciation goes to the hairstylist Joseph, a true artist with exceptional creativity and refined taste.
I had my hair cut and styled into a flawless wavy blow-dry, and the result exceeded all my expectations.
I couldn’t be happier — I left feeling more beautiful than I had ever imagined.

Client: Tala – Saudi Arabia 💚🤍",5,قبل شهرين,Bella salon zamalek,صالون تجميل,google_maps
4340,"Decent …. but don’t use any styling products,
so bring your own hair protector. Should put towel / wrap on client while working.",3,قبل شهرين,Bella salon zamalek,صالون تجميل,google_maps
4342,اقوى قص شعر بالزمالك القاهرة  عند الفنان جوزيف جاين مخصوص حق جوزيف من الكويت احلى تحيه حق القاهرة,5,قبل شهرين,Bella salon zamalek,صالون تجميل,google_maps
4343,احلى قصة شعر من ايد فنان القص جووزيف يعطيه العافيه واحلى صالون واحلى سيرفس,5,قبل شهرين,Bella salon zamalek,صالون تجميل,google_maps
4346,جربت حمادة قص و كذا خدمه جدا ممتازه انصح بيه,5,قبل 3 أشهر,Bella salon zamalek,صالون تجميل,google_maps
4347,Nice location and welcoming staff,5,قبل 3 أشهر,Bella salon zamalek,صالون تجميل,google_maps
4349,شكراً,5,قبل 3 أشهر,Bella salon zamalek,صالون تجميل,google_maps
4351,ممتازين ماشاء الله انا انبسط جدا وخصوصا من منه ماشاء الله شغلها متميز الشعر منتجات كلها فوق الممتازه,5,قبل 5 ساعات,Women's Beauty salon,صالون تجميل,google_maps
4353,صالون تجميل نسائي حلو,5,قبل 3 أيام,Women's Beauty salon,صالون تجميل,google_maps
4354,"Qualified team, thank you kiko 😃",5,قبل شهر,Women's Beauty salon,صالون تجميل,google_maps
4355,أنا حبيت شعري جدا والمكان رايق وجميل واشكر خاصة كيرو الي قص شعري واستشوره، انصح في الصالون جدا وطبعا راح اعتمده كل مره اجي فيها مصر ❤️,5,قبل شهر,Women's Beauty salon,صالون تجميل,google_maps
4356,المكان بجد تحفه و ممتاز و شغلهم بجد ضمير جدا و مكان في خصوصية و احترام 🤍,5,قبل شهر,Women's Beauty salon,صالون تجميل,google_maps
4357,"They were very professional , the place was clean and they wore gloves . I didn’t wait at all (they have a lot of staff memebers) and they provide many services",5,قبل شهر,Women's Beauty salon,صالون تجميل,google_maps
4358,"They offer plenty of special services, and
the,manager is so helpful. The staff are amazing, especially Nada. She made my nails look exactly like the photo I showed her, and she’s incredibly
. sweet",5,قبل شهر,Women's Beauty salon,صالون تجميل,google_maps
4360,"احلا بداكير ووش وحواجب من ايه ذوق وشغلها زى عسل وبنوته قمر
وتنظيف بشره شيرين ذوق جدا وأسلوبها قمر",5,قبل شهر,Women's Beauty salon,صالون تجميل,google_maps
4362,"Très bon accueil et je suis très satisfaite du résultat final !
Encore merci",5,قبل شهرين,Women's Beauty salon,صالون تجميل,google_maps
4363,I loved the service. It truly felt like a bridal experience. Special thanks to Yasmin. ❤️❤️,5,قبل شهرين,Women's Beauty salon,صالون تجميل,google_maps
4368,Staff are very polite definitely coming again,5,قبل 3 أشهر,Women's Beauty salon,صالون تجميل,google_maps
4370,يجنننن شغلهم روعه ونظيف 😇🤍🤍🤍🤍,5,قبل 3 أشهر,Women's Beauty salon,صالون تجميل,google_maps
4372,BEST FOOL I HAVE EVER EATEN IN MY LIFE I GO TO THIS PLACE SO OFTEN AND THE FOOD IS AMAZING,5,تاريخ التعديل: قبل شهرين,فول وفلافل سعيد المنوفى,مطعم,google_maps
4373,The best local food you can find i had a very nice time there,5,قبل 6 أشهر,فول وفلافل سعيد المنوفى,مطعم,google_maps
4374,فطار محترم,5,قبل 8 أشهر,فول وفلافل سعيد المنوفى,مطعم,google_maps
4376,يحتاج الى جوده إدارة ونظافة,2,قبل شهر,مطعم زين الشام,مطعم مأكولات سورية,google_maps
4377,اكل سئ جدا والدجاج زفر ومعفن,1,قبل 5 أشهر,مطعم زين الشام,مطعم مأكولات سورية,google_maps
4378,Worest customer experience,1,قبل 5 أشهر,مطعم زين الشام,مطعم مأكولات سورية,google_maps
4380,جيد,5,قبل 9 أشهر,مطعم زين الشام,مطعم مأكولات سورية,google_maps
4381,"اسعار مرتفعه
خدمه توصيل الاغلي
جوده الطعام مشبع بالزيت
تجربه غير موفقه",1,قبل 11 شهرًا,مطعم زين الشام,مطعم مأكولات سورية,google_maps
4384,Niet aanrader,1,قبل سنة,Cairo,كافيه,google_maps
4385,مكان هادي ورايق اوي,5,قبل سنة,Cairo,كافيه,google_maps
4386,"Best atmosphere, and very helpful staff",5,تاريخ التعديل: قبل سنة,Cairo,كافيه,google_maps
4387,"Nice cafe although it’s jam packed! It’s located in a quiet street with different options of seating ( outdoor - indoor - upstairs ) , the atmosphere is saturated by smokes of cigarettes and hookah (Shisha) , seats are okay , coffee is okay , service is quick and prices are higher than the average of the same level of cafes. The receipt is served in a metal bucket.",3,قبل سنة,Cairo,كافيه,google_maps
4388,Pricey but nice,4,قبل سنتين,Cairo,كافيه,google_maps
4389,Good place,3,قبل سنتين,Cairo,كافيه,google_maps
4390,"Blowout by Ahmed 10/10 wuick and without appointment , nice interior also",5,قبل شهرين,Paul Raynault,صالون تجميل,google_maps
4391,"Great service, beautiful blowout and friendly staff",5,قبل شهرين,Paul Raynault,صالون تجميل,google_maps
4392,Amazing,5,قبل 3 أشهر,Paul Raynault,صالون تجميل,google_maps
4393,خدمة المناكير سيئة جدا، اللي شفته كل الزباين كبار في السن ويعملوا شعرهم قص وصبغات، لكن خدمة الاظافر سيئة، ولا عندهم الادوات اللازمة، كريم عادي واويل جونسون وتشل الجلد الزايد بطريقة تجرح الجلد وتستخدم ايدها اكثر من الادوات، وما عندهم ادوات متعددة مثل باقي الصالونات..,1,قبل 4 أشهر,Paul Raynault,صالون تجميل,google_maps
4394,"El mejor peluquero del Cairo, Zamalek 27 años experiencia",5,تاريخ التعديل: قبل 5 أشهر,Paul Raynault,صالون تجميل,google_maps
4395,"They welcomed me and made me feel like I can trust them. They ruined both me and my friends hair(we dyed it). It was horrible and they said it looked great we had to stay there all day fixing it then we went home with okay colors but it was sooodamaged all other hair dressers I went to we're shocked at the technique a d quality.
(I only asked for a lighter shade of highlights nothing complicated)",1,قبل 6 أشهر,Paul Raynault,صالون تجميل,google_maps
4396,"I can’t say enough good things about this salon—it’s truly a gem! From the moment you walk in, the atmosphere is welcoming, stylish, and relaxing. The staff is incredibly professional, knowledgeable, and friendly.

I have naturally curly hair, and finding someone who knows how to cut it properly is no small task. But here, they absolutely *nailed* it! Paul is a master in his trade. He understood my curls, shaped them beautifully, and gave me the best cut I've had in years. It’s clear that he’s trained in handling all hair types, which is such a refreshing experience. However, to get Paul specifically to cut your hair, you need to call them for an appointment.

Their coloring services are just as impressive. The colorist took the time to consult with me about what I wanted and recommended shades that would complement my skin tone. The result? A rich, vibrant color that looks natural and fresh—and it’s holding up beautifully weeks later.

I also treated myself to a mani-pedi, and again, the service was top-notch. The space was clean, tools were sanitized, and the technician was meticulous and gentle. My nails have never looked better!

If you’re looking for a salon that really listens, delivers consistently excellent results, and makes you feel pampered, this is the place. Highly recommend for cuts, color, curls, and nail care alike!",5,قبل 9 أشهر,Paul Raynault,صالون تجميل,google_maps
4397,"قصيت شعري مع سامي واستشوار مع يحيئ شغل خرافي لا يعلى عليه
وكل الطاقم كانو لطيفين وخدومين",5,قبل 10 أشهر,Paul Raynault,صالون تجميل,google_maps
4399,"Just went there and I’m usually very protective of my hair but I wasn’t disappointed. They knew what they were doing, love my cut and the brushing was really good too. Cheaper than other competitors and a lot better !

Update 4 years later: I still wouldn’t trust anyone else with my hair. Love the result as usual.",5,تاريخ التعديل: قبل 11 شهرًا,Paul Raynault,صالون تجميل,google_maps
4400,Accueil agréable et attentionné. Belle coupe de cheveux. Je suis ressortie une nouvelle personne! Je recommande,5,قبل 11 شهرًا,Paul Raynault,صالون تجميل,google_maps
4401,"Professional team and great services, thank you for Mr. Jehad for amazing haircut, and the hair color very professional and great result.",5,قبل سنة,Paul Raynault,صالون تجميل,google_maps
4402,I can highly recommend!,5,قبل سنة,Paul Raynault,صالون تجميل,google_maps
4403,"Waz my first time there... got this great guy who cut my hair.. ( big dude with a beard who sounds Spanish... but he's not..)
he did an absolutely  amazing job! Nice environment, all the staff is really cool, great service, great coffee and absolutely worth the price! I'm coming back and girlfriend too! 😎😎😍",5,تاريخ التعديل: قبل سنة,Paul Raynault,صالون تجميل,google_maps
4404,"Samah is amazing
Service and attitude 🫶🏼",5,قبل سنة,Paul Raynault,صالون تجميل,google_maps
4405,My favourite hair salon ever ❤️. Team are amazing. Sam is a very professional hairdresser for men and women. 👍,5,قبل سنة,Paul Raynault,صالون تجميل,google_maps
4406,"It's perfect
Amazing client service
Skillful hairstylists!
And it's very affordable compared to the service!
And the place is very elegant",5,قبل سنة,Paul Raynault,صالون تجميل,google_maps
4407,"I am sooo happy with my hair cut. It is amazing. I have curly hair and very difficult for me to find a hairdresser whom understands what i want. With Paul was sooo easy, he do it exactly as i want.Thanks Paul for your professionalism!!!! Be sure that you are  my favourite hairdresser 😘.",5,قبل سنة,Paul Raynault,صالون تجميل,google_maps
4409,مكان دافي وجميل  وكل ال staff  بجد شاطرين جدا وذوق كانت تجربة حلوة جدا واكيد هكررها كتير 🥹♥️,5,قبل شهر,MOSCOW COLORS BEAUTY LOUNGE & SPA,صالون تجميل,google_maps
4412,The experience was perfect the stuff is perfect and know exactly what to do and friendly especially aya and nawal and merna❤,5,قبل شهرين,MOSCOW COLORS BEAUTY LOUNGE & SPA,صالون تجميل,google_maps
4413,We had the best experience with this place starting from the reservation up to the end of our visit. Everyone was so professional and welcoming especially Aya who was very helpful in arranging everything for us before we even arrived. The place is so clean and relaxing and the massage was exceptional. All the staff were super nice.🤍,5,قبل شهرين,MOSCOW COLORS BEAUTY LOUNGE & SPA,صالون تجميل,google_maps
4415,"The place is amazing, the staff are very nice and their treatment is very nice
Other than the perfect massage and Moroccan bath",5,قبل 3 أشهر,MOSCOW COLORS BEAUTY LOUNGE & SPA,صالون تجميل,google_maps
4416,"المكان نضيف جدا
شاطرين جدا والحمام المغربى تحححفه",5,قبل 3 أشهر,MOSCOW COLORS BEAUTY LOUNGE & SPA,صالون تجميل,google_maps
4417,The place is very clean and neat …. The staff is very very professional …..I tried deep facial with Hasnaa and anti-stress massage with Nathalie and I enjoyed both services ……..highly recommended,5,قبل 3 أشهر,MOSCOW COLORS BEAUTY LOUNGE & SPA,صالون تجميل,google_maps
4418,"I love it soooo beautiful facial, massage and morro and bath I took the package sooooooo good",5,قبل 3 أشهر,MOSCOW COLORS BEAUTY LOUNGE & SPA,صالون تجميل,google_maps
4420,She made me a lissage brésilien and it’s just amazing ! I’m so satisfied about her job. My hair are amazing since 4 days already,5,قبل 4 أشهر,MOSCOW COLORS BEAUTY LOUNGE & SPA,صالون تجميل,google_maps
4421,El hamam el ma8rby to7fa w farah shatra mooot,5,قبل 4 أشهر,MOSCOW COLORS BEAUTY LOUNGE & SPA,صالون تجميل,google_maps
4422,Amazing Moroccan bath by Faraah,5,قبل 4 أشهر,MOSCOW COLORS BEAUTY LOUNGE & SPA,صالون تجميل,google_maps
4423,"Adorable place ❤️ cozy and super clean ❤️ Tunisian Farrah is gorgeous and very friendly ,
Maroccan Bath with her is super ❤️, massage also was super comfortable with Merna and overall experience is wonderful ✨✨",5,قبل 4 أشهر,MOSCOW COLORS BEAUTY LOUNGE & SPA,صالون تجميل,google_maps
4424,"Thank you, Rania. The best and the most professional person. Keep it up.",5,قبل 5 أشهر,MOSCOW COLORS BEAUTY LOUNGE & SPA,صالون تجميل,google_maps
4425,Not worth the money at all. Staff extremely unprofessional,1,قبل 5 أشهر,MOSCOW COLORS BEAUTY LOUNGE & SPA,صالون تجميل,google_maps
4426,Farah in Moroccan bath is the best,5,قبل 5 أشهر,MOSCOW COLORS BEAUTY LOUNGE & SPA,صالون تجميل,google_maps
4427,"The hair treatment at this place is amazing! I always leave feeling so refreshed and happy with the results. Definitely ask for Hagar, she’s so talented, friendly, and makes the whole experience even better!",5,قبل 6 أشهر,MOSCOW COLORS BEAUTY LOUNGE & SPA,صالون تجميل,google_maps
4429,"انبسط اوى بالحمام المغربى مع فرح شاطره اوى وجميله ومريحه والاستقبال حلو اوى مع ندى مكان بروفشنال جدا
انصح بيه",5,قبل 6 أشهر,MOSCOW COLORS BEAUTY LOUNGE & SPA,صالون تجميل,google_maps
4433,Such a bad Visit,1,قبل 4 أيام,Sand salon,صالون تجميل,google_maps
4434,"شغل خيال تبارك الرحمن خليتهم يجوني الاوتيل
اول شي جو على الوقت بالضبطط
الاخصائية مريم شاطرة سوت لي مثل ما ابي بالضبط مع اني كنت دقيقة بالتفاصيل ما اتعبتني",5,قبل شهر,Sand salon,صالون تجميل,google_maps
4438,يهبل الصالون وشغل الاظافر والحواجب,5,قبل شهر,Sand salon,صالون تجميل,google_maps
4444,"شغلهم جداا جميل ونظيف وأسعارهم حلوه
خصوصاً خلود ، شغلها نظيف وجميل وانسانه مريحه ارجو منكم زيارررتهم",5,قبل شهرين,Sand salon,صالون تجميل,google_maps
4445,كانت تجربتي اليوم عند ساوند مررره حلوه واللي سوتلي ساره تسلم يدك ومو اخر مره باذن لله🤩🩷..,5,قبل شهرين,Sand salon,صالون تجميل,google_maps
4450,المكان والبنات الي فيه تحفه منجد، ورانيا التوب بالنسبه ليا💕🫶🏼🫶🏼🫶🏼,5,قبل شهرين,Sand salon,صالون تجميل,google_maps
4457,انبسطت بتعامل معاهم رحاب ومريم وصابرين وأدهم كلهم رائعين رحاب عملتلي فتلة حواجب و رفعة الحواجب الي انا مررررره مبسوطه فيها اللحين ومريم شغلها في الاظافر رائع وصابرين اشتغلت بذمه ولي اول مره اروح لي وحده تشتغل بذمه في البدكير عموماً كل الموضفين رائعين ومجتهدين شكراً لكم,5,قبل شهرين,Sand salon,صالون تجميل,google_maps
4460,Thank u so much Magdy .. I truly loved your working and the way you treat your guests .. for sure this won’t be my first visit,5,قبل أسبوعين,Magdy Abdo beauty salon مجدي عبده بيوتي صالون,صالون تجميل,google_maps
4461,"شكرا مجدي
شغلهم احترافي الويفي طالع طبيعي وحلو جدًا 😍😍",5,قبل شهر,Magdy Abdo beauty salon مجدي عبده بيوتي صالون,صالون تجميل,google_maps
4462,.الاخ مجدي عبدو مبدع.. احلى ويفي للشعر ممكن تسوونه عنده .. مبدع مبدع مبدع .. شكرا شكرا مجدي  🙏🤍,5,قبل شهر,Magdy Abdo beauty salon مجدي عبده بيوتي صالون,صالون تجميل,google_maps
4463,"Magdy is a guarantee, helpful, he does what you ask. He gave me beautiful waves.
Thanks you",5,قبل شهر,Magdy Abdo beauty salon مجدي عبده بيوتي صالون,صالون تجميل,google_maps
4464,"Super professional and incredibly fast! I loved the hair waves and curls.
Thank you, Magdy, for your amazing service. I truly enjoyed the experience.",5,قبل شهر,Magdy Abdo beauty salon مجدي عبده بيوتي صالون,صالون تجميل,google_maps
4466,شكرا جدا استاذ مجدي علي شغلك الجميل و شكرا لذوقك، مبسوطة جدا بالنتيجة 🤍,5,قبل شهرين,Magdy Abdo beauty salon مجدي عبده بيوتي صالون,صالون تجميل,google_maps
4467,شغل روعه وتعامل راقي,5,قبل 3 أشهر,Magdy Abdo beauty salon مجدي عبده بيوتي صالون,صالون تجميل,google_maps
4468,Excellent service by Magdy. Was attending a wedding in Cairo and wanted a wash and style. Maddy speaks great English and the price was reasonable. The curls held on all night.,5,قبل 3 أشهر,Magdy Abdo beauty salon مجدي عبده بيوتي صالون,صالون تجميل,google_maps
4469,"Very good and welcoming hairdresser. Very good work and fair price. 100% recommend for tourists, no scamming.",5,قبل 4 أشهر,Magdy Abdo beauty salon مجدي عبده بيوتي صالون,صالون تجميل,google_maps
4470,"I went to this salon during my trip to Cairo and got a nice hair wash, blow dry and a very professional haircut. The staff is very talented and the price is very good. Totally recommend!!",5,قبل 4 أشهر,Magdy Abdo beauty salon مجدي عبده بيوتي صالون,صالون تجميل,google_maps
4471,"He knows what to do I had such a great experience getting my blow dry here! The stylist was super friendly and really listened to what I wanted. My hair came out smooth, shiny, and full of volume — exactly how I like it.",5,قبل 4 أشهر,Magdy Abdo beauty salon مجدي عبده بيوتي صالون,صالون تجميل,google_maps
4472,My hair looked amazing! Very nice treatment and polite service. Totally worth it!,5,قبل 4 أشهر,Magdy Abdo beauty salon مجدي عبده بيوتي صالون,صالون تجميل,google_maps
4473,Our experience at this beauty salon was perfect! We came with my friend to refresh our hairstyle and we absolutely enjoyed the whole procedure! Great hairstylist! Thank you!,5,قبل 4 أشهر,Magdy Abdo beauty salon مجدي عبده بيوتي صالون,صالون تجميل,google_maps
4474,Professional 👍🏻👍🏻,5,قبل 4 أشهر,Magdy Abdo beauty salon مجدي عبده بيوتي صالون,صالون تجميل,google_maps
4475,My hair was very brassy from having it straightened.  Magdy fixed my colour. I was very happy with the service and with his help to fix my hair colour.,5,قبل 4 أشهر,Magdy Abdo beauty salon مجدي عبده بيوتي صالون,صالون تجميل,google_maps
4476,الصالون خدمتهم ممتازه سويت استشوار وقص شعر اسعاره حلوه والعائله روحهم حلوه جدا,5,قبل 6 أشهر,Magdy Abdo beauty salon مجدي عبده بيوتي صالون,صالون تجميل,google_maps
4478,قصة الشعر حلوة جدا و الأستاذة سماح  شغلها جميل تسلم ايدها,5,قبل 6 أشهر,Magdy Abdo beauty salon مجدي عبده بيوتي صالون,صالون تجميل,google_maps
4480,من افضل الصالونات لقص الشعر والتعامل جدا راقي أنصحكم فيه,5,قبل 7 أشهر,Magdy Abdo beauty salon مجدي عبده بيوتي صالون,صالون تجميل,google_maps
4481,It was such an amazing hairdresser the staff were very nice I used to make new cut in my hair Magdy did it to me simply perfect and superb❤️❤️❤️,5,قبل 7 أشهر,Magdy Abdo beauty salon مجدي عبده بيوتي صالون,صالون تجميل,google_maps
4482,"I had an opportunity to schedule the last minute appointment with Magdy and his staff. He was very accommodating, friendly and incredibly professional. He did a really nice job getting my hair styled for a wedding. Would highly recommend him and his salon Thank you so much.",5,قبل 7 أشهر,Magdy Abdo beauty salon مجدي عبده بيوتي صالون,صالون تجميل,google_maps
4483,مناسب للفئات المتوسطة,3,قبل يومين (2),مطعم الشروق,مطعم فلافل,google_maps
4484,"Ausgezeichnetes kleiner ""Street-Food"" Verkauf für Falafel-Sandwiches.",5,قبل 3 أسابيع,مطعم الشروق,مطعم فلافل,google_maps
4485,Fantastic authentic falafel place. The falafel egg sandwiches are yummy. And its only 20 egp. Very friendly helpful staff as well. Fast service. The real foody experience.,5,قبل 3 أسابيع,مطعم الشروق,مطعم فلافل,google_maps
4486,حلو جدا واكلهم نضيف 10/10,5,قبل 3 أسابيع,مطعم الشروق,مطعم فلافل,google_maps
4487,路过看到很多当地人在排队，因为看不懂菜单在评论区找张图片买的，做得挺快几分钟就拿到了，我吃的这个味道不错比较清爽,5,قبل شهر,مطعم الشروق,مطعم فلافل,google_maps
4489,"Great spot and super friendly staff. When placing your order it goes through a POS system and the guy operating it has great English. A range of prices but most things between EGP10-20.
There’s chairs out to sit if you like, but this requires the purchase of a drink (water, coffee, mint tea, soft drinks etc). Similar price range (up to EGP20).

Most importantly the falafel and foul (fava) are both fantastic!",5,قبل شهر,مطعم الشروق,مطعم فلافل,google_maps
4490,A hole in the wall joint that serves breakfast sandwiches and other staples. Affordable and filling. Quick service.,5,قبل شهر,مطعم الشروق,مطعم فلافل,google_maps
4491,جيد,2,قبل شهرين,مطعم الشروق,مطعم فلافل,google_maps
4492,Absolutely superb. Super tasty food at a great price. Very quick with friendly and honest service.,5,قبل شهرين,مطعم الشروق,مطعم فلافل,google_maps
4493,"Very tasty food,
Excellent prices and friendly staff",5,قبل شهرين,مطعم الشروق,مطعم فلافل,google_maps
4494,A restaurant serving traditional dishes like fava beans and falafel. Fast service and reasonable prices.,5,قبل شهرين,مطعم الشروق,مطعم فلافل,google_maps
4495,مطعم ممتاز وأكل نظيف,4,قبل 3 أشهر,مطعم الشروق,مطعم فلافل,google_maps
4496,チーズ入りファラフェルが革命的に美味しい。朝食べ、あまりの美味しさにビビり、昼に友達を連れてまた戻り、次の日も食べました。ビバ！,5,قبل 3 أشهر,مطعم الشروق,مطعم فلافل,google_maps
4498,"Amazing local, incredibly cheap place, with a very fast service. Food was tasty and a good portion.",5,قبل 4 أشهر,مطعم الشروق,مطعم فلافل,google_maps
4499,طعم الاكل البيتي,5,قبل 4 أشهر,مطعم الشروق,مطعم فلافل,google_maps
4500,"Take out only place
but the food is really good for breakfast and lunch as well",5,قبل 4 أشهر,مطعم الشروق,مطعم فلافل,google_maps
4501,"الخدمه بتصل لاكتر من ساعه
الطعام جيد خاصة الشاورما لكن فراخ بروستد ليس جيدا ابدا
اجواء عاديه",5,تاريخ التعديل: قبل شهرين,Aboalyalshami,مطعم,google_maps
4502,الشاورما كلها جلد وطعمها وحش جدا ماتتاكلش,1,قبل 4 أشهر,Aboalyalshami,مطعم,google_maps
4503,من أسوأ المطاعم,1,قبل 4 أشهر,Aboalyalshami,مطعم,google_maps
4504,"يعنى لا ذمة ولا نظافة الاتنين
حنستنى ايه من اللى زيكم",1,قبل 5 أشهر,Aboalyalshami,مطعم,google_maps
4505,بشع لو في تقيم -١٠٠,1,قبل 6 أشهر,Aboalyalshami,مطعم,google_maps
4506,الاكل وحش اوى و الفراخ مش مستوية و مفيش نضافة منصحش حد يجربه,1,قبل 6 أشهر,Aboalyalshami,مطعم,google_maps
4508,"مايستاهل والله يعز النعمه طلبت وجبه بروستد
ريحة الفراخ معفنه والله فيها عفن ولا كأنها ميته
يعوضنا ربنا 120جنيه
مستوي نضافه صفر",1,قبل 6 أشهر,Aboalyalshami,مطعم,google_maps
4509,الساندويتش ناشف والطعم فلافل مصري مش سوري ومافي طحينية جوا الساندوتش والفلافل الأقراص ناشفة جدا وقاسية جدا طعمها الله يكرم النعمه يعني حتى الفلافل المصرية اطيب,2,قبل 7 أشهر,Aboalyalshami,مطعم,google_maps
4510,الاكل كويس جدا بالنسبة للسعر,5,قبل 7 أشهر,Aboalyalshami,مطعم,google_maps
4511,باكل عنده بقالي تقريبا ٢٠ سنة نفس الطعم نفس الكمية نفس الجودة نفس السرعة انصحك تروح تاكل في المطعم. شاورمة الفراخ و بطاطس موتزريلا 👍,5,قبل 8 أشهر,Aboalyalshami,مطعم,google_maps
4513,الفراخ ريحتها عفنت وحاجه قرف,1,قبل 8 أشهر,Aboalyalshami,مطعم,google_maps
4516,"The staff Will constantly ask you for tips, the sandwich guy was handling raw chicken with his hands and the started making my sandwich without washing his hands",1,قبل سنة,Aboalyalshami,مطعم,google_maps
4517,القطط في قمة الوقاحة,3,قبل سنة,Aboalyalshami,مطعم,google_maps
4519,"very friendly staff, very big portions, would definitely recommend it",5,قبل سنة,Aboalyalshami,مطعم,google_maps
4521,مكان مميز,5,تاريخ التعديل: قبل شهرين,صيدلية أفريقيا,صيدلية,google_maps
4522,نشجع كل ما هو جديد، محترمين جدا,5,قبل شهرين,صيدلية أفريقيا,صيدلية,google_maps
4524,Looks good 😊😊👍,5,قبل 5 أشهر,صيدلية أفريقيا,صيدلية,google_maps
4525,ناس محترمين,5,تاريخ التعديل: قبل 5 أشهر,صيدلية أفريقيا,صيدلية,google_maps
4526,محترمين,5,قبل 6 أشهر,صيدلية أفريقيا,صيدلية,google_maps
4527,Nice,5,قبل 6 أشهر,صيدلية أفريقيا,صيدلية,google_maps
4528,سئ,1,قبل شهر,Beesho Supermarket,سوبرماركت,google_maps
4529,حلو,4,قبل شهرين,Beesho Supermarket,سوبرماركت,google_maps
4530,High,5,قبل 3 أشهر,Beesho Supermarket,سوبرماركت,google_maps
4531,Great people running the place,5,قبل 6 أشهر,Beesho Supermarket,سوبرماركت,google_maps
4532,مكان جديد ومنسق ويحتوي علي تن ع جميل للمنتاجات,5,قبل 7 أشهر,Beesho Supermarket,سوبرماركت,google_maps
4533,عالي,5,تاريخ التعديل: قبل 9 أشهر,Beesho Supermarket,سوبرماركت,google_maps
4534,Alcoholic drinks not a supermarket,1,قبل سنة,Beesho Supermarket,سوبرماركت,google_maps
4535,محل جميل ومحترمين جدا,5,قبل أسبوع,مشويات الوزير,مطعم مأكولات مشوية,google_maps
4536,مطعم جميل خدمه ممتاز وجبات مستوى عالي,5,قبل شهر,مشويات الوزير,مطعم مأكولات مشوية,google_maps
4537,جوده الفراخ سئيه جداً وتعبت بطني يومين والحواوشي عبارة عن بصل وعيش معجن اول واخر تعامل للاسف,1,قبل شهرين,مشويات الوزير,مطعم مأكولات مشوية,google_maps
4538,اكله حلو وطور من نفسه,5,قبل 3 أشهر,مشويات الوزير,مطعم مأكولات مشوية,google_maps
4541,"They're bad, service, employees, prices and waiting time.",1,تاريخ التعديل: قبل سنة,مشويات الوزير,مطعم مأكولات مشوية,google_maps
4542,يحتاج الى مزيد من الاهتمام,3,قبل سنة,مشويات الوزير,مطعم مأكولات مشوية,google_maps
4545,جيد,3,قبل 9 أشهر,سوبر ماركت هاى لايف,سوبرماركت,google_maps
4546,عادي,5,قبل 10 أشهر,سوبر ماركت هاى لايف,سوبرماركت,google_maps
4547,سوبر ماركت,5,قبل 11 شهرًا,سوبر ماركت هاى لايف,سوبرماركت,google_maps
4549,المنتجات مش كتيره بس أفضل شيء الامانه في الأسعار وتقريبا بيع بسعر الجمله,4,تاريخ التعديل: قبل سنة,سوبر ماركت هاى لايف,سوبرماركت,google_maps
4551,"Mısır seyahatimizde, Kahire'de kaldigimiz  otele yakin oldugundan ufak tefek alışveriş için tek yerdi. Ancak son derece ilgisiz, guleryuz ve nezaketten yoksun biri vardi kasada. Ortam hic temiz degildi. Meyve sebze bölümünde calisan bey iyiydi.",2,قبل سنة,سوبر ماركت هاى لايف,سوبرماركت,google_maps
4552,"Küçük bir mekan. Sebze, meyve ve şarküteri reyonu var. Hiçbir ürünün üzerinde fiyat etiketi yok. Alışveriş sonrasında fiş de vermiyor. Kredi kartı geçerli. Güler yüz ve nezaket sıfır.",2,قبل سنة,سوبر ماركت هاى لايف,سوبرماركت,google_maps
4553,موجود في كل ما يلزم الاسرة,5,قبل سنة,سوبر ماركت هاى لايف,سوبرماركت,google_maps
4554,Was very impressed with this market. They had a large selection of snack food and drinks along with a fruit and vegtable section. They scanned all of the products so you knew the price.I found it clean and well stocked.,5,قبل سنة,سوبر ماركت هاى لايف,سوبرماركت,google_maps
4555,Needs lots of work,3,قبل شهر,مطعم الدمياطي فول وفلافل,مطعم فلافل,google_maps
4556,رائع,5,قبل 10 أشهر,مطعم الدمياطي فول وفلافل,مطعم فلافل,google_maps
4557,Don’t waste your time it’s permanently closed,1,قبل 10 أشهر,مطعم الدمياطي فول وفلافل,مطعم فلافل,google_maps
4558,ناس محترمة بيوصله للمنيل الروضه و جمب المحل بس,5,قبل سنة,مطعم الدمياطي فول وفلافل,مطعم فلافل,google_maps
4559,الاكل جميل والعجه عنده تحفه كانو اهل كرم بس للاسف من بعد اسعار السلع زادة مزودوش كتير فى الاسعار بس بلمقابل السندوتشات بقت شبه فاضيه,4,قبل سنة,مطعم الدمياطي فول وفلافل,مطعم فلافل,google_maps
4563,لا انصح به,1,قبل سنة,مطعم الدمياطي فول وفلافل,مطعم فلافل,google_maps
4564,طعمية لذيذة والفول طعم من الأخر 🙏🌹,5,قبل سنة,مطعم الدمياطي فول وفلافل,مطعم فلافل,google_maps
4567,Good and delicious,4,قبل سنتين,مطعم الدمياطي فول وفلافل,مطعم فلافل,google_maps
4568,Excellent,5,قبل 11 ساعة,صالون بيلا سان,صالون تجميل,google_maps
4571,"A scam. Reviews are bought or their own family members. Especially tourists- beware. Read this for 2 minutes and save a lot of money.

I went in to get my nails done. A simple nude hard coat with reference photos. No length added. It looked professional in clean so I let my guard down, huge mistake.

They have NO set prices and charge you whatever they think you'd pay. Since im foreign I got significantly overcharged but they even overcharge the locals. I wouldn't even be that mad if the nails looked good, but its genuinely the worst they have ever looked.

Uneven coat, lumpy, no cuticle softener was used, just straight scraping. Look at the photos to see how uneven it is. You can see tiny holes aswell. She didn't file them down or anything. No hate to her but she was completely untrained.

I was charged 67 dollars or 3200 Egyptian pounds. WELL over what is normally charged in this area, and more expensive than CALIFORNIA USA.

I showed them how bad it looked and pointed out the imperfections, and they told me it was because ""your nails are too short."" They are not and ive gotten my nails done many times with no issues for half the price.

Do not consider this place. Do not let positive reviews sway you. It is not worth it and you'll spend more money and time fixing it later.",1,قبل شهرين,صالون بيلا سان,صالون تجميل,google_maps
4573,"Very professional 😍♥️ , the girls are super nice and talented highly recommended 😍😍",5,قبل شهرين,صالون بيلا سان,صالون تجميل,google_maps
4574,Very good haircut. So quick and looks beautiful!! Would recommend.,5,قبل شهرين,صالون بيلا سان,صالون تجميل,google_maps
4575,This is the first time I've had my hair washed at a salon since arriving in Cairo. The salon is very clean and comfortable. The owner and staff are very friendly. I asked for my color-protecting shampoo and a straightening style. The stylist was very professional and made my hair very smooth. I'm very satisfied and would recommend it to everyone. The total cost was a little over 500 Egyptian pounds. I would recommend this salon to all my friends!,5,قبل شهرين,صالون بيلا سان,صالون تجميل,google_maps
4577,"Very good experience with Dina, who made my manicure and pedicure very professionally. The place and workers are welcoming, i recommend this place and will come back.",5,قبل 3 أشهر,صالون بيلا سان,صالون تجميل,google_maps
4578,I had a great cutting. I am curly hair and difficult to find hairdressers to give me the satisfaction that i cut my hair 😍. This was really a good one.,5,قبل 3 أشهر,صالون بيلا سان,صالون تجميل,google_maps
4579,"I like the place so well ,  the girls and men are super professional 🌹🌹🌹🌹🥰",5,قبل 3 أشهر,صالون بيلا سان,صالون تجميل,google_maps
4580,جميل جدا جدا والله وشغلهم نظييييف,5,قبل 3 أشهر,صالون بيلا سان,صالون تجميل,google_maps
4581,"Très beau salon et très propre également. Samira est très professionnelle et très gentille. Elle m'a fait un soin de pédicure avec vernis, c'est très beau, je suis très contente !",5,قبل 3 أشهر,صالون بيلا سان,صالون تجميل,google_maps
4582,رائعين وسريعين بالشغل ماشاءالله بعتمدهم بمصر والله ❤️❤️❤️❤️❤️👍🏻👍🏻👍🏻بنات السعوديه اعتمدووووهم,5,قبل 4 أشهر,صالون بيلا سان,صالون تجميل,google_maps
4583,Everyone's very friendly and my hair turned out perfect!! 10/10 recommend,5,قبل 4 أشهر,صالون بيلا سان,صالون تجميل,google_maps
4584,"You will Have an Excellent Serves when  you visit Bella San Salon all the staff are very profissional and friendly spicily ,Ahmed Hamada and yahia thanks all❤️❤️👏👏",5,قبل 4 أشهر,صالون بيلا سان,صالون تجميل,google_maps
4585,"Hisham, Amira and Jamal were incredibly professional. Really happy and satisfied with the results. Thank you so much",5,قبل 4 أشهر,صالون بيلا سان,صالون تجميل,google_maps
4586,"Dina, Jamal, Farah, Amira, Manar, Hisham are AMAZING people. The hair and nails were absolutely amazing! Thank you so much for a great service",5,قبل 4 أشهر,صالون بيلا سان,صالون تجميل,google_maps
4587,"I’d like to thank bella salon for the amazing hair coloring and the great service.
A special thanks to the owners, Steve and Hisham, for their professionalism and warm hospitality!",5,قبل 4 أشهر,صالون بيلا سان,صالون تجميل,google_maps
4588,Loveee this place ❤️,5,قبل 4 أشهر,صالون بيلا سان,صالون تجميل,google_maps
4589,"It was my first time here, I had my hair cut and blow dried as well as curled! Gamal was amazing and helpful, he did wonders to my hair! It’s a place I definitely recommend checking for your hair.",5,قبل 4 أشهر,صالون بيلا سان,صالون تجميل,google_maps
4590,من افضل الصالونات اللي عملت فيها شعري والاسعار مقارنه يالخدمه ممتازة جدا,5,قبل 4 أشهر,صالون بيلا سان,صالون تجميل,google_maps
4591,Great service and my hair looks amazing,5,قبل 4 أشهر,صالون بيلا سان,صالون تجميل,google_maps
4592,Excellent,5,قبل 6 أيام,Gastrocare Clinic New Cairo - عيادات جستروكير,مركز طبي,google_maps
4593,really proffesional and very good medical consultation,5,قبل أسبوع,Gastrocare Clinic New Cairo - عيادات جستروكير,مركز طبي,google_maps
4594,بصراحه كل الدكاتره ممتازين و مستمعين و عندهم طولة بال  و عن تجربه دكتور عصام و دكتور عبد اللطيف,5,قبل أسبوع,Gastrocare Clinic New Cairo - عيادات جستروكير,مركز طبي,google_maps
4596,Prefer to reserve a specific appointment for each patient to avoid waiting time,4,تاريخ التعديل: قبل أسبوعين,Gastrocare Clinic New Cairo - عيادات جستروكير,مركز طبي,google_maps
4597,د. احمد ممتاز,5,قبل 3 أسابيع,Gastrocare Clinic New Cairo - عيادات جستروكير,مركز طبي,google_maps
4598,Excellent and they are professional,5,تاريخ التعديل: قبل شهر,Gastrocare Clinic New Cairo - عيادات جستروكير,مركز طبي,google_maps
4602,المعاملة ممتازة والدكتور عصام نصر ممتاز شكرا ليكم,5,قبل شهر,Gastrocare Clinic New Cairo - عيادات جستروكير,مركز طبي,google_maps
4603,Best clinic and service,5,تاريخ التعديل: قبل شهر,Gastrocare Clinic New Cairo - عيادات جستروكير,مركز طبي,google_maps
4604,د عبداللطيف حمودة دكتور جميل و مريح و بيسمع كويس,5,قبل شهر,Gastrocare Clinic New Cairo - عيادات جستروكير,مركز طبي,google_maps
4606,"Excellent service, very professional. Dr Abdellatif is very thorough and cares about your overall health. The staff are very helpful and kind also. Highly recommend.",5,قبل شهرين,Gastrocare Clinic New Cairo - عيادات جستروكير,مركز طبي,google_maps
4607,تجربه سيئه جدا للاسف ولن تتكرر,1,قبل 6 أشهر,Gastrocare Clinic New Cairo - عيادات جستروكير,مركز طبي,google_maps
4608,معقول,3,قبل أسبوعين,Samakmak Restaurant - 6th of October Branch,مطعم مأكولات بحرية,google_maps
4609,Excellent,5,قبل 3 أسابيع,Samakmak Restaurant - 6th of October Branch,مطعم مأكولات بحرية,google_maps
4610,Nice place. Good food,4,قبل 3 أسابيع,Samakmak Restaurant - 6th of October Branch,مطعم مأكولات بحرية,google_maps
4611,"Delicious grilled Denise, Calamari and shrimps, creamy fish soup. Very attentive waiters. Nice salads.",5,تاريخ التعديل: قبل شهرين,Samakmak Restaurant - 6th of October Branch,مطعم مأكولات بحرية,google_maps
4614,Super clean restaurant... excellent food... good service.,5,قبل 5 أشهر,Samakmak Restaurant - 6th of October Branch,مطعم مأكولات بحرية,google_maps
4617,"Not upscale. Too expensive for the location and setting. A bottle of water should not be LE20, double what it costs in other restaurants.",4,قبل 9 أشهر,Samakmak Restaurant - 6th of October Branch,مطعم مأكولات بحرية,google_maps
4618,مطعم جيد ....اصطف محترم....جوده عاليه,4,قبل 10 أشهر,Samakmak Restaurant - 6th of October Branch,مطعم مأكولات بحرية,google_maps
4619,"احلي مافي المكان السلطه
غير كده الاكل سيء
اسعار جدا مبالغ فيها
والطعم غير جيد",2,قبل سنة,Samakmak Restaurant - 6th of October Branch,مطعم مأكولات بحرية,google_maps
4620,المكان تحفه,3,قبل سنة,Samakmak Restaurant - 6th of October Branch,مطعم مأكولات بحرية,google_maps
4621,مطعم جميل جدا ..اخصائى اسماك امام دولفين مول فرع جديد مناسب لساكن أكتوبر وزايد,5,تاريخ التعديل: قبل سنة,Samakmak Restaurant - 6th of October Branch,مطعم مأكولات بحرية,google_maps
4622,جميل جدا. اتمنى المحافظة على المستوى واتمنى لكم التوفيق بس الأسعار ياليت تنزل شوية,5,قبل سنة,Samakmak Restaurant - 6th of October Branch,مطعم مأكولات بحرية,google_maps
4623,"كافيه جميل
واسع جداً
ممكن يشيل حوالي ٣٥٠ فرد
الخدمة سريعة و الشباب محترمين و اهم حاجة الويترز بشوش و فاهم شغله",5,قبل شهرين,كافيهوليك,مقهى,google_maps
4624,Amazing customer service,5,قبل سنة,كافيهوليك,مقهى,google_maps
4625,متميز,5,قبل سنتين,كافيهوليك,مقهى,google_maps
4626,مكان ممتاز و الخدمه ممتازه جدا ..,4,تاريخ التعديل: قبل سنتين,كافيهوليك,مقهى,google_maps
4628,Nice place,5,قبل 3 سنوات,كافيهوليك,مقهى,google_maps
4630,"Best study, work, play spot in District 2",5,قبل 3 سنوات,كافيهوليك,مقهى,google_maps
4631,ممتاز بكل المقاييس بإشراف السيده مرفت ،صاحبة الفندق.,5,قبل 5 أيام,فندق الياسمين المنيل,فندق,google_maps
4633,للاسف كانت تجربتي في فندق الياسمين بالمنيل سيئة جدا . النظافة كانت دون المستوى . ووجدت صراصير في الغرفة ، وهذا شئ غير مقبول في اي فندق . كذلك الانترنت كان ضعيفا جدا لدرجة انه لا يعمل والمعاملة سيئة جدا . اوسخ فندق قابلته بحياتي  لا انصح بالاقامة فيه.,1,قبل 5 أيام,فندق الياسمين المنيل,فندق,google_maps
4634,الفندق قديم يمتاز ب اطلاله ممتازة على النيل,4,قبل شهر,فندق الياسمين المنيل,فندق,google_maps
4635,الفندق تحفة و الموقع استراتيجي قريب من وسط البلد واسعاره متوسطة و مناسبة,5,قبل شهر,فندق الياسمين المنيل,فندق,google_maps
4638,اشكر مدام مرفت على حسن الضيافه،، فندق محترم وناس محترمين،,4,قبل 3 أشهر,فندق الياسمين المنيل,فندق,google_maps
4640,"الفندق جماله في المنظر الجميل حيث أنه يطل على النيل مباشرة بإطلالة رائعة
وكذلك بأخلاق موظفيه خاصة مدام ميرفت التي أحب أن أشكرها على حسن ودماثة أخلاقها
الموقع قريب من الخدمات",4,تاريخ التعديل: قبل 4 أشهر,فندق الياسمين المنيل,فندق,google_maps
4641,Don't go there. The smell inside is awful.,1,قبل 4 أشهر,فندق الياسمين المنيل,فندق,google_maps
4642,ممتازه والاستاذه ميرفت قمة ف التعاون والأخلاق واللطف,5,قبل 4 أشهر,فندق الياسمين المنيل,فندق,google_maps
4645,Wonderful staff and very clean rooms thank you so much,5,قبل 5 أشهر,فندق الياسمين المنيل,فندق,google_maps
4649,للأسف طلبت صنية مشاوي الفراخ زفرة جدا,5,قبل 3 أشهر,مطعم حضرموت اكتوبر,مطعم أطباق اللحوم,google_maps
4650,مطعم اكله طيب واسعاره ممتازة,5,قبل 5 أشهر,مطعم حضرموت اكتوبر,مطعم أطباق اللحوم,google_maps
4651,الاكل جميل والاسعار افضل من أماكن تانيه,5,قبل 5 أشهر,مطعم حضرموت اكتوبر,مطعم أطباق اللحوم,google_maps
4654,التجربه في المطعم 100%,5,قبل 10 أشهر,مطعم حضرموت اكتوبر,مطعم أطباق اللحوم,google_maps
4655,مطعم رائع,4,قبل 11 شهرًا,مطعم حضرموت اكتوبر,مطعم أطباق اللحوم,google_maps
4656,والله خساره النجمه,1,قبل 11 شهرًا,مطعم حضرموت اكتوبر,مطعم أطباق اللحوم,google_maps
4658,جيد,2,قبل سنة,مطعم حضرموت اكتوبر,مطعم أطباق اللحوم,google_maps
4659,شعبي,3,قبل سنة,مطعم حضرموت اكتوبر,مطعم أطباق اللحوم,google_maps
4661,جزاك الله خيرا,5,قبل أسبوع,Misr Modern Clinics عيادات مصر الحديثه ( فرع مصدق ),مركز طبي,google_maps
4662,من دخلت المبني نضيف طلعت المكان جميل. هادئ نضيف خدمه الرسبشن راقيه سريعة اهتمام دخلت الدكتور قمه الإحترام اسلوب تعامل راقي بفهك مشكلتك بطريقة سلسله بتحس بأمان راحه وعافيه في اختيارك لعييادات مصر الحديثة موفقين دائما يارب ٣لو,5,قبل أسبوعين,Misr Modern Clinics عيادات مصر الحديثه ( فرع مصدق ),مركز طبي,google_maps
4664,Dr. Nour is very professional and kind. He treats patients with care and respect. The clinic is clean and well-organized,5,قبل أسبوعين,Misr Modern Clinics عيادات مصر الحديثه ( فرع مصدق ),مركز طبي,google_maps
4665,دكتور صادق مستَََمع ممتاز ان شاءالله ديما بالتوفيق,5,قبل 3 أسابيع,Misr Modern Clinics عيادات مصر الحديثه ( فرع مصدق ),مركز طبي,google_maps
4666,عيادات ممتزة وتعامل جميل,5,قبل 3 أسابيع,Misr Modern Clinics عيادات مصر الحديثه ( فرع مصدق ),مركز طبي,google_maps
4668,"Good doctor, and the clinic as well.",5,قبل شهر,Misr Modern Clinics عيادات مصر الحديثه ( فرع مصدق ),مركز طبي,google_maps
4669,"Well organized Clinic and perfect experience with doctor Aisha, thank you all ❤️",5,قبل شهر,Misr Modern Clinics عيادات مصر الحديثه ( فرع مصدق ),مركز طبي,google_maps
4672,دكتوره ممتازه وتسمع المريض,4,قبل شهر,Misr Modern Clinics عيادات مصر الحديثه ( فرع مصدق ),مركز طبي,google_maps
4673,ممتازة,5,قبل شهر,Misr Modern Clinics عيادات مصر الحديثه ( فرع مصدق ),مركز طبي,google_maps
4675,"The clinic is very clean and organized.
Dr. Omar is one of the best sinus doctors.🙏🏼❤️",5,قبل شهر,Misr Modern Clinics عيادات مصر الحديثه ( فرع مصدق ),مركز طبي,google_maps
4676,عيادة نظيفه جداً و استقبال و خدمه محترمه و دكتور عمر شاطر حداً و مستمع جيد,5,قبل شهر,Misr Modern Clinics عيادات مصر الحديثه ( فرع مصدق ),مركز طبي,google_maps
4677,ما شاء الله من أفضل دكاترة  المسالك البوليه,5,قبل شهر,Misr Modern Clinics عيادات مصر الحديثه ( فرع مصدق ),مركز طبي,google_maps
4681,اوحش بيتزا اكلتها في حياتي ريحتها زفره وطعمها يقرف,1,قبل شهر,بيتزا القدس,مطعم,google_maps
4682,ممتازجدا,5,قبل شهرين,بيتزا القدس,مطعم,google_maps
4683,مش اول مره نطلب فطير حلو من عندكو وكل مره يجي زفر تحس ريحتو بيض بجد يعني حرام وانا بطلب قولتو خلي بالك عشان ريحت الفطيره بتبقي زفره,1,قبل 3 أشهر,بيتزا القدس,مطعم,google_maps
4684,مطعم سيئه للغايه ومعامله سيئه,1,قبل 3 أشهر,بيتزا القدس,مطعم,google_maps
4685,"Good food.
I liked the experience.",5,قبل 4 أشهر,بيتزا القدس,مطعم,google_maps
4686,معاملتهم اكنهم بيدونا الاكل ببلاش وعدم الرد علي الزباين ،قله ذوق,1,قبل 4 أشهر,بيتزا القدس,مطعم,google_maps
4690,Hem etli hem tavuklu pizza denedik ikiside çok lezzetliydi özellikle tavuklu olana bayıldık 👍🏼,5,قبل 11 شهرًا,بيتزا القدس,مطعم,google_maps
4691,"مفيش احسن من الاكل في المكان دا
اكل نضيف وناس ذوق ومجتهدين واحسن حاجة هي السعر",5,قبل 11 شهرًا,بيتزا القدس,مطعم,google_maps
4692,"ずば抜けて美味しいわけではないけど、美味しいです！わたしは好きでした。朝6時前に行きましたが、ピザ焼いてくれました！焼きたてピザをこの価格で、そしてボリュームあり！！2回目行った時は勘違いしてお金多く渡しましたが、間違えてるぞ！って感じで返してくれました。常連になりたいお店でした。
サラミピザのSが55だったような。朝から完食いたしました！ご馳走様でした。",5,قبل سنة,بيتزا القدس,مطعم,google_maps
4693,تحفه والله ♥️♥️♥️♥️♥️♥️,5,قبل سنة,بيتزا القدس,مطعم,google_maps
4694,Good value comparing to the price,4,قبل سنة,بيتزا القدس,مطعم,google_maps
4695,انا بعرفو قبل ١٣ سنه لما كنت طالب ورجعت من كم يوم اكلت نفس الطعم والأسعار رخيصه,5,قبل سنة,بيتزا القدس,مطعم,google_maps
4696,جيد نوعا ما,2,قبل سنة,بيتزا القدس,مطعم,google_maps
4698,البائع فيه غير محترم,1,قبل سنة,سنتر النهار,متجر ملابس حريمي,google_maps
4699,معقول,2,تاريخ التعديل: قبل سنة,سنتر النهار,متجر ملابس حريمي,google_maps
4700,ان من الجزائر  اريدو معرفت كيفيت تعامل معكم,5,قبل سنة,سنتر النهار,متجر ملابس حريمي,google_maps
4701,لاباس شعبي جدا,3,تاريخ التعديل: قبل سنة,سنتر النهار,متجر ملابس حريمي,google_maps
4703,Good place,5,قبل سنتين,سنتر النهار,متجر ملابس حريمي,google_maps
4704,"Très bon sejour dans cet hotel, personnel très agréable et chambres bien aménagées. Emplacement idéal dans Garden City. Je recommande !",5,قبل 4 أيام,Garden city plaza hotel,فندق,google_maps
4705,とてもいいホテルでした！,5,قبل 5 أيام,Garden city plaza hotel,فندق,google_maps
4706,"Hôtel absolument à éviter!
Cloaque innommable dans un état pitoyable voir dangereux et reposant de saleté. Les deux premiers étages de ce bouge sont délabrés, complètement détruit. La cage d'escalier est d'une saleté repoussante et compte tenu de l'état de l'ascenseur, on est obligé de monter à pied.
Dans la chambre, les huisseries sont défectueuses, les prises électriques cassées et dangereuses et dans le salle de bain, le rideau de douche est pendu à trois mètres de hauteur et ne touche pas le sol, la douche est un artefact de douche à l'italienne mais limitée par une mauvaise bordure en ciment et carrelage. Le pommeau de douche est cassé et fuit dans tous les sens. Les WC fuis ainsi que le lavabo. Aucun tapis de douche n'est fourni. Aucune chaise pour appuyer des affaires n'est présente. Les baguettes d'angle sont tenues par du scotch. Sur le balcon, les tuyaux des blocs de clim pendent au milieu. Vous devez les enjamber et la rambarde n'est pas à hauteur réglementaire:  vous risquez la chute à chaque tentative pour prendre l'air...
Le petit déjeuner... Infâme, vous avez la montre, Ils ont le temps! Il est servi dans couvert et si un groupe de touristes débarque dans ce soukh, vous pouvez rester à attendre votre tour jusqu'à midi: l'organisation est déplorable.
Les zones réservées au personnel sont impressionnantes de saleté. Bref un endroit sordide qui ne devrait pas apparaître dans les sites internet spécialisés...",1,قبل أسبوعين,Garden city plaza hotel,فندق,google_maps
4707,"Molto bene. Camera pulita. Ottima accoglienza e disponibilità del personale, hanno cercato di soddisfare ogni nostra richiesta",5,قبل شهر,Garden city plaza hotel,فندق,google_maps
4708,Bel posto pulito posizione ottima vicina a piazza tharir ma in un quartiere molto tranquillo e silenzioso. Personale gentilissimo e tutti molto simpatici.,5,قبل شهر,Garden city plaza hotel,فندق,google_maps
4709,"Bravi i ragazzi dello staff.
Tutti bravissimi",5,قبل شهر,Garden city plaza hotel,فندق,google_maps
4710,"الفندق نظيف و الغرف مرتبة  و نظيفة
الموظفين محترمين و متعاونين والافطار جيد و يفي بالغرض.
يقع الفندق في عمارة في حي جميل و هاديء جدا.
الفندق ثلاث نجوم ولكن الخدمة و المعاملة خمس نجوم.",5,قبل شهر,Garden city plaza hotel,فندق,google_maps
4711,Personale sempre disponibile giovane e cordiale.,5,قبل شهر,Garden city plaza hotel,فندق,google_maps
4712,"Personale cordiale, sempre disponibile a tutte le ore. Ottima organizzazione giovane. Posizione ottima.",5,قبل شهر,Garden city plaza hotel,فندق,google_maps
4713,"I had a very disappointing experience trying to book a stay at this hotel.

As there is no official website, I called the listed number for booking information. The call was handled unprofessionally, with no introduction from the person who answered. I explained the reason for my call and was instructed to send a WhatsApp message to make a reservation.

I sent the message immediately with the requested dates. Three days later, I have received no response. I followed up and also asked about room availability, but received no reply.

Due to the lack of communication and professionalism, I booked accommodation elsewhere at a higher price. While it cost significantly more, the clear communication and professional service made it well worth it.",1,قبل شهر,Garden city plaza hotel,فندق,google_maps
4714,فندق رائع,5,قبل شهر,Garden city plaza hotel,فندق,google_maps
4715,احلي مكان في القاهرة وشكرا مصطفى من كل قلبي,5,قبل شهر,Garden city plaza hotel,فندق,google_maps
4716,Mustafa her konuda çok yardımcı oldu. Otelin konumu çok güzel odalar çok temiz tüm çalışanlar çok ilgiliydi. Çok memnun kaldık,5,قبل شهر,Garden city plaza hotel,فندق,google_maps
4717,Çok iyiydi ilgileniyolar çok iyi tenizliği cartu curtı hepsi,5,قبل شهر,Garden city plaza hotel,فندق,google_maps
4718,"Camere ampie e pulite, ottima doccia, colazione buona.",5,قبل شهر,Garden city plaza hotel,فندق,google_maps
4719,"Le stanze sono confortevoli,  il bagno e efficiente e ottima doccia",5,قبل شهر,Garden city plaza hotel,فندق,google_maps
4720,Perfect stay here. I really enjoyed it,5,قبل شهر,Garden city plaza hotel,فندق,google_maps
4721,"I enjoyed my stay in garden plaza hotel,their hospitality is excellent,good customer care especially Mostafa attended us well,helped us get all that we wanted,Mostafa has a kind heart he made my stay in Egypt easy and enjoyable big up to Mostafa",5,قبل شهرين,Garden city plaza hotel,فندق,google_maps
4722,Mostafa and amr was so kind and help us for everything,5,قبل شهرين,Garden city plaza hotel,فندق,google_maps
4723,المكان جميل ونظيف وقريب من الاماكن السياحية خدمتهم سريعه ومتعاونين جدا 👍🏻,5,قبل شهرين,Garden city plaza hotel,فندق,google_maps
4724,تجربتنا فيه كان جميله المكان نظيف وجميع طاقم العمل معاون معنا👍🏻,5,قبل شهرين,Garden city plaza hotel,فندق,google_maps
4725,ممتاز,5,قبل شهر,صيدليات مصر-فرع طلعت حرب,صيدلية,google_maps
4727,"السلام عليكم
ممكن رقم واتساب للتواصل",5,قبل 5 أشهر,صيدليات مصر-فرع طلعت حرب,صيدلية,google_maps
4728,كام مريح,5,قبل 5 أشهر,صيدليات مصر-فرع طلعت حرب,صيدلية,google_maps
4731,Great,5,قبل 8 أشهر,صيدليات مصر-فرع طلعت حرب,صيدلية,google_maps
4732,كافيه محترم واسعار في متناول الجميع,5,قبل 10 أشهر,El Omaraa Cafe New Cairo(قهوة الامراء التجمع),مقهى,google_maps
4733,Everything is perfect in that place the prices are good the stuff are so friendly and fast the place is clean and they have a diet sugar,5,قبل 11 شهرًا,El Omaraa Cafe New Cairo(قهوة الامراء التجمع),مقهى,google_maps
4734,Very friendly stuff,5,تاريخ التعديل: قبل 11 شهرًا,El Omaraa Cafe New Cairo(قهوة الامراء التجمع),مقهى,google_maps
4735,الريسبشن تعامله راقي جدا قبل ما تدخل للدكتور بيطمنك انك داخل المكان الصح,5,قبل ساعتين (2),Platinum Clinics,عيادة متخصصة,google_maps
4736,افضل تجربه مع د اندرو من افضل دكاتره الجلديه في مصر,5,قبل 3 ساعات,Platinum Clinics,عيادة متخصصة,google_maps
4737,تجربه ممتازه مع عيادات بلاتنيوم,5,قبل 5 ساعات,Platinum Clinics,عيادة متخصصة,google_maps
4738,"Dr.samar is amazing with kids, knows how to deal with them & following up with every tiny detail",5,قبل يومين (2),Platinum Clinics,عيادة متخصصة,google_maps
4739,Good,5,قبل يومين (2),Platinum Clinics,عيادة متخصصة,google_maps
4740,تجربه ممتازه مع د احمد الهوبي من افضل كلينك اللي روحتها,5,قبل 3 أيام,Platinum Clinics,عيادة متخصصة,google_maps
4742,Supportive team,5,قبل 4 أيام,Platinum Clinics,عيادة متخصصة,google_maps
4743,Detailed and good listener,5,قبل 5 أيام,Platinum Clinics,عيادة متخصصة,google_maps
4744,Dr Ahmed hoby is a great dentist 👌,5,قبل 5 أيام,Platinum Clinics,عيادة متخصصة,google_maps
4747,"It’s an organised, and very friendly staff",5,قبل 5 أيام,Platinum Clinics,عيادة متخصصة,google_maps
4748,Best services👌🏻♥️,5,قبل 6 أيام,Platinum Clinics,عيادة متخصصة,google_maps
4749,"تقييم عياده مصر الجديده الاستقبال ممتاز و مرحب
وودكتور مروه ممتازه ومستمعه جيده
مروه. ع",5,قبل أسبوع,Platinum Clinics,عيادة متخصصة,google_maps
4750,XL pizza is no joke,5,قبل شهر,ال ديفينو بيتزيريا,مطعم بيتزا,google_maps
4751,"Everything is wonderful but unfortunately they don't have dine in any more, only take away. Please let it come back again.",5,قبل 3 أشهر,ال ديفينو بيتزيريا,مطعم بيتزا,google_maps
4752,"Very small stuffy restaurant with little ventilation, the pizza is very bad and undercooked. Don't recommend it",1,قبل سنة,ال ديفينو بيتزيريا,مطعم بيتزا,google_maps
4755,بيتزا تتحدث عن نفسها من طعمها❤️‍🔥,4,قبل سنة,ال ديفينو بيتزيريا,مطعم بيتزا,google_maps
4756,Great Experience,5,قبل سنتين,ال ديفينو بيتزيريا,مطعم بيتزا,google_maps
4758,"Tasty italian thin pizza 🍕 😋 and other italian dishes, also a few options for desserts. The service was kind and polite. The restaurant is quite small but has a homely atmosphere. We had an XL Pizza Margherita.",5,قبل سنتين,ال ديفينو بيتزيريا,مطعم بيتزا,google_maps
4759,اقل من عادي,1,قبل سنتين,ال ديفينو بيتزيريا,مطعم بيتزا,google_maps
4761,"The food was super dry and there was almost no cheese , it was the worst pizza in earth 😞 it was a traumatizing and painful experience 🦷 , i hate pizza now thanks to them",1,قبل سنتين,ال ديفينو بيتزيريا,مطعم بيتزا,google_maps
4762,"Worst pizza ever, the dough was too dry it even hurt my gums eating it, tasteless (عباره عن رغيف ناشف)",1,قبل سنتين,ال ديفينو بيتزيريا,مطعم بيتزا,google_maps
4764,Great margaretta,5,قبل سنتين,ال ديفينو بيتزيريا,مطعم بيتزا,google_maps
4765,"It looked closed from outside but what a hidden gem! We had the best meal. Our waiter was Taj. We had a wonderful evening! Thank you Divino 😋
The cheese salad starter was the highlight - I had no idea what to expect but it was buffula mozzarella with fresh pesto and baby cherry tomatoes and it was the most delicious dish.",5,قبل سنتين,ال ديفينو بيتزيريا,مطعم بيتزا,google_maps
4766,Favorite place in Zamalek especially for the Pizza. Everything is just perfect. Service is amazing and the Chef is super talented.,5,قبل سنتين,ال ديفينو بيتزيريا,مطعم بيتزا,google_maps
4767,Was very poor experience.. I have asked for crispy pizza and some of the pizza was not cooked 100 %… don’t recommend the place .. outside is written wood oven and is a gas oven !!!,1,قبل سنتين,ال ديفينو بيتزيريا,مطعم بيتزا,google_maps
4768,Food is great but seating is limited. It wasn't crowded though,5,قبل سنتين,ال ديفينو بيتزيريا,مطعم بيتزا,google_maps
4770,The quality of pizza is not that good,2,قبل سنتين,ال ديفينو بيتزيريا,مطعم بيتزا,google_maps
4772,Brilliant doctor and staff. Excellent place.,5,قبل يومين (2),Dr. Yehia Adel - White Pearl Dental Clinic,عِيادة أسنان,google_maps
4773,"A Perfect clinic!  easy appointments, clean clinic, a very professional doctor & assistant. Thank you so much!",5,تاريخ التعديل: قبل 3 أسابيع,Dr. Yehia Adel - White Pearl Dental Clinic,عِيادة أسنان,google_maps
4774,من احسن و اشطر الدكاترة ربنا يبارك في حقيقي ممتاز,5,قبل شهر,Dr. Yehia Adel - White Pearl Dental Clinic,عِيادة أسنان,google_maps
4775,دكتور ممتاز,5,تاريخ التعديل: قبل شهر,Dr. Yehia Adel - White Pearl Dental Clinic,عِيادة أسنان,google_maps
4776,I am very satisfied about the clinic in general starting from the flexibility in booking the appointment up until the service from Doctor Yahia. The clinic is very clean and the doctor and his assistant are very keen about the disinfection for their tools which giving me the trust about the clinic hygiene.,5,قبل شهرين,Dr. Yehia Adel - White Pearl Dental Clinic,عِيادة أسنان,google_maps
4777,خدمة علاجية ومتابعة ممتازة,5,قبل شهرين,Dr. Yehia Adel - White Pearl Dental Clinic,عِيادة أسنان,google_maps
4782,.كانت ممتازة,5,قبل 3 أشهر,Dr. Yehia Adel - White Pearl Dental Clinic,عِيادة أسنان,google_maps
4783,احسن وانضف كلينك,5,قبل 4 أشهر,Dr. Yehia Adel - White Pearl Dental Clinic,عِيادة أسنان,google_maps
4787,دكتور محمد صلاح صديق مخ وأعصاب من اوقح الدكاتره الي شفتها فحياتي. زعق عليا أنا وأختي وامي التعبانه وسبنا ومسك بايد امي وقال مش حسيبها روحي انتي وقعد يزعق ويقول كلام بذيئ. محدش يروح عنده.,1,قبل 3 أيام,Platinum Clinics - عيادات بلاتينيوم,مركز طبي,google_maps
4789,خدمه ممتازه و مقاومات كثيره متوفره,5,قبل 3 أيام,Platinum Clinics - عيادات بلاتينيوم,مركز طبي,google_maps
4790,أحسن ناس وأحسن استقبال ❤️❤️❤️❤️❤️,5,قبل 4 أيام,Platinum Clinics - عيادات بلاتينيوم,مركز طبي,google_maps
4791,The staff was very helpful and the service was excellent . Thank you for your effort,4,قبل أسبوع,Platinum Clinics - عيادات بلاتينيوم,مركز طبي,google_maps
4793,عيادة محترمة جدا و كويسه و الدكتور شاطر و محترم  جدا,5,قبل أسبوع,Platinum Clinics - عيادات بلاتينيوم,مركز طبي,google_maps
4794,دكتور أيمن زكريا ممتاز,5,قبل أسبوع,Platinum Clinics - عيادات بلاتينيوم,مركز طبي,google_maps
4795,Very good place,5,قبل أسبوع,Platinum Clinics - عيادات بلاتينيوم,مركز طبي,google_maps
4796,دكتور كويس و عياده محترمه,5,قبل أسبوع,Platinum Clinics - عيادات بلاتينيوم,مركز طبي,google_maps
4798,عيادة و استقبال ممتازة و دكتور رائع و الانتظار قليل,5,قبل أسبوع,Platinum Clinics - عيادات بلاتينيوم,مركز طبي,google_maps
4799,ان شاء الله مش اخر زياره انصح اي حد يروح ويجرب,5,قبل أسبوع,Platinum Clinics - عيادات بلاتينيوم,مركز طبي,google_maps
4800,العيادة جميلة,5,قبل أسبوع,Platinum Clinics - عيادات بلاتينيوم,مركز طبي,google_maps
4801,"ناس محترمه جدا ودكاتره شطار جدا
وكل التخصصات موجوده",5,قبل أسبوع,Platinum Clinics - عيادات بلاتينيوم,مركز طبي,google_maps
4802,ملك كانت متعاونه جدًا وحقيقي شكرًا علي التعامل الحلو والذوق,5,قبل أسبوع,Platinum Clinics - عيادات بلاتينيوم,مركز طبي,google_maps
4804,خدمه ممتازه وتنظيم محترم,5,قبل أسبوعين,Platinum Clinics - عيادات بلاتينيوم,مركز طبي,google_maps
4806,عياده نظيبفه وتعامل راقي,5,قبل أسبوعين,Platinum Clinics - عيادات بلاتينيوم,مركز طبي,google_maps
4807,"I had a good experience at this client ,
The doctors are professional .",5,قبل أسبوعين,Platinum Clinics - عيادات بلاتينيوم,مركز طبي,google_maps
4808,اكيد هرجع تاني لو احتاجت مكان كويس,5,قبل أسبوعين,Platinum Clinics - عيادات بلاتينيوم,مركز طبي,google_maps
4810,عيادات بلاتنيوم عيادات منظمة و الاستقبال كويس جدا و المواعيد مظبوطة و دكتور ابرام و عمر سلامة محترمين و شطار جدا و بيسمعو المريض,5,قبل أسبوعين,Platinum Clinics - عيادات بلاتينيوم,مركز طبي,google_maps
4811,"I absolutely love their clothes! As a Brazilian, it’s usually hard for me to find denim pants that fit well, but at Mobaco they fit like a glove. And their T-shirts — they feel like a warm hug, made of pure Egyptian cotton. I’m completely addicted to this shop!",5,قبل 4 أشهر,Mobaco Cottons,متجر ملابس,google_maps
4812,"Great shop, good variety of men and women clothing at decent prices.",5,قبل 5 أشهر,Mobaco Cottons,متجر ملابس,google_maps
4813,محل فخم وملابس في قمة الفخامه,5,قبل 6 أشهر,Mobaco Cottons,متجر ملابس,google_maps
4814,منتجات تشرف مصر,4,قبل 6 أشهر,Mobaco Cottons,متجر ملابس,google_maps
4815,옷상태도 위치도 다 좋은데 직원이 열심히하지는 않음. 린넨을 사는게 제일 득되는거같음.,4,قبل 7 أشهر,Mobaco Cottons,متجر ملابس,google_maps
4816,"محتاجين دعم من فريق التسويق شوية
بس عموما الشغل مسوق نفسه بنفسه ماشاء الله عالمى",5,قبل 8 أشهر,Mobaco Cottons,متجر ملابس,google_maps
4817,"The outlet was very poor,  staff were tired",4,قبل 8 أشهر,Mobaco Cottons,متجر ملابس,google_maps
4819,"エジプトっぽいデザインのTシャツを買いました。お土産っぽいデザインは種類が少ないです。
250EGPでした。
接客は特にないです。
クレジットカードが利用可能です。
男性向けの服屋です。",4,قبل سنة,Mobaco Cottons,متجر ملابس,google_maps
4820,للأغنياء فقط,1,قبل سنة,Mobaco Cottons,متجر ملابس,google_maps
4821,My favourite in Egypt since 20 years,5,قبل سنة,Mobaco Cottons,متجر ملابس,google_maps
4822,Πολύ καλή ποιότητα,5,قبل سنة,Mobaco Cottons,متجر ملابس,google_maps
4823,"Ist nicht mehr das, was es einmal war. Wenig Auswahl, zum Teil beschädigte Ware im Verkauf.",2,قبل سنة,Mobaco Cottons,متجر ملابس,google_maps
4824,Premium quality,4,قبل سنة,Mobaco Cottons,متجر ملابس,google_maps
4825,المكان كويس معاملة الموظفين مش أحسن حاجة، الموظف خلقه ضيق وبيتريق ان الزبون بيجرب أكتر من قطعة علشان يقتنع بحاجة معينة في الآخر.. عايز يبقا كاشير بس الزبون يدخل يعبي ويدفع ويتكل على الله,3,قبل سنة,Mobaco Cottons,متجر ملابس,google_maps
4827,Sehr freundliches Personal,5,قبل 4 أشهر,منز كلوب,متجر ملابس رجالي,google_maps
4828,جامد جدا,5,قبل 4 أشهر,منز كلوب,متجر ملابس رجالي,google_maps
4829,Offers aren't real,2,قبل 4 أشهر,منز كلوب,متجر ملابس رجالي,google_maps
4830,اشتريت تيشرتات وبناطيل جميلة ونسبه الخصم كبيره,5,قبل 6 أشهر,منز كلوب,متجر ملابس رجالي,google_maps
4832,البائع مزعج جدا، مش عارف اشوف منه حاجة,1,قبل 8 أشهر,منز كلوب,متجر ملابس رجالي,google_maps
4833,Good quality,5,قبل 11 شهرًا,منز كلوب,متجر ملابس رجالي,google_maps
4834,محترمين,5,قبل سنة,منز كلوب,متجر ملابس رجالي,google_maps
4836,لا بأس في الأسعار و العروض,3,قبل سنة,منز كلوب,متجر ملابس رجالي,google_maps
4837,ناس كذابين و ما عندهمش مواعيد ولا بيراعو للمرضى حجزت عند دكتور ماريكيوس واكدو الحجز وكل شويه يتصلو ياكدو عالمواعيد اتحركت من اكتوبر على موقع العياده في الدقي وانا في الطريق يتصلو يقولو الدكتور اعتذر وقبلها بعشره دقائق متصلين يقولو الدكتور في انتظارنا عدم احترام للمريض وعدم تقدير,1,قبل 5 أيام,Misr Modern Clinics عيادات مصر الحديثه ( فرع ميشيل باخوم ),مركز طبي,google_maps
4839,Supported & Well care,5,قبل أسبوعين,Misr Modern Clinics عيادات مصر الحديثه ( فرع ميشيل باخوم ),مركز طبي,google_maps
4840,العيادة نظيفة جداً ودكتور الباطنة احمد دويك دكتور تعامله حلو جداً وصبور وبيفهم المريض❤️❤️❤️❤️,5,قبل أسبوعين,Misr Modern Clinics عيادات مصر الحديثه ( فرع ميشيل باخوم ),مركز طبي,google_maps
4843,مكان راقي فعلا والمعامله فيه فوق الممتازه ده غيرالطاقم الطبي اللي موجود اللي بيشخص الحاله بدقه 👌❤️,5,قبل شهر,Misr Modern Clinics عيادات مصر الحديثه ( فرع ميشيل باخوم ),مركز طبي,google_maps
4844,الاستقبال محترمين جدا والمكان نضيف ومنظم و دكتور اندرو محترم جداو ممتاز,5,قبل شهر,Misr Modern Clinics عيادات مصر الحديثه ( فرع ميشيل باخوم ),مركز طبي,google_maps
4845,"الدكتورة مش أحسن حاجه
والتعامل كن برضه مش كويس",1,قبل شهر,Misr Modern Clinics عيادات مصر الحديثه ( فرع ميشيل باخوم ),مركز طبي,google_maps
4846,خدمه كويسه وفي متابعه ودكاتره كويسه,4,قبل شهر,Misr Modern Clinics عيادات مصر الحديثه ( فرع ميشيل باخوم ),مركز طبي,google_maps
4847,عيادات مصر الحديثة يضم عدد كبير من افضل الدكاترة والمعاملة من الاستف كويسة خالص وذوق والمكان نضيف والدكتور بيتابع معانا بعد الكشف شكرا جزيلا لكم 🌷🌷🌷,5,قبل شهر,Misr Modern Clinics عيادات مصر الحديثه ( فرع ميشيل باخوم ),مركز طبي,google_maps
4850,"الاستقبال ممتاز
والخدمات الطبية غاية الروعة
والدكتور بالتأكيد مستمع وشاطر",5,قبل شهر,Misr Modern Clinics عيادات مصر الحديثه ( فرع ميشيل باخوم ),مركز طبي,google_maps
4851,العيادة نظيفة وتوقيتهم مظبوط و الاستاذ الدكتور أحمد دوي شاطر ومستمع جيدا لمريضه وبتاع حالته,5,قبل شهر,Misr Modern Clinics عيادات مصر الحديثه ( فرع ميشيل باخوم ),مركز طبي,google_maps
4852,Good prices and very clean. Maa shaa Allah,4,قبل 6 أشهر,سوبر ماركت فود لاند Food Land,سوبرماركت,google_maps
4853,ممتازة,5,قبل 8 أشهر,سوبر ماركت فود لاند Food Land,سوبرماركت,google_maps
4854,ناس محترمة,5,قبل 9 أشهر,سوبر ماركت فود لاند Food Land,سوبرماركت,google_maps
4855,كويس,5,تاريخ التعديل: قبل سنة,سوبر ماركت فود لاند Food Land,سوبرماركت,google_maps
4857,ممتازة,5,قبل سنة,سوبر ماركت فود لاند Food Land,سوبرماركت,google_maps
4858,Not bad for this price point. I recommend not going after 6pm as it will be over crowded,5,قبل شهرين,5GYM & FITNESS CLUB,برنامج اللياقة البدنية,google_maps
4859,"Good place when it’s clean. They did good effort. Better to come early, could be crowded.",2,تاريخ التعديل: قبل 3 أشهر,5GYM & FITNESS CLUB,برنامج اللياقة البدنية,google_maps
4860,"Will NOT recommend this gym due to bad environment and not good equipment.
They don't upgrade anything and most of the things are not even working.
Prefer going to other gym!",1,قبل 7 أشهر,5GYM & FITNESS CLUB,برنامج اللياقة البدنية,google_maps
4861,"Honestly poor  , This gym has turned into an absolute disaster. The AC is dead, so you’re basically working out in a sauna. The weight plates are crooked and unsafe, half the dumbbells are broken, and the treadmills literally shock you — and not in a good way. It’s careless, lazy, and downright dangerous. Feels like the owners just don’t give a damn about the members anymore , male bathroom is always smelly bad ☠️

Please don't waste your money here , find better gym untill it resolve the old problem ....",1,قبل 7 أشهر,5GYM & FITNESS CLUB,برنامج اللياقة البدنية,google_maps
4863,Incompetent management and lack of equipment!,1,تاريخ التعديل: قبل سنة,5GYM & FITNESS CLUB,برنامج اللياقة البدنية,google_maps
4864,الجيم الفي رسبشن بيكلمو  قله الذوق انصح أن محدش يروح عندهم,1,قبل سنة,5GYM & FITNESS CLUB,برنامج اللياقة البدنية,google_maps
4865,"جيم محترم جدا و متاح كل الاوقات حريمى و رجالى
مواعيد العمل من ٦ ص و حتى ٢ صباحا و الجمعة بعد اذان الظهر",4,قبل سنتين,5GYM & FITNESS CLUB,برنامج اللياقة البدنية,google_maps
4866,فيتنس عال جدا وممتاز,5,تاريخ التعديل: قبل سنتين,5GYM & FITNESS CLUB,برنامج اللياقة البدنية,google_maps
4868,"Hers gym has unfortunately become a 100% commercial entity with no real professionalism or transparency!

Staff are unfriendly and unclear about what they are selling, especially personal training packages. A “nutrition session” is nothing more than a meal plan paper, and if you refuse it, you’ll receive a nutrition call handled with a poor and unprofessional attitude!

Be cautious when using the treadmills.. I experienced electric shocks when touching the screen or metal parts, and this serious issue was ignored !
I paid for my personal training program, yet chose not to continue my sessions because I cannot tolerate this level of unprofessional attitude and service.
Not Recommended at all",1,قبل أسبوعين,Hers Gym,صالة رياضة,google_maps
4869,"I touched the control panel to adjust the treadmill speed, and I got an electric shock. It seems like the exercise equipment isn’t being properly maintained. The staff are also unfriendly.",1,قبل شهرين,Hers Gym,صالة رياضة,google_maps
4870,"A women's only gym that has all the basics you need in terms of equipment and weights. They offer classes at certain times (no yoga) as well as personal training. If you're there during peak hours, you'll struggle to find the more common weights (only two sets), and many of the machines need quite a bit of TLC (missing knobs, out of service regularly etc) but they've changed some of the padding of some machines since I've been there.

Update : all above still valid however I feel I must add the below warning. There are children regularly allowed to run around and play in the weight zones (super dangerous) with little to no supervision (even saw one smack someone's bum). Here are signs everywhere saying don't leave your bag in the weight area, that's what lockers are for.... And yet there are constantly bags and clothing everywhere; completely unenforced by any staff member there. The professionalism leaves to be desired. If you're not picky, it may be a bit more pricey, but there's another gym nearby that's better.",4,تاريخ التعديل: قبل 9 أشهر,Hers Gym,صالة رياضة,google_maps
4871,"1ヶ月2,300EGPでした。マシンは一通り揃っています。夕方以降は利用者が多くランニングマシン待ちが発生することが多いです。ジャグジーはぬるめ、スチームサウナとドライサウナは温度は低めで、常時稼働してる訳ではなく利用する時にONにしてくれます。水着を持参しましょう。グループレッスンはバラエティ豊かでインストラクターもプロフェッショナルで楽しかったです。外国人でも英語でインストラクションをしてくれたり、クラス前に説明してくれたりするので大丈夫です。
ザマレクはレストランから全て料金は高い設定なので、ジムの月額料金も他と比べて高めです。今通っているモカッタムのジムは半年で2500EGPです(24時間)",3,قبل 11 شهرًا,Hers Gym,صالة رياضة,google_maps
4872,"have been going to this gym for the past few weeks and all the treadmills are horrible they keep electrocuting you the moment you touch it,it wasn’t a big deal at first as it was just a tiny zap and I kept telling everyone that works there to take care of it and their answer every single time is that they’re going to tell the maintenance guys but nothing changed. And today while I was running and trying to adjust the speed I touched the handle and it sent a very strong electric wave down my whole body that I shouted and jumped off the moving treadmill,when I went to complain to the girls working there their answer was “sorry,we will let the maintenance guys know”.
This is a serious safety hazard and it’s very disappointing how a big and pricey gym like that one can’t even fix faulty treadmills!
Most of the treadmills are always either broken or shut down after a few minutes of using and there’s only 2 stairmasters,one of them has been out of service since I started going.",1,قبل سنة,Hers Gym,صالة رياضة,google_maps
4873,مكان خاص نسائي ،، ساونا,5,قبل سنة,Hers Gym,صالة رياضة,google_maps
4874,My second home 😍,5,قبل سنة,Hers Gym,صالة رياضة,google_maps
4875,"Schönes und sauberes Fitnessstudio, nette Community.",5,قبل سنة,Hers Gym,صالة رياضة,google_maps
4876,Love ❤️,5,قبل سنة,Hers Gym,صالة رياضة,google_maps
4877,"I have been a member for more than a year, and this gym has been a great disappointment to be honest. The only reason I chose this gym is because it's the only female gym in zamalek.
1. The most annoying thing is that there are always broken machines and they are never fixed for months and months. Either threadmill, cycling machine, or weighing machine. If half of the machines are broken, then what are we supposed to use? Especially in this small gym. If the machine is broken, at least make an announcement for reasons instead of making excuses and abandoning the situation for months.
2. They don't provide water or towel, I dont know if it's normal in egypt?
3. Most of the closets are always full. I think the staff put their stuff here. Considering how many people are coming during peak hours, they must buy more closets.
4. There were times when the shower didn't work or water was not available.
5. I sent an email to management even to request better maintenance of the gym, but I never got a reply. If you want to increase the membership fee, then you have to provide equivalent service.",1,قبل سنة,Hers Gym,صالة رياضة,google_maps
4878,"The women who ‘run’ this place could be more respectful. But they go for doing less; they are consistent in that regard.

The equipment is the basics and mostly nice.  The cycling room is my fav bc … I love cycling. Oh, and sadly no elliptical machines.  I thought that was gym equipment 101.

When the sauna is hot and ready to use, it’s nice. The showers are nice too; good water pressure.

I’ve had my issues here; mostly poor attitudes. But ppl (staff) only know what they’ve learned from others, so bad behavior persists. Ppl would rather tell you no than to actually try to help you. The place def has potential to be better than it is.",3,قبل سنة,Hers Gym,صالة رياضة,google_maps
4879,"اسوء مستشفى شوفتها بامانه
انا مش بقول كلام و خلاص عشان متكونش الشكوى ٢ للي بيرد و المستشفى
وبدل ما انتو بتطلعو مبررات و خلاص ابقو صلحو من نفسكو احسن
و اتمنى يكون في دكاترة احسن لصالح المرضى",1,تاريخ التعديل: قبل أسبوعين,مستشفى مصر الجديدة التخصصي,مستشفى,google_maps
4880,مش بيردو عالتليفون ومفيش طوارئ,1,قبل شهر,مستشفى مصر الجديدة التخصصي,مستشفى,google_maps
4884,ممتاز,5,قبل 4 أشهر,مستشفى مصر الجديدة التخصصي,مستشفى,google_maps
4891,احسن خدمه واحترام,5,قبل 8 أشهر,مستشفى مصر الجديدة التخصصي,مستشفى,google_maps
4892,محتاج تليفون للتواصل للأسف التليفونات المتاحه لا تعمل,5,قبل 10 أشهر,مستشفى مصر الجديدة التخصصي,مستشفى,google_maps
4895,للاسف تجربة فاشلة جدا غير ملتزمين بقراراتهم ولا يوجد مصدقية أو صراحة اليوم براى و غدا براى اخر,5,تاريخ التعديل: قبل سنة,مستشفى مصر الجديدة التخصصي,مستشفى,google_maps
4896,احب اشكر دكتور الطوارئ احمد والطاقم الطبي على عنايتهم بالمريض,5,قبل سنة,مستشفى مصر الجديدة التخصصي,مستشفى,google_maps
4897,"This gym charges 500 Egyptian pounds for a single workout, which is rather unreasonable. Atleast 250 would be more suitable.",1,قبل أسبوع,Edgefit Gym,صالة رياضة,google_maps
4898,Perfect gym ❤️❤️👌🏻,5,قبل شهر,Edgefit Gym,صالة رياضة,google_maps
4899,The place are great,5,قبل شهر,Edgefit Gym,صالة رياضة,google_maps
4900,"It would be helpful to provide clothes hangers for jackets and coats. Also, the class rooms could be cleaner. Small improvement, big convenience.",3,قبل شهر,Edgefit Gym,صالة رياضة,google_maps
4901,"one of the trainers got mad because I refused his service, the he asked me to leave for not having shorts after i had already paid for a day pass. Pure losers work here.",1,قبل شهر,Edgefit Gym,صالة رياضة,google_maps
4902,"What a waste of money, bad experience",1,قبل 3 أشهر,Edgefit Gym,صالة رياضة,google_maps
4903,"Terrible terrible gym, the prices they are charging they must think they are a boutique gym with the best equipment. It’s dirty, machines are badly kept… they don’t even have a pull up bar. They mentioned a “spa” if you mean a sauna that doesn’t work in the changing rooms. I wouldn’t even pay 200EGP a month for this place let alone the 3500EGP they are asking for… scam!",1,قبل 3 أشهر,Edgefit Gym,صالة رياضة,google_maps
4905,منتهى عدم النظافة والمسؤولية. مهووسين بالفلوس وتجديد الاشتراك مقابل لا شيء,1,قبل 4 أشهر,Edgefit Gym,صالة رياضة,google_maps
4906,"This is the most practical gym membership option in Zamalek, but it really needs investment in equipment and facilities.  Nobody is taking care of it ☹️",3,قبل 4 أشهر,Edgefit Gym,صالة رياضة,google_maps
4907,رائع,5,قبل 5 أشهر,Edgefit Gym,صالة رياضة,google_maps
4908,"Very friendly, super good service. Highly recommended!",5,قبل يوم واحد,Tony Beauty Lounge,مصفف الشعر,google_maps
4909,Impromptu greatness to go from butterfly 🪶 feather to long bob ! Great service and attention to detail,5,قبل أسبوع,Tony Beauty Lounge,مصفف الشعر,google_maps
4910,"I am absolutely in love with my new hair! I went in for a lightening service, and the result is better than what I dreamed of. The color is stunning, seamless, and looks so natural. Tony is true professional with a great eye for detail and the entire team works amazingly well together Highly recommend",5,قبل 3 أسابيع,Tony Beauty Lounge,مصفف الشعر,google_maps
4911,"Thank you Tony to you and your fabulous team! Me and my family received the best service ever: hair spa! Precise hair cuts, relaxing scalp massage, perfect coloring and beautiful hair brushing! Plus good laughters and a joyful atmosphere. Whenever we are in Cairo - we will come back!",5,قبل شهر,Tony Beauty Lounge,مصفف الشعر,google_maps
4912,Super Serivce from sako i got my hair highlighted with roots and his special technique in brushing all women asked where i done that thanks for the magic hands and the rest of staff are super also million thanks,5,قبل شهر,Tony Beauty Lounge,مصفف الشعر,google_maps
4913,"J'ai fais une très belle French Manucure avec  Mouna, personnel très professionnel et minutieux ! Je recommande vivement et suis très satisfaite",5,قبل شهر,Tony Beauty Lounge,مصفف الشعر,google_maps
4914,"Kahire’de kaldığım otele yakın olduğu için Tony Beauty Lounge’a gittim ve gerçekten çok memnun kaldım. Saçıma fön çektirdim. Saçım çok düzgün, parlak ve uzun süre kalıcı oldu.
Çalışanlar çok nazik ve profesyoneldi. Ne istediğimi dikkatle dinleyip tam istediğim gibi yaptılar. Salon genel olarak çok temiz ve bakımlıydı, hijyen konusunda içim çok rahat etti.
Hizmet kalitesi çok iyiydi, güvenliydi, ortam da rahatlatıcıydı. Fiyatlar da verilen hizmete göre gayet makuldü. Kesinlikle tavsiye ederim.",5,قبل شهر,Tony Beauty Lounge,مصفف الشعر,google_maps
4916,بجد اكتر صالون عرف يظبط شعري و عايزة اشكرهم على ذوقهم في التعامل و النقاش. انبسطت اوي بقصتي خصوصا اني محجبة. تسلم أيديهم بجد خصوصاً منى. ان شاء الله تتكرر التجربة تاني.🩷,5,قبل شهرين,Tony Beauty Lounge,مصفف الشعر,google_maps
4917,"I had a wonderful experience at Tony Beauty Lounge. The staff were extremely helpful, kind, and welcoming — I immediately felt comfortable and truly appreciated.

Mrs. Mona was especially lovely and professional; she was very friendly and did an excellent job styling my hair. I left with a beautiful blow-dry and feeling very satisfied and gratified.

Highly recommended for both the service and the warm atmosphere!",5,قبل شهرين,Tony Beauty Lounge,مصفف الشعر,google_maps
4919,رموش اسبوعيه عند رشا😘سريعه وبطله ومريم عسل الريسبشن,5,قبل شهرين,Tony Beauty Lounge,مصفف الشعر,google_maps
4920,شغل تحفة حبيت بجد,5,قبل شهرين,Tony Beauty Lounge,مصفف الشعر,google_maps
4922,One of the best salons in egypt,5,قبل شهرين,Tony Beauty Lounge,مصفف الشعر,google_maps
4923,Great haircut ! Very decent price and really skillful hairdressers.,5,قبل شهرين,Tony Beauty Lounge,مصفف الشعر,google_maps
4924,شغلهم تحفففه في الشعر والقص وغسيل الشعر 😍👍🏻,5,قبل شهرين,Tony Beauty Lounge,مصفف الشعر,google_maps
4925,Perfect place and service,5,قبل شهرين,Tony Beauty Lounge,مصفف الشعر,google_maps
4928,On holiday in Cairo and had the most beautiful haircut and blow out. Highly recommend. Great service and price. Lovely staff.,5,قبل شهرين,Tony Beauty Lounge,مصفف الشعر,google_maps
4930,"Tony and Assad are truly the best hairdressers! Tony completely understood the assignment and exceeded my expectations — he gave me an amazing hair color that blends beautifully, looks natural, and feels super fresh. Assad worked his magic with the haircut, and the result is absolutely fantastic. The rest of the staff are professional and welcoming. Special thanks to Tony for his incredible talent and care. Honestly, I’d give them a million out of ten",5,قبل 3 أشهر,Tony Beauty Lounge,مصفف الشعر,google_maps
4931,ماتوصلون للسعوديه ؟,5,قبل شهرين,القاضي وحسين,متجر ملابس,google_maps
4932,يا ريت تتعلمو اصول التعامل مع الزبائن، طفشتونا من البداية بسبب قلة الذوق بتع حضراتكو,1,قبل شهرين,القاضي وحسين,متجر ملابس,google_maps
4933,For the traditional and old house clothes materials try to go to the old store not the new one,5,قبل 4 أشهر,القاضي وحسين,متجر ملابس,google_maps
4936,حلو بس غالي,5,قبل 4 أشهر,القاضي وحسين,متجر ملابس,google_maps
4937,روعه,5,قبل 4 أشهر,القاضي وحسين,متجر ملابس,google_maps
4940,‏الخدمة هيلا هيلا هل بصراحة أنا مش مصدق اللي ده يطلع من أوديو يا حسين,5,قبل 5 أشهر,القاضي وحسين,متجر ملابس,google_maps
4942,محل جميل مكان جميل والي فيه خدومين واسعار مناسبه,4,قبل 7 أشهر,القاضي وحسين,متجر ملابس,google_maps
4943,Very bad service and the staff are very  rude!!!,1,قبل 9 أشهر,القاضي وحسين,متجر ملابس,google_maps
4944,"خامات مميزة وجودتها عالية جدا
تعامل الباعة راقي وبابتسامة جميلة",5,قبل 11 شهرًا,القاضي وحسين,متجر ملابس,google_maps
4945,"Outstanding service at the Dental Health Centre! The doctors are not only highly skilled and knowledgeable but also very professional and caring. I really appreciate the cleaning staff too — they’re respectful, responsible, and help keep everything spotless. The whole team works together with such harmony and hospitality that you feel welcome the moment you arrive. If you’re looking for safe, honest, and reliable dental care that values your time, this is definitely the place to go!",5,قبل 6 أشهر,عيادات العبد للأسنان,عِيادة أسنان,google_maps
4946,"مركز العبد ممتازين وعندهم اخصائيين في كل
تخصصات الأسنان ما شاء الله خدمه طبيه متميزه تعاملت معاهم في الزراعه لوالدتي وبنج كلي لابني 5 سنوات والحمدلله الأمور تمام",5,قبل 6 أشهر,عيادات العبد للأسنان,عِيادة أسنان,google_maps
4952,مكان مميز,5,قبل 6 أشهر,عيادات العبد للأسنان,عِيادة أسنان,google_maps
4954,"""من واقع تجربتي… شغلهم دقيق، منظم، والاهتمام بالمريض بييجي قبل أي حاجة.""",5,قبل 6 أشهر,عيادات العبد للأسنان,عِيادة أسنان,google_maps
4956,الحمدلله رب العالمين عملت زراعة وحشو عصب وطرابيش والمركز في غاية النظافة والتعقيم,5,قبل 6 أشهر,عيادات العبد للأسنان,عِيادة أسنان,google_maps
4958,Very very bad dental clinic,1,قبل 6 أشهر,عيادات العبد للأسنان,عِيادة أسنان,google_maps
4962,"بيعتمدوا علي شاطرتهم في التسويق والإعلانات  لكن مفيش ذمة ولا جودة في الشغل وممكن يسلمك شغل مش مضبوط .. وبيدبسك بالفلوس عشان تقبل باي حاجة
ويقولولك استاذ في جامعة الازهر طب فين الأمانة المصداقية قبل ما تتكلموا عالازهر .. حتي لما رجعت للادرة بتستحل تاكل الحرام عادي",1,قبل سنة,عيادات العبد للأسنان,عِيادة أسنان,google_maps
4966,شكراً جزيلاً د. صلاح سالم، فعلا ًمن أمهر أطباء الأسنان، يده خفيفة وشغله متقن في الزراعة والخلع وسحب العصب والتلبيسات، بدون ألم ونتيجة ممتازة، ويتميز بالإنجاز بوقت قياسي . شكرًا على احترافيتك واهتمامك براحة المريض.وايضا الدكتوره بنان ماقصرت يدها خفيفه ومحترفه واهم شي دقيقه وتركيزها عالي وهذا الشي يطمن المريض 👍🏻,5,قبل شهر,Glossy smile Dental Clinic Syrian alrehab,عِيادة أسنان,google_maps
4967,"Tooth extraction was smooth and easy , efficient dental abilities , recommended a lot by",5,قبل شهر,Glossy smile Dental Clinic Syrian alrehab,عِيادة أسنان,google_maps
4968,My Holiday destination end me fixing my tooth and hygiene cleaning  was so beautiful and no need appointments drop in and walk out smile face,5,قبل شهر,Glossy smile Dental Clinic Syrian alrehab,عِيادة أسنان,google_maps
4969,The best,5,قبل شهر,Glossy smile Dental Clinic Syrian alrehab,عِيادة أسنان,google_maps
4970,"My kids and I have been visiting this dental clinic for almost a year now. We are from America and explored several options, but this clinic stood out the most. It is very clean, well-organized, and extremely kid-friendly. The staff is professional and welcoming, and we always feel well taken care of. Highly recommended!",5,قبل شهرين,Glossy smile Dental Clinic Syrian alrehab,عِيادة أسنان,google_maps
4972,ما شاء الله ملك الابتسامة والزرع,5,قبل شهرين,Glossy smile Dental Clinic Syrian alrehab,عِيادة أسنان,google_maps
4973,Good dentist,5,قبل شهرين,Glossy smile Dental Clinic Syrian alrehab,عِيادة أسنان,google_maps
4974,Bad experience,1,قبل شهرين,Glossy smile Dental Clinic Syrian alrehab,عِيادة أسنان,google_maps
4976,"Dr.salah bäst hela Cairo jobbar super bra och gör dig tips innan du börjar och på sista stora skillnaden så jag rekommenderar för bästa doktorn
Tusen tack Dr.salah",5,قبل 3 أشهر,Glossy smile Dental Clinic Syrian alrehab,عِيادة أسنان,google_maps
4977,"عيادة ممتازة و الدكتور صلاح دكتور شاطر و مخلص و متفهم جدا.
تجربة ممتازة ١٠/١٠",5,قبل 4 أشهر,Glossy smile Dental Clinic Syrian alrehab,عِيادة أسنان,google_maps
4979,very nice clinic,5,قبل 4 أشهر,Glossy smile Dental Clinic Syrian alrehab,عِيادة أسنان,google_maps
4980,Great dentist and very kind staff,5,قبل 4 أشهر,Glossy smile Dental Clinic Syrian alrehab,عِيادة أسنان,google_maps
4981,الافضل على الاطلاق جيته من كندا وسويت ابتسامة مرة تجنن,5,قبل 4 أشهر,Glossy smile Dental Clinic Syrian alrehab,عِيادة أسنان,google_maps
4982,"Magnifique expérience..excelent docteur salah SALEM..
Des mains en or ..
J'ai rien sentis..
Exceptionnel..
Je  recommande fortement..
Excellent rapport qualité prix..
A ne pas manqué..
Merci encore docteur..",5,قبل 5 أشهر,Glossy smile Dental Clinic Syrian alrehab,عِيادة أسنان,google_maps
4983,المرضين ممتازين,5,قبل 5 أشهر,Glossy smile Dental Clinic Syrian alrehab,عِيادة أسنان,google_maps
4985,perfect,5,قبل 5 أشهر,Glossy smile Dental Clinic Syrian alrehab,عِيادة أسنان,google_maps
4986,Very good experience and good service,5,قبل 5 أشهر,Glossy smile Dental Clinic Syrian alrehab,عِيادة أسنان,google_maps
4987,"The doctor very helpful and the clinic is very clean.
I highly recommend it.",5,قبل 5 أشهر,Glossy smile Dental Clinic Syrian alrehab,عِيادة أسنان,google_maps
4988,معاملتهم زفت,1,قبل أسبوع,صيدليات دلمار وعطا الله,صيدلية,google_maps
4989,مكان نظيف,5,قبل 4 أشهر,صيدليات دلمار وعطا الله,صيدلية,google_maps
4991,Perfect 👌🏻❤️,5,قبل 6 أشهر,صيدليات دلمار وعطا الله,صيدلية,google_maps
4992,"Never viste just near by
Any way hope success",4,قبل سنة,كازارى,متجر ملابس رجالي,google_maps
4993,المكان جميل والكلوكيكشن تحف بجد,5,قبل سنة,كازارى,متجر ملابس رجالي,google_maps
4997,Bad experience and quality after washing,1,قبل سنتين,كازارى,متجر ملابس رجالي,google_maps
4998,ذوووق وروعة,5,قبل سنتين,كازارى,متجر ملابس رجالي,google_maps
4999,ننن,4,قبل سنتين,كازارى,متجر ملابس رجالي,google_maps
5000,"أنا تعاملت مع فرع فيصل
ناس محترمين جدا فى التعامل",5,قبل 3 سنوات,كازارى,متجر ملابس رجالي,google_maps
5002,عروض جيده ومنتجات جيده,3,قبل 4 سنوات,كازارى,متجر ملابس رجالي,google_maps
5003,من اجمل الخامات واسعار معقوله جدا,5,قبل 4 سنوات,كازارى,متجر ملابس رجالي,google_maps
5004,التعامل سئ جدا,1,قبل شهر,صيدلية العزبى,صيدلية,google_maps
5006,محترمين جدا,5,قبل 5 أشهر,صيدلية العزبى,صيدلية,google_maps
5007,"The staff were arrogant and treated the medicines as if they were just selling snacks. They don’t really understand anything, yet they act like doctors. All they care about is selling to people and making money.🤮",1,قبل 5 أشهر,صيدلية العزبى,صيدلية,google_maps
5008,Hello it is possible to order medicíne to Slovakia ?,5,قبل 6 أشهر,صيدلية العزبى,صيدلية,google_maps
5009,عشرة على عشرة,5,قبل 8 أشهر,صيدلية العزبى,صيدلية,google_maps
5010,خبرة في المجال وحسن معاملة,4,قبل 10 أشهر,صيدلية العزبى,صيدلية,google_maps
5011,كل الادوية متاحة,5,قبل سنة,صيدلية العزبى,صيدلية,google_maps
5012,جميع طلباتى من الادويه موجوده,5,قبل سنة,صيدلية العزبى,صيدلية,google_maps
5013,صيدليه ممتازه ، لا لا كلمة ممتازة قليلة جدا والله في حقهم اقسم بالله العظيم عن تجربة شخصية.,5,قبل سنة,صيدلية العزبى,صيدلية,google_maps
5015,احببته,5,تاريخ التعديل: قبل سنة,صيدلية العزبى,صيدلية,google_maps
5016,المعامله محترمه والاكل نضيف مش بيتعب البطن,5,قبل شهر,التاج السوري,مطعم مأكولات سورية,google_maps
5017,"Tam bir tavuk çevirme aldım, karşılama ve ilgi iyi.",5,قبل شهر,التاج السوري,مطعم مأكولات سورية,google_maps
5018,"تجربه سيئه جدا
فيه كذا حاجه الفراخ زفره
سندوتش الشاروما بتكون دافع فيه والحشو قليل
والتوميه مش احسن حاجه حتي البطاطس
ارجو التحسن
ويكون فيه اسعار أقل من كدا أو عروض",1,قبل شهر,التاج السوري,مطعم مأكولات سورية,google_maps
5019,احلى اكل جوده و سعر ممتاز مناسب جدا,5,قبل شهرين,التاج السوري,مطعم مأكولات سورية,google_maps
5020,طعم الشاورما جميل جدا لكن العيش مغطي على طعم الشاورما,4,قبل 3 أشهر,التاج السوري,مطعم مأكولات سورية,google_maps
5023,الاكل زفر جداا وف منتهي البشاعه,1,قبل 3 أشهر,التاج السوري,مطعم مأكولات سورية,google_maps
5024,"Great street food with the taste of Cairo. Tried a few other places, but this the the best in town … be prepared, that’s it.",5,قبل 4 أشهر,التاج السوري,مطعم مأكولات سورية,google_maps
5026,"This store has the best testy wrap food, and very nice prices,2024 and 2025 my husband have gone to here and buy their wrap food.",5,قبل 4 أشهر,التاج السوري,مطعم مأكولات سورية,google_maps
5027,سييييييء جدا,1,قبل 5 أشهر,التاج السوري,مطعم مأكولات سورية,google_maps
5029,مطعم ممتاز والناس اللي شغال في غاية الاحترام والطلب مش بتأخر انصح بيه,5,قبل 6 أشهر,التاج السوري,مطعم مأكولات سورية,google_maps
5030,"Best street shawarma, best guys, no foolin",5,قبل 8 أشهر,التاج السوري,مطعم مأكولات سورية,google_maps
5032,لا تاج ولا سورى,1,قبل 9 أشهر,التاج السوري,مطعم مأكولات سورية,google_maps
5033,"High quality of products don’t justify quite high and exaggerated prices, lack of car parking is also an issue here!!",2,تاريخ التعديل: قبل شهرين,سوبر ماركت البركه,سوبرماركت,google_maps
5034,جيد,3,قبل 4 أشهر,سوبر ماركت البركه,سوبرماركت,google_maps
5037,احسن الخضار والفاكهة واللحوم عندهم ناس محترمين,5,قبل سنة,سوبر ماركت البركه,سوبرماركت,google_maps
5038,مكان موجود كل شي فيه,5,قبل سنة,سوبر ماركت البركه,سوبرماركت,google_maps
5039,"معاملة غير محترمة
وديليفرى سئ للغاية ومتأخر",1,قبل سنة,سوبر ماركت البركه,سوبرماركت,google_maps
5040,عادي يعني بس في حاجات سعرها غالي خلو بالكو والميزان اتكاده,2,قبل سنة,سوبر ماركت البركه,سوبرماركت,google_maps
5041,جيد الي حد ما,3,قبل سنتين,سوبر ماركت البركه,سوبرماركت,google_maps
5042,سوبر ماركت متنوع,4,قبل سنتين,سوبر ماركت البركه,سوبرماركت,google_maps
5043,جميل وراقي,5,قبل سنتين,سوبر ماركت البركه,سوبرماركت,google_maps
5044,حلو,5,تاريخ التعديل: قبل شهر,Golden Zedan Gym,صالة رياضة,google_maps
5045,مكان حلو جداً و كباتن محترمة و السعر ممتاز,5,قبل 3 أشهر,Golden Zedan Gym,صالة رياضة,google_maps
5046,Is there a branch for women?,4,قبل 4 أشهر,Golden Zedan Gym,صالة رياضة,google_maps
5047,مكان ممتاز وسعر علي اد الايد,5,تاريخ التعديل: قبل سنة,Golden Zedan Gym,صالة رياضة,google_maps
5048,"For its price, great gym. Small and compact, has good community",5,قبل سنتين,Golden Zedan Gym,صالة رياضة,google_maps
5049,"Very nice people: the owner is a great guy, the staff are very helpful and friendly.  The gym has all you need for working out.",5,قبل سنتين,Golden Zedan Gym,صالة رياضة,google_maps
5056,أرقى تعامل و خدمه طبيه ممتازة من الدكتور جداد في الزراعه و الدكتور طارق احمد في باقي العلاجات,5,قبل شهر,عيادات الفارابي - Al- Farabi Clinics,طبيب أسنان,google_maps
5057,"العياده نضيفه جدا و الدكاتره محترمين
و شكرا لدكتوره شروق",5,قبل شهر,عيادات الفارابي - Al- Farabi Clinics,طبيب أسنان,google_maps
5060,ميرسي جدا لدكتور علا تسلم ايد حضرتك و ميرسي لزوق البنات جدا و نظافه المركز بالتوفيق دايما يا رب 😍😍,5,قبل شهر,عيادات الفارابي - Al- Farabi Clinics,طبيب أسنان,google_maps
5062,عيادة جميلة وننصح بها,5,قبل شهر,عيادات الفارابي - Al- Farabi Clinics,طبيب أسنان,google_maps
5066,المكان جدا حلو و الدكاترة محترفين بالأخص دكتور داليا و طاقم التمريض بتاعها أستاذة مني حد متقن و مخلص في شغله جدا و تجربه كتير مميزة,5,قبل شهر,عيادات الفارابي - Al- Farabi Clinics,طبيب أسنان,google_maps
5067,"للأسف الشديد، مركز الفارابي للأسنان يتراجع للخلف وللأسوأ يوماً بعد يوم، لا احترافية، لا إتقان في العمل،….
حصل معي موقفين خلال ٢٠٢٥ و بداية ٢٠٢٦، أثبتت بالفعل أنه لابد من البحث عن مركز أسنان آخر حتى أكمل علاجي فيه.
فشل في تركيب وزراعة الأسنان، مع آلام شديدة و نتيجة غير مرضية بالنسبة لحجم ما تم زراعته.
لا احترافية عند دخول المريض عند الدكتور ( الدكتور يتحدث مع الممرضة خلال العمل على الأسنان بأحاديث جانبية و هامشية و شخصية لا تهم المريض، بل تزعجه )
ومرات الدكتور يقوم بتوبيخ الممرضة بشكل غير لائق تماماً، مما يزعج المريض. وغير ذلك ….
أرجو التخلص من هذه المشاكل والعودة بمركز الفارابي لسابق عهده الجميل والرائع والمرضي للجميع.",1,قبل شهر,عيادات الفارابي - Al- Farabi Clinics,طبيب أسنان,google_maps
5068,الدكتور احمد عبدالفتاح ممتاز جدا جدا,5,قبل شهر,عيادات الفارابي - Al- Farabi Clinics,طبيب أسنان,google_maps
5069,دكتورة شروق من اشطر الدكاترة ده غير المعامله الحلوة اوى اوى والاستاف كله فاتن وشهد قمه الذوق ❤️❤️,5,قبل شهر,عيادات الفارابي - Al- Farabi Clinics,طبيب أسنان,google_maps
5071,"حقيقي افضل عيادة وكادر الموظفين رهيبين والدكاترة فنانين بشغلهم ، انا حابه اقول لكم اسناني صارت تحفففة بشكل !!
بنات الريسبشن فاتن وشهد عسل وخدومات ودائما بشوشات ، كل التوفيق يارب وشكراً لكم ❤️",5,قبل شهر,عيادات الفارابي - Al- Farabi Clinics,طبيب أسنان,google_maps
5074,Today I visited to this dental clinic &I was amazed by their hospitality & special treatment am so thankful to Dr ola adel,5,قبل شهرين,عيادات الفارابي - Al- Farabi Clinics,طبيب أسنان,google_maps
5076,The best doctor Tarek Ahmed,5,قبل شهرين,عيادات الفارابي - Al- Farabi Clinics,طبيب أسنان,google_maps
5077,دكتور طارق احمد الاهل جوه ومدحوه وجيته وكان شاطر صراحه والاستقبال كلهم لطيفين انصح بالدكتور صراحه🤍,5,قبل شهرين,عيادات الفارابي - Al- Farabi Clinics,طبيب أسنان,google_maps
5078,"I went to four Salon and I was in a hurry. A girl named Diana did my nails quickly and very professionally. Thank you, Diana and  four Salon. 💅✨",5,قبل ساعتين (2),FOUR Beauty Lounge,صالون تجميل,google_maps
5079,"Excellent service & one of the most clean beauty Salon. The team are very friendly and Helpful
Naglaa & Menna are excellent and very professional ♥️♥️",5,قبل 6 ساعات,FOUR Beauty Lounge,صالون تجميل,google_maps
5080,"Aya is the best in hair , nails everything she is just perfect !!!!",5,قبل 4 أشهر,FOUR Beauty Lounge,صالون تجميل,google_maps
5082,Neama and Mai (the assistant) were more than amazing! The place is very nice and clean as well,5,قبل 6 أشهر,FOUR Beauty Lounge,صالون تجميل,google_maps
5083,The manager at Silver Star is very rude and disrespectful as he told me that veiled women can’t have their hair done on rush time after I entered the place!!! He told me that these are the shops’ rules!!!!!!!! The owner is respectful and tried to compensate me but I won’t go there again!,1,قبل 8 أشهر,FOUR Beauty Lounge,صالون تجميل,google_maps
5084,"One of the best spots in new cairo for nails. Neama is wonderful, professional and friendly.
Quick and efficient service.",5,قبل 9 أشهر,FOUR Beauty Lounge,صالون تجميل,google_maps
5085,Rip offs!! They charge for your breath there! Charge for coffee (250 EGP) although I wasn’t told!,1,قبل 10 أشهر,FOUR Beauty Lounge,صالون تجميل,google_maps
5086,تحيه خاصه النسرين وحبيبه 👍,5,قبل 11 شهرًا,FOUR Beauty Lounge,صالون تجميل,google_maps
5087,مشالله شغلهم تحفة مش آخر مره أتعامل معاهم مريم بتشتغل أظافر شغلها جميل وتحفة واكتر من تحفة وسريعة مشالله تعامل وأسلوب 💕💕💕💕,5,قبل سنة,FOUR Beauty Lounge,صالون تجميل,google_maps
5088,Best experience and my favorite are Shaza for the nail tech and Aya for removal♥️♥️♥️♥️♥️♥️,5,قبل سنة,FOUR Beauty Lounge,صالون تجميل,google_maps
5089,"Their hijabi section is better than most regular salons! Ask for Azza, shes really good at doing your hair and fast too",5,قبل سنة,FOUR Beauty Lounge,صالون تجميل,google_maps
5090,"Favorite place🎖️
Shaza is the best for gel nails 👏
Ayman is my go to for hair and it's all very organized bec of Passant and Karim🙏",5,قبل سنة,FOUR Beauty Lounge,صالون تجميل,google_maps
5091,One of the best places to pamper one self. I always feel glamorous by the time I leave this place.,5,قبل سنة,FOUR Beauty Lounge,صالون تجميل,google_maps
5093,Respectful employees with attention to details,5,قبل سنة,FOUR Beauty Lounge,صالون تجميل,google_maps
5094,"If you’re looking for a place to completely mess up your appearance this salon is THE BEST
I walked in with thick full eyebrows that just needed a bit of shaping and now I’ve been filling them in with a pencil for two weeks because they completely ruined them as for my nails I explained exactly what I wanted but somehow they did the total opposite and the result was a terrible shape and finish that looks nothing like what I asked for the only thing that was okay was the hair service but honestly anyone could have done the same thing if you care about how you look don’t waste your time here",1,قبل سنة,FOUR Beauty Lounge,صالون تجميل,google_maps
5095,"One of the cleanest and most comfortable places and a great staff of the most beautiful and kind girls and very friendly staff.♥️♥️

When you go you should ask about Ahmed Ayman the best hairdresser, and adham the best assistant ever♥ Naglaa, Nema, Ghina, and Shaza the best girls in this place for all pedicure and gel services.
The best team ever
Thank you guys for everything 😍",5,قبل سنة,FOUR Beauty Lounge,صالون تجميل,google_maps
5097,"Absolutely horrible experience, I do not recommend by any means. staff are extremely pushy and sneaky, they try to make you pay more for extra products and services that you don't need. The manager has an attitude, and the owner is extremely rude. instead of apologizing she screamed at me telling me that she owned ""the best salon in Egypt"" and that I am the problem, in addition to closing the call in my face. she then proceeded to block my account on instgram fearing that I would leave any bad reviews.",1,قبل سنة,FOUR Beauty Lounge,صالون تجميل,google_maps
5098,مطعم ممتاز واسلوب متميز وطعم رائع وخدمه رائعه ولكم التحيه جميعا 👌👌من اجمل مااكلت بيتزا صراحه,5,تاريخ التعديل: قبل أسبوع,مستر بيتزا Mr pizza,مطعم بيتزا,google_maps
5100,احب الاكل الإيطالي وجربت عندهم بيتزاء جبيري هي جميله لكن يقدر يخلها افضل بكثير فيه افضل منه  خاصة العجينه عك. مديرهم ولي يشتغلون معه رهيبين الله يرزقهم ويبارك لهم,4,قبل 4 أشهر,مستر بيتزا Mr pizza,مطعم بيتزا,google_maps
5101,تحفهه يستاهل ١٠ من ١٠ و نجمه ❤️❤️🤩,5,قبل 5 أشهر,مستر بيتزا Mr pizza,مطعم بيتزا,google_maps
5102,أفضل مطعم بيتزا فى مصر,5,قبل 5 أشهر,مستر بيتزا Mr pizza,مطعم بيتزا,google_maps
5109,طعم كويس ونضيف بس محتاج يزود كواليتي الجبنه شوية,4,قبل 5 أشهر,مستر بيتزا Mr pizza,مطعم بيتزا,google_maps
5110,Top quality food and service,5,قبل 3 أسابيع,papa cafe & resturant,مطعم,google_maps
5111,"غيروا الاسم 🥲
والباقي ما تغير 😀",5,قبل سنة,papa cafe & resturant,مطعم,google_maps
5112,"One of my favorite places in el Zamalek

Shika is very helpful and when it comes to food it’s one of my favorite places to eat and i used to thank the chief by myself.",5,قبل سنة,papa cafe & resturant,مطعم,google_maps
5113,ممتاز,5,قبل سنة,papa cafe & resturant,مطعم,google_maps
5114,ماشاء الله,5,قبل سنة,papa cafe & resturant,مطعم,google_maps
5118,"The staff was really nice and helpful,
Me and my friends tried Quatro pasta, Alfredo pasta, Margarita pizza and Crispino pizza , they were really delicious, I enjoyed the food, the drinks and the place sooo much ❤️❤️❤️",5,تاريخ التعديل: قبل سنة,papa cafe & resturant,مطعم,google_maps
5119,سيئ,1,قبل سنة,papa cafe & resturant,مطعم,google_maps
5123,Very charming atmosphere in Zamalek.. friendly team and reasonable prices..I really recommend,5,قبل سنتين,papa cafe & resturant,مطعم,google_maps
5125,"The place was empty so I can’t comment on the atmosphere really.  Clean, correct the curry and vegetables I had was very nice.  A bit expensive.",4,قبل سنتين,papa cafe & resturant,مطعم,google_maps
5127,very good,3,قبل سنتين,papa cafe & resturant,مطعم,google_maps
5128,Best Hair dresser in zamalek,5,قبل يوم واحد,Eclat Beauty Salon,صالون تجميل,google_maps
5129,صالون جميل جدا والاصتف لذيذ جدا,5,قبل يوم واحد,Eclat Beauty Salon,صالون تجميل,google_maps
5131,"Amazing service and such a lovely place
خدمة رائعة ومكان جميل جدًا",5,قبل 4 أيام,Eclat Beauty Salon,صالون تجميل,google_maps
5132,المكان حلو والموظفين عسل.,5,قبل 4 أيام,Eclat Beauty Salon,صالون تجميل,google_maps
5133,Perfect place in all services ♥️♥️,5,قبل 5 أيام,Eclat Beauty Salon,صالون تجميل,google_maps
5134,Staff is super friendly and professional. 10/10 recommend,5,قبل أسبوع,Eclat Beauty Salon,صالون تجميل,google_maps
5135,"Best place ever
Clean
Professional
Expert in hair colour, hairstyling, everything ,nails,eyebrow ,hair extensions",5,قبل أسبوعين,Eclat Beauty Salon,صالون تجميل,google_maps
5136,The best,5,قبل أسبوعين,Eclat Beauty Salon,صالون تجميل,google_maps
5137,"Every time I visit Éclat Beauty Salon, I am impressed by the overall experience. The salon is not only well-organized and efficient, but the staff also goes above and beyond to make you feel welcome.

A special mention goes to Shaimaa, who is an incredible manicurist. Her attention to detail and skill are unmatched, and she takes the time to ensure that everyone is completely satisfied with not just results but the overall experience! She makes you feel at home.

Bebo is also an exponential hairdresser. He listens to what you want and delivers the look you exactly wanted!

If you’re looking for a salon where you’ll be treated with care and professionalism, Éclat Beauty Salon is the place to go!",5,تاريخ التعديل: قبل أسبوعين,Eclat Beauty Salon,صالون تجميل,google_maps
5138,The best in the town very professional 🤍🤍,5,تاريخ التعديل: قبل أسبوعين,Eclat Beauty Salon,صالون تجميل,google_maps
5139,"Absolutely loved my experience here! The team is so welcoming and talented. The stylist understood exactly what I wanted and gave me the perfect look. The salon is clean, organized, and has a lovely atmosphere. I will definitely come back again! Thanks bebo & shimaa 🙏🏼❤️❤️",5,قبل أسبوعين,Eclat Beauty Salon,صالون تجميل,google_maps
5144,قصّيت شعري وسويت ويفي والنتيجة كانت فوق التوقع 🥹🥹 مرّة طلع جميييل هذي أول زيارة لي وإن شاء الله مو آخر مرة🤍,5,قبل شهرين,Eclat Beauty Salon,صالون تجميل,google_maps
5145,تعامل راقي واخلاق عاليه وشغل فوق الممتاز جميع الاستف فوق المستوى الراقي,5,قبل شهرين,Eclat Beauty Salon,صالون تجميل,google_maps
5146,شغلهم مرااا حلو والتعامل احلى الله يسعدهم وشكرررا,5,قبل شهرين,Eclat Beauty Salon,صالون تجميل,google_maps
5147,افضل صالون فيكي ياقاهرة شغلهم ماشالله تبارك الرحمن ولا غلطة وعندكم صاحبة المكان اسمها شيماء تهببببل واللي يسوي الشعر ابانوب تسلم ايده وبصراحه الطاقم كامل كلهم يجننون من غير استثناء,5,قبل شهرين,Eclat Beauty Salon,صالون تجميل,google_maps
5149,"I had an amazing experience at this salon! Their hair, manicure, and pedicure services are truly outstanding. A special thank you to Sama for her kindness and warm welcome, and to the incredibly talented Bibo for his exceptional work. He colored my hair perfectly, I couldn’t be happier with the result! Highly recommended!",5,قبل 3 أشهر,Eclat Beauty Salon,صالون تجميل,google_maps
5150,بيبو مره كويس وشاطر ، شعري كيرلي فهم له عجبتني النتيجة اوي .,5,قبل 3 أشهر,Eclat Beauty Salon,صالون تجميل,google_maps
5151,So professional,5,قبل 3 أسابيع,Guarantee Dental Centers - New Cairo Center - مراكز جرانتي لزراعة وتجميل الاسنان - مركز القاهرة الجديدة,عِيادة أسنان,google_maps
5153,"Thank you, guarantee Clinic for the great dental care and wonderful reception.",5,قبل شهرين,Guarantee Dental Centers - New Cairo Center - مراكز جرانتي لزراعة وتجميل الاسنان - مركز القاهرة الجديدة,عِيادة أسنان,google_maps
5154,المكان ممتاز والخدمة على أعلى مستوى والموظفين في قمة الزوق بجد و حرفياً انصحكم بالتعامل معاهم,5,قبل شهرين,Guarantee Dental Centers - New Cairo Center - مراكز جرانتي لزراعة وتجميل الاسنان - مركز القاهرة الجديدة,عِيادة أسنان,google_maps
5157,"حقيقي مكان جميل جداً واستقبل رائع شكرا جدا لحضرتكم
♥",5,قبل شهرين,Guarantee Dental Centers - New Cairo Center - مراكز جرانتي لزراعة وتجميل الاسنان - مركز القاهرة الجديدة,عِيادة أسنان,google_maps
5163,"المكان جميل والناس محترمة جدا من اول السكرتارية لحد الدكاترة
شكراً جدا",5,قبل 3 أشهر,Guarantee Dental Centers - New Cairo Center - مراكز جرانتي لزراعة وتجميل الاسنان - مركز القاهرة الجديدة,عِيادة أسنان,google_maps
5164,"بصراحة من يوم دخلت عيادة جرانتي وأنا مبسوط من التعامل الراقي. بدايةً من الأخت رحمة في الاستقبال، اللي تعاملها ذوق وابتسامتها تهوّن على الواحد تعب الانتظار، وتخلي جوّ العيادة مريح وحلو.
وبعدها جيت للدكتور أسامة، وما شاء الله تبارك الله… أسلوبه وشرحه واهتمامه بالتفاصيل يخلّي الواحد يثق في كلامه من دون تردد. يعطيك راحة نفسية ويحسسّك إنك بين أيدٍ أمينة.
بصراحة الاثنين يرفعون سمعة المكان، وتعاملهم يخلي الواحد يرجع وهو راضي ومرتاح",5,قبل 3 أشهر,Guarantee Dental Centers - New Cairo Center - مراكز جرانتي لزراعة وتجميل الاسنان - مركز القاهرة الجديدة,عِيادة أسنان,google_maps
5165,"حقيقة حاب أشكر موظفة الاستقبال الأستاذة رحمة على تعاملها الراقي ولطافتها اللي تشرح الصدر. من أول ما دخلت وأنا أحس براحة من أسلوبها المحترم وابتسامتها اللي تعكس احترافية عالية. ساعدتني بكل رحابة صدر وقدمت لي المعلومات بكل وضوح واهتمام. بصراحة تستاهل خمسة نجوم وأكثر، ونموذج مشرف للواجهة الأولى للمكان. يعطيها العافية وما قصّرت.
وبرضو أحب أشكر الدكاترة على مهنيتهم العالية وتعاملهم الرائع. كانوا واضحين في شرح الإجراءات ومريحين جدًا في أسلوبهم، وما حسّيت بأي آلام خلال العلاج. عن جد فريق احترافي ويستحق كل الشكر والتقدير",5,قبل 3 أشهر,Guarantee Dental Centers - New Cairo Center - مراكز جرانتي لزراعة وتجميل الاسنان - مركز القاهرة الجديدة,عِيادة أسنان,google_maps
5167,عيادة رائعة جدا شكرا الدكتور المحترم احمد علوان,5,قبل 3 أشهر,Guarantee Dental Centers - New Cairo Center - مراكز جرانتي لزراعة وتجميل الاسنان - مركز القاهرة الجديدة,عِيادة أسنان,google_maps
5168,It was a great experience with professional doctors .,5,قبل 4 أشهر,Guarantee Dental Centers - New Cairo Center - مراكز جرانتي لزراعة وتجميل الاسنان - مركز القاهرة الجديدة,عِيادة أسنان,google_maps
5169,Professional service highly recommended,5,قبل 4 أشهر,Guarantee Dental Centers - New Cairo Center - مراكز جرانتي لزراعة وتجميل الاسنان - مركز القاهرة الجديدة,عِيادة أسنان,google_maps
5171,Special thanks to doctor Nancy.,5,قبل يومين (2),Hayat Dental Clinic New Cairo,عِيادة أسنان,google_maps
5172,العياده نظيفه جدا والدكاتره شاطرين جداا والاداره منظمه العمل بحيث المريض مابخدتش وقت واذكر بالشكر استاذ علاء,5,تاريخ التعديل: قبل يومين (2),Hayat Dental Clinic New Cairo,عِيادة أسنان,google_maps
5173,"Very friendly staff, and Dr. Rashed is the best :)",5,قبل يومين (2),Hayat Dental Clinic New Cairo,عِيادة أسنان,google_maps
5174,خدمه ممتازه و أطباء ذو كفاءه,5,قبل 3 أيام,Hayat Dental Clinic New Cairo,عِيادة أسنان,google_maps
5175,المكان محترم جدا أطباء ممتازين و المتابعه بعد الكشف ممتازه,5,قبل 6 أيام,Hayat Dental Clinic New Cairo,عِيادة أسنان,google_maps
5178,Amazing and dr ali is very professional,5,قبل 3 أسابيع,Hayat Dental Clinic New Cairo,عِيادة أسنان,google_maps
5179,Great and fast,5,قبل 3 أسابيع,Hayat Dental Clinic New Cairo,عِيادة أسنان,google_maps
5181,بجد من أعظم التجارب الي مريت بيها في حياتي قد ايه متابعه كل مشاكل صعبه في الأسنان بدون الم بروفيشنال جدا..مواعيد مظبوطه ساعدوني دايما اوصل لأحسن حال مفيش،ألم خالص عالجت كل اسناني..بشكر دكتور علي شكر كبير علي كل التعب والجهد ربنا يجعلك سبب دايما في ازاله اي ألم..شكرا مركز حياه بالتوفيق دايما,5,تاريخ التعديل: قبل شهرين,Hayat Dental Clinic New Cairo,عِيادة أسنان,google_maps
5183,محترمين جدا ،دكتور محمد راشد محترم جدا,5,قبل شهرين,Hayat Dental Clinic New Cairo,عِيادة أسنان,google_maps
5184,服务热情，周到，环境不错，,5,قبل شهرين,Hayat Dental Clinic New Cairo,عِيادة أسنان,google_maps
5188,للاسف الصالون اخترب السنه اللي فاتت كان افضل بكثير  تركيب الرموش فاشل وجوده الرموش افشل,1,قبل 7 أشهر,Jacques Moreno,صالون تجميل,google_maps
5189,مكان زي الفل ومحترم والناس الموجوده جميله جدا وربنا يباركلهم كلهم,4,قبل 7 أشهر,Jacques Moreno,صالون تجميل,google_maps
5191,"Extremely recommended
Madame Amal on top ❤️",5,قبل 9 أشهر,Jacques Moreno,صالون تجميل,google_maps
5194,"The place is clean, and the staff members are kind. They understand what you really want.",5,قبل سنة,Jacques Moreno,صالون تجميل,google_maps
5195,One of the best place in zamalek,5,قبل سنة,Jacques Moreno,صالون تجميل,google_maps
5196,من احلا الصالون الي اتعملت فيه والخدمات بتاعتهم حلوه جدا وناس محترمه وناس شغلهم حلوه جدا,5,قبل سنة,Jacques Moreno,صالون تجميل,google_maps
5197,خدمه ممتازه جدا والمكان وكل حاجه فيه تحفه,5,قبل سنة,Jacques Moreno,صالون تجميل,google_maps
5199,"اززززفت صالون مر علي بحياتي
طلبت يصبغ لي بني وبدون سحب لون بنات انصدمت سحب لي لون بدون مادري
الشعر طلع لونه برتقالي جلست خمس ساعات عشان يرقع فيه فوق 4 صبغات ويقول تعالي بكره نعدله واجي اللي ينظف الارض هو يصبغ لي وطبعا ماتعدل مرقع
مانصصصصح الخليجيات يجونه تعامل سيئ",1,قبل سنة,Jacques Moreno,صالون تجميل,google_maps
5203,"Best eye lashes there, thanks dear Anatolian",5,قبل سنة,Jacques Moreno,صالون تجميل,google_maps
5204,A great experience with madame Amal. Very clean and professional. Had a fantastic experience.,5,قبل سنة,Jacques Moreno,صالون تجميل,google_maps
5205,Clean place with kind staff. I have been going to Ms Amal for the past year for wax appointments and she’s lovely and very professional. Can’t recommend her enough!,5,قبل سنة,Jacques Moreno,صالون تجميل,google_maps
5206,جيم متواضع,2,قبل سنة,تاون جيم,صالة رياضة,google_maps
5207,مكان رائع,5,قبل سنة,تاون جيم,صالة رياضة,google_maps
5208,رائع فقط ينقصه المسبح,4,قبل سنة,تاون جيم,صالة رياضة,google_maps
5209,H2o جيم,5,قبل سنتين,تاون جيم,صالة رياضة,google_maps
5210,"Update May 23: suitable for men, better take a look before you join.

UPDATE AUG 22: it is now h2o gym

Med size gym, nice place and staff, reasonable membership fees including variety of classes",4,تاريخ التعديل: قبل سنتين,تاون جيم,صالة رياضة,google_maps
5211,Gym H2o,5,قبل سنتين,تاون جيم,صالة رياضة,google_maps
5212,Friendly,4,قبل 3 سنوات,تاون جيم,صالة رياضة,google_maps
5213,bad management,1,قبل 3 سنوات,تاون جيم,صالة رياضة,google_maps
5214,من افضل جيمات الزمالك,5,تاريخ التعديل: قبل 3 سنوات,تاون جيم,صالة رياضة,google_maps
5215,السعر مبالغ فيه والمكان صغير فهناك فى الزمالك افضل منه من حيث السعر والمساحه والاجهزة,2,قبل 3 سنوات,تاون جيم,صالة رياضة,google_maps
5216,رحت جيمات كتيره والله معروفه جدا لازال فورس جيم افضلهم كا سيرفيس ستاف كباتن اداره نظافه اجهزه,5,قبل 4 أيام,Force Gym,صالة رياضة,google_maps
5217,اشكر المدرب ميدو وجميع العاملين في هذا النادي قمة بالاحترام والتقدير للمشتركين,5,قبل شهرين,Force Gym,صالة رياضة,google_maps
5218,مكان جميل ونظيف وفيه كل الاجهزه والناس محترمين ومتعاونين جدا,5,قبل 3 أشهر,Force Gym,صالة رياضة,google_maps
5221,"Not good nor bad, I would say it’s average! It’s super clean, I would give them that! But they don’t have any resistance bands idk why tbh! I didn’t get to meet the manager but coaches are friendly and some of them would correct you if you do something wrong during training, others would just ignore (like every other place as well). Front desk is tough to talk about, some were nice and some were just cold. Over all, I would say people should go there if they’re looking for some place within the walking distance. I would not recommend committing to annual plan without trying it for a month first.",3,قبل 7 أشهر,Force Gym,صالة رياضة,google_maps
5222,ممكن سعر الاشتراك والمواعيد ايه للرجال,4,قبل 10 أشهر,Force Gym,صالة رياضة,google_maps
5223,"The gym offers everything you need for resistance training, and it’s a cozy place with super friendly people",5,قبل سنة,Force Gym,صالة رياضة,google_maps
5226,good stuff specially ahmed eid & hamed ashraf & ahmed waheed good stuff 👍,5,قبل 3 أشهر,Life Gym,صالة رياضة,google_maps
5227,"Has all you need for a proper workout and the entire staff are sweet and polite.
شكرا لسعيد و سعودي و كل الفريق",5,تاريخ التعديل: قبل 7 أشهر,Life Gym,صالة رياضة,google_maps
5228,اجمد جيم ف شبرا,5,قبل 8 أشهر,Life Gym,صالة رياضة,google_maps
5229,"clean, nice and worth every penny.",5,قبل 9 أشهر,Life Gym,صالة رياضة,google_maps
5230,غير منظم اطلاقا وغير مرتب,1,قبل 9 أشهر,Life Gym,صالة رياضة,google_maps
5231,مكان مميز و مدربين علي اعلي مستوي,5,قبل 9 أشهر,Life Gym,صالة رياضة,google_maps
5232,"Not clean and machines are not working
Not recommended or worthy ✖️",1,قبل سنة,Life Gym,صالة رياضة,google_maps
5233,غالي اوي,3,قبل سنة,Life Gym,صالة رياضة,google_maps
5235,بحب الرياضه وطبيعة المكان ممتاز,5,تاريخ التعديل: قبل سنتين,Life Gym,صالة رياضة,google_maps
5236,مش محترمين و وبيجيب لي الاوردر ناقص و بياخد خدمه 25 جنيه و اجي اكلمو يزعق مش محترمين منصحش حد ياخد من عندو حاجه,1,قبل 5 أشهر,Al Amin Supermarket,سوبرماركت,google_maps
5238,"The worst ever!!!!!!!!!!
Bad delivery, bad attitude, no receipt and fake prices!!!!
Total mess!!!!!",1,قبل سنة,Al Amin Supermarket,سوبرماركت,google_maps
5239,استغلالي جدا,1,قبل سنة,Al Amin Supermarket,سوبرماركت,google_maps
5240,الخدمه سيئه جدا طالبه اوردر بقالي ساعه ونص اقسم بالله وكل ما اكلمهم يقولو خرج حاجه في منتهاء الاستفزاز,1,قبل سنة,Al Amin Supermarket,سوبرماركت,google_maps
5242,اسعار غير صحيحه,1,قبل سنتين,Al Amin Supermarket,سوبرماركت,google_maps
5243,Refused to send me delivery food,1,قبل سنتين,Al Amin Supermarket,سوبرماركت,google_maps
5244,انصح بزياره هذا المكان,5,قبل سنتين,Al Amin Supermarket,سوبرماركت,google_maps
5245,اوحش سوبرماركت هنا اوعو تطلبو منو حاجه,1,قبل سنتين,Al Amin Supermarket,سوبرماركت,google_maps
5246,.متوفر فيه كثير من البضاءع,3,قبل سنتين,Al Amin Supermarket,سوبرماركت,google_maps
5251,I loved the food experince,5,قبل شهرين,Ridz ريدز 6 أكتوبر,مطعم وجبات سريعة,google_maps
5253,好吃,5,قبل شهرين,Ridz ريدز 6 أكتوبر,مطعم وجبات سريعة,google_maps
5255,حاجه جامدة و نظفة بصراحة بس لازم تكلمهم الاول عشان الاوردرات كتير,5,قبل 4 أشهر,Ridz ريدز 6 أكتوبر,مطعم وجبات سريعة,google_maps
5257,الخدمه ممتازه و الاكل تحفه 😍,5,قبل 5 أشهر,Ridz ريدز 6 أكتوبر,مطعم وجبات سريعة,google_maps
5258,"اسعارهم حلوة قوي بالمقارنة ب الاكل ""طعم و حجم"" اللي بيقدموه 🙌🏼🙌🏼",5,قبل 6 أشهر,Ridz ريدز 6 أكتوبر,مطعم وجبات سريعة,google_maps
5259,"The Quality of food is good for the burger
But the fries is not that good

I had an issue that all my requests were ignored .. I asked to remove the BBQ sauce but they didn’t
Also, there was no big tasty sauce as mentioned in the description
As well as I ordered soft drink but they didn’t bring it",3,قبل 6 أشهر,Ridz ريدز 6 أكتوبر,مطعم وجبات سريعة,google_maps
5262,حلو جدا ونضيف وتيم لذيذ,5,قبل 6 أشهر,Ridz ريدز 6 أكتوبر,مطعم وجبات سريعة,google_maps
5263,ناس محترمه و زوق و كميات كبيره و كواليتي حلوه و سعر حلو اوي,5,قبل 6 أشهر,Ridz ريدز 6 أكتوبر,مطعم وجبات سريعة,google_maps
5265,"Nicely caramelized bun, chargrilled smash burger was amazing but the fries were not the best.",5,قبل 6 أشهر,Ridz ريدز 6 أكتوبر,مطعم وجبات سريعة,google_maps
5266,الاكل كان بسم الله من احسن الكولتي الي دقتها لغياط دلوقتي الاستف متساعد لدرجه كبيره و لزيز جداد,5,قبل 7 أشهر,Ridz ريدز 6 أكتوبر,مطعم وجبات سريعة,google_maps
5269,A good overall Burger with so many choices to pick from,4,قبل 7 أشهر,Ridz ريدز 6 أكتوبر,مطعم وجبات سريعة,google_maps
5270,محل محترم فيه كل حاجه,5,قبل 5 أشهر,Fathallah Sons Market,متجر بقالة,google_maps
5271,كل ما تحتاجه موجود,5,قبل 5 أشهر,Fathallah Sons Market,متجر بقالة,google_maps
5274,سوبر ماركت,5,قبل سنة,Fathallah Sons Market,متجر بقالة,google_maps
5276,جميل,5,قبل سنة,Fathallah Sons Market,متجر بقالة,google_maps
5278,متوفر بهكاة البضائع وبجودة عالية,4,قبل سنة,Fathallah Sons Market,متجر بقالة,google_maps
5280,اسلوب ذي الزفت,1,قبل 3 أشهر,صيدليات سيف,صيدلية,google_maps
5281,ممتاز,5,قبل 3 أشهر,صيدليات سيف,صيدلية,google_maps
5282,جيد,4,قبل 4 أشهر,صيدليات سيف,صيدلية,google_maps
5283,Good pharmacy but access is very difficult due to adjacent construction of underground station.,4,قبل 6 أشهر,صيدليات سيف,صيدلية,google_maps
5284,هذا فرع من صيدليات سيف موجود في المنيل,5,قبل 6 أشهر,صيدليات سيف,صيدلية,google_maps
5285,Nice place and staff,5,قبل 6 أشهر,صيدليات سيف,صيدلية,google_maps
5286,"تعامل سيئ جدا
الاوردر يتأخر  وغير مكتمل.....",1,قبل 9 أشهر,صيدليات سيف,صيدلية,google_maps
5288,صيدليه ممتازة وكذالك جميع العاملين فيها ناس محترمين وتعاملهم راقي,5,قبل سنة,صيدليات سيف,صيدلية,google_maps
5289,متوفر اغلب الأدوية,5,قبل سنة,صيدليات سيف,صيدلية,google_maps
5290,Good service,5,قبل سنة,صيدليات سيف,صيدلية,google_maps
5291,جيدة,5,قبل سنة,صيدليات سيف,صيدلية,google_maps
5293,فرع  سيئ للغاية في التعامل واصطف في قمة قلة الذوق منصحش اي شخص بالتعامل معاهم,1,قبل 3 أسابيع,صيدليات دلمار وعطا الله فرع 26 يوليو,صيدلية,google_maps
5294,معاملة محترمة ومجتهدين في جلب رضا المرضى,5,قبل 4 أشهر,صيدليات دلمار وعطا الله فرع 26 يوليو,صيدلية,google_maps
5298,"كويسه حصلت عندهم علاج  لم اجده في كثير من الصيدليات
زحمه شويه",4,قبل 7 أشهر,صيدليات دلمار وعطا الله فرع 26 يوليو,صيدلية,google_maps
5299,Horrible service,1,قبل سنة,صيدليات دلمار وعطا الله فرع 26 يوليو,صيدلية,google_maps
5300,الموظفين بيتعملوا بقلت ذوق جدا,1,قبل سنة,صيدليات دلمار وعطا الله فرع 26 يوليو,صيدلية,google_maps
5302,صيدليه من مجموعة صيدليات بتصرف تأمين صحي,4,قبل سنة,صيدليات دلمار وعطا الله فرع 26 يوليو,صيدلية,google_maps
5303,رائعه,5,قبل سنة,صيدليات دلمار وعطا الله فرع 26 يوليو,صيدلية,google_maps
5304,"Comimos de degustación , la comida no fue muy variada y su sabor no era el esperado echamos en falta la torta de pan típica egipcia. Muy lento el servicio aunque no es caro , pero no es de los más recomendables para un extranjero en Egipto . No nos gustó mucho",4,قبل 3 أشهر,بيتزا الديوان,مطعم بيتزا,google_maps
5305,تحفهه,5,قبل 7 أشهر,بيتزا الديوان,مطعم بيتزا,google_maps
5306,زي الفل,5,قبل 9 أشهر,بيتزا الديوان,مطعم بيتزا,google_maps
5307,verey good,5,قبل 11 شهرًا,بيتزا الديوان,مطعم بيتزا,google_maps
5309,اطعم فطير شرقي و احلا حواوشي,5,قبل سنة,بيتزا الديوان,مطعم بيتزا,google_maps
5311,فوق الممتاز اوي,5,تاريخ التعديل: قبل 9 أشهر,STEP GYM & SPA,غرفة لياقة,google_maps
5312,♥️,5,قبل 11 شهرًا,STEP GYM & SPA,غرفة لياقة,google_maps
5313,"Good facilities, great equipment but overall small space",4,قبل 11 شهرًا,STEP GYM & SPA,غرفة لياقة,google_maps
5314,مكان جميل وفي مصدقيه والملابس متنوعه وجميله,4,قبل سنة,STEP GYM & SPA,غرفة لياقة,google_maps
5315,Great location with nile view,5,قبل سنة,STEP GYM & SPA,غرفة لياقة,google_maps
5316,جميل ومميز,5,قبل سنة,STEP GYM & SPA,غرفة لياقة,google_maps
5317,فيو رائع وتدريب هايل وإدارة فوق الممتازة بجد ناس محترمين جدا واحلي جدول كلاسات,5,قبل سنة,STEP GYM & SPA,غرفة لياقة,google_maps
5318,Not clean .. very bad hospitality .. receptionists are very rude,1,قبل سنة,STEP GYM & SPA,غرفة لياقة,google_maps
5319,الجيم محترم جدا وبيقدم خدمات ممتازة ومستوي المدربين عالي يكفي الفيو علي النيل,5,قبل سنة,STEP GYM & SPA,غرفة لياقة,google_maps
5320,المكان جميل جدا وادارة ممتازة والاجهزة محترمة,5,قبل سنة,STEP GYM & SPA,غرفة لياقة,google_maps
5324,صيدلية جميلةفيها معظم المنتجاتتقريبا,5,قبل شهرين,صيدليه نهى,صيدلية,google_maps
5326,Very bad customer service. 2:30 hours and still the order not delivered. I had to cancel the order.,1,قبل 5 أشهر,صيدليه نهى,صيدلية,google_maps
5327,صدق وأمانه وحسن معاملة ونظام ولا يوجد أي استغلال صيدلية محترمه جدا,5,قبل 6 أشهر,صيدليه نهى,صيدلية,google_maps
5328,تعامل ممتاز وتوفير للدوا باسرع وقت,5,قبل 8 أشهر,صيدليه نهى,صيدلية,google_maps
5329,شكرًا على تعامل صاحب المحل 👍,5,قبل شهر,التالته شمال للملابس الرياضية,متجر ملابس رياضية,google_maps
5332,المعامله في فرع و سط البلد جميله في ولد اسمه موسي معاملته كويسه,5,قبل سنة,التالته شمال للملابس الرياضية,متجر ملابس رياضية,google_maps
5334,غالي بس نضيف,5,قبل سنتين,التالته شمال للملابس الرياضية,متجر ملابس رياضية,google_maps
5336,محل ملابس رياضيه احسن ناس,5,قبل 3 سنوات,التالته شمال للملابس الرياضية,متجر ملابس رياضية,google_maps
5339,ممتازين,5,قبل 4 سنوات,التالته شمال للملابس الرياضية,متجر ملابس رياضية,google_maps
5340,كل مايخص كره القدم,5,قبل 4 سنوات,التالته شمال للملابس الرياضية,متجر ملابس رياضية,google_maps
5342,Très mauvais qualité avec bruit sonore partout !,1,قبل شهرين,مطعم الشامي للمأكولات السورية,مطعم مأكولات سورية,google_maps
5343,الاكل مش مستوي الخدمة مش احسن حاجة والمكان دوشة,1,قبل 3 أشهر,مطعم الشامي للمأكولات السورية,مطعم مأكولات سورية,google_maps
5345,لا يستحق الزياره,2,قبل 4 أشهر,مطعم الشامي للمأكولات السورية,مطعم مأكولات سورية,google_maps
5346,اسوء معاملة واسوء ردود على العملاء واسوء طيارين توصيل طلبات بالتالي هيكون اسوء جودة اكل,1,قبل 5 أشهر,مطعم الشامي للمأكولات السورية,مطعم مأكولات سورية,google_maps
5347,جيد لدرجة كبيرة الملاحظ استغراق وقت اكثر من اللازم في انتطار الاوردر,5,قبل 5 أشهر,مطعم الشامي للمأكولات السورية,مطعم مأكولات سورية,google_maps
5348,الاكل طعمه رائع واسعاره حلوه اقل من بره وجوده حلوه ..,5,قبل 6 أشهر,مطعم الشامي للمأكولات السورية,مطعم مأكولات سورية,google_maps
5349,خدمه الدليفري زيرو,1,قبل 9 أشهر,مطعم الشامي للمأكولات السورية,مطعم مأكولات سورية,google_maps
5350,Very good,5,قبل 10 أشهر,مطعم الشامي للمأكولات السورية,مطعم مأكولات سورية,google_maps
5351,الطعم مقرف و أسعار غاليه,1,قبل 10 أشهر,مطعم الشامي للمأكولات السورية,مطعم مأكولات سورية,google_maps
5353,رائع وجميل,5,قبل 4 أشهر,جاردن كورت كافيه,مقهى,google_maps
5354,Amazing! It is one of the best cafes that I've been to in cairo.,5,قبل 7 أشهر,جاردن كورت كافيه,مقهى,google_maps
5355,المكلة يطول ولا الاكل لذيذ,3,قبل 7 أشهر,جاردن كورت كافيه,مقهى,google_maps
5356,"Gran atención del gerente y camareros, a muy buen precio. Gracias!",5,قبل 10 أشهر,جاردن كورت كافيه,مقهى,google_maps
5359,"Petit arrêt reposant pour déguster de bon vin , enfin !!!!! après dix jours d'immersion en EGYPTE",5,قبل سنة,جاردن كورت كافيه,مقهى,google_maps
5361,"Wir haben beide Hauptgerichte bestellt, Schnitzel und Hühnerbrust, dazu einen Salat. Die Pommes hierzu waren weich, die Hühnerbrust trocken und der Salat nicht mehr frisch. Das Schnitzel und der Reis waren dafür gut. Der Tisch, obwohl bereits seit längerem unbenutzt, war dreckig und klebrig, die Stühle bzw. Sessel sind ebenfalls dreckig gewesen. Als wir um zwei Teller gebeten haben, bekamen wir nach einer Weile einen Teller. Da es sich um ein Restaurant im Hilton Hotel Ramses handelt war es entsprechend teuer.
Insgesamt muss ich leider sagen, dass Preis / Leistung in einem krassen Missverhältnis zueinander stehen und ein Besuch dort nicht zu empfehlen ist.",2,قبل 3 سنوات,جاردن كورت كافيه,مقهى,google_maps
5362,Excelente ambiente y buena atención.,4,قبل 3 سنوات,جاردن كورت كافيه,مقهى,google_maps
5363,honestly not to what i have expected. not suitable for muslims. half of drinks were unhalal. Whilst the sodas and coffee and fresh juices were okay. But seating is old and needs renewal,3,قبل 3 سنوات,جاردن كورت كافيه,مقهى,google_maps
5364,"Lovely cafe inside the hotel, so expensive but that’s normal for such place.",4,قبل 3 سنوات,جاردن كورت كافيه,مقهى,google_maps
5367,"Perfect , place was so calm and worm , the waiter was so friendly",5,قبل 4 سنوات,جاردن كورت كافيه,مقهى,google_maps
5368,صيدلية متكاملة,5,قبل 6 أشهر,صيدلية الحكمة,صيدلية,google_maps
5370,خدمه سيئه جدا قبل اسبوعين طلبته دواء لي اخوي موش جابولي الدواء و اخويه تعب جدا ورحنا بيه إلى المستشفى يعني هي صيدليه لي خدمة الشعب و المريض و شكراً,1,قبل 9 أشهر,صيدلية الحكمة,صيدلية,google_maps
5372,ناس محترمين,4,قبل 10 أشهر,صيدلية الحكمة,صيدلية,google_maps
5374,ممتاذ جدا,5,قبل 11 شهرًا,صيدلية الحكمة,صيدلية,google_maps
5376,صيدلية محترمه وتعامل راقى,4,قبل سنة,صيدلية الحكمة,صيدلية,google_maps
5377,Varieties and nice prices,4,قبل 10 أشهر,فوستك,متجر ملابس,google_maps
5378,رائع 👍🏻,5,قبل سنة,فوستك,متجر ملابس,google_maps
5382,Very rude staff.,1,قبل سنة,فوستك,متجر ملابس,google_maps
5384,"Horrible shopping experience, salespeople constantly exaggerate prices of items by 100 pounds as they saw I’m not familiar with the currency - quite disappointing to say the least!",1,قبل سنتين,فوستك,متجر ملابس,google_maps
5385,They accept cash only NO CREDIT CARDS,3,قبل سنتين,فوستك,متجر ملابس,google_maps
5386,"خامات مميزة بأسعار ممتازة
والمعاملة راقية جدا",5,قبل سنتين,فوستك,متجر ملابس,google_maps
5387,"I had a great experience. A special thanks to Mustafa, who was incredibly efficient and welcoming from the moment I arrived; he really makes you feel at ease. The dentists are highly professional and skilled, explaining everything clearly. I highly recommend this clinic to anyone looking for quality dental care",5,قبل 4 ساعات,Sennaty dental clinics,عِيادة أسنان,google_maps
5389,Good service and the most perfect clinic thanks Dr Mohamed Eid and Dr Lena and Mr Mostafa,5,قبل أسبوعين,Sennaty dental clinics,عِيادة أسنان,google_maps
5392,"Very good doctor, service was very very good",5,قبل شهر,Sennaty dental clinics,عِيادة أسنان,google_maps
5393,مشاء الله العيادة جميله جدا والدكاتره كمان شغلهم جميل خالص م,5,قبل شهر,Sennaty dental clinics,عِيادة أسنان,google_maps
5396,عيادة ممتازة ونظيفه,5,قبل شهرين,Sennaty dental clinics,عِيادة أسنان,google_maps
5399,"Excellent dental clinic with a very professional and friendly team. The staff are cooperative, caring, and make you feel comfortable. The quality of work is outstanding, and the service is highly professional. Highly recommended",5,قبل شهرين,Sennaty dental clinics,عِيادة أسنان,google_maps
5400,Great dental practice. Very quick and easy to get an appointment. The staff are all very qualified and make you feel comfortable throughout. The equipment and facilities are all modern and make the whole process a lot easier,5,قبل 3 أشهر,Sennaty dental clinics,عِيادة أسنان,google_maps
5401,الحقيقه كانت تجربتي ممتازه في هذي العيادة وكل الشكر والتقدير للأخ مصطفى 💕,5,قبل 3 أشهر,Sennaty dental clinics,عِيادة أسنان,google_maps
5402,"Professional dentist who I felt gave honest opinions on treatment options and knowledgable on previous dental work I had. Reasonable pricing, hygienic clinic and easy communication when booking. Thanks!",5,قبل 4 أشهر,Sennaty dental clinics,عِيادة أسنان,google_maps
5403,"perfect clinic , staff very professional and clinic is so clean ,i had a strong pain in my tooth and they quickly gave me an appointment and fixed it, their pricings are very fair.
شكر خاص لدكتور لينا و استاذ مصطفي و كل الطاقم الطبي علي مجهودهم",5,قبل 5 أشهر,Sennaty dental clinics,عِيادة أسنان,google_maps
5406,"The clinic is worth a visit. It's clean, the appointments are very good, and the work is excellent, especially Mr. Mustafa.",5,قبل 7 أشهر,Sennaty dental clinics,عِيادة أسنان,google_maps
5407,"Im am satisfied with my whitening treatment. The doctor that helped me with the treatment was Mohamed Eid, it was professional and I am satisfied.",5,قبل 7 أشهر,Sennaty dental clinics,عِيادة أسنان,google_maps
5408,"The clinic staff was amazing, very professional, and of great quality of work",5,قبل 7 أشهر,Sennaty dental clinics,عِيادة أسنان,google_maps
5410,مكان مقزز جدا ورائحته عفنه,1,قبل 9 أشهر,أسواق اكتوبر,متجر بقالة راقٍ,google_maps
5411,مكان تلاقي فيه كل الانت عايزو والاهم من كدا ناس محترمة جدا وبتخاف ربنا,5,تاريخ التعديل: قبل سنة,أسواق اكتوبر,متجر بقالة راقٍ,google_maps
5412,الناس دي معملتهم حلوه جدااا,5,قبل سنة,أسواق اكتوبر,متجر بقالة راقٍ,google_maps
5413,Good,3,قبل سنة,أسواق اكتوبر,متجر بقالة راقٍ,google_maps
5414,جيدون في المعامله,5,قبل سنتين,أسواق اكتوبر,متجر بقالة راقٍ,google_maps
5415,ممتاز بارك الله فيكم,5,قبل سنتين,أسواق اكتوبر,متجر بقالة راقٍ,google_maps
5416,Lily76,1,قبل سنتين,أسواق اكتوبر,متجر بقالة راقٍ,google_maps
5420,ممتاز,5,قبل 3 سنوات,أسواق اكتوبر,متجر بقالة راقٍ,google_maps
5422,Good market good price has an important location to supply services,5,تاريخ التعديل: قبل 3 سنوات,أسواق اكتوبر,متجر بقالة راقٍ,google_maps
5423,"This place should close, it getting worse. No maintenance, no cleaning. Only one coach that doesn’t really know any thing about it. I have been there for 2 years but finally I decided i should move",1,قبل شهر,Oxfit gym,صالة رياضة,google_maps
5424,Good price but environment is not satisfying.,3,قبل شهر,Oxfit gym,صالة رياضة,google_maps
5425,"Worst Gym in all of Cairo, terrible staff, non-existent customer service. Smells like sewage, kept up like a discarded piece of trash, and don't even get me started on the facility. Attached pictures are of the Sauna room and Jacuzzi Hot tub.",1,قبل شهر,Oxfit gym,صالة رياضة,google_maps
5428,"The worst experience you could ever have
If you want to get scammed join oxfit
The worst staff you can ever deal with
There is only one coach on the floor
The place is not clean at all
And the light cuts off everyday because they don't charge the card
I've been there for almost 2 years and it's no longer worthy",1,قبل 3 أشهر,Oxfit gym,صالة رياضة,google_maps
5429,"صارلي اكثر من سنه ونص وياهم ، مكان نظيف ويسعون دائماً للتطوير ويهتمون بالاراء ويشتغلون عليها (يتم الاستجابة بأسرع وقت ممكن ) ، المكان صغير نسبياً بس مترتب بطريقة مفيدة وجيده
طابق النساء متاح كل الايام بشكل فعال وجيد
وجود كلاسات كل ايام الاسبوع مع ذكر المواعيد على جروب مخصوص بحيث مايكونش بشكل عشوائي ويزعج الاخرين ، مع متابعه دورية من الاداره .
الريسبشن وكذلك الكباتن كلهم لطاف ومتعاونين وغير مزعجين .
بالتوفيق ليهم ، وشكراً جداً للتعاون .",5,قبل 7 أشهر,Oxfit gym,صالة رياضة,google_maps
5431,"Decent mid price gym (150EGP as of may 2025). The equipment is somewhat well maintained apart from some old machines. A good amount of cardio machines which were missing in other gyms in the district
Went early in the morning and was alone
There's a floor dedicated for ladies
Overall expected a bit more for the price but it's fine just to keep active
(Unrelated protip: a BIM supermarket about 400 meters north sells protein yogurt)",4,قبل 10 أشهر,Oxfit gym,صالة رياضة,google_maps
5432,"J'étais 2 semaines au Caire et je suis venu m'entraîner ici.

Le prix pour une séance unique est de 150 EGP (3$).

La salle est climatisée.

Les vestiaires disposent d'une fermeture pour laisser vos affaires. Pensez à prendre un cadenas, ils n'en donnent pas un automatiquement.

Les équipements sont en bon état et il y a tout ce qu'il faut pour pouvoir réaliser une séance de qualité.

Les adhérents que j'ai croisé étaient sympathiques et le personnel était souriant.

Je recommande fortement :)",5,قبل 11 شهرًا,Oxfit gym,صالة رياضة,google_maps
5433,"I spent two years in Oxfit. Nice gym and nice crew .
Clean and good equipment
I would say thank you for all the crew especially youssef ✨✨
I enjoyed working out with Oxfit ❤️",5,قبل سنة,Oxfit gym,صالة رياضة,google_maps
5434,"One of best gym ever in the area including private separated zone for (her), and professional stuff as sales and coaches and nice seasonal offers",5,قبل سنة,Oxfit gym,صالة رياضة,google_maps
5435,"旅行中に利用しました。一回150EGPでトレーニングできるのが良いですね。
中は狭いですが、数多くのマシンがあり、充実したトレーニングができます。
2階にシャワー、トイレを備えた更衣室があります。
スタッフの対応も良好です",4,قبل سنة,Oxfit gym,صالة رياضة,google_maps
5436,تجربه اتمني محدش يجربها جيم في منتهي الاهمال وقله الادب كان في تصليحات وعمال رايحة جايه في الجيم وبعد مارحت ومقلوش حتي ان في عمال وحاجه قله ادي جداااا محدش يروح الجيم ده تاني ومرضوش يدوني بقيه الفلوس لما المهزله ديحصلت,1,قبل سنة,Oxfit gym,صالة رياضة,google_maps
5437,مافي فنانين في الاثنين و السبت,4,قبل شهر,دقة عود,كافيه,google_maps
5438,Great place with a very nice and adorable vibes,5,قبل شهرين,دقة عود,كافيه,google_maps
5439,"من احلى والطف الاماكن اللي ممكن تجيلها وتسهر فيها وتقضي وقت ممتع ورايق جداً 💕
والاحلى كمان استاذ وليد اللي كل مرة بيغمرنا بلطفه وطاقته الحلوة اللي بتضيف عالمكان كله جو مميز مستحيل تلاقيه في اي مكان تاني ، تحس انك بين اهلك وصحابك بجد وكمان كل الطاقم اللي في المكان

ربنا يبارك لاستاذ وليد واستاذ خالد المحترمين ♥️

لو عايز مكان تتبسط وتروق فيه هيكون دقة عود احلى مكان تجيله فعلاً",5,قبل 3 أشهر,دقة عود,كافيه,google_maps
5441,تحفة,5,قبل 8 أشهر,دقة عود,كافيه,google_maps
5445,محترمين واسعارهم ممتازه,5,قبل سنة,دقة عود,كافيه,google_maps
5446,"Poor quality, fine atmosphere tho",2,قبل سنة,دقة عود,كافيه,google_maps
5447,مكان ممتع وجميل ولكن المشروبات محتاجه اهتمام اكتر,4,قبل سنة,دقة عود,كافيه,google_maps
5448,Service is not that good at all,1,قبل سنة,دقة عود,كافيه,google_maps
5450,ممتاز جدا,5,قبل شهر,عيادات تمازج التخصصية ومركز تمازج الجراحي ومختبر تمازج الطبي,عيادة متخصصة,google_maps
5451,بيض الله وجه الدكتور رائد كردي,5,قبل 3 أشهر,عيادات تمازج التخصصية ومركز تمازج الجراحي ومختبر تمازج الطبي,عيادة متخصصة,google_maps
5452,شغلهم حلو. وراقين,5,قبل 4 أشهر,عيادات تمازج التخصصية ومركز تمازج الجراحي ومختبر تمازج الطبي,عيادة متخصصة,google_maps
5457,عندكم ابره ACELL للشعر,5,قبل 6 أشهر,عيادات تمازج التخصصية ومركز تمازج الجراحي ومختبر تمازج الطبي,عيادة متخصصة,google_maps
5465,من انظف وافخم المباني والعيادات الطبيه المتكامله,5,قبل 10 أشهر,عيادات تمازج التخصصية ومركز تمازج الجراحي ومختبر تمازج الطبي,عيادة متخصصة,google_maps
5467,حقيقي مكان ممتاز والاستقبال فوق الرائع مش اول ولا اخر تعامل معاهم,5,قبل 11 شهرًا,عيادات تمازج التخصصية ومركز تمازج الجراحي ومختبر تمازج الطبي,عيادة متخصصة,google_maps
5471,صراحه بيتزا طعمها حلو,5,قبل 23 ساعة,The Best Restaurant,مطعم,google_maps
5472,ممتاز♥️♥️,5,قبل شهر,The Best Restaurant,مطعم,google_maps
5473,جيد جدا,5,تاريخ التعديل: قبل شهرين,The Best Restaurant,مطعم,google_maps
5474,حلو اوي,5,تاريخ التعديل: قبل 3 أشهر,The Best Restaurant,مطعم,google_maps
5477,ممتاز جدا,5,قبل 6 أشهر,The Best Restaurant,مطعم,google_maps
5478,سعر وجوده ونضافه وخدمه ممتازه,5,قبل 7 أشهر,The Best Restaurant,مطعم,google_maps
5480,تحفه جدًا ماشاءالله تسلم إيدهم بجد روعه رووعه جدا,5,قبل 7 أشهر,The Best Restaurant,مطعم,google_maps
5481,ممتاز جداااااا,4,قبل 7 أشهر,The Best Restaurant,مطعم,google_maps
5482,بصراحة من اجمل الفطاير اللي ممكن اكون طلبتها في القاهرة الاكل نضيف جداً و فريش الطعم تحفة والخدمة فوق الممتازة مستنية اجرب الفطير الحلو وهكتبله ريڤيو لوحده ❤️❤️❤️,5,قبل سنة,The Best Restaurant,مطعم,google_maps
5485,معاملة محترمة,5,قبل سنة,The Best Restaurant,مطعم,google_maps
5486,اكل نزلسخن جدا و حلو .. مصطفى كان لطيف,4,قبل 3 أيام,مطعم التكعيبة,مطعم أطباق اللحوم,google_maps
5487,الاكل لذيذ والاسعار مناسبة والاجواء مميزة,4,قبل 6 أشهر,مطعم التكعيبة,مطعم أطباق اللحوم,google_maps
5488,"الأجواء رائعة والجو جميل  وبيطل على بحيرة جوا مول دولفين
الاكل معجبنيش مكرونة بالصلصلة كان الفلفل الاسود كتير والصلصلة مش حلوة وكتير البانيه مش طازة
الاسكالوب بانيه كويس نوعا ما
الاكل متقدم بشكل كويس جدا
كاتبين الاسعار شاملة الضريبة في المنيو بس هيدفعوك ١٢ % خدمة",3,قبل 9 أشهر,مطعم التكعيبة,مطعم أطباق اللحوم,google_maps
5489,بصراحه لما مالقتش زباين كتير قولت ده مطعم وحش بس لما جه الاكل طلع فوق الممتاز وخدمه ممتازه ...الف شكر,5,قبل 10 أشهر,مطعم التكعيبة,مطعم أطباق اللحوم,google_maps
5490,جميل ونظيف وسعر حلو والمشاوي حلوة جدا,5,قبل سنتين,مطعم التكعيبة,مطعم أطباق اللحوم,google_maps
5492,الاكل هناك تحفه والاسعار في متناول الجميع,5,قبل سنتين,مطعم التكعيبة,مطعم أطباق اللحوم,google_maps
5493,مطعم رائع الاكل جيد الخدمة جيدة والافراد والعاملين ودودين للغاية ينقصه التحديث في الاساسات وفي الموسيقي وشاشات التلفاز,4,قبل سنتين,مطعم التكعيبة,مطعم أطباق اللحوم,google_maps
5494,"المكان جميل والاكل لذيذ ومكان عائلى
والخدمة كويسة والمكان نضيف",5,قبل سنتين,مطعم التكعيبة,مطعم أطباق اللحوم,google_maps
5495,التجربة فطار رمضاني ... المطعم بيقدم وجبات شرقي متنوعة ... مكان المطعم والفيو المطل عليه كان أجمل حاجة ... الاكل كان جميل جدا ... اختيارنا كان مكرونة بالبشاميل وكانت جميلة جدا الحقيقة و مشويات مشكلة جت اتقدمت على شواية علشان تحتفظ بسخونتها طول الوقت وكانت المشويات الحقيقة جميلة جدا وبطاطس وارز بالمكسرات وكبدة بدبس الرمان كانت تحفة وارز ابيض بالشعرية وملوخية ... الحقيقة كانت الوجبات ممتازة وتقديمها شيك والاسعار متوسطة ... الخدمة كانت بردو محترمة جدا من الناس ودودين وبشوشين... الحقيقة كانت تجربة حلوة وان شاء الله تتكرر,5,قبل سنتين,مطعم التكعيبة,مطعم أطباق اللحوم,google_maps
5497,Reasonable for birthday parties,3,قبل 3 سنوات,مطعم التكعيبة,مطعم أطباق اللحوم,google_maps
5498,وجباته شهية,5,قبل 3 سنوات,مطعم التكعيبة,مطعم أطباق اللحوم,google_maps
5499,"Food was served really cold and severely late. Regarding it was Ramadan, they were not ready to serve a large group of customers.
Prices were high compared to the quality and the amount of food served. The order was missing the soup and the pasta was the worst ever. Staff was friendly though!",2,قبل 3 سنوات,مطعم التكعيبة,مطعم أطباق اللحوم,google_maps
5500,من افضل المطاعم الشرقيه حقيقي المكان والجو والباند الشرقي ممتاز جدااااا حقيقي,5,قبل 4 سنوات,مطعم التكعيبة,مطعم أطباق اللحوم,google_maps
5502,طلبت اورد جالي خلال ساعة ونص طبعا الاكل جه بارد وملوش طعم تجربة سيئة جدا,1,قبل شهرين,مستر كوكو الشيخ زايد,مطعم,google_maps
5503,وجبة الكرسي ممتازة الصراحة وسعرها كويس,5,قبل 5 أشهر,مستر كوكو الشيخ زايد,مطعم,google_maps
5504,السنودتش صغير و الفراخ طعمها زفر و بارده حاجة بجد تقرف اتقو الله في شغلكو,1,قبل 6 أشهر,مستر كوكو الشيخ زايد,مطعم,google_maps
5506,ممتاز جداً عرض الصحاب,5,قبل 7 أشهر,مستر كوكو الشيخ زايد,مطعم,google_maps
5510,اعجبني ذلك,5,قبل سنة,مستر كوكو الشيخ زايد,مطعم,google_maps
5512,المطعم في مول المعز بالشيخ زايد ٦ اكتوبر، عامل قاعدة خارجية، ممكن تلاقي مكان للباركنج بسهوله في النهار لكن بصعوبة بالمساء لان المنطقة مليئة بالمحلات و المطاعم و الكافيهات و كل ما يخطر علي بالك حتلاقيه هناك، الساندوتشات جيدة جدا بس اعتقد ساندوتشات فرع العجوزة احسن (اقرا الريفيو بتاعي عن فرع العجوزة)، الخدمة كانت سريعه جدا (يمكن عشان المطعم مكانش زحمة اوي).,4,قبل سنتين,مستر كوكو الشيخ زايد,مطعم,google_maps
5513,Haram brunsh better thank shikhe zayd,3,قبل سنتين,مستر كوكو الشيخ زايد,مطعم,google_maps
5514,معاكم أخوكم حبيب من المغرب صراحة أحسن عيادة في مصر بدون مبالغة شغل إحترافي من بداية حتى نهاية و متابعة مستمرة من دكتورة أميرة المتميزة بشغلها  و طاقم المساعد ،إضافة إلى التعامل المحترم من  سكرتارية في ترتيب مواعيد,5,قبل شهر,Dr.Amira Lashin - Dental Clinic,عِيادة أسنان,google_maps
5515,شكرا لك كثييير دكتورة أميرة و الطاقم كامل ماشاء الله عن تجربة للأمانة ٣ عيادات في مصر زرتها خلال آخر ٣ سنوات تبقى عيادة Dr.Amira الأفضل من عيادة مميز و التعقيم درجة اولى بعدها خفة يد الدكتورة و فعلا ممارسة المهنة بتميز الف شكر 🌟,5,قبل شهرين,Dr.Amira Lashin - Dental Clinic,عِيادة أسنان,google_maps
5521,"Such an amazing experience, professional dentist fast procedure without any pain, filling like nature teeth.",5,قبل شهرين,Dr.Amira Lashin - Dental Clinic,عِيادة أسنان,google_maps
5522,"Thanks to Dr. Lashin, she is professional and talented, I had a great experience and I really appreciate her work.",5,قبل 3 أشهر,Dr.Amira Lashin - Dental Clinic,عِيادة أسنان,google_maps
5525,ممتاز والله أسعار ممتازة ودكتورة أميرة سمعتها سابقة ما شاء الله تبارك الله تسلم يدها,5,قبل 3 أشهر,Dr.Amira Lashin - Dental Clinic,عِيادة أسنان,google_maps
5527,These people are the best! We visited from California and they saved us,5,قبل 3 أشهر,Dr.Amira Lashin - Dental Clinic,عِيادة أسنان,google_maps
5529,دكتور اميره بجد ممتازه وشغلها متقن جدا وعندها ضمير وبتهتم باصغر التفاصيل ❤️❤️❤️,5,قبل 3 أشهر,Dr.Amira Lashin - Dental Clinic,عِيادة أسنان,google_maps
5531,"I would like to thank the doctor Amira for her high level of skill and her respectful attitude. She was very gentle and explained every step clearly which made me feel comfortable and safe throughout the treatment. The clinic is clean and well organized, and appointments are always on time. I highly recommend her she is one of the best dentists I have ever visited.👌🏼😄",5,قبل 3 أشهر,Dr.Amira Lashin - Dental Clinic,عِيادة أسنان,google_maps
5532,"الدكتورة أميرة أمينة وتخاف الله في عملها خفيفة يد وتنصح المراجع بما يناسبه للامانة ما يركزون على الفلوس بقدر ما يحرصون على شغلهم النظيف خاصة في الحشوات والتنظيف الي سويتها مريت عليهم وأنا في زيارة سياحية وكانت تجربتي كويسه وبإذن الله برجع لها في زيارة علاج لمصر
مهند من السعودية",5,قبل 3 أشهر,Dr.Amira Lashin - Dental Clinic,عِيادة أسنان,google_maps
5533,"Ich war heute bei der Frau Ärztin zur Zahnreinigung und bin sehr zufrieden! 🌟
Die Praxis ist sehr sauber und ordentlich, das ganze Team ist freundlich und aufmerksam.
Die Zahnreinigung wurde gründlich und professionell gemacht – meine Zähne fühlen sich jetzt richtig sauber an.
Auch der Preis ist sehr fair und günstig.
Ich kann die Praxis nur weiterempfehlen!",5,قبل 4 أشهر,Dr.Amira Lashin - Dental Clinic,عِيادة أسنان,google_maps
5535,"Very sweet, gentle and kind. All areas are well kept and clean. 100% Would recommend!!",5,قبل 4 أشهر,Dr.Amira Lashin - Dental Clinic,عِيادة أسنان,google_maps
5536,"Ich bin rundum zufrieden. Das Personal ist sehr nett und freundlich, die Praxis ist günstig gelegen und sehr sauber und die Ärztin kümmert sich um ihre Patienten. Ich kann sie jedem nur empfehlen.",5,قبل 4 أشهر,Dr.Amira Lashin - Dental Clinic,عِيادة أسنان,google_maps
5537,شكرا,5,قبل شهرين,صيدليات دوس,صيدلية,google_maps
5538,بجد صيدليه محترمه ومتوفر عندها كل الادويه ولو ناقص بتقدر توفره واسعارها محترمه,5,قبل 4 أشهر,صيدليات دوس,صيدلية,google_maps
5541,ألف شكر للمعاملة و الخدمة,5,قبل 6 أشهر,صيدليات دوس,صيدلية,google_maps
5542,معاملة ممتازة,5,قبل 7 أشهر,صيدليات دوس,صيدلية,google_maps
5543,الصيدليه كويسة جدا جدا و فيها معظم الحاجات الي بنحتاجها لكن التواصل مع الدكتور عشان يرشحلي منتج لمعالجة حاجه معينه اوقات بيبقى صعب شويه لكن في دكتوره كويسه جدا في الصيدليه ممكن ترشح منتجات لمعالجة حاجات زي الكدمات او الفطريات و دائماً بيكون متوفر عروض و خصومات حلوه جدا👍🏻,4,قبل 9 أشهر,صيدليات دوس,صيدلية,google_maps
5544,خدمه ممتازه وخصم نقدى على جميع الأدوية,5,قبل 9 أشهر,صيدليات دوس,صيدلية,google_maps
5545,Amazing pharmacy ❤️❤️,5,قبل 9 أشهر,صيدليات دوس,صيدلية,google_maps
5546,"صيدليه جيده
معامله ممتازه
فيها مندوب دليفرى اسمه مصطفى رشدى حد محترم جدا جدا",4,قبل 10 أشهر,صيدليات دوس,صيدلية,google_maps
5548,جيد,3,قبل سنتين,Town Gym,صالة رياضة,google_maps
5553,صيدلية ممتازة وتعاملهم محترم,5,قبل 4 أيام,Abdo pharmacy - صيدلية عبده,صيدلية,google_maps
5555,خدمه ممتازه,5,تاريخ التعديل: قبل شهرين,Abdo pharmacy - صيدلية عبده,صيدلية,google_maps
5556,"مكان ضيق المساحه
جمع الادوية متوفره",4,قبل 4 أشهر,Abdo pharmacy - صيدلية عبده,صيدلية,google_maps
5557,سوريا 🇸🇾,5,قبل 4 أشهر,Abdo pharmacy - صيدلية عبده,صيدلية,google_maps
5558,موجود كل الأدوية,5,قبل 4 أشهر,Abdo pharmacy - صيدلية عبده,صيدلية,google_maps
5560,العاملين بالصيدلية يعملوا على توفير الادوية بكل ترحاب,4,قبل 7 أشهر,Abdo pharmacy - صيدلية عبده,صيدلية,google_maps
5561,صيدلية جيدة وطاقم العمل محترمين ومتجاوبين,4,قبل 8 أشهر,Abdo pharmacy - صيدلية عبده,صيدلية,google_maps
5562,تعامل سيئ جدا جدا,1,قبل سنة,Abdo pharmacy - صيدلية عبده,صيدلية,google_maps
5563,"I had veneers done at this clinic and I couldn't be happier with the results. Dr yousef  was extremely professional, paid great attention to detail, and explained every step clearly. The final result looks natural and beautiful. Highly recommended!",5,قبل 5 أيام,Souror Dental Clinic,عِيادة أسنان,google_maps
5566,افضل عياده في مصر القاهره د/ يوسف عسكر,5,قبل أسبوعين,Souror Dental Clinic,عِيادة أسنان,google_maps
5567,"من افضل الدكاتره( يوسف سمير عسكر )
تعامل ممتاز جداً وعمل ماشاء الله تبارك الرحمن
حفظكم الله ي دكتور  ونتمنى لكم مزيداً من التفوق والنجاح 🤲🏼🤲🏼👍🏻👍🏻",5,قبل أسبوعين,Souror Dental Clinic,عِيادة أسنان,google_maps
5568,"The clinic has an amazing atmosphere ... clean, comfortable, and very professional. The staff are kind and attentive, and the whole experience is smooth from start to finish. Definitely one of the best dental clinics I’ve visited",5,قبل شهر,Souror Dental Clinic,عِيادة أسنان,google_maps
5569,بجد دكتور يوسف دكتور شاطر جدا وكنت جيالة في حالة صعبة جدا وايدو كويسة جدا ومحستش بأي حاجة بجد تسلم ايدك حضرتك وطبعا التعقيم ١٠٠/١٠٠ وبجد العيادة نظيفة جدا والتعامل بجد جميل معاهم بجد شكرا جدا,5,قبل شهر,Souror Dental Clinic,عِيادة أسنان,google_maps
5570,"The best dentist clinic.
Dr. Yousef is extremely professional and trustworthy. He takes the time to explain everything clearly and makes you feel comfortable. The clinic is very clean and all the equipment is well sanitized which really shows their high standards of hygiene and care. Dr. Yousef is truly one of the best dentists I’ve ever visited.",5,قبل شهر,Souror Dental Clinic,عِيادة أسنان,google_maps
5572,د. يوسف عسكر احسن دكتور اسنان في مصر ♥️♥️,5,قبل شهرين,Souror Dental Clinic,عِيادة أسنان,google_maps
5574,"Despite my fear and dislike of dentists, but Dr. Youssef very skilled, so talented he is more than professional , respect their patients, friendly, flexible, the follow up is highly rated",5,قبل شهرين,Souror Dental Clinic,عِيادة أسنان,google_maps
5577,The best,5,قبل 3 أشهر,Souror Dental Clinic,عِيادة أسنان,google_maps
5581,Best ❤️✨️,5,قبل 4 أشهر,Souror Dental Clinic,عِيادة أسنان,google_maps
5583,بجد تسلم أيدك دكتور يوسف ❤️ً,5,قبل 4 أشهر,Souror Dental Clinic,عِيادة أسنان,google_maps
5586,ماشاء الله دكتور يوسف شاطر ويستخدم طرق متقدمة بالعلاج وشغلة نظيف ومميز,5,قبل 5 أشهر,Souror Dental Clinic,عِيادة أسنان,google_maps
5587,دكتور يوسف دكتور ممتاز جدآ عندي عدة تجارب معاه وكل الفي العيادة تعاملهم راقي صراحه,5,قبل 5 أشهر,Souror Dental Clinic,عِيادة أسنان,google_maps
5591,Stuff is not profession they are aggressive not all product available sometimes they make mistake in calculating the invoice,3,قبل 3 أشهر,صيدلية فايق,صيدلية,google_maps
5593,ممتازة,5,قبل 4 أشهر,صيدلية فايق,صيدلية,google_maps
5594,التعامل سئ جدا,1,قبل 5 أشهر,صيدلية فايق,صيدلية,google_maps
5596,مجموعة ودودة مهذبة واحترافية,5,تاريخ التعديل: قبل 10 أشهر,صيدلية فايق,صيدلية,google_maps
5598,قاعده حلوه,4,قبل 3 سنوات,5amsina Cafe,مقهى,google_maps
5599,Good,4,تاريخ التعديل: قبل 3 سنوات,5amsina Cafe,مقهى,google_maps
5600,Sha3by and nice staff,5,قبل 4 سنوات,5amsina Cafe,مقهى,google_maps
5601,اسعار مرتفعه وخدمه ضعيفه,2,قبل 4 سنوات,5amsina Cafe,مقهى,google_maps
5605,"Although I initially had a bad experience, the care that they took with my experience to make it a good one left me no choice but to give them a five star. I got a call the next day from the very respectful gentleman who is the owner. He apologized to me for the experience and accepted all my criticism. He did not only do the call as a regular protocal, he did not end the call without making sure that I am not upset anymore. This kind of business does not exist any more in the world today. A business that cares about their customers and view them as important individuals like this place right here is a place I would like to continue doing business with. Especially when it is a health field.",5,قبل سنة,Pure Care Clinics - عيادات بيور كير كلينك,عيادة طبية,google_maps
5606,مكان ممتاز وناس محترمه,5,قبل سنة,Pure Care Clinics - عيادات بيور كير كلينك,عيادة طبية,google_maps
5607,Best clinic ever ❤❤❤,5,قبل سنة,Pure Care Clinics - عيادات بيور كير كلينك,عيادة طبية,google_maps
5608,زفت,1,قبل 3 أيام,صيدليات مصر - فرع التجمع الخامس,صيدلية,google_maps
5609,الادويه متوفره والتعامل جميل وسلس من الدكاتره,4,قبل شهر,صيدليات مصر - فرع التجمع الخامس,صيدلية,google_maps
5610,بصراحة الخدمة عندهم ممتازة,5,قبل 3 أشهر,صيدليات مصر - فرع التجمع الخامس,صيدلية,google_maps
5611,ممتاز,5,قبل 5 أشهر,صيدليات مصر - فرع التجمع الخامس,صيدلية,google_maps
5612,Good Vibes 🌅,5,قبل 5 أشهر,صيدليات مصر - فرع التجمع الخامس,صيدلية,google_maps
5613,"خدمه
ممتازه",5,قبل 7 أشهر,صيدليات مصر - فرع التجمع الخامس,صيدلية,google_maps
5614,معظم الادويه غير موجوده,3,قبل 11 شهرًا,صيدليات مصر - فرع التجمع الخامس,صيدلية,google_maps
5619,الخدمه ممتازه والعلاج متوفر بنسبه كبيره منها فى غيرها,5,قبل سنة,صيدليات مصر - فرع التجمع الخامس,صيدلية,google_maps
5620,مرحبا عزيزي كم اسعار ابر التنشط,1,قبل سنة,صيدليات مصر - فرع التجمع الخامس,صيدلية,google_maps
5621,شركه ايكو,5,قبل سنة,صيدليات مصر - فرع التجمع الخامس,صيدلية,google_maps
5624,الجيم المفروض اربعه و عشرين ساعه روحت لقيتو قافل,1,قبل 5 أشهر,H2O GYM Zamalek,صالة رياضة,google_maps
5625,حلو اوي و شيك,5,قبل 7 أشهر,H2O GYM Zamalek,صالة رياضة,google_maps
5626,"The only reason you should sign up here is out of need. Weak AC, no ventilation, machines aren't maintained, crowded. Very dirty and no cleaning equipment available. Only bearable in the morning otherwise crowded and lacking machines. Also very unhelpful staff despite them being overstaffed.",2,قبل 8 أشهر,H2O GYM Zamalek,صالة رياضة,google_maps
5627,مكان محترم وناس محترمه جدا,5,قبل 8 أشهر,H2O GYM Zamalek,صالة رياضة,google_maps
5628,رائع,5,قبل 8 أشهر,H2O GYM Zamalek,صالة رياضة,google_maps
5629,جيم جامد جدآ فى كل حاجة المكان جميل جدآ ومساحة حلوة وأجهزة تحفة بجد,5,تاريخ التعديل: قبل 9 أشهر,H2O GYM Zamalek,صالة رياضة,google_maps
5630,"Very crowded gym, machines need some caring, refurbished and upgrade
Change rooms have small spaces",3,قبل 9 أشهر,H2O GYM Zamalek,صالة رياضة,google_maps
5631,ممتاز جدا,5,قبل 9 أشهر,H2O GYM Zamalek,صالة رياضة,google_maps
5632,جامد  🔥,5,قبل سنة,H2O GYM Zamalek,صالة رياضة,google_maps
5635,الشباب اللي ف الاستقبال كانو متعاونين جداً وغاية ف اللطف ،والكوتش اللي معاهم متعاون جدا اي شغله اسألو عليها يستجيب بدون تردد، شكراً لكم كانت تجربه جميله ، ملاحظه بس لو يزيد عدد الاجهزه يكون افضل👍🏻,3,قبل سنة,H2O GYM Zamalek,صالة رياضة,google_maps
5636,Nice classes,5,قبل سنة,H2O GYM Zamalek,صالة رياضة,google_maps
5637,Unfriendly staff. Totally crowded. Unbearable in the evening. Unhygienic and stinking. Worst Gym around. Not recommended.,1,قبل سنة,H2O GYM Zamalek,صالة رياضة,google_maps
5638,المكان موجود ف العتبة وبنصح اي حد قريب منة ومحتاج سجاد لازم يزورة,4,قبل سنة,سنتر عبد الموجود,متجر ملابس حريمي,google_maps
5640,ناس محترمين,5,قبل سنة,سنتر عبد الموجود,متجر ملابس حريمي,google_maps
5641,زهبت لهم من احلى العروض التي رايتها في الفيس وكانت فكره ممتازة لاني وجدت اسعار في تناول اليد,5,قبل سنتين,سنتر عبد الموجود,متجر ملابس حريمي,google_maps
5642,المكان جيد ومتنوع وراقى,4,قبل سنتين,سنتر عبد الموجود,متجر ملابس حريمي,google_maps
5643,سي جدا غير منظم وغير نظيف واسعاره غير اللي اشوفها في الاعلانات ابدا وغالبه جدا على الموقع,1,قبل سنتين,سنتر عبد الموجود,متجر ملابس حريمي,google_maps
5644,رخيص جدا,5,قبل 3 سنوات,سنتر عبد الموجود,متجر ملابس حريمي,google_maps
5645,"Decent gym. It's a little busy, some of the machines are not the best. It does the job. Its definitely good enough for cardio",3,قبل أسبوعين,PUMP CLUB gym,صالة رياضة,google_maps
5647,Decent gym if youre looking to get in a quick session while on a trip. Alot of reviews said 100 pound per person. Apparently this is the old price we paid 200 each.,3,قبل شهر,PUMP CLUB gym,صالة رياضة,google_maps
5648,"SCAMMER!!! always sad to experience something in a country that you actually liked.. they wanted to charge me 200EGP each person for me and my egyptian friend and said it was the new price even tho i saw already in the comments its 100EGP.
when i went inside to ""check the equipment"" people told me they payed only 70EGP, i went to the front desk lady again and told her, she was visibly embarrassed, now she told me 100EGP
LOL
of course i left",1,قبل شهرين,PUMP CLUB gym,صالة رياضة,google_maps
5649,"Un po' di attrezzi c'è l'ha, ma sono in cattive condizioni, il prezzo è 200lire al giorno, dipendenti molto poco friendly, ma questa è una costante dell'Egitto, non sono famosi per essere ospitali",2,قبل 3 أشهر,PUMP CLUB gym,صالة رياضة,google_maps
5650,EGP200 이었습니다.,5,قبل 3 أشهر,PUMP CLUB gym,صالة رياضة,google_maps
5652,隐蔽的健身房，在二楼,4,قبل 11 شهرًا,PUMP CLUB gym,صالة رياضة,google_maps
5653,"They're charging 600-800 for non Egyptians
I made mistake by joining last month guys don't get scammed
I was in gym 1 year ago they charged me same as Egyptian but now they have different rules
This is Haram in Islam to charge more on the basis of person's region or nationality for same service or products

My personal experience Egyptian are good people I'm also Muslim Alhamdulillah and I've good experience here but some people like these ruin image of country and community.",1,قبل سنة,PUMP CLUB gym,صالة رياضة,google_maps
5654,"The gym is very basic and small. However it has most of the machines you""ll need for an okay workout. You""ll pay 100 EGP / day. The gym is also relatively clean (for Egypt). I had a bit of trouble finding the entrance on the second floor. You have to go on the side there's a dirty hallway with some stairs to go up.",3,قبل سنة,PUMP CLUB gym,صالة رياضة,google_maps
5655,"Great gym, has everything you need for a quick workout plenty of weights and cardio machines around Cairo center. Price is 100EGP per day, has shower and lockers. 10EGP litre of water. Good motivating music What else do you need?",5,قبل سنة,PUMP CLUB gym,صالة رياضة,google_maps
5656,"Has everything you need, 100EGP for 1 day.",5,قبل سنة,PUMP CLUB gym,صالة رياضة,google_maps
5657,Good,1,قبل سنة,PUMP CLUB gym,صالة رياضة,google_maps
5658,"I wish to thank Dr Sameh Barsoum and his team for the exceptional work carried out recently on my dental issues and veneers. I travelled back to Egypt specifically for this, as I have total confidence in his experience and professionalism . The results even exceeded my expectations and shall not hesitate to recommend his services to others. A dear friend of mine said Sameh is the God of dentists! I absolutely agree.",5,قبل 7 أشهر,Barsoum Dental Clinic,عِيادة أسنان,google_maps
5659,"Impeccably clean, professional and very thoughtful.",5,قبل سنة,Barsoum Dental Clinic,عِيادة أسنان,google_maps
5660,"Dr. Barsoum  made my mouth so perfect, it feels like when I was 30. My wife feels the, we are so grateful and wish him a very good future and health",5,قبل سنة,Barsoum Dental Clinic,عِيادة أسنان,google_maps
5661,Nothing but the best!  We have been coming to Barsoum Dental Clinic from the United States for 4 years.  Drs Samesh Barsoum and Dr Lina Barsoum and their staff are extremely professional.  The clinic is equipped with top of the line US and European technology.  My daughter and I have both had implants and my husband had had several root canal treatments and crowns. My dentist in the United States has complimented the work done and been impressed with the high end material that was used. English is spoken and they have  accommodated our hectic schedules good naturedly.  By far the best dentist I have experienced. Thank you Drs Barsoum and your wonderful staff!,5,قبل سنة,Barsoum Dental Clinic,عِيادة أسنان,google_maps
5662,"I want to express my heartfelt gratitude to Dr. Sameh Barsoum and the entire team at your clinic.

After a scooter accident nearly three years ago, I began a challenging journey to restore my dental health. My first two implants were done at another clinic, and the experience was difficult, with intense pain that lasted for days. Naturally, I was anxious about facing similar discomfort when I came to Dr. Barsoum for my other implant operation. But to my great relief and happiness, everything went perfectly! There was minimal swelling, no pain and nothing was visible on my face - such a difference from my previous experience.
Only Dr. Sameh Barsoum was able to solve all my dental issues and make my smile look beautiful again.
But it’s not just about the smile - it’s my health and my ability to simply eat without pain.

I can’t fully express my happiness knowing that my dental journey is finally coming to an end. Thank you to Dr. Sameh Barsoum and the clinic for your dedication, care, and expertise.",5,قبل سنة,Barsoum Dental Clinic,عِيادة أسنان,google_maps
5663,"Hard to put into words how incredible this dental clinic is. I have been coming here for the last few years (flying from the United States) and I wouldn’t trust any other dentists with my teeth. From the second you walk in the staff at the front desk make you feel like you’re at home. The clinic is setup with state of the art technology as well, and is much more advanced than most clinics you will find in the United States. Dr.Mark is an angel sent from heaven and has to be one of the most kind, honest, and professional people i’ve ever met. I don’t think I could trust anyone else with my mouth after getting dental work done with him. He’s also very patient and understanding when it comes to any concerns you may have. I’ve had a lot of issues with my teeth and at the age of 29 I can say they have never looked better. This place deserves all the business in the world. Thank you so much Barsoum Dental.",5,قبل سنتين,Barsoum Dental Clinic,عِيادة أسنان,google_maps
5664,"Brilliant, respectful, reliable, honest, professional. This clinic has saved the lives and wellbeing of many people in my circle.

State of the art equipment and most humane treatment of patients i have experienced in Egypt.",5,قبل سنتين,Barsoum Dental Clinic,عِيادة أسنان,google_maps
5665,Best of the best,5,قبل سنتين,Barsoum Dental Clinic,عِيادة أسنان,google_maps
5666,"Professional to high extent and caring! My son had an accident and lost his front tooth and only Dr. Lina thought about finding it in his lip. She and Dr. Sameh have put his tooth back with so much professionalism that it doesn't look any different than other teeth. BIG thank you Dr. Lina and Dr. Sameh for all your great work!
In addition and generally speaking, my family and I are very old patients there, we highly appreciate their work and deep experience for 3 generations now.",5,قبل 3 سنوات,Barsoum Dental Clinic,عِيادة أسنان,google_maps
5667,Not good. Dr. Amin not good.,1,قبل 3 سنوات,Barsoum Dental Clinic,عِيادة أسنان,google_maps
5668,"Excellent and prompt service, modern equipment, and very talented dentists. Highly recommend",5,قبل 3 سنوات,Barsoum Dental Clinic,عِيادة أسنان,google_maps
5669,"best doctor in town
words not enough to appreciate how you are",5,قبل 3 سنوات,Barsoum Dental Clinic,عِيادة أسنان,google_maps
5670,So Professional,5,قبل 3 سنوات,Barsoum Dental Clinic,عِيادة أسنان,google_maps
5671,"My dentists since childhood, never thought to try elsewhere.
Professionalism, respect of appointments, hygiene and most of all trust.",5,قبل 4 سنوات,Barsoum Dental Clinic,عِيادة أسنان,google_maps
5672,"Im from Sydney, Australia. I have done one Root Canal from here. It was really a nice experience. I would definitely recommend anyone with dental issues to visit this dental clinic. 😎",5,قبل 4 سنوات,Barsoum Dental Clinic,عِيادة أسنان,google_maps
5673,"Very professional, clean, good prices. They speak English well. Keep up the great work!",5,قبل 4 سنوات,Barsoum Dental Clinic,عِيادة أسنان,google_maps
5674,"Best experience in town, by far!
The whole clinic and team are professional, but Dr. Barsoum himself is awesome!
I had a complicated case that no one could solve. He managed it very professionally and smoothly.
It’s THE place to go for a great experience in Egypt!",5,قبل 4 سنوات,Barsoum Dental Clinic,عِيادة أسنان,google_maps
5675,"One of the few respectable dental clinics in town. That have changed the way I see dental clinics , by having professionals in each sub speciality as well as a detailed plan. I can claim that they are best in class in quality , diagnosis and resolving the teeth problems from its root cause. They always recommend what is best for the patient and I’m confident that they deserve every nickel you pay as you can forget about your tooth problems. I recommend them in all dental work as all their doctors are equally capable. Their respect and courtesy dealing with their patients is implacable.",5,قبل 4 سنوات,Barsoum Dental Clinic,عِيادة أسنان,google_maps
5676,"I have been visiting Barsoum Dental clinic since I was only little. I can't trust any other dentists other than them. There is a valid reason for this; they never fail to provide an exceptional service every single time, they use top of the edge materials and dentists are very professional and are always friendly and welcoming. I live in the UK and I find it really hard wheni have to deal with dentists over there compared to the top quality service I get at BDC. I specially reccomend Dr Sameh and Dr Lina Barsoum.",5,قبل 4 سنوات,Barsoum Dental Clinic,عِيادة أسنان,google_maps
5677,"The clinic is spotless. The reception area welcomes you with a selection of Matisse paitings, you wait while listening to beautiful music. The doctors are professional & extremely nice, explaining everything in detail.
The entire staff is extremely organized & welcoming. Best experience at a dentist clinic ever.",5,قبل 4 سنوات,Barsoum Dental Clinic,عِيادة أسنان,google_maps
5679,"بمنتهى الامانة مستوى عالى جدا جدا من الاحترافية و الاحترام والذوق والرقى فى التعامل ، من اصغر موظف وادارى لأكبر طبيب وتمريض،
مكنتش متخيل ان المكان بالرقى والاحترافية دى ،،
شكر خاص للاستاذ الدكتور ريمون مدير الرعاية
والدكتور اسامة لطفى والدكتورة  امنية
وطقم تمريض المستشفى بالكامل وبالاخص طاقم تمريض الرعاية ومستر مينا",5,قبل 7 أشهر,المستشفي اليوناني بالقاهرة,مستشفى,google_maps
5682,مستشفى نظيفه تعامل محترم من الامن للتمريض للدكاترة,5,قبل سنتين,المستشفي اليوناني بالقاهرة,مستشفى,google_maps
5683,Bad doctors and hospital. Rude and unskilled.,1,تاريخ التعديل: قبل سنتين,المستشفي اليوناني بالقاهرة,مستشفى,google_maps
5693,دكتور جميل و شاطر جدا و عياده نظيفه,5,قبل شهرين,عيادة أسنان د. خالد شرف,عِيادة أسنان,google_maps
5694,للأسف العيادة مغلقه وقت الذي مكتوب فيها مفتوح 👎🏻👎🏻👎🏻,1,قبل شهرين,عيادة أسنان د. خالد شرف,عِيادة أسنان,google_maps
5695,The Doctor was very kind and professional. He explained every step of the procedure clearly and took the time to go through all the aftercare and precautions. I felt comfortable and well taken care of throughout the whole visit.,5,قبل شهرين,عيادة أسنان د. خالد شرف,عِيادة أسنان,google_maps
5698,Chose dr sharif dental clinic because of location near my apartment and reviews.  Dr Khaled did a thorough job of looking at all teeth.  And made repair to 2 teeth in the visit.  Very good dentist and good work.  Affordable price. Going back for more work this week.,5,قبل 5 أشهر,عيادة أسنان د. خالد شرف,عِيادة أسنان,google_maps
5699,دكتور شاطر ومحترم,5,قبل 6 أشهر,عيادة أسنان د. خالد شرف,عِيادة أسنان,google_maps
5703,عيادة ممتازه ودكتور شاطر جدااااا,5,قبل 9 أشهر,عيادة أسنان د. خالد شرف,عِيادة أسنان,google_maps
5705,روعه الدكتور خالد متمكن في التشخيص والتجميل والحشوات صراحه دكتور مميز ولديه خبرة طويله ومتقن شغله اشكرك من الاعماق حقيقة دكتور محترف والله على ما اقول شهيد,5,قبل 10 أشهر,عيادة أسنان د. خالد شرف,عِيادة أسنان,google_maps
5707,"Shokran ya Dr. Khaled Sharaf! Sehr gute Beratung und Arbeit! Falls nötig, würde ich gerne wiederkommen ;) Auch empfehle ich gerne weiter!",5,قبل 11 شهرًا,عيادة أسنان د. خالد شرف,عِيادة أسنان,google_maps
5708,دكتور محترف حقيقي ودقيق في عمله لايقبل إلا النهايات الجميله من الناحيه الطبية والتجميليه ويشرك صاحب الحالة في تفاصيل الخطة العلاجية وافضل الحلول شكراً د/خالد واتمنى لك دوام التوفيق 🇸🇦,5,قبل سنة,عيادة أسنان د. خالد شرف,عِيادة أسنان,google_maps
5709,"دكتور خالد ممتاز
شخصية ممتازة
أداءه ممتاز 🤩
أنا سعيدة بنتيجة أسناني بشكل لا يوصف ❤️❤️🙏🏻🙏🏻🙏🏻",5,قبل سنة,عيادة أسنان د. خالد شرف,عِيادة أسنان,google_maps
5710,أفضل دكتور يشتغل بذمه وأمانه واتقان واخلاقه عاليه,5,قبل سنة,عيادة أسنان د. خالد شرف,عِيادة أسنان,google_maps
5711,"ممتاز ويده خفيفه وشغله متقن
اوصي به",5,قبل سنة,عيادة أسنان د. خالد شرف,عِيادة أسنان,google_maps
5713,دكتور محترف..رائع ...انصح به من كل قلبي ، افضل دكتور اسنان زرته بحياتي بكل امانه,5,قبل سنة,عيادة أسنان د. خالد شرف,عِيادة أسنان,google_maps
5714,"Einmal frei
Sehr gute artzt Ich empfehle euch
Einfach zufrieden
Vernünftig .. Hilfreich",5,قبل سنة,عيادة أسنان د. خالد شرف,عِيادة أسنان,google_maps
5715,دكتور خالد من امهر الدكاترة.. كانت تجربتنا جدا جميلة معه وقام بعمل حشوات تجميلية من أفضل ما يمكن.. وكان تعاملة جدا رائع,5,قبل سنة,عيادة أسنان د. خالد شرف,عِيادة أسنان,google_maps
5716,"السلام عليكم ورحمة الله تعالى وبركاته...
اولا احى الدكتور الخلوق د.خالد والذى تشرفت بلقائه واجريت عدة جلسات على يديه بخصوص حشوات الاسنان ...وبعد الله سبحانه وتعالى فقد احسست بالفرق الكبير وتم علاجى والحمد لله...
كطبيب تهمنى الاجراءات التى تتعلق بالتعقيم ولقد لاحظت اهتمامه بهذا الجانب حماية للطبيب والمريض.
لكل ذلك ارسلت ابنتى وزوجتى
لزيارة د.خالد..
الشكر موصول للمساعدة والتى ظلت تبذل الجهد الكبير اثناء العلاج.
والشكر ايضا لموظف الاستقبال ذلك الرجل المهذب الهادئ...
جزاكم الله كل خير
حفظكم الله ووفقكم لخدمة العباد
عبدالله محمد الحاج
استشارى النساء والتوليد
السودان.",5,قبل سنة,عيادة أسنان د. خالد شرف,عِيادة أسنان,google_maps
5717,"I contacted Dr. Bassam via WhatsApp and shared my blood test results, seeking a professional opinion before traveling to Egypt to begin treatment. Unfortunately, his response was unexpectedly rude and dismissive. He offered no clear diagnosis or explanation, and the communication lacked basic courtesy. At one point, he stated, ""I am frustrated with your case,"" which I found highly unprofessional and inappropriate, especially as I was only trying to get help. I sincerely hope future patients are met with more respect, empathy, and professionalism.",1,قبل 8 أشهر,كايرو كلينك,عيادة الخصوبة,google_maps
5718,"""After three unsuccessful IVF attempts with this doctor, my wife and I were deeply disappointed by both the results and the overall experience. While the doctor emphasizes religious values and compassionate care, we encountered a lack of empathy and professionalism during our journey. Despite repeated efforts, there was little meaningful support or concern for our emotional and financial investment. Unfortunately, our trust was eroded by the dismissive attitude and what felt like a prioritization of profit over patient care. Based on our experience, we cannot recommend his services to others seeking fertility treatment.",1,قبل 8 أشهر,كايرو كلينك,عيادة الخصوبة,google_maps
5719,This dr bassam is so rude he treats people bad i talk to him wats up to know where his clinic is i was not expecting him to be so rude for just asking him questions but i thank god everyday after that not to spend  my money on his clinic  i have all the massage he sent to me as a prove,1,قبل سنة,كايرو كلينك,عيادة الخصوبة,google_maps
5722,An excellent doctor,5,قبل سنتين,كايرو كلينك,عيادة الخصوبة,google_maps
5723,جيد,3,قبل 3 سنوات,كايرو كلينك,عيادة الخصوبة,google_maps
5724,Succeeded ivf... wonderful journey...now i am mom of little princess,5,قبل 4 سنوات,كايرو كلينك,عيادة الخصوبة,google_maps
5725,The best one in this country,5,قبل 4 سنوات,كايرو كلينك,عيادة الخصوبة,google_maps
5726,Do not be fooled by his reviews. By far the worst Dr. I have ever been to. Every time my husband and I had a question we got very rude replies. Has no clue about how to properly inform his patients of the IVF process. All he sees is dollar signs. After getting a second opinion do I know that I actually have a cyst in my ovaries. Didn't even do the first step which is an ultrasound. If I could give him 0 stars I would. Do not let this Dr. ruin you're IVF experience.,1,قبل 4 سنوات,كايرو كلينك,عيادة الخصوبة,google_maps
5727,"Excellent doctor & wonderful team! i was having fertility issues brought on by PCOS, Dr. Bassam was kind, knowledgable & made sure i understood everything. 3 months after my first appointment with him & after 2 months of fertility treatment later, i was pregnant! Now i am the mother of a beautiful 5 month old baby boy. I HIGHLY recommend him to anyone who is struggling with getting pregnant!",5,قبل 5 سنوات,كايرو كلينك,عيادة الخصوبة,google_maps
5729,"Appeared to be impacted by psychological operations non verbally acknowledged by auto redirect to neuroresearch something or other. Nice staff kind helpful people inadequate diagnostics and multiple redirects that resulted in certain tests and evaluations not occuring.

Appeared to be sone form of Goverment training or Operation involving swarm drones and neural weapons.",2,قبل 5 أشهر,مستشفيات جامعة القاهرة,مستشفى,google_maps
5730,"We recently visited an in-law in this hospital and I was appalled by their blatant money grabbing scheme just to allow visitors inside. The first gate is attended by men in gray suits, there’s a lot them so i think they take turns in guarding the gate then there’s another gate before going inside the hospital building, where another man collects money as well. Instead of prioritizing patient welfare and the emotional support that visitors provide, they seem more focused on profiting from every opportunity. And I noticed that the hospital needs more elevators or staircase access cos there’s only one elevator in the building we went.",2,تاريخ التعديل: قبل 11 شهرًا,مستشفيات جامعة القاهرة,مستشفى,google_maps
5731,اتمنى من الله تعالى الشفاء العاجل لكل المرضي,5,قبل سنة,مستشفيات جامعة القاهرة,مستشفى,google_maps
5732,اوسخ جهة تتعامل معاها موظفين بدون خبرة بدون ضمير لو جي سليم هتخرج بعدوى .. اهرب,1,قبل سنتين,مستشفيات جامعة القاهرة,مستشفى,google_maps
5733,ربنا الشافي المعافي,5,قبل سنتين,مستشفيات جامعة القاهرة,مستشفى,google_maps
5734,زفت 😡🤬😠😡🤬😠,1,قبل سنتين,مستشفيات جامعة القاهرة,مستشفى,google_maps
5735,عشان مجانى معامله غير ادميه,2,قبل 3 سنوات,مستشفيات جامعة القاهرة,مستشفى,google_maps
5737,زحمة جدا جدا جدا جدا,3,قبل 3 سنوات,مستشفيات جامعة القاهرة,مستشفى,google_maps
5738,جدًا عجبتني كثرو منها,5,قبل 3 سنوات,مستشفيات جامعة القاهرة,مستشفى,google_maps
5739,The only good thing about this place is that it's free. Everything else has been an abomination of an experience.,3,قبل 3 سنوات,مستشفيات جامعة القاهرة,مستشفى,google_maps
5740,هل المستشفى بتدي للمواليد الجدد الي مولودين في المستشفى لقاح فايروس الكبد الوبائي ولا لا عشان عايز اعرف ابني اخد التطعيم ولا لا لو بياخد اضغط على مفيد لو مش بياخد اضغط على غير مفيد لو ماتعرفش ونبي ماتدوسش حاجة,5,قبل 3 سنوات,مستشفيات جامعة القاهرة,مستشفى,google_maps
5741,"My 11-day stay at Nile X was extremely stressful and disappointing. Before booking my flight, I had communicated through the Booking.com chat that I would arrive around 5 am and asked if early check-in would be possible. I received an “ok” response, so I planned my travel accordingly. However, when I arrived I was told early check-in was not possible and was asked to pay an additional 60 USD to access the room between 6 am and noon. When I showed screenshots of the conversation, the owner denied that early check-in had been confirmed.
The location was also misleading. I had been told it would be very close to Zamalek X Hostel, but it turned out to be on a quiet and uncomfortable street, and the property itself is on the 19th floor, something that was never mentioned. The elevator felt unsafe and unstable.
The “Nile view” room description was also inaccurate. The windows were not double-glazed, so the room was extremely noisy, and the actual Nile view was minimal.
Several basic amenities advertised were missing or poor:
Breakfast advertised as included, but in practice there was almost nothing provided.
Kitchen was poorly equipped and unhygienic, lacking basic items like a proper frying pan, knife, or mugs. I ended up buying my own ingredients and making my own breakfast most days.
Bathroom lacked essentials, including toilet paper.
The bed was unstable, with loose wooden planks supporting the mattress. This was only partially fixed near the end of my stay.
Staff frequently asked me to pay the extra fee in cash and knocked repeatedly on my door, which felt uncomfortable and intrusive.
Overall, the stay involved misleading information, poor maintenance, lack of hygiene, and stressful interactions with management. Unfortunately, this experience made my time in Cairo far more difficult than it should have been.",1,قبل أسبوع,Nile X Hostel - Nile View,فندق,google_maps
5742,前台穆罕默德服务非常好，期间通过协商多次换房，位置在费萨尔伊斯兰银行对面19楼，离吉萨和开罗都非常近，旁边就是岛，最重要的是干净，窗外景色也好,5,قبل شهر,Nile X Hostel - Nile View,فندق,google_maps
5743,خدمه ممتازه جدا والمكان نظيف وجديد يفرق عن الاماكن اللي يحب يرتاح يجي عندهم الاستقبال ام علاء و محمد افضل ناس,5,قبل شهر,Nile X Hostel - Nile View,فندق,google_maps
5744,الاستاذ محمد وام علاء ناس طيبين وغرف نظيفة,5,قبل شهر,Nile X Hostel - Nile View,فندق,google_maps
5745,尼罗河风景好！交通便利，打车方便。酒店就在一个公寓楼19楼，而且很安全有门管。早餐好吃，有大饼和香香的煎蛋。工作人员都很友善，推荐。,5,قبل شهر,Nile X Hostel - Nile View,فندق,google_maps
5746,The best hostel ever!!!,5,قبل شهرين,Nile X Hostel - Nile View,فندق,google_maps
5747,ام على اطيب قلب وانسانه خدومه ومريحه احسن فندق من ناحية الامان والخدمه ونظيف جدا جدا ومو اواخر زيارة انشالله,5,قبل شهرين,Nile X Hostel - Nile View,فندق,google_maps
5748,"Our stay at this hostel was extremely disappointing. The air conditioner/heater in our room was not working, and the room was very cold. We asked a staff member for a heater, but he said he could not find one. The next day, the host told us we should have contacted him by message at 3:00 a.m. and explained that the person we spoke to was only cleaning staff and could not help us. This was not a reasonable expectation.||The accommodation had almost no privacy. It was actually an apartment converted into a hostel. The bathrooms were shared, but this was not mentioned at all in the property description. Only one room had a private bathroom, and even there, there was no warm water.||One of the rooms was only about two meters away from the reception, and we had to tolerate the receptionist smoking at midnight. The cleanliness was also very poor, which has already been mentioned in other reviews, and unfortunately, our experience was exactly the same.||Because of these issues, we booked another hotel and stayed here for less than one day. Overall, the hostel did not match its description, and I would not recommend it.",1,قبل شهرين,Nile X Hostel - Nile View,فندق,google_maps
5749,"Not recommended. The pictures are misleading. This is not a real hostel but an apartment with individual rooms rented out on one floor. The so-called reception area is very strange and unprofessional. Overall, it did not match what was advertised.",1,قبل شهرين,Nile X Hostel - Nile View,فندق,google_maps
5750,"Below are some strange experiences and poor conditions of this hostel:

Since a unit of the apartment block is dedicated to this hostel, it was difficult to identify it. Our shuttle transfer had to ask some local people to find the hostel.

The elevator was dangerous as it did not have an internal closing door. Because of this, you could see the concrete walls between floors, which were filled with plastic bottles in some areas.

The strangest part for me was the closeness of the receptionist to the rooms, which was less than 3 meters away.

There was a private bath in my room; however, the water was cold.  My friends' rooms did not have private baths.

Additionally, my bed was not comfortable. It seemed there was a plastic cover below the main cover.",1,قبل شهرين,Nile X Hostel - Nile View,فندق,google_maps
5751,Great location . Great views. Comfortable. Quiet . Friendly ! Would love to stay again when in town… thanks to all the lovely staff !,5,قبل شهرين,Nile X Hostel - Nile View,فندق,google_maps
5752,"Awful experience, do not select there at all! We changed it after one night and the owner does not give you back any money, but some fake fooling explanations.
Our stay was extremely disappointing. The room was very cold due to a non-working AC/heater, and staff could not provide a heater. The host later said we should have messaged him at 3:00 a.m., which is unreasonable.

The place had almost no privacy and was actually an apartment converted into a hostel. Shared bathrooms were not mentioned in the listing, and even the room with a private bathroom had no warm water. One room was right next to reception, where the receptionist was smoking at midnight.

Cleanliness was very poor, as noted in other reviews. We left in less than a day and booked another hotel. The hostel did not match its description, and I do not recommend it.",1,قبل شهرين,Nile X Hostel - Nile View,فندق,google_maps
5753,"Very disappointing stay – not as described

Our stay at this hostel was extremely disappointing. The air conditioner/heater in our room was not working, and the room was very cold. We asked a staff member for a heater, but he said he could not find one. The next day, the host told us we should have contacted him by message at 3:00 a.m. and explained that the person we spoke to was only cleaning staff and could not help us. This was not a reasonable expectation.

The accommodation had almost no privacy. It was actually an apartment converted into a hostel. The bathrooms were shared, but this was not mentioned at all in the property description. Only one room had a private bathroom, and even there, there was no warm water.

One of the rooms was only about two meters away from the reception, and we had to tolerate the receptionist smoking at midnight. The cleanliness was also very poor, which has already been mentioned in other reviews, and unfortunately, our experience was exactly the same.

Because of these issues, we booked another hotel and stayed here for less than one day. Overall, the hostel did not match its description, and I would not recommend it.",1,قبل شهرين,Nile X Hostel - Nile View,فندق,google_maps
5754,"호텔같지 않은 청결함을 가지고있습니다. 조식은 다른곳에서 하는 조식들보다도 좋구요.
저는 대만족입니다.
다만 카이로 중심지라서 먼지와 소음이 있는데 이거는 어쩔수없다고 봅니다.",5,تاريخ التعديل: قبل شهرين,Nile X Hostel - Nile View,فندق,google_maps
5755,"Highly recommend nice people very welcoming and warm, the accommodation is clean, as female who’s been here i found the hostel female friendly and safe",5,قبل شهرين,Nile X Hostel - Nile View,فندق,google_maps
5756,نشرككم على حسن الاستقبال والضيافة,5,قبل شهرين,Nile X Hostel - Nile View,فندق,google_maps
5757,all staffs are very kind and gentle. room is clean.　delicious breakfast. everything good! I strongly recommend to stay here!,5,قبل شهرين,Nile X Hostel - Nile View,فندق,google_maps
5758,mr. mo is vary kind and gentle.,5,قبل شهرين,Nile X Hostel - Nile View,فندق,google_maps
5761,"احسن مكان مبيت فيك يا القاهره  واشركر الاستاد شريف على حسن تعامله معنا
انصح بالتعامل معهم",5,قبل 3 أشهر,Nile X Hostel - Nile View,فندق,google_maps
5762,‏شكرا للقائمين على هذه الضيافة خدمة متميزة ومكان نظيف وموقع جميل شكرا لكم,5,قبل 3 أشهر,Nile X Hostel - Nile View,فندق,google_maps
5763,Bravo Abdul Kader very nice boy and all the staff good. Hotel very simply e clean.,5,قبل 3 أشهر,Nile X Hostel - Nile View,فندق,google_maps
5764,غرف جميلة جدا من نظافه وتعامل ام علا جدا رائع,5,قبل 4 أشهر,Nile X Hostel - Nile View,فندق,google_maps
5765,"残念なところ。
カード支払いで+2%で請求された。
入り口が非常にわかりづらい。
エレベーターは古くて怖い。
歯ブラシなどアメニティがほぼない。

良いところ。
とても清潔。
立地がいい。
午前10時についたのに無料でアーリーチェックインさせてくれた。",3,قبل 4 أشهر,Nile X Hostel - Nile View,فندق,google_maps
5767,القرءان شغال دائماً,5,قبل 3 أسابيع,Egyptian muscle,صالة رياضة,google_maps
5768,The best gym in Imbaba and best coaches,5,قبل شهر,Egyptian muscle,صالة رياضة,google_maps
5769,"اكثر مكان مريح ونظيف
خصوصا القرآن",5,قبل شهرين,Egyptian muscle,صالة رياضة,google_maps
5770,مكان كويس الناس بصراحة محترمة وكباتن جدعان اوي بصراحة وشكرا علي مجهودهم معنا,5,قبل 3 أشهر,Egyptian muscle,صالة رياضة,google_maps
5772,تمام احسن معمله واحسن كابتن عبد الله واحسن تجربه واالكباتن بيشجعوك انك تكمل والله انا تجربه,5,قبل 4 أشهر,Egyptian muscle,صالة رياضة,google_maps
5774,المكان مريح نفسيا ونظيف وافضل حاجه وجود القرآن باستمرار,5,قبل سنة,Egyptian muscle,صالة رياضة,google_maps
5775,Good place,5,تاريخ التعديل: قبل سنة,Egyptian muscle,صالة رياضة,google_maps
5776,جيم محترم محترم محترم محترم محترم ومتربي عشر مرات,5,قبل سنة,Egyptian muscle,صالة رياضة,google_maps
5777,جيم نضيف و اجهزه جديده و في اهتمام و اسعاره مناسبه جدا جدا و تحس ان الجيم بتاعك ♥️♥️,5,قبل سنة,Egyptian muscle,صالة رياضة,google_maps
5779,الاجهزة جديدة ماشاء الله والمسئول عن الجيم شخص محترم بس المشكلة الوحيدة  المكان صغير شوية,4,تاريخ التعديل: قبل سنتين,Egyptian muscle,صالة رياضة,google_maps
5781,Good place,5,قبل سنتين,Egyptian muscle,صالة رياضة,google_maps
5783,مكان كويس مدرب كويس جدا,5,قبل سنتين,Egyptian muscle,صالة رياضة,google_maps
5784,بصراحة دكتوره تعاملها كويس لاكن عملت عندها تلبيسات لجميع اسناني لامن للأسف مانجحت معي احس بالم مزعج في ضروسي الداخليه اعطيها تقييم في العمل 50 % لاانصح,2,قبل أسبوع,عيادة دكتورة نهى يس عبد الرحمن,عِيادة أسنان,google_maps
5785,عملت سناني تحضيرآ لكليت الشرطه إنشاء الله ودكتوره ممتازه أنصحكم بيها❤️❤️❤️❤️,5,قبل 4 أشهر,عيادة دكتورة نهى يس عبد الرحمن,عِيادة أسنان,google_maps
5787,الدكتوره نهى المدح فيها قليل الف شكر الله يسعده ♥️,5,قبل 5 أشهر,عيادة دكتورة نهى يس عبد الرحمن,عِيادة أسنان,google_maps
5789,"ما شاء الله تبارك الله دكتوره ممتازه جدا
انا عملت تنظيف +تلميع خدمه جميله والسعر كويس جدا تستاهل 10 نجوم",5,قبل 6 أشهر,عيادة دكتورة نهى يس عبد الرحمن,عِيادة أسنان,google_maps
5790,دكتورة شاطرة وظريفة ربنا يحفظك ويبارك لك,5,قبل 6 أشهر,عيادة دكتورة نهى يس عبد الرحمن,عِيادة أسنان,google_maps
5796,سويت اسنانى  جميلة ولون مظبوط وابتسامة جميلة الله يسعدك دكتورتى ودائما زباينك يارب من اليمن الجميلة,5,قبل 11 شهرًا,عيادة دكتورة نهى يس عبد الرحمن,عِيادة أسنان,google_maps
5800,"دكتورة شاطرة ما شاء الله وتعطيك نصائح
سويت عندها 8 تلبيسات و7 حشوات
سعرها مناسب في فتره 4 ايام",5,قبل سنة,عيادة دكتورة نهى يس عبد الرحمن,عِيادة أسنان,google_maps
5801,La verdad es una médico perfecta es my buena servicio encantador le doy 10 gracias,5,قبل سنة,عيادة دكتورة نهى يس عبد الرحمن,عِيادة أسنان,google_maps
5802,lovely doctor,5,قبل سنة,عيادة دكتورة نهى يس عبد الرحمن,عِيادة أسنان,google_maps
5806,"مشاءالله والله فعلا انقذت الدكتورة ضروسي شافت تسوسات  في الضروس اكبر دكتور في مصر ماكان يتوقعها
انا اصلا ما كنت مصدق إللى شفته
الله يباركلك دكتورة نهى ويزيدك خبرة وعلم
حتى التركيب ماشاء الله الزيركون طبيعى الشكل واللون
تسلم ايدك",5,قبل سنة,عيادة دكتورة نهى يس عبد الرحمن,عِيادة أسنان,google_maps
5809,لأول مرة اعمل علاج جذور بدون بنج ودعامة وطربوش جلسة واحدة بدون بنج بدون ألم.,5,قبل سنتين,عيادة دكتورة نهى يس عبد الرحمن,عِيادة أسنان,google_maps
5810,مكان ممتاذ جدااا والاكل جاامد اوي,5,قبل شهر,زيوس التجمع zeus twin plaza,كافيه,google_maps
5813,Everything is perfect as well as staff are very friendly,5,قبل شهرين,زيوس التجمع zeus twin plaza,كافيه,google_maps
5814,المكان فوق الرائع,5,تاريخ التعديل: قبل شهرين,زيوس التجمع zeus twin plaza,كافيه,google_maps
5816,Perfect service ❤️❤️,5,قبل شهرين,زيوس التجمع zeus twin plaza,كافيه,google_maps
5817,افضل كافيه ومطعم في التجمع . اجواء جميله جداً 👌👌👌,5,قبل شهرين,زيوس التجمع zeus twin plaza,كافيه,google_maps
5818,Dj and music and singers very nice,5,قبل شهرين,زيوس التجمع zeus twin plaza,كافيه,google_maps
5819,the place is perfect,5,قبل شهرين,زيوس التجمع zeus twin plaza,كافيه,google_maps
5820,"Best cafe
Perfect staff",5,تاريخ التعديل: قبل شهرين,زيوس التجمع zeus twin plaza,كافيه,google_maps
5824,The best place where we enjoy,5,قبل 3 أشهر,زيوس التجمع zeus twin plaza,كافيه,google_maps
5826,مكان شيك جدا والمأكولات والمشروبات ممتازه و الخدمه ممتازه جدا والاداره وجميع العاملين حاجه فى منتهى الروعه,5,قبل 3 أشهر,زيوس التجمع zeus twin plaza,كافيه,google_maps
5827,"Misr Pharmacy – Third Settlement branch is quite old and really needs major improvement. Most of the time, many products are out of stock and not all medicines are available. The place feels outdated and lacks proper organization — it definitely needs renovation and better inventory management to match today’s pharmacy standards.",2,قبل 4 أشهر,صيدليات مصر- فرع التجمع الثالث,صيدلية,google_maps
5828,خدمة ممتازة,5,قبل 9 أشهر,صيدليات مصر- فرع التجمع الثالث,صيدلية,google_maps
5829,خدمه سريعه وممتازه,5,قبل 10 أشهر,صيدليات مصر- فرع التجمع الثالث,صيدلية,google_maps
5830,"اسوء صيدلية عملت اوردر اون لاين تاخير لحد 3 ساعات ونص لحد دلوقتي وماجاش لسه وكلمتهم اكتر من مره يقولي هنستعجله وهنخلي الفرع يتواصل ولا اي حد بيتصل وفالاخر يقولي الاوردر بتاع شركة التامين بيكون من 3 ساعات ل 4 ع الرغم الموافقه بتاعت الشركة دي بتيجي بسرعه جدا
يعني طفله عندها سخنيه وتعبانه جدا يتاخر كل ده لحد مايجيلي
ودي مش اول مره دايما حتي لو اوردر كاش نفس الكلام آخر تعامل ان شاء الله
ومانصحش حد بالتعامل معاهم
تحديث بعد ساعه إلا ربع اتصل تاني يقولي ف مشكله ف الفرع مافيش مندوب يوصل دلوقتي ف هيتاخر لسه اكتر
فعلا حسبي الله ونعم الوكيل ف كل واحد مستهتر ومش مقدر ان ده علاج لطفلة",1,قبل سنة,صيدليات مصر- فرع التجمع الثالث,صيدلية,google_maps
5831,Good pharmacy,5,تاريخ التعديل: قبل سنة,صيدليات مصر- فرع التجمع الثالث,صيدلية,google_maps
5834,Careless & unprofessional,2,قبل سنتين,صيدليات مصر- فرع التجمع الثالث,صيدلية,google_maps
5836,مركز للتسوق رائع,4,قبل يومين (2),مترو ماركت الجديد صحراوى اسكندريه,سوبرماركت,google_maps
5839,سوبرماركت رائع في بيفرلي هيلز,5,قبل سنة,مترو ماركت الجديد صحراوى اسكندريه,سوبرماركت,google_maps
5841,"They always do mistakes in prices, and also once I bought chickens and it was rotten..not recommend it at all",1,قبل سنة,مترو ماركت الجديد صحراوى اسكندريه,سوبرماركت,google_maps
5842,ممتاز يوجد اكل سخن ووجبات ومكان للجلوس  داخل وخارج الماركت وناس محترمة,5,تاريخ التعديل: قبل سنة,مترو ماركت الجديد صحراوى اسكندريه,سوبرماركت,google_maps
5844,ضيق,1,قبل شهرين,Fitness gym,صالة رياضة,google_maps
5846,لو جابو ال standing calf raises او donkey calf raise هيبقا چيم متكامل بكل أمانة,4,قبل 6 أشهر,Fitness gym,صالة رياضة,google_maps
5847,"جامد جدا وامان جدا كانك في بيتك
مكان محترم وهاي كواليتي😍",5,قبل 7 أشهر,Fitness gym,صالة رياضة,google_maps
5848,،🌹,3,قبل سنتين,Fitness gym,صالة رياضة,google_maps
5849,جيد جدا,4,تاريخ التعديل: قبل 3 سنوات,Fitness gym,صالة رياضة,google_maps
5852,مكان كويس,5,قبل 5 أشهر,مستشفي المركز الطبي الإنجيلي بالقاهرة,مستشفى,google_maps
5854,ماانصحش حد بها المريضة قضت فيها ٤ ساعات وموتوها  واخدو ١٦٠٠٠,1,قبل سنة,مستشفي المركز الطبي الإنجيلي بالقاهرة,مستشفى,google_maps
5855,"A good private clinic. I had an infection on my foot and they performed an abscess drainage surgery under local anesthesia and it went very well. It’s healing very nicely so far, so this clinic was good and I recommend it!",4,قبل سنة,مستشفي المركز الطبي الإنجيلي بالقاهرة,مستشفى,google_maps
5857,"المركز الطبي الإنجيلي بالقاهرة ..
مركز جميل ومنظم ونظيف ومرتب جداً، لكنه يحتاج للقليل من الإهتمام من القائمين علي أمره بالصيانة والترتيب ومراجعة بعض التفاصيل بالمبني.",4,قبل سنة,مستشفي المركز الطبي الإنجيلي بالقاهرة,مستشفى,google_maps
5859,فى تحسن مستمر وقمه الاحترام,5,قبل سنتين,مستشفي المركز الطبي الإنجيلي بالقاهرة,مستشفى,google_maps
5860,Would you please update or comment your valid phone number,3,قبل سنتين,مستشفي المركز الطبي الإنجيلي بالقاهرة,مستشفى,google_maps
5861,ممتاز جدا,5,قبل 3 سنوات,مستشفي المركز الطبي الإنجيلي بالقاهرة,مستشفى,google_maps
5864,Great hospital 💪💪👍👍,4,قبل 4 سنوات,مستشفي المركز الطبي الإنجيلي بالقاهرة,مستشفى,google_maps
5865,"One of the best dental experiences we’ve ever had for our 2-year-old. As parents, we were very anxious, but the doctor made us feel comfortable and handled our child with great care, patience, and professionalism. Truly appreciated.",5,قبل شهر,Dental District Cairo - Serving New Cairo,عِيادة أسنان,google_maps
5867,"Never think twice coming to Dental District, Dr. Mohamed is one of the best dentists in Cairo 🙏🏼❤️

I highly recommend ⭐️",5,قبل شهرين,Dental District Cairo - Serving New Cairo,عِيادة أسنان,google_maps
5868,"Very clean and professional clinic with excellent hygiene standards and modern equipment.

Dr. Mohammed is highly skilled, calm, and professional, and makes you feel comfortable throughout the visit.

Great experience overall & highly recommended.",5,قبل شهرين,Dental District Cairo - Serving New Cairo,عِيادة أسنان,google_maps
5869,"It’s the most hygienic , professional and friendly dental.. simply the best out there.",5,قبل شهرين,Dental District Cairo - Serving New Cairo,عِيادة أسنان,google_maps
5870,"Everything was extremely clean and hygienic from the moment I walked in. Doctor Mohammad is great, very professional and reassuring. I had a dental implant done and the whole process was smooth with perfect results. Highly recommended.",5,قبل شهرين,Dental District Cairo - Serving New Cairo,عِيادة أسنان,google_maps
5871,"Very neat, everything is clean, the doctors and the staff are very professional. I’ve tried several procedures like having crowns done, teeth whitening and checkups, all perfect.",5,قبل شهرين,Dental District Cairo - Serving New Cairo,عِيادة أسنان,google_maps
5872,"Very clean, with great quality materials, and best Doctor",5,قبل شهرين,Dental District Cairo - Serving New Cairo,عِيادة أسنان,google_maps
5873,"Absolutely excellent customer service, friendly, English speaking dentist, very positive and easy experience. Highly recommended!!  very clean, friendly, accommodating, fast service. I’m so happy I found them after moving here!  Thank you!",5,قبل شهرين,Dental District Cairo - Serving New Cairo,عِيادة أسنان,google_maps
5874,"I flew from the U.S. to Egypt for dental treatment, and I couldn’t be happier with the results. The doctor’s thorough knowledge and meticulous approach gave me confidence in selecting them. His staff are equally excellent, always ready to offer guidance and assist with every step of the process. If you are reading this, then you have found a gem.",5,قبل 3 أشهر,Dental District Cairo - Serving New Cairo,عِيادة أسنان,google_maps
5875,"The dentists are exceptionally kind and approachable. They take the time to explain everything clearly and ensure that you feel completely comfortable throughout your visit.
They also have an extraordinary pediatric dentist.

The prices is good",5,تاريخ التعديل: قبل 3 أشهر,Dental District Cairo - Serving New Cairo,عِيادة أسنان,google_maps
5876,"Super comfy ,clean, always welcoming, Dr karim Galal one of the best dentists in Egypt, highly recommended",5,قبل 5 أشهر,Dental District Cairo - Serving New Cairo,عِيادة أسنان,google_maps
5877,"Relaxing vibes, smiley faces, professional hands, Dr. Kareem is a very good listener and he explained everything in details. Definitely recommend",5,قبل 5 أشهر,Dental District Cairo - Serving New Cairo,عِيادة أسنان,google_maps
5880,"Great experience, happy with my smile",5,قبل 6 أشهر,Dental District Cairo - Serving New Cairo,عِيادة أسنان,google_maps
5881,Very satisfied,5,قبل 7 أشهر,Dental District Cairo - Serving New Cairo,عِيادة أسنان,google_maps
5882,"I’ve been a loyal patient of Dr. Kareem for almost a year now , and he completely changed my view on dental visits. He helped me overcome my serious dental phobia, and now every appointment feels welcoming and stress-free.and even enjoyable  (never thought I’d say that about a dentist!)  . This is by far the best dental clinic I’ve ever been to, and I don’t think five stars are even enough to rate it properly. Highly, highly recommend! ❤️",5,قبل 8 أشهر,Dental District Cairo - Serving New Cairo,عِيادة أسنان,google_maps
5883,Absolutely Outstanding Dental Care!,5,قبل 8 أشهر,Dental District Cairo - Serving New Cairo,عِيادة أسنان,google_maps
5884,The best clinic for dental implants and crowns,5,قبل 9 أشهر,Dental District Cairo - Serving New Cairo,عِيادة أسنان,google_maps
5885,مشاء الله عياده جميله اوي و دكتور شاطر و ممتاز اوي و المعامله,5,قبل 9 أشهر,Dental District Cairo - Serving New Cairo,عِيادة أسنان,google_maps
5886,"Amazing experience Dr Karim is very professional and kind, highly recommended to visit dental district clinic",5,قبل 10 أشهر,Dental District Cairo - Serving New Cairo,عِيادة أسنان,google_maps
5887,الدكتور كويس جدا..ايده خفيفة .. خلعت عنده ضرس العقل محستش خالص..يسلمو جدا,5,قبل 10 أشهر,Dental District Cairo - Serving New Cairo,عِيادة أسنان,google_maps
5888,P R O F E S S I O N A L I T Y👌,5,قبل 11 شهرًا,Dental District Cairo - Serving New Cairo,عِيادة أسنان,google_maps
5889,Amazing clinic and Dr.Karim is a very knowledgeable and skilful doctor,5,قبل 11 شهرًا,Dental District Cairo - Serving New Cairo,عِيادة أسنان,google_maps
5890,Dr. Kareem made the experience seamless. He explained the details of the procedure and made sure I was well informed every step of the way. I highly recommend him & his staff and will be coming back for more dental services!,5,قبل سنة,Dental District Cairo - Serving New Cairo,عِيادة أسنان,google_maps
5891,"I came to dental district, I had abest dental experience ever and the clinic is very
professional in terms of service
Doctors was very patient and accommodating to the issues
The clinic is very clean and comfortable ❤️❤️",5,قبل سنة,Dental District Cairo - Serving New Cairo,عِيادة أسنان,google_maps
5892,بجد بجد انتي رائعه من غير الچيل بتاعك مقدرش أعيش😍حقيقي كل حاجه في المكان حلوه اوي ودايما امشي مبسوطه من عندك بجد شكرا يا مارينا ❤️🌹🫶😘🥰,5,قبل شهر,Beauty salon Glowing,صالون تجميل,google_maps
5894,شغلهم بالشع حلو مره شعري صعب بسرعه ينفش ضبطه لي و الرموش جميله,5,قبل 3 أشهر,Beauty salon Glowing,صالون تجميل,google_maps
5895,"I was flying into Cairo and looking for a same-day full nail set with gel polish appointment. I messaged multiple nail salons before getting on the plane and Marina was the only one who answered with a time and price. I landed and settled into my hotel room by 8pm and she was so accommodating even though the salon closed at 10pm.

Once I sat in her chair, she was very professional and social in the same time. Marina knew exactly what I wanted, worked efficiently, was very fun and outgoing, and even invited me to hang out afterwards. Her work was clean, gorgeous, and high quality: 1500EGP for a new full set with gel polish with no charge for rush or overtime!

1000000% recommend her; she will absolutely be my nail and lash tech the next time I come to Cairo.",5,قبل 6 أشهر,Beauty salon Glowing,صالون تجميل,google_maps
5898,اجمل شغل اظافر وتعمالهم عسلللل❤️🇧🇭,5,قبل 9 أشهر,Beauty salon Glowing,صالون تجميل,google_maps
5899,"Best place for Nails in town. They have Hard Gel, Acrylic extensions as well as the regular gel color & treatments. The service is great, friendly & customer oriented. Prices are very reasonable. Will attach the before & after photos. I went for gel color this time but I have been doing hard gel for years with them. Ask for Marina she’s the best. They’re also very good with eyebrows threading.",5,قبل 10 أشهر,Beauty salon Glowing,صالون تجميل,google_maps
5901,Really amazing everything is perfect the place the people are soo nice and friendly everything is amazing❤❤❤,5,قبل 10 أشهر,Beauty salon Glowing,صالون تجميل,google_maps
5903,"Thanks maro bgd mn a7sn el nas
Nails bt3tk to7faaaa😍♥️♥️♥️♥️",5,قبل 10 أشهر,Beauty salon Glowing,صالون تجميل,google_maps
5904,خدمة فوق الممتازة في كل حاجة عملت شعرى واظافرى وكانت احلي مرة اعمل فيها بصراحة انصح كل الناس بالصالون شكرا بيبو ومارينا,5,قبل 10 أشهر,Beauty salon Glowing,صالون تجميل,google_maps
5905,"مره شغلها حلووووووو ونظييييف للاظافر
وسعر مناسب",5,قبل سنة,Beauty salon Glowing,صالون تجميل,google_maps
5908,صالون جميل,4,قبل سنة,Beauty salon Glowing,صالون تجميل,google_maps
5909,مقابل الماريوت تخرجين من بوابة برج الزمالك على طول تقريبا ثالث عمارة على اليسار,4,قبل سنة,Beauty salon Glowing,صالون تجميل,google_maps
5910,جيد والطاقم مميز,5,قبل سنة,Beauty salon Glowing,صالون تجميل,google_maps
5911,مشاء الله مارينا شغلها تحفة علطول بعمل عندها الهارد چيل ولا أروع 💋🌹❤️,5,قبل سنة,Beauty salon Glowing,صالون تجميل,google_maps
5912,ناس محترمة,5,قبل 3 أشهر,mkm للملابس الجاهزة بالجمله,متجر ملابس,google_maps
5913,"المحل حلو
المعاملة ممتازة
العرض رائع
الخامات حلوة
و اسعارهم في المعقول",5,قبل 7 أشهر,mkm للملابس الجاهزة بالجمله,متجر ملابس,google_maps
5914,افضل شركات الملابس بالجمله للمحلات التجارية ولمكاتب الجمله  والأقمشة,5,تاريخ التعديل: قبل 8 أشهر,mkm للملابس الجاهزة بالجمله,متجر ملابس,google_maps
5916,جميع الملابس بسعر الجمله,5,قبل سنة,mkm للملابس الجاهزة بالجمله,متجر ملابس,google_maps
5918,عٌدٍروٌ,5,قبل 3 سنوات,mkm للملابس الجاهزة بالجمله,متجر ملابس,google_maps
5919,جمله فقط,5,قبل 4 سنوات,mkm للملابس الجاهزة بالجمله,متجر ملابس,google_maps
5920,مكان عالمى,5,قبل 4 سنوات,mkm للملابس الجاهزة بالجمله,متجر ملابس,google_maps
5921,مكان يتميز ببيع ملابس الرجال و الشباب بالجملة فقط و عندهم منتجات جودتها رائعة,4,قبل 4 سنوات,mkm للملابس الجاهزة بالجمله,متجر ملابس,google_maps
5922,Very Good price and great quality👍👍,5,قبل 4 سنوات,mkm للملابس الجاهزة بالجمله,متجر ملابس,google_maps
5924,they are so helpful and their matetials are very good and deserving,5,قبل 5 سنوات,mkm للملابس الجاهزة بالجمله,متجر ملابس,google_maps
5925,ناس منتهى الذوق,5,قبل 5 سنوات,mkm للملابس الجاهزة بالجمله,متجر ملابس,google_maps
5926,مكان جيدا جدا في البيتزا,5,قبل 7 أشهر,بيتزا الزعيم فرع غمره,مطعم بيتزا,google_maps
5927,بيتزا الزعيم احسن بيتزا في مصر,5,قبل 9 أشهر,بيتزا الزعيم فرع غمره,مطعم بيتزا,google_maps
5928,البيتزا طعم ممتاز👍👏,5,قبل سنة,بيتزا الزعيم فرع غمره,مطعم بيتزا,google_maps
5929,بيتزا تشيكن بارب كيو راءعه جدا بسعر ممتاز,5,قبل سنة,بيتزا الزعيم فرع غمره,مطعم بيتزا,google_maps
5930,لطيف .. و العمال محترمين و سريعين,4,قبل سنة,بيتزا الزعيم فرع غمره,مطعم بيتزا,google_maps
5931,"بسم الله ماشاء الله افضل واحسن بيتزا كلتها فى
😋😋❤️ حياتى",5,قبل سنة,بيتزا الزعيم فرع غمره,مطعم بيتزا,google_maps
5932,طعم وجوده وسعر في متناول الجميع,5,قبل سنة,بيتزا الزعيم فرع غمره,مطعم بيتزا,google_maps
5933,تجربه ممتاز ولاكل تحفه,5,قبل سنة,بيتزا الزعيم فرع غمره,مطعم بيتزا,google_maps
5934,المكان روعه,5,قبل سنة,بيتزا الزعيم فرع غمره,مطعم بيتزا,google_maps
5936,البيتزا روعه,5,قبل سنة,بيتزا الزعيم فرع غمره,مطعم بيتزا,google_maps
5937,تسلم ايدك ممتاز,5,قبل سنة,بيتزا الزعيم فرع غمره,مطعم بيتزا,google_maps
5938,معقول واسعار معقوله,3,قبل سنة,بيتزا الزعيم فرع غمره,مطعم بيتزا,google_maps
5939,بيعمل بيتزا تحفه و مش غالي,5,قبل سنة,بيتزا الزعيم فرع غمره,مطعم بيتزا,google_maps
5940,بيتزا البيف تحفه,5,قبل سنتين,بيتزا الزعيم فرع غمره,مطعم بيتزا,google_maps
5941,جودة عالية جدا ماشاء الله,5,قبل سنتين,بيتزا الزعيم فرع غمره,مطعم بيتزا,google_maps
5943,البيتزا تحفه بجد,5,قبل سنتين,بيتزا الزعيم فرع غمره,مطعم بيتزا,google_maps
5944,بسم الله ماشاء ♥,5,قبل سنتين,بيتزا الزعيم فرع غمره,مطعم بيتزا,google_maps
5946,"البيتزا بالفراخ طعهماااا كويس جدا الحمدلله 💙

ولكن المفروض يمنع شرب السجائر بداخل المحل 💐",4,قبل سنتين,بيتزا الزعيم فرع غمره,مطعم بيتزا,google_maps
5949,مكان جامد بجد الخدمه ممتازه و المكان كويس جدا,5,قبل 9 أشهر,Star cafe,كافيه,google_maps
5950,الشيشة والقعدة حلوة اوي اوي اوي,5,قبل سنة,Star cafe,كافيه,google_maps
5951,مقبول,3,قبل 3 سنوات,Star cafe,كافيه,google_maps
5952,"مشاريب ممتازة .. وقعدة لطيفة.. وخدمة متميزة..
مش شرط تعرف تعمل فيه كل حاجة حسب اللي بيختاروه يشغلوه عال DJ والشاشات ..
احلى ايام لما يكون فيه ماتشات",4,قبل 3 سنوات,Star cafe,كافيه,google_maps
5953,المكان مقفل لاتضربو مشوار ع الفاضي,1,قبل سنة,Nora Beauty Salon & Spa,صالون تجميل,google_maps
5956,تم غلق الفرع,2,قبل 3 سنوات,Nora Beauty Salon & Spa,صالون تجميل,google_maps
5957,السلام عليكم الصالون فاتح ؟؟,5,قبل 3 سنوات,Nora Beauty Salon & Spa,صالون تجميل,google_maps
5959,Worthiest manicure and pedicure i have ever had,1,تاريخ التعديل: قبل 5 سنوات,Nora Beauty Salon & Spa,صالون تجميل,google_maps
5961,"Excellent
Hair stylist was nice and professional
The facial treatment 5*
Affordable prices",5,قبل 6 سنوات,Nora Beauty Salon & Spa,صالون تجميل,google_maps
5962,يوجد به افضل الصناعية,4,قبل 6 سنوات,Nora Beauty Salon & Spa,صالون تجميل,google_maps
5964,مناسب للطلبات البسيطة,4,تاريخ التعديل: قبل أسبوع,El Sawaf Supermarket,سوبرماركت,google_maps
5965,معقول لوجوده وخده فى المنطقه ولكن للحاجات الضروريه فقط,5,قبل 6 أشهر,El Sawaf Supermarket,سوبرماركت,google_maps
5966,خبرة السنين,5,قبل 7 أشهر,El Sawaf Supermarket,سوبرماركت,google_maps
5967,الخدمة رائعة و الاوردر بيجي بسرعة و مظبوط,5,قبل 7 أشهر,El Sawaf Supermarket,سوبرماركت,google_maps
5968,جميل جدا وناس محترمين,5,قبل سنتين,El Sawaf Supermarket,سوبرماركت,google_maps
5970,كويس,3,قبل 3 سنوات,El Sawaf Supermarket,سوبرماركت,google_maps
5971,Small supermarket attached to Grand Residence  compound in New Cairo,4,قبل 3 سنوات,El Sawaf Supermarket,سوبرماركت,google_maps
5972,جيد,5,قبل 4 سنوات,El Sawaf Supermarket,سوبرماركت,google_maps
5973,خدمه ممتازة,5,قبل 4 سنوات,El Sawaf Supermarket,سوبرماركت,google_maps
5974,"Grocery store.  Frozen. Cheese fridge. Crisps and kids sweets . Fair varieties ov pops drinks  "" of course no alcohol drinks available "" ice cream an more ... wot i found was really good they got corner ov things everyone need it sort ov glue ""amer"" plugs for electrics and more things . Good place to park in front ov it . Safe place an honest seller.  24 hurs and delivery available.  100 % recommended and beside it theres pharmacy with electronic payment available",5,قبل 4 سنوات,El Sawaf Supermarket,سوبرماركت,google_maps
5978,"I visited Professor Dr. Alaa, she was excellent and very friendly. She attended the clinic on her day off, very much appreciated.",5,تاريخ التعديل: قبل 4 أشهر,مجمع عيادات الرحاب التخصصي | MR Polyclinics,مركز طبي,google_maps
5979,خدمة محترمة,5,قبل 4 أشهر,مجمع عيادات الرحاب التخصصي | MR Polyclinics,مركز طبي,google_maps
5980,احسن مكان بجد معاملة اخر رقي ومش بيسيبوا حد نهائي واحسن خدمة وعلاج,5,قبل 4 أشهر,مجمع عيادات الرحاب التخصصي | MR Polyclinics,مركز طبي,google_maps
5981,Perfect 👌,5,قبل 4 أشهر,مجمع عيادات الرحاب التخصصي | MR Polyclinics,مركز طبي,google_maps
5983,لا يبدو عليعا مظهر العيادات وليس لها علاقة بالنشاط الطبي ... غرف وممرات ضيقة,2,قبل 5 أشهر,مجمع عيادات الرحاب التخصصي | MR Polyclinics,مركز طبي,google_maps
5985,اريد رقم تواصل واتسب,5,قبل 7 أشهر,مجمع عيادات الرحاب التخصصي | MR Polyclinics,مركز طبي,google_maps
5987,"المكان جيد لكن للأسف
تشخيص خاطئ من دكتور العظام / محمد اكمل دياب كلفني أموال ووقت ومجهود",2,قبل 8 أشهر,مجمع عيادات الرحاب التخصصي | MR Polyclinics,مركز طبي,google_maps
5988,Excellent place and clean,5,قبل 9 أشهر,مجمع عيادات الرحاب التخصصي | MR Polyclinics,مركز طبي,google_maps
5989,ممتاز ودكاتره محترمين,5,قبل 11 شهرًا,مجمع عيادات الرحاب التخصصي | MR Polyclinics,مركز طبي,google_maps
5990,Perfect place,5,قبل سنة,مجمع عيادات الرحاب التخصصي | MR Polyclinics,مركز طبي,google_maps
5991,بة نخبه من الأطباء...علم واخلاق,5,قبل سنة,مجمع عيادات الرحاب التخصصي | MR Polyclinics,مركز طبي,google_maps
5993,بجد تحفهه والمكان نضيف,5,قبل 7 أشهر,بيتزا ايطاليا,مطعم,google_maps
5994,جيد جدا ❤️❤️,5,قبل 7 أشهر,بيتزا ايطاليا,مطعم,google_maps
5995,Very nice 💯,5,قبل 8 أشهر,بيتزا ايطاليا,مطعم,google_maps
5996,رائع أنه ممتاز حقا,5,قبل 8 أشهر,بيتزا ايطاليا,مطعم,google_maps
5997,طعم ممتاز,5,قبل 9 أشهر,بيتزا ايطاليا,مطعم,google_maps
5998,ولا اديلو ولا نجمه انا طلبت اوردر عشان انا في المستشفي قالي أن المكان بعيد والفرق بين المكان اللي انا فيه والمكان اللي المطعم فيه 13دقيقه بالظبط  ازي يعني يرفض هو فاتح عشان يختار الزبون ولا ايه مش فاهمه,1,قبل 9 أشهر,بيتزا ايطاليا,مطعم,google_maps
5999,اكله مناسب للجميع,5,قبل 10 أشهر,بيتزا ايطاليا,مطعم,google_maps
6000,ممتاز ومن افضل المطاعم,5,قبل سنة,بيتزا ايطاليا,مطعم,google_maps
6001,احلا بيتزا في الدنيا,5,قبل سنة,بيتزا ايطاليا,مطعم,google_maps
6002,تجربه جيده للغايه ♥ والطيار تعامله ممتاز ♥,5,قبل سنة,بيتزا ايطاليا,مطعم,google_maps
6003,Comida deliciosa y buenísimo servicio.,5,قبل سنتين,بيتزا ايطاليا,مطعم,google_maps
6004,أطعم بيتزا في عابدين ❤️,5,قبل سنتين,بيتزا ايطاليا,مطعم,google_maps
6005,احسن بيتزا في مصر 👍❤️❤️❤️❤️❤️❤️❤️❤️,5,قبل سنتين,بيتزا ايطاليا,مطعم,google_maps
6007,ممتاز,5,قبل سنتين,بيتزا ايطاليا,مطعم,google_maps
6008,احلى بيتزا فعلا,5,قبل سنتين,بيتزا ايطاليا,مطعم,google_maps
6009,الاكل تحفه والخدمة ممتازة والمعامله ذوق جدا والاسعار مش غاليه خالص ربنا يبارك في رزقكم دايما,5,قبل أسبوع,مشويات سخسخ,مطعم مأكولات مشوية,google_maps
6010,تجربة ممتعة,5,قبل شهر,مشويات سخسخ,مطعم مأكولات مشوية,google_maps
6011,"Very good, delicious grilled meat. The owner is very nice and honest. Excellent price/quality ratio.",5,قبل شهر,مشويات سخسخ,مطعم مأكولات مشوية,google_maps
6012,الطعم و الخامات ممتازه .بصراحه ما اكلتش اكل حلو كده من فتره كبيره,5,قبل 3 أشهر,مشويات سخسخ,مطعم مأكولات مشوية,google_maps
6013,"The place is noisy, with the sound of motorcycles making the seating quite uncomfortable, but the food is excellent and the service is fairly good.",4,قبل 8 أشهر,مشويات سخسخ,مطعم مأكولات مشوية,google_maps
6015,Excellent,5,قبل سنة,مشويات سخسخ,مطعم مأكولات مشوية,google_maps
6016,"مطعم جميل.
والاكل. فوق. الممتاز",5,قبل سنتين,مشويات سخسخ,مطعم مأكولات مشوية,google_maps
6018,ممتاذ,5,قبل سنتين,مشويات سخسخ,مطعم مأكولات مشوية,google_maps
6019,"It was very good, we will come again!",5,قبل 3 سنوات,مشويات سخسخ,مطعم مأكولات مشوية,google_maps
6020,اكثر من رائع,5,قبل 3 سنوات,مشويات سخسخ,مطعم مأكولات مشوية,google_maps
6021,ممتاز جداً وهناك صناعية مشوياات اسمه زيكو ممتاز جدا جدا كل الشكر للعاملين ب المطعم ممتاز جداً,5,قبل 3 سنوات,مشويات سخسخ,مطعم مأكولات مشوية,google_maps
6022,ما شاء الله طعم وأمانة ونظافة,5,قبل 3 سنوات,مشويات سخسخ,مطعم مأكولات مشوية,google_maps
6023,بوتيك جميل في الزمالك,3,قبل 4 أشهر,BOUTIQUE 51,متجر ملابس حريمي,google_maps
6025,الموقع جميل والبضاعة متجددة، والناس اللي تشتغل فيه مرحبة، الاسعار شوي غالية لكن البضاعة تستاهل👌,5,قبل 10 أشهر,BOUTIQUE 51,متجر ملابس حريمي,google_maps
6026,The stuff is very rude.,1,قبل سنة,BOUTIQUE 51,متجر ملابس حريمي,google_maps
6027,بضاعته جميله. بس غالي شويه,5,قبل سنتين,BOUTIQUE 51,متجر ملابس حريمي,google_maps
6028,السلام عليكم كيف اتوصل معاكم,5,قبل سنتين,BOUTIQUE 51,متجر ملابس حريمي,google_maps
6029,Nice collection,4,قبل سنتين,BOUTIQUE 51,متجر ملابس حريمي,google_maps
6030,ملابس واحذية نسائية,4,قبل 3 سنوات,BOUTIQUE 51,متجر ملابس حريمي,google_maps
6031,قطع مختلفه,5,قبل 3 سنوات,BOUTIQUE 51,متجر ملابس حريمي,google_maps
6033,جيد جدا ومختلف,5,قبل 3 سنوات,BOUTIQUE 51,متجر ملابس حريمي,google_maps
6035,الملابس جميلة ومرتبة,5,قبل 3 سنوات,BOUTIQUE 51,متجر ملابس حريمي,google_maps
6036,غالي جدا لا يستحق الزيارة,1,قبل 3 سنوات,BOUTIQUE 51,متجر ملابس حريمي,google_maps
6040,Very calm place and excellent service a nice place to work or have fun with your friends at.,5,قبل 8 أشهر,Cafe Cacao,كافيه,google_maps
6042,"I recently visited café Cacao and my experience was disappointing on multiple levels. I ordered a Spanish latte, but the waiter served it cold instead of hot. When I pointed out the mistake, he made a second attempt, but the result was an undrinkable Spanish latte. To add insult to injury, I was charged for both drinks, even though the mistake was entirely on their end.

On top of that, the price for the Spanish latte was outrageously overpriced, especially considering the poor quality of the drink and the lack of basic customer service. This café clearly prioritizes profit over customer satisfaction, and I would not recommend it to anyone seeking good service or value for money.",1,قبل سنة,Cafe Cacao,كافيه,google_maps
6044,Bad,1,قبل سنتين,Cafe Cacao,كافيه,google_maps
6045,Favorite place ❤️,5,قبل 3 سنوات,Cafe Cacao,كافيه,google_maps
6046,"Small cafe, Shisha and beverages are ok",3,قبل 3 سنوات,Cafe Cacao,كافيه,google_maps
6049,انصح بة,4,قبل سنة,مطعم مشويات,مطعم مأكولات مشوية,google_maps
6050,كويس,1,قبل سنة,مطعم مشويات,مطعم مأكولات مشوية,google_maps
6051,مطعم رائع وجميل,5,تاريخ التعديل: قبل سنتين,مطعم مشويات,مطعم مأكولات مشوية,google_maps
6052,جميل جدا تسلم الايادي على المجهود الرائع في إحضار الاكل والشرب كل من يريد شئ والخدمه غوق الامتياز والجودة العالية في كل الأصناف التي اتخذتها داخل المطعم ... اشكرك على هذا المجهود الرائع,5,قبل سنتين,مطعم مشويات,مطعم مأكولات مشوية,google_maps
6053,لا بأس به,3,قبل سنتين,مطعم مشويات,مطعم مأكولات مشوية,google_maps
6054,"Very good prices for very high quality foods
Real meat and good clean cooking. Try it and you will see  .",5,قبل 3 سنوات,مطعم مشويات,مطعم مأكولات مشوية,google_maps
6055,اكلة كويس اسعارة غالية,5,قبل 4 سنوات,مطعم مشويات,مطعم مأكولات مشوية,google_maps
6056,طعم ممتاز,4,قبل 4 سنوات,مطعم مشويات,مطعم مأكولات مشوية,google_maps
6057,ممتاز,5,قبل 4 سنوات,مطعم مشويات,مطعم مأكولات مشوية,google_maps
6059,أسعارهم عاليه كثير,1,قبل سنة,ابوظريفة فول وطعمية,مطعم فلافل,google_maps
6063,"جميل
جدآ جدآ جدآ",5,قبل سنتين,ابوظريفة فول وطعمية,مطعم فلافل,google_maps
6064,الفول عتده تحفه والطعميه على الرايق والبطاطس عاديه السلطه البلدى عنده جميله بس مفيش مكان للاكل هى دكه بلدى بس وعشان توصل هو فى منطقة من التراث الشعبي يعنى تنفع لمجموعة شباب وبنات معاهم لكن منصحش بنات تروح لوحدها ومتنساش تجرب القعده على قهوة كنكن اللى على ناصيه حارة العامرى,5,قبل سنتين,ابوظريفة فول وطعمية,مطعم فلافل,google_maps
6065,It is za best in za west,5,قبل 3 سنوات,ابوظريفة فول وطعمية,مطعم فلافل,google_maps
6067,الطعمية هايلة,3,قبل 3 سنوات,ابوظريفة فول وطعمية,مطعم فلافل,google_maps
6068,جامد,5,قبل 3 سنوات,ابوظريفة فول وطعمية,مطعم فلافل,google_maps
6069,احلى مطعم,5,قبل 3 سنوات,ابوظريفة فول وطعمية,مطعم فلافل,google_maps
6070,"من افضل المطاعم من حيث الطعم والنضافة وكل حاجة والساندوتش الطعمية عندهم من عالم تاني والباذنجان المخلل مميز

بس للاسف قلوا الكمية في علبة الفول ب ١٠ لعلبة اصغر بدون سبب",5,قبل 3 أشهر,فول فلافل المعلمين,مطعم فلافل,google_maps
6074,مكان كويس,4,قبل 3 سنوات,فول فلافل المعلمين,مطعم فلافل,google_maps
6076,مطعم ممتاذ,5,تاريخ التعديل: قبل 3 سنوات,فول فلافل المعلمين,مطعم فلافل,google_maps
6077,Very good place,5,قبل 4 سنوات,فول فلافل المعلمين,مطعم فلافل,google_maps
6079,حاجتهم حلوة جداً في الطعم ونظيفة والتعامل جيد,4,قبل 4 سنوات,فول فلافل المعلمين,مطعم فلافل,google_maps
6080,أحلى مطعم فول وطعمية في سراي القبة,5,قبل 5 سنوات,فول فلافل المعلمين,مطعم فلافل,google_maps
6082,ممتاز .. فلافل ولا اروع,4,قبل 6 سنوات,فول فلافل المعلمين,مطعم فلافل,google_maps
6084,"Speaks perfect english and has knowledge about drugs. Excellent pharmacy for tourists, definitely. Thank you!",5,قبل سنة,صيدليات الليثي,صيدلية,google_maps
6085,Rude People,1,قبل سنة,صيدليات الليثي,صيدلية,google_maps
6086,خدمة ممتازة وسريعة,5,قبل سنتين,صيدليات الليثي,صيدلية,google_maps
6087,سيئ جدا,1,قبل سنتين,صيدليات الليثي,صيدلية,google_maps
6088,صيدلية عريقة، لكن أرجوا إزالة الصور الفاضحة خارج المحل,1,تاريخ التعديل: قبل 4 سنوات,صيدليات الليثي,صيدلية,google_maps
6090,Great,5,قبل 6 سنوات,صيدليات الليثي,صيدلية,google_maps
6093,ممكن اوقات العمل,4,قبل 6 سنوات,صيدليات الليثي,صيدلية,google_maps
6095,الفراخ كلها زفره ومش مستوية كويس والشيف اللي واقف ع الشوايه معندوش فكره منصحش حد يجرب عشان نفسك متقفلش من الاكل كله,1,قبل شهر,مطعم البيت بيتك,مطعم مأكولات مشوية,google_maps
6096,طعم الأكل فوق الممتاز,5,قبل شهرين,مطعم البيت بيتك,مطعم مأكولات مشوية,google_maps
6097,المطعم ده نضيف و محترم اوى اوى,5,قبل 4 أشهر,مطعم البيت بيتك,مطعم مأكولات مشوية,google_maps
6100,مطعم محترم وفعلا الاكل جميل واللحمه والكفته بلدى وروعه تسلم ايدك والله وان شاء تكرر كتير,5,قبل 7 أشهر,مطعم البيت بيتك,مطعم مأكولات مشوية,google_maps
6101,احلي وانضف اكل,5,قبل 7 أشهر,مطعم البيت بيتك,مطعم مأكولات مشوية,google_maps
6102,احلي مطعم كباب وكفته في اكتوبر,5,قبل 7 أشهر,مطعم البيت بيتك,مطعم مأكولات مشوية,google_maps
6104,اكله تحفه الصراحه الله ينور شغل عالي,5,قبل 7 أشهر,مطعم البيت بيتك,مطعم مأكولات مشوية,google_maps
6106,اكل نضيف,5,قبل سنة,مطعم البيت بيتك,مطعم مأكولات مشوية,google_maps
6108,Good taste & price,5,قبل 3 سنوات,مطعم البيت بيتك,مطعم مأكولات مشوية,google_maps
6110,ممتازه,5,قبل 4 سنوات,مطعم البيت بيتك,مطعم مأكولات مشوية,google_maps
6111,معقول,4,قبل 4 سنوات,مطعم البيت بيتك,مطعم مأكولات مشوية,google_maps
6113,Balady Kofta & Hawawshy were very tasty and delivered faster than expected.,5,قبل 4 سنوات,مطعم البيت بيتك,مطعم مأكولات مشوية,google_maps
6114,"Basic taste of the grilled chicken.
It costs 50 EGP (1/2 grilled chicken + 1 salad + 1 Tehena + 4  breads)
Tehena is bad. (Juicy one)
The staff is friendly.",3,قبل 5 سنوات,مطعم البيت بيتك,مطعم مأكولات مشوية,google_maps
6116,Good,3,قبل 4 سنوات,مطعم الفول والطعمية,مطعم,google_maps
6117,مطعم جميل,5,قبل 6 سنوات,مطعم الفول والطعمية,مطعم,google_maps
6119,جميل,5,قبل 9 ساعات,Safir hotel cairo,فندق,google_maps
6121,افطار كان تمام مع خالد وماقصر وكان من افضل مايمكن يعطي الف عافيه,1,قبل 3 أشهر,Safir hotel cairo,فندق,google_maps
6122,"식사가 형편없다
종류만 많지 먹을게 없다
룸 사워도 안좋다",1,قبل 4 أشهر,Safir hotel cairo,فندق,google_maps
6123,"Realmente es un 4 estrellas. Necesita remodelar las  habitaciones y las zonas comunes. Buena ubicación. Tiene piscina, donde puedes cenar. El desayuno buffet es super completo. Las vistas no son buenas.",4,قبل 4 أشهر,Safir hotel cairo,فندق,google_maps
6124,"Hotel espectacular, buen servicio, buena comida.",5,قبل 5 أشهر,Safir hotel cairo,فندق,google_maps
6125,I wish i find rooms more clean and quiet but it wasn’t!,3,قبل 7 أشهر,Safir hotel cairo,فندق,google_maps
6127,"A recepción y buffet de diez , las habitaciones bastante viejas , los aires no funcionan correctamente , las ventanas no insonorizan y una buena limpieza y renovación le vendría bien , está pasable",3,قبل سنتين,Safir hotel cairo,فندق,google_maps
6128,"Отель в центре города, рядом с площалью Талааб, в 5 минутах ходьбы от площади Тахрир и Каирского Музея.
Номера чистые, ухоженные, кровати нормальные.
Окна не открыть - слишком шумно и сразу налетают комары. Дорогу очень хорошо слышно до часу ночи, только тогда успокаиваются, а египтяне сигналят в машинах постоянно, без всяких поводов. 
Много комаров проникает через вентиляцию, ночью будет пир (у них).",5,قبل سنتين,Safir hotel cairo,فندق,google_maps
6129,we stayed in three rooms and the excellant view of the nile river is the beauty.Also the pleasing staff in the hotel.,4,قبل 16 سنة,Safir hotel cairo,فندق,google_maps
6130,"After stayin in concorde el salam in cairo, i decided to shift to a hotel near nile for two nights for a change...||but i think the choice of hotel was wrong, its an average hotel, average service, average cleanliness..... etc etc",3,قبل 16 سنة,Safir hotel cairo,فندق,google_maps
6131,"جامد جداااا اسعار معقوله ناس محترمه جدااا
ربنا يوسعها عليكم يارب",5,قبل 3 أشهر,مشويات سعودي,مطعم مأكولات مشوية,google_maps
6133,معامله سيى,1,قبل 10 أشهر,مشويات سعودي,مطعم مأكولات مشوية,google_maps
6137,بصراحة ممتاز وجيد جدا,5,قبل سنة,مشويات سعودي,مطعم مأكولات مشوية,google_maps
6138,ممتاز,5,قبل سنة,مشويات سعودي,مطعم مأكولات مشوية,google_maps
6139,"خدمة عملاء اسوأ ما يكون .. بنتصل محدش بيرد.. الاكل جه حمضان ولما كلمناهم قالك هنبدله ولحد بعدها ب ٥ ساعات ولا اي حاجة حصلت. ونكلمهم ميردوش
فللاسف المكان اصبح عبء على الواحد انه يطلب منه حاجة",1,قبل سنة,مشويات سعودي,مطعم مأكولات مشوية,google_maps
6141,الأكل جيد جدا والأجواء مريحه,5,قبل سنتين,مشويات سعودي,مطعم مأكولات مشوية,google_maps
6142,Good prices 👍👍,3,قبل سنتين,مشويات سعودي,مطعم مأكولات مشوية,google_maps
6143,جيد جدا,4,تاريخ التعديل: قبل سنتين,مشويات سعودي,مطعم مأكولات مشوية,google_maps
6145,A little bit slow but excellent taste.,4,قبل 3 سنوات,مشويات سعودي,مطعم مأكولات مشوية,google_maps
6147,الاكل كويس وسعره معقول,4,قبل 4 سنوات,مشويات سعودي,مطعم مأكولات مشوية,google_maps
6150,very expert doctors there and very good tools and equipment and a very very clean place. My personal doctor was Dr loay was with me step by step to the end.,5,قبل 7 أشهر,"Diamond Dental Center, الفرع الرئيسي",عِيادة أسنان,google_maps
6152,I've been to a lot of doctors recently in many fields not just dental and I can say this place offers the most recent and most professional work. The doctors and assistants are very polite and respectful. I really appreciate the work and effort done by the doctors god bless them. I really recommend having your teeth done at this place.,5,قبل سنتين,"Diamond Dental Center, الفرع الرئيسي",عِيادة أسنان,google_maps
6153,"I am very pleased with the visit to the clinic all the staff are highly qualified , doctors have experience and qualified to do most of dental operations efficiently , the place is so clean , excellent sterilization for all dental equipments and devices and dental unit ♥️ i am so happy with this experience in Diamond dental center. There is no place for pain in Diamond dental center ♥️",5,تاريخ التعديل: قبل سنتين,"Diamond Dental Center, الفرع الرئيسي",عِيادة أسنان,google_maps
6154,حسب تجربتي الشخصيه أنصح الجميع بالتعامل مع عيادة دياموند وتحديدا فريق العمل الطبي وعلى رأسهم الدكتور محمد طلعت فقد كانوا على أعلى مستوى من المهنيه والاحتراف في العمل تحقيقا لأعلى مستويات النظافه ودقة العمل والمواعيد رغم تقدم وتعقيد حالتي المرضيه إلا أن النتائج كانت مبهره بفضل الله سبحانه وتعالى ثم مجهودات فريق العمل الطبي ذو الامكانيات الفنيه العالميه والخلق الرفيع,5,قبل سنتين,"Diamond Dental Center, الفرع الرئيسي",عِيادة أسنان,google_maps
6156,"one of the best doctors, he listens to your concerns carefully and meets your expectations of the treatment.",5,قبل سنتين,"Diamond Dental Center, الفرع الرئيسي",عِيادة أسنان,google_maps
6157,"I was very pleased by my visit to DDC, starting from the receptionist and the nurses who were very welcoming and cheerful, the place was clean and tidy. The Dr who examined and treated me was very professional, experienced, and he took his time in diagnosing and explaining the procedure carefully in very simple terms. I didn't feel any discomfort or pain throughout the visit at all...in fact it was relaxing and reasonably short (around 30min). The pricing was okay compared to nowadays dental care fees.
I recommended DDC to one of my relatives, and they were very pleased as well.
Thank you for the great service!",5,قبل سنتين,"Diamond Dental Center, الفرع الرئيسي",عِيادة أسنان,google_maps
6158,خدمه ممتازه و سريعه والاطباء علي اعلي مستوي,5,قبل سنتين,"Diamond Dental Center, الفرع الرئيسي",عِيادة أسنان,google_maps
6160,السلام عليكم ارغب بمراسلتكم على الواتس اب ان امكن قبل زيارتي للعيادة,5,قبل سنتين,"Diamond Dental Center, الفرع الرئيسي",عِيادة أسنان,google_maps
6161,"Very very professional and knowledgeable team. I am impressed with their high quality services, dental equipment and methods they using. I am comparing to Canada where I came from. Unbelievable amazing! Imaan at the front desk is amazing, I love the way she explain and finish the transaction with discretion, she can help you to find schedule and calls to remind the appointments. Dr. Mahmoud is just awesome, very professional and humble. He make sure to know everything you experiencing before he start, his hands are blessed because you won't feel anything. The 2 assistant are so helpful, all dental equipments for use are wrapped and sealed. All of them speaks English. All this at very low price compare to anywhere else. WONDERFUL EXPERIENCE AND AMAZING TEAM 👏.  May Allah bless you.",5,قبل 4 سنوات,"Diamond Dental Center, الفرع الرئيسي",عِيادة أسنان,google_maps
6162,عيادة محترمة جدا والدكاترة محترفين بجد والشغل كويس جدا جدا من احسن العيادات الي دخلتها,5,قبل 5 سنوات,"Diamond Dental Center, الفرع الرئيسي",عِيادة أسنان,google_maps
6163,"Doctors reply on phone all the time they are available all the time . They are very polite.
I have gone with a severe tooth ache and I never felt pain after that.
I am now making ortho with another doctor in the same clinic he is very professional
Thank you ❤️👏",5,قبل 9 سنوات,"Diamond Dental Center, الفرع الرئيسي",عِيادة أسنان,google_maps
6164,perfect clinic with an experienced doctor.,5,قبل 9 سنوات,"Diamond Dental Center, الفرع الرئيسي",عِيادة أسنان,google_maps
6165,Professional and perfect clinic,5,قبل 9 سنوات,"Diamond Dental Center, الفرع الرئيسي",عِيادة أسنان,google_maps
6168,"صيدلية 15137, ولي العهد بحدائق القبة",5,قبل 3 سنوات,صيدلية ولى العهد,صيدلية,google_maps
6170,it is the name of the street,5,قبل 8 سنوات,صيدلية ولى العهد,صيدلية,google_maps
6171,Good,5,قبل 8 سنوات,صيدلية ولى العهد,صيدلية,google_maps
6172,مكان جيد,5,قبل 8 سنوات,صيدلية ولى العهد,صيدلية,google_maps
6173,جيدين في كل شئ,5,قبل 8 سنوات,صيدلية ولى العهد,صيدلية,google_maps
6174,مغلق,1,قبل سنتين,مطعم فول,مطعم فلافل,google_maps
6175,ممتاز,5,قبل 4 سنوات,مطعم فول,مطعم فلافل,google_maps
6176,Good,5,قبل 4 سنوات,مطعم فول,مطعم فلافل,google_maps
6177,جميله,3,قبل 4 سنوات,مطعم فول,مطعم فلافل,google_maps
6178,"extremely unprofessional service, disrespectful to client’s time, trust & health condition..worst functioning medicine service ever with Dr. Marez Andrawes & her team.  DONT  let them fool you with their fake smiles & acting nice..they rarely respond and when they respond it’s  mainly because one keeps calling or texting  to follow up  on their work.  During My first physiotherapy session I had a teared muscle due to the trainer disqualification. I would never recommend this clinic to anyone, they will Push you to keep going to the Physio training even if u have a physiotherapist at home..with the excuse that it is a holistic approach…they are not honest nor clear  in their communication, let alone that Dr. Marez doesn’t communicate with clients directly when needed… Shame
On you..you wasted my time, money & energy.",1,قبل سنة,The Clinic,مركز طبي,google_maps
6179,"The clinic has a cozy atmosphere and provides great doctors, but the management and reception need improvement. They rarely answer the phone, making it difficult to schedule appointments or get assistance. Better responsiveness is crucial for a smoother patient experience.",2,قبل سنة,The Clinic,مركز طبي,google_maps
6180,"If I could’ve given this place zero stars I would’ve. This place is so unhygienic and unsafe. I’ve been getting laser here for over a year. The lady who does laser has changed in that time. The current woman is highly unprofessional and extremely lazy. She doesn’t map out the body like any professional would with lines she just does any garbage and waste your money. She also doesn’t have the basic education and hygiene awareness to wear gloves when touching your body. Like an idiot this woman was not paying attention and my labia during a Brazilian and said nothing. She shouldn’t be doing this job. She’s highly unqualified and will lead to injury. Also, the laser itself is extremely old and has not had any maintenance on it. It’s falling apart and looks disgusting. I’ve had 12 sessions and I’ve stopped having any improvements. They’re using burnt out laser and charging full price. Avoid this place they don’t do business ethically or hygienically.",1,قبل سنة,The Clinic,مركز طبي,google_maps
6181,Best care,5,قبل سنة,The Clinic,مركز طبي,google_maps
6183,very good experience best nutritionist in town!,5,تاريخ التعديل: قبل سنتين,The Clinic,مركز طبي,google_maps
6184,Avoid this place,1,قبل 3 سنوات,The Clinic,مركز طبي,google_maps
6185,"My appointment was at 2:00, waited 3 hours. Staff are terrible, robot like and do not keep turns",1,قبل 3 سنوات,The Clinic,مركز طبي,google_maps
6186,"Perfect place with Diverse high quality Medical, Nutrition, and Cosmetic Services.",5,قبل 3 سنوات,The Clinic,مركز طبي,google_maps
6187,"اشكر د حنان
ضمير واتقان في العمل",5,قبل 5 سنوات,The Clinic,مركز طبي,google_maps
6188,very bad,1,قبل 7 سنوات,The Clinic,مركز طبي,google_maps
6189,"Very bad services, I advise to avoid this clinic",1,قبل 8 سنوات,The Clinic,مركز طبي,google_maps
6190,The team are so friendly,5,قبل 8 سنوات,The Clinic,مركز طبي,google_maps
6191,Good experience. Professional staff and expert doctor,5,قبل 9 سنوات,The Clinic,مركز طبي,google_maps
6192,Super lékárna.,5,قبل شهرين,صيدلية باب الخلق,صيدلية,google_maps
6196,Excellent delivery service,5,قبل 9 سنوات,صيدلية باب الخلق,صيدلية,google_maps
6197,جيد,4,قبل 9 سنوات,صيدلية باب الخلق,صيدلية,google_maps
6198,ملابس راقية باثمنة مناسبة,5,قبل سنتين,ARAFA & DAJANI GOOD HOUSE,متجر ملابس حريمي,google_maps
6199,اختارات كتير من ملابس السيدات,5,قبل سنتين,ARAFA & DAJANI GOOD HOUSE,متجر ملابس حريمي,google_maps
6200,د.بيشوي شاطر ماشاء الله والعيادة نضيفة وبيهتموا بالتعقيم,5,قبل 5 أشهر,Dr Beshoy Malak Dental Clinic | عيادة أسنان دكتور بيشوي ملاك‎,عِيادة أسنان,google_maps
6201,"Very professional and smart doctor. I had to get a root canal and crown done and everything was done exceptionally, better than what is done by dentists in America. The doctor also took extra time out of his schedule to accommodate me and my family. Excellent work done for our family, the office was very clean, and the staff are super friendly! Highly recommended.",5,قبل سنة,Dr Beshoy Malak Dental Clinic | عيادة أسنان دكتور بيشوي ملاك‎,عِيادة أسنان,google_maps
6202,من احسن الشخصيات نظافه وإ انضباط في الوقت 👌🏽👌🏽👌🏽🤍🫡,5,قبل سنة,Dr Beshoy Malak Dental Clinic | عيادة أسنان دكتور بيشوي ملاك‎,عِيادة أسنان,google_maps
6204,بجد احسن دكتور فى مصر,5,قبل 3 سنوات,Dr Beshoy Malak Dental Clinic | عيادة أسنان دكتور بيشوي ملاك‎,عِيادة أسنان,google_maps
6207,دكتور بيشوى شاطر جدا جدا في شغله بيهتم جدا بالنظافة وأسعار كويسة جدا,5,قبل 4 سنوات,Dr Beshoy Malak Dental Clinic | عيادة أسنان دكتور بيشوي ملاك‎,عِيادة أسنان,google_maps
6208,من احسن دكاترة الاسنان في مصر اهتمام بالنظافة وموقع ممتاز واسعار كويسة جدا مواعيدة مظبوطة جدا 👍🏼👍🏼👌,5,قبل 4 سنوات,Dr Beshoy Malak Dental Clinic | عيادة أسنان دكتور بيشوي ملاك‎,عِيادة أسنان,google_maps
6212,جميلة,5,تاريخ التعديل: قبل 7 سنوات,Kiwan Pharmacy صيدليات كيوان,صيدلية,google_maps
6214,متخصصين بكفاءات الأطباء تعالى الأدوية متاحة,5,قبل 7 سنوات,Kiwan Pharmacy صيدليات كيوان,صيدلية,google_maps
6217,جيدة تعاون ممتاز,4,قبل سنة,العيادة al3yada,عيادة طبية,google_maps
6219,مكان نظيف تعامل راقي من دكتورة اميرة الله يبارك فيها ومن الاستقبال,5,قبل سنتين,العيادة al3yada,عيادة طبية,google_maps
6223,للأسف الموظفة المسئولة عن الاستقبال والحجز مدام/ هبة، اسلوبها وحش جدا مع المرضى وبتقفلك من المكان ده غير إنها كل شوية على التليفون ومش مهتمة بالناس,1,قبل 3 سنوات,العيادة al3yada,عيادة طبية,google_maps
6224,Excellent collection of consultants,5,قبل 4 سنوات,العيادة al3yada,عيادة طبية,google_maps
6226,تمام,5,2026-02-27,Elmenus,food_delivery,play_store
6227,مفيش اي احترافية ف التعامل,1,2026-02-16,Elmenus,food_delivery,play_store
6228,برنامج سئ جدا,1,2026-02-16,Elmenus,food_delivery,play_store
6229,ممتاز جدا جدا,5,2026-02-13,Elmenus,food_delivery,play_store
6230,بشع انا كاتبه العنوان صح المندوب يكلمني يقولي عنوان تاني وحاجه ف منتهي قله الادب,1,2026-02-12,Elmenus,food_delivery,play_store
6231,جميل,5,2026-02-12,Elmenus,food_delivery,play_store
6236,سيء,1,2026-01-28,Elmenus,food_delivery,play_store
6244,وحش جدا,1,2026-01-01,Elmenus,food_delivery,play_store
6245,ممتاز,5,2025-12-30,Elmenus,food_delivery,play_store
6247,رووووعه,5,2025-12-26,Elmenus,food_delivery,play_store
6250,لايغطي منطقتي السكنية الفسطاط منذ سنوات وبالنسبة لي هذا فشل,1,2025-12-16,Elmenus,food_delivery,play_store
6252,I ordered and that was my first order on my account from elmenus but no one helped me and customer service block my account,1,2025-12-08,Elmenus,food_delivery,play_store
6253,جميل جدا و رائع,5,2025-11-30,Elmenus,food_delivery,play_store
6254,بحدد موقعى ومش عايز يفتح المطاعم,1,2025-11-29,Elmenus,food_delivery,play_store
6256,شكرا علي حل المشكله,5,2025-11-20,Elmenus,food_delivery,play_store
6260,مفيش اي حرفية من خدمة العملاء وبيقبلو المال الحرام,2,2025-11-11,Elmenus,food_delivery,play_store
6261,ممتاز,5,2025-11-10,Elmenus,food_delivery,play_store
6264,ممتازة وكان عندي مشكلة وكلموني,5,2025-11-02,Elmenus,food_delivery,play_store
6266,سيئ,1,2025-10-29,Elmenus,food_delivery,play_store
6267,كويس,5,2025-10-24,Elmenus,food_delivery,play_store
6268,تطبيق فاشل لا يقبل التسجيل ولا الدخول,1,2025-10-20,Elmenus,food_delivery,play_store
6271,سئ جدا المطعم طلب ديبوزت وطلبت المطعم يتواصل معايا عشان نكسب وقت وللاسف خدمه عملاء الابلكيشن ضيعت نص ساعه وفي الاخر عاوزني هستني ساعه كأني لسه طالب الاوردر ولما موافقتش لغو الاوردر,1,2025-10-05,Elmenus,food_delivery,play_store
6272,ممتاز جدا جدا,5,2025-10-04,Elmenus,food_delivery,play_store
6273,ممتاز,5,2025-10-03,Elmenus,food_delivery,play_store
6274,خدمة عملاء ممتازة,5,2025-10-02,Elmenus,food_delivery,play_store
6276,كثير مطاعم مش موجودة في التطبيق او لا تعمل، بيهتموش ابدا بتعديلات على الطلب,1,2025-09-27,Elmenus,food_delivery,play_store
6277,جيد,4,2025-09-26,Elmenus,food_delivery,play_store
6280,خدمة ممتازة وأسعار وعروض افضل من أى مكان تانى واقل خدمة توصيل ممكن تشوفها ارخص من المطعم نفسة,5,2025-09-20,Elmenus,food_delivery,play_store
6282,جميل جدا,5,2025-09-05,Elmenus,food_delivery,play_store
6283,كان عندي ٥٠ جنيه على المحفظة فتحت لقيتها راحت,1,2025-09-03,Elmenus,food_delivery,play_store
6286,جامد واسعاره حلوه وكفايه أنه مش مقاطعه,5,2025-08-26,Elmenus,food_delivery,play_store
6287,رسوم توصيل كتير,1,2025-08-26,Elmenus,food_delivery,play_store
6289,اسوء ابلكيشن مفيش مره اطلب اوردر وف اهتمام ولا يوصل مشفتش اسوء من كده,1,2025-08-17,Elmenus,food_delivery,play_store
6290,تجربه غير مرضيه,1,2025-08-14,Elmenus,food_delivery,play_store
6291,ممتاز,5,2025-08-08,Elmenus,food_delivery,play_store
6294,سئ جدا .. تأخير في الاوردر اكتر من ساعتين .. و لما كلمت الدعم لقيت متسحل عندهم اوردر تاني خالص و اتلغي الاوردر .. اخر مرة اتعامل معاهم,1,2025-08-05,Elmenus,food_delivery,play_store
6295,مش بيوصل للاغلب المناطق,1,2025-08-03,Elmenus,food_delivery,play_store
6296,تجربه طيبه جميله بس . بقى قليل جدا اكواد الخصم زى زمان للاسف,4,2025-07-27,Elmenus,food_delivery,play_store
6300,ممتاز,5,2025-07-18,Elmenus,food_delivery,play_store
6301,ممتاز,5,2025-07-17,Elmenus,food_delivery,play_store
6302,وحش جدا,1,2025-07-17,Elmenus,food_delivery,play_store
6304,لا يوجد اوبشنز كثيرة مثل طلبات,3,2025-07-12,Elmenus,food_delivery,play_store
6309,البرنامج حلو جداااااا,5,2025-07-02,Elmenus,food_delivery,play_store
6310,كان عندي مشكلة وتم التواصل معايا وحلها بكل دقه وذوق من موظفة خدمة العملاء,5,2025-07-01,Elmenus,food_delivery,play_store
6314,ممتاز,5,2025-06-24,Elmenus,food_delivery,play_store
6316,برنامج مش حلو وكمان اونطه,1,2025-06-08,Elmenus,food_delivery,play_store
6317,يحتاج تحديث لقائمة المطاعم,3,2025-06-03,Elmenus,food_delivery,play_store
6319,ناس مظبوطة,5,2025-04-28,Elmenus,food_delivery,play_store
6321,ممتاز,5,2025-04-12,Elmenus,food_delivery,play_store
6322,ازبل تطبيق لا خدمة العملاء ولا احترام للعميل بجد تطبيق مكانه سلة الزبالة,1,2025-04-05,Elmenus,food_delivery,play_store
6323,رائع,5,2025-04-03,Elmenus,food_delivery,play_store
6325,ممتاز,5,2025-03-23,Elmenus,food_delivery,play_store
6327,غير مدعوم في منطقتي,1,2025-03-15,Elmenus,food_delivery,play_store
6330,الأسوأ بين السيئين,1,2025-02-11,Elmenus,food_delivery,play_store
6331,ابلكيشن ممتاز وخدمه عملاء في منتهي المصداقيه 🥰,5,2025-01-25,Elmenus,food_delivery,play_store
6332,تمام,4,2025-01-23,Elmenus,food_delivery,play_store
6333,ابلكيشن فاشل,1,2025-01-18,Elmenus,food_delivery,play_store
6334,التطبيق لا يعمل,1,2025-01-14,Elmenus,food_delivery,play_store
6337,ممتاز,5,2024-12-25,Elmenus,food_delivery,play_store
6338,زبالة لو في صفر كنت اديتة,1,2024-12-19,Elmenus,food_delivery,play_store
6341,اسوء برنامج واسوء اكل بيجى منه ومش بيردو ولا بيبدلو الاكل,1,2024-12-13,Elmenus,food_delivery,play_store
6342,ادارة الابلكيشن لا يستجيبوا للمشاكل ولا يلزمهم العميل أسوء تعامل,1,2024-12-13,Elmenus,food_delivery,play_store
6346,تحربة سيئة والطيرين غير امنه,1,2024-12-01,Elmenus,food_delivery,play_store
6349,حلو,5,2024-11-20,Elmenus,food_delivery,play_store
6350,جميل,5,2024-11-19,Elmenus,food_delivery,play_store
6352,اسواء ابلكشن,1,2024-11-16,Elmenus,food_delivery,play_store
6353,حقيقي تجربه ممتازه,5,2024-11-13,Elmenus,food_delivery,play_store
6354,مفيش خصومات,3,2024-11-13,Elmenus,food_delivery,play_store
6355,ممتاز,5,2024-11-08,Elmenus,food_delivery,play_store
6356,يفشل دائمآ في تحديد الموقع,1,2024-11-08,Elmenus,food_delivery,play_store
6357,رائع,5,2024-11-03,Elmenus,food_delivery,play_store
6358,ابلكيشن سخيف الاختيارات مش واضحه,1,2024-10-30,Elmenus,food_delivery,play_store
6360,كويس جدا,5,2024-10-26,Elmenus,food_delivery,play_store
6361,ممتاز جدآ جدآ جدآ,5,2024-10-22,Elmenus,food_delivery,play_store
6362,جميل,5,2024-10-20,Elmenus,food_delivery,play_store
6364,تطبيق سيئ جدا وبيتاخرو جدا في التوصيل,1,2024-10-13,Elmenus,food_delivery,play_store
6365,لايوجد اي خدمة العملاء,1,2024-10-09,Elmenus,food_delivery,play_store
6367,ذشضشششذسششذضششضشششءشذذشذضذشذشذ~,5,2024-09-23,Elmenus,food_delivery,play_store
6368,ممتاز جدا جدا جدا ومحترمين,5,2024-09-23,Elmenus,food_delivery,play_store
6370,اختيار المطاعم سيئ,1,2024-09-14,Elmenus,food_delivery,play_store
6371,مفيش خدمه توصيل داخل العبور خااالص,1,2024-09-11,Elmenus,food_delivery,play_store
6372,اسوء معامله واسوء تجربه,1,2024-09-07,Elmenus,food_delivery,play_store
6373,لغيت اورور في ساعتها متأخرتش دقيقة واحدة و مرضيش يلغي الاوردر و بعدها حاولت اتواصل مع خدمة العملاء لاقيت ان ملهمش رقم و بعت رسالة على الابلكيشن ماستفتدتش حاجة يعني ايه مايبقاش في إلغاء للاوردر في ساعتها مش فاهمة,1,2024-09-06,Elmenus,food_delivery,play_store
6374,الخدمات سيئه جدا وفقدت المصدقيه في الاسعار وخدمة العملاء بتاعت الابلكشين سيئه و ناس زباله ومفيش خبره ولازم يتقفل الابلكشين,1,2024-09-06,Elmenus,food_delivery,play_store
6375,المفضل لدي,5,2024-09-02,Elmenus,food_delivery,play_store
6383,للأسف سئ جدا عندما اسوي الاوردر يقول نأسف غير متاح في منطقتك,1,2024-07-31,Elmenus,food_delivery,play_store
6386,ممتاز بجد احسن من طلبات,5,2024-07-15,Elmenus,food_delivery,play_store
6387,رادي جدا,5,2024-07-13,Elmenus,food_delivery,play_store
6388,جيدة,5,2024-07-08,Elmenus,food_delivery,play_store
6389,عاوز اشتغل دليفري,1,2024-07-08,Elmenus,food_delivery,play_store
6390,تطبيق نصاب حراميه خصمو مبلغ من حساب الفيزا بدون وجه حق انصح الجميع بعدم اضافة كارت الفيزا على التطبيق ده وعدم استخدام التطبيق والله حراميه,1,2024-07-07,Elmenus,food_delivery,play_store
6391,حلو,5,2024-07-05,Elmenus,food_delivery,play_store
6392,سرعة التوصيل سيء جدا,1,2024-07-04,Elmenus,food_delivery,play_store
6393,التطبيق سي لا يعمل لاانصح تحميل البرنامج,1,2024-07-04,Elmenus,food_delivery,play_store
6394,ابلكيشن عقيم والأوردر يجي غلط ومفيش خدمة عملاء,1,2024-07-02,Elmenus,food_delivery,play_store
6395,برنامج رخم جدا ومبيسعدش الناس توصل للي هيا عوزة بسرعه,1,2024-07-02,Elmenus,food_delivery,play_store
6396,ممتاز,5,2024-07-01,Elmenus,food_delivery,play_store
6398,برنامج سئ جدا عند تحديد الموقع لا يتم تحديد الموقع,1,2024-06-23,Elmenus,food_delivery,play_store
6401,تطبيق سئ جدا,1,2024-06-10,Elmenus,food_delivery,play_store
6402,جيد,5,2024-06-06,Elmenus,food_delivery,play_store
6404,عند طلب الاوردر او اضافتة اوردر الى السلة يخرج تلقائيا من التطبيق نعيد الكرة من اول وجديد ويخرج مرة اخرى ولا يمكن ان يتم استخدام التطييق ابدا,1,2024-06-01,Elmenus,food_delivery,play_store
6405,بشع بجد سيء جدا جدا,1,2024-05-28,Elmenus,food_delivery,play_store
6407,رائع,5,2024-05-26,Elmenus,food_delivery,play_store
6408,ولا مره الطلب وصل في الوقت المحدد,1,2024-05-05,Elmenus,food_delivery,play_store
6409,لقينا صرصار في الاكل من مطعم حضرموت فيصل وبعد التحدث مع شخص اسمه يوسف في خدمة العملاء في ابليكشن المنيوز وإرسال الصور .. رد ببرود معلش !!!,1,2024-05-04,Elmenus,food_delivery,play_store
6410,جميل جداً جداً,5,2024-05-03,Elmenus,food_delivery,play_store
6411,اغلب المناطق مش موجوده فيه,1,2024-05-02,Elmenus,food_delivery,play_store
6412,تطبيق رائع بس بو أمكن يوصل للقري البعيدة,5,2024-04-24,Elmenus,food_delivery,play_store
6413,البرنامج رافض يشتغل نزلته اكتر من مرة ومافيش فايده حتي ايميل الشكاوي مش قابل,1,2024-04-21,Elmenus,food_delivery,play_store
6414,جميل جدا,5,2024-04-15,Elmenus,food_delivery,play_store
6420,ابلكيشن سئ جدا جدا جدا جدا وعقيم ولا أنصح به,1,2024-03-25,Elmenus,food_delivery,play_store
6421,اسعار المطاعم في التطبيق اغلي بكتير جدا عن الاسعار في المطاعم نفسها او حتي في تطبيق مشابه,1,2024-03-18,Elmenus,food_delivery,play_store
6422,تجربه زي الزفت و ابليكيشنز مقرف و الدليفري مقرفين بجد و بطئ جداا حاجه قرف,1,2024-03-10,Elmenus,food_delivery,play_store
6423,سئ ونصابين,1,2024-03-09,Elmenus,food_delivery,play_store
6426,التطبيق غير واضح ومتلخبط جداااا غير جيد,1,2024-02-29,Elmenus,food_delivery,play_store
6427,محترم,5,2024-02-27,Elmenus,food_delivery,play_store
6428,رديء جدا جدا انا مبعرفش اتواصل مع حد من المطعم و حتي مش عاوفه اللغيه بجد سيء و همسحه,1,2024-02-26,Elmenus,food_delivery,play_store
6432,من اقذر التجارب ومن اقذر خدمه العملاء ولا انصح بتجربته تحديييث كداااابين واسوا خدمه عملااااء,1,2024-02-01,Elmenus,food_delivery,play_store
6433,اسوء ابلكيشن اتعاملت معاه,1,2024-01-30,Elmenus,food_delivery,play_store
6435,الدعم عندهم سي جدا جدا,1,2024-01-26,Elmenus,food_delivery,play_store
6436,لية مش بتنزلو برومو كود خصم بس يكون من مطاعم مختلفة مش مطعم محدد يعني اختار المطعم الي انا عوزة,2,2024-01-25,Elmenus,food_delivery,play_store
6437,تطبيق جميل في عروض كتيره,5,2024-01-24,Elmenus,food_delivery,play_store
6439,عندهم طيار قليل الأدب و مش محترم بيتأخر جدا على معاد التوصيل و بيتصل يشتم العميل لو العميل اتضايق م التأخير اسمه مروان و عيل صغير كده,2,2024-01-19,Elmenus,food_delivery,play_store
6440,برنامج زى الزفت و خدمة عملا زفت مفيش اى اهتمام بالعميل,1,2024-01-16,Elmenus,food_delivery,play_store
6441,التطبيق سهل الاستخدام ولكن المطاعم المشتركة غير جيدة وعند الشكوى من مطعم لايتم التعامل بجدية مع هذه الشكوى كما تفعل تطبيقات اخرى يجب تحديث خدمة العملاء لتكون اكثر فاعلية,4,2024-01-10,Elmenus,food_delivery,play_store
6442,ممتاز جدااااا,5,2024-01-08,Elmenus,food_delivery,play_store
6444,جميل جدا,5,2024-01-06,Elmenus,food_delivery,play_store
6446,ممتازجدا,5,2024-01-01,Elmenus,food_delivery,play_store
6449,زباله,1,2023-12-29,Elmenus,food_delivery,play_store
6453,جيد,5,2023-12-23,Elmenus,food_delivery,play_store
6454,هايل,5,2023-12-22,Elmenus,food_delivery,play_store
6455,Late order by 1 hour,1,2023-12-21,Elmenus,food_delivery,play_store
6458,راقم 1 😘😘,5,2023-12-13,Elmenus,food_delivery,play_store
6459,برنامج حلوووو جداااااا,5,2023-12-10,Elmenus,food_delivery,play_store
6462,الابليكشن مدمر خالص ومحتاج ابديت لكل حاجة ... ابقي لسه مكنثل الاوردر واعمل اوردر جديد من نفس المطعم يقولي المطعم ده مش بيقبل اون لاين .. ومطاعم بتبقي جنب بيتي اجي اعمل اوردر منها يقولي المطعم ده مش بيوصل لمنطقتك..... لازم ابديت للابليكشن من الالف للياء,2,2023-12-08,Elmenus,food_delivery,play_store
6466,تم,3,2023-11-29,Elmenus,food_delivery,play_store
6467,زى الزفت وسرقة مقصودة وسوء تعامل وتاخير الاورد وقلة مطاعم ياريت محدش يتعامل معاهم,1,2023-11-28,Elmenus,food_delivery,play_store
6468,حلو,5,2023-11-27,Elmenus,food_delivery,play_store
6470,ممتازين اتعملت معاهم كتير جدا توصيل بالظبط ومحترمين وخدمه العملاء لو فيه حاجه بتتصل بيك علي طول مجرد مايلقو مشكله انا لسه طالبه انهارده ممتاز علي طول بطلب منهم,5,2023-11-23,Elmenus,food_delivery,play_store
6475,عندي متجر حلويات ومحتاج اضيفه,5,2023-11-09,Elmenus,food_delivery,play_store
6476,ابليكيشن فاشل حقيقي المطعم نفسه قالي نزليه وهيوصل لحضرتك وهما يقولوا مفيش توصيل لمنطقتك حاجه زفت يعني,1,2023-11-07,Elmenus,food_delivery,play_store
6479,ممتاز,1,2023-11-04,Elmenus,food_delivery,play_store
6481,شركة غير محترمه ولا تحترم العميل و بتطلب اننا نحترم قوانينها وهما ما بيحترموش حد,1,2023-10-29,Elmenus,food_delivery,play_store
6482,خدمة توصيل بتوصل بمزجها يعني اية مافيش توصيل لفيصل والهرم دة تخلف,1,2023-10-27,Elmenus,food_delivery,play_store
6484,الأسعار جدًا مبالغ فيها,2,2023-10-24,Elmenus,food_delivery,play_store
6485,احلي تطبيق وفريق الخدمه جميل جداً جداً 🤍انا جايه من طرف منعش😂🤍,5,2023-10-21,Elmenus,food_delivery,play_store
6486,امسحوا مطعم ماكدونالدز اللي بيتضامنوا مع الاحتلال المجرم,1,2023-10-15,Elmenus,food_delivery,play_store
6487,لم يحذف المطاعم التي تدعم الكيان الصيوني,1,2023-10-15,Elmenus,food_delivery,play_store
6488,تطبيق سئ جداً,1,2023-10-14,Elmenus,food_delivery,play_store
6493,سيء جداً,1,2023-10-10,Elmenus,food_delivery,play_store
6494,٨٨٨٧٧٧,5,2023-10-08,Elmenus,food_delivery,play_store
6498,ابلكيشن سئ جدا عند حدوث مشكله فنيه او مشكله في التوصيل ...الخ لا يوجد حل,1,2023-09-24,Elmenus,food_delivery,play_store
6499,رائع,5,2023-09-23,Elmenus,food_delivery,play_store
6500,الا ول كان جميل دلوقتي وحش جدا تتطلب الاوردر وبعد ما يتقبل وتقعد تستناه بالساعة والاتنين وفي الاخر المطعم يرفضوا ومبررات اصل في حاجة ناقصة كل مرة نفس المطعم فيه حاجة ناقصة وحتي لو غيرت المطعم يقولك برضو في حاجة ناقصة شوف مطعم هو انا بشحت دة اية الأسلوب الغير محترم وراقي دة المفروض أنه تطبيق محترم ومطاعم محترمة دة المفروض انا عن نفسي فعلا مش هطلب من عندكم تاني ابدا اسوء تجربة,1,2023-09-23,Elmenus,food_delivery,play_store
6501,مفيش مصدقية وحرمية لحد دلوقتي الفلوس مرجعتشي ونا عامل محضر في القسم اقسم بالله العظيم هخليكم تندمو علي انتو عملتو دة,1,2023-09-22,Elmenus,food_delivery,play_store
6503,رائع,5,2023-09-16,Elmenus,food_delivery,play_store
6506,الابلكيشن كان كويس بس مش عارفه ليه مبقاش يفتح,4,2023-09-06,Elmenus,food_delivery,play_store
6508,الدعم الفني عملي بلوك اكثر من مرة علي اكثر من اكونت عشان بقول رأيي بدون غلط و اسلوبهم زفت حسبي الله ونعم الوكيل,1,2023-09-04,Elmenus,food_delivery,play_store
6509,جماده,5,2023-09-02,Elmenus,food_delivery,play_store
6510,مشاء الله,5,2026-03-13,Careem,transport,play_store
6512,تطبيق مفيد جدا للرحلات,5,2026-03-13,Careem,transport,play_store
6513,تطبيق ممتاز بس لو تنزلو خصومات للمستخدمين باستمرار,4,2026-03-12,Careem,transport,play_store
6516,تطبيق معقد ياليت يتم تبسيطه ليتمكن اي شخص باستعماله,1,2026-03-12,Careem,transport,play_store
6517,حقيقة تجربه رائعه ومحترمه من التطبيق مواعيد مضبوطه واسعار مناسبه ، شكرا لكم سؤال هل التخفيض على الأسعار 50% يشمل 5 مشاوير فقط ام التخفيض مستمر ، مع التقدير,5,2026-03-12,Careem,transport,play_store
6519,فاشل,1,2026-03-12,Careem,transport,play_store
6520,غالي ريالين كل دقيقه كثير!,1,2026-03-11,Careem,transport,play_store
6526,التطبيق جيد ...لكن لما يكون في رصيد بالمحفظة فجأة يتسجل عليك مشوار انت مارحته ويسحبوا منك الفلوس,4,2026-03-10,Careem,transport,play_store
6527,في البداية عند طلب الطعام كان هناك خصومات وعروض تحفز التعامل ومع مرور الوقت اختفت للاسف ولذلك ارجو البقاء على راحة العملاء كما عهدناكم وعندم التراجع ومن أجل ذلك لم اضع خمسة نجوم ، ارضاء العميل وثقته بكم تمنحكم خمسة نجوم والقرار لكم. للاسف سرعة في التراجع في الخدمات مع اعلانات خصم وتوصيل جميعها وهمية تراجع مستمر للاسف التراجع هدية كريم في عيد الفطر للاسف وكول سنتر لا يجيب ٣/٤/٢٠٢٤ اشد الندم مرة اخرى لاستخدامي التطبيق للاسف. تم خصم اشتراك 3 دنانير وللاسف بيتزا القيصر غير موجود,1,2026-03-10,Careem,transport,play_store
6528,بجنن,5,2026-03-10,Careem,transport,play_store
6529,التطبيق ممتاز ولاكن السواق متحرشين ارجو ان توضفون الناس المحترمين او الذين يمتلكون ٥ نجوم فقط,1,2026-03-10,Careem,transport,play_store
6532,ممتاز,5,2026-03-10,Careem,transport,play_store
6533,الاسعار غاليه بالتطبيق,1,2026-03-10,Careem,transport,play_store
6535,هو البرنامج كريم واوبر رخيص في السعر ولا غالي ارجو الرد,5,2026-03-09,Careem,transport,play_store
6536,سي جدا مره مو حلوه ويتأخرر لين يجي!! 🙄😡,1,2026-03-09,Careem,transport,play_store
6537,انا بحب ت كريم,5,2026-03-09,Careem,transport,play_store
6538,ممتازة,5,2026-03-09,Careem,transport,play_store
6540,الحمد لله,5,2026-03-09,Careem,transport,play_store
6541,اكثر من نصف ساعة لايجاد سائق وبعدها يلغي.,1,2026-03-09,Careem,transport,play_store
6542,تطبيق فاشل للغاية لانصح به,1,2026-03-08,Careem,transport,play_store
6543,اسوء حاجة,1,2026-03-08,Careem,transport,play_store
6546,ممتاز جدا جدا جدا جدا,5,2026-03-07,Careem,transport,play_store
6547,ممتاز,5,2026-03-07,Careem,transport,play_store
6552,عدم اهتمام التطبيق بل عملاء وتقديم مصلحه الكابتن على العميل,1,2026-03-05,Careem,transport,play_store
6553,ممتاز,5,2026-03-05,Careem,transport,play_store
6554,رائع جدا لكن يجب تمديد فترة الخصومات اكثر من المعتاد,5,2026-03-05,Careem,transport,play_store
6556,كل ما اطلب يقولي كريم لايغطي المنطقه مصري الجديده مدينه نصر عباسيه كل مكان كريم لا يغطي هذه المنطقه,1,2026-03-04,Careem,transport,play_store
6557,البرنمج لا يعمل,5,2026-03-04,Careem,transport,play_store
6559,جيد,2,2026-03-02,Careem,transport,play_store
6561,التطبيق ركاب موقف عنا ممكن اعرف شو الأسباب ؟؟؟؟,5,2026-03-02,Careem,transport,play_store
6563,عشق,5,2026-03-02,Careem,transport,play_store
6564,متنطون السائق حقه في الدفع الالكتروني و التطبيق بي مشاكل و شكد يشتكون و متتصلح👎🏻,1,2026-03-02,Careem,transport,play_store
6565,تطبيق معقد ولا يعمل زفت,1,2026-03-02,Careem,transport,play_store
6567,لا يعجبني,1,2026-03-01,Careem,transport,play_store
6568,زبالة,1,2026-03-01,Careem,transport,play_store
6570,ماشاء الله تبارك الرحمن الرحيم,5,2026-03-01,Careem,transport,play_store
6571,مو شغال في المفرق,1,2026-03-01,Careem,transport,play_store
6574,غالي و اسعار مبالغه,1,2026-02-28,Careem,transport,play_store
6576,التطبيق يقوم باخذ الأموال من البطاقه البنكيه مع ان المحفظه فيها أموال التطبيق يتحكم في البطاقه البنكيه ويتصرف كيف يشاء الحذر من التطبيق,1,2026-02-28,Careem,transport,play_store
6579,تجربة ممتاز,5,2026-02-27,Careem,transport,play_store
6580,اسوأ تطبيق,1,2026-02-27,Careem,transport,play_store
6583,التطبيق سي للغايه,1,2026-02-26,Careem,transport,play_store
6585,ممتاز,5,2026-02-26,Careem,transport,play_store
6586,سي جدا,1,2026-02-25,Careem,transport,play_store
6588,جميل جداء,5,2026-02-25,Careem,transport,play_store
6591,جديد,5,2026-02-25,Careem,transport,play_store
6596,ممتاز,5,2026-02-24,Careem,transport,play_store
6598,ممتاز جدا يتساهل التقييم,5,2026-02-24,Careem,transport,play_store
6599,غالي نفس سعر الاجرة,1,2026-02-24,Careem,transport,play_store
6601,التحديث الاخير سئ جدا مااعرف اشلون نطلب تكسي,1,2026-02-24,Careem,transport,play_store
6602,ممتاز,5,2026-02-24,Careem,transport,play_store
6603,رخيص وجميل,5,2026-02-24,Careem,transport,play_store
6605,للأسف تطبيق كنت افكر انا تأمن له في المال اشتركت كريم بلص لمده ٦ أشهر ومحفظتي في مبلغ لكن للأسف تفاجئت اليوم تم حظر حسابي على اي اساس راح الاشتراك وقيمته والمحفظه التي فيها حساب لي للأسف اخذوهم يمكن زكاه مال باي حق تحضرني وتأخذ اشتراك انا دافعه ومحفظه فيها نقود وليش تحضر الحساب سياسه فاشله للأسف شو ما كان السبب لايحق لك حظر حسابي انت المفروض تطبيق لخدمتنا وندفع مقابل ذلك اذهب الى تطبيق طلبات مستحيل يحضر الحساب لان حظر الحساب انت تخسر تعامل الزبائن للاسف شكوتي عندك بالمسنجر مع رقم الهاتف,1,2026-02-24,Careem,transport,play_store
6606,قبل التحديث افضل,2,2026-02-24,Careem,transport,play_store
6608,ممتمزه,5,2026-02-23,Careem,transport,play_store
6611,كنت طالع من الدوام أبي توصيل، ألقاهم يبوني أوافق على شروط الاستخدام الي طولها أكثر من ٢٠٠ سطر، قررت أحمل أوبر، والحمد لله ما كان فيه إلزام بالموافقة زي كريم، لا توافقوا على الشروط بدون قراءتها لأنها أغلبها يحطون فبها كفريات، حتى مرة في تكبيق بنكي كان من الشروط أني أؤمن أنه يجوز لهم ويحق لهم اخذ مالي بغير حق.,1,2026-02-23,Careem,transport,play_store
6612,تطبيق راقي واسعارهم مناسبه انصح الناس اتنزله,5,2026-02-23,Careem,transport,play_store
6613,افشل تطبيق حسبي الله عليكم بعني عندي شغل ولازم اطلع من وكت 3 سواق انتظرهم ويلغون الرحله وكله وكت عليه ومن وراهم تصير طلعتي بالازدحام,1,2026-02-23,Careem,transport,play_store
6614,خدمة عملاء سيئة جدا,1,2026-02-23,Careem,transport,play_store
6615,قبل التحديث الاخير كان التطبيق اسهل للاستخدام,5,2026-02-22,Careem,transport,play_store
6617,سيئ,2,2026-02-22,Careem,transport,play_store
6618,الاسعار أصبح مبالغ بيها رحلة ما تاخذ وقت 5 دقايق ياخد أجرة 4 الالف إضافة ان يتأخر كلش لحد ما يحصل كابتن,1,2026-02-22,Careem,transport,play_store
6619,هل استخدام التطبيق مجاني بالنسبة للركاب وهل استطيع استخدامه في مكة المكرمة ؟,5,2026-02-22,Careem,transport,play_store
6621,يمنع من دخول البرنامج,1,2026-02-21,Careem,transport,play_store
6623,اسعار مرتفعة,1,2026-02-21,Careem,transport,play_store
6625,الحب الحب,4,2026-02-21,Careem,transport,play_store
6628,ممتاز,5,2026-02-20,Careem,transport,play_store
6631,ممتاز,3,2026-02-18,Careem,transport,play_store
6632,جميلة,5,2026-02-18,Careem,transport,play_store
6634,رافض الدخول بيقولي حسابك في مشكله ابعتلنا ولنا بلعت محدش بيرد,1,2026-02-18,Careem,transport,play_store
6636,"Unfortunately, I was charged for a Careem Plus subscription without my permission or request for the service. This practice undermines customer trust. I demand immediate cancellation of the subscription and a full refund. A very bad experience.",1,2026-02-18,Careem,transport,play_store
6637,كريم للدراجات نصب واحتيال,1,2026-02-18,Careem,transport,play_store
6640,اواجه مشكله بالتطبيق لاستطيع ان اطلب مشوار لأن علي سداد مبلغ لو تخلوه زي تطبيق المبلغ السداد يوضع بالمحفظه وبسدد الطلب في المره القادمه حتى سداد مشوار السابق مو موجود بخدمة، كريم,3,2026-02-16,Careem,transport,play_store
6641,تطبيق معفن,1,2026-02-16,Careem,transport,play_store
6643,كويس,5,2026-02-16,Careem,transport,play_store
6644,سافرت الى السعودية و رجعت الى الاردن و حاولت التسجيل عدة مرات فى التطبيق و لم يفتح وصلني ايميل بانه تم حظر حسابي و انا عميل و لم الغى اي رحلة من وقت ان انضميت الى كريم ، ممكن اعرف سبب الحظر,1,2026-02-16,Careem,transport,play_store
6649,فاشل جاي حذف,1,2026-02-15,Careem,transport,play_store
6650,الكباتن اصبحوا قليلين جداً,3,2026-02-15,Careem,transport,play_store
6652,تجربه حلوة وكل الكابتن محترم والله يرزق هم من حيث لا يعلمون تطبيق حلو وسريع وراقي جدآ,5,2026-02-14,Careem,transport,play_store
6653,مره صعدت ويه واحد من السواق اباوع جوه الكه قواطي ما مشروب او نبيذ و العياذ بالله,1,2026-02-14,Careem,transport,play_store
6656,برنامج فشل,1,2026-02-13,Careem,transport,play_store
6657,مررررررررره ممتع,5,2026-02-13,Careem,transport,play_store
6662,بعد التحديث الاخير اصبح سيئ للغايه,1,2026-02-13,Careem,transport,play_store
6663,careem is charging me twice for the same booking this is completely unfair,1,2026-02-13,Careem,transport,play_store
6664,بالاردن الاداره فاشله جدا ولا انصح فيها من وقت الدمج...لو اقدر اعطيهم ربع نجمه ما اقصر,1,2026-02-12,Careem,transport,play_store
6665,مميز,5,2026-02-12,Careem,transport,play_store
6667,جيد,5,2026-02-12,Careem,transport,play_store
6668,ممتاز,5,2026-02-11,Careem,transport,play_store
6671,غالي اسعار جدا مبالغة,1,2026-02-11,Careem,transport,play_store
6672,their driver picked me up and dropped me off and im so sure it was him cus I checked his plate when her arrived and I don't know why the trip was canceled later ! and I have to pay the fee!! the customer support just ignored my request to review the case!,1,2026-02-11,Careem,transport,play_store
6677,استخدم التطبيق منذ اسبوعين في بغداد التطبيق جيد جدآ من ناحيه السياره تعامل الكابتن والاسعار شكرآ لكم,5,2026-02-10,Careem,transport,play_store
6678,جيد,5,2026-02-10,Careem,transport,play_store
6679,تجربه ممتازه شكرا للقائمين على هذا التطبيق,5,2026-02-10,Careem,transport,play_store
6680,لم يتم الالتزام بشروط الطلب... و اكتفوا بكلمة اعتذر...,1,2026-02-09,Careem,transport,play_store
6681,يسرق زبون,1,2026-02-09,Careem,transport,play_store
6682,ممتازه,5,2026-02-09,Careem,transport,play_store
6684,ممتاز جداً جداً جداً,5,2026-02-08,Careem,transport,play_store
6685,جميله جدا,5,2026-02-08,Careem,transport,play_store
6687,تطبيق سئ جدا وبيتأخر,1,2026-02-08,Careem,transport,play_store
6690,ما هذا السوء اطلب رحلة طيب تاخروا على قبول الطلب الغى الرحلة ارجع اطلب جديد يرفع السعر اي نصب هذا,1,2026-02-08,Careem,transport,play_store
6691,مش مستجيب ورافض يظهر زي الاول,1,2026-02-08,Careem,transport,play_store
6692,سيء,1,2026-02-08,Careem,transport,play_store
6693,تطبيق رائع وفريق عمل رائع .احب هذا التطبيق واستخدمته في اكثر من دولة,5,2026-02-08,Careem,transport,play_store
6694,ممتاز,5,2026-02-07,Careem,transport,play_store
6695,لا يوجد تخفيضات ولا عروض قبل,1,2026-02-07,Careem,transport,play_store
6697,تجربة جدا جميله ورائعة واتمنى لكم كل التوفيق والتطور,5,2026-02-06,Careem,transport,play_store
6698,ممتاز,5,2026-02-06,Careem,transport,play_store
6701,جيد جدا,5,2026-02-06,Careem,transport,play_store
6704,ممتازة,5,2026-02-06,Careem,transport,play_store
6705,اشي فخم,5,2026-02-06,Careem,transport,play_store
6707,شكرا,5,2026-02-06,Careem,transport,play_store
6709,تمام,5,2026-02-06,Careem,transport,play_store
6710,روووووعة,5,2026-02-05,Careem,transport,play_store
6711,التطبيق مش شغال من الصبح وبعدين مش لاقيه على الجهاز ايه السبب حد يرد عليا,5,2026-02-05,Careem,transport,play_store
6712,ممتازه,5,2026-02-05,Careem,transport,play_store
6713,التطبيق لا يعمل ؟,2,2026-02-05,Careem,transport,play_store
6716,ممتاز وامن,5,2026-02-05,Careem,transport,play_store
6718,ممتاز,5,2026-02-05,Careem,transport,play_store
6719,شكرا على جهودكم,5,2026-02-05,Careem,transport,play_store
6720,تم التحديث بتاريخ 5 فبراير 2026 ومن وقتها التطبيق لا يفتح تعديل: قمت بحذف التطبيق وإعادة تنزليه ففتح,5,2026-02-05,Careem,transport,play_store
6721,خدمة ممتازة,5,2026-02-05,Careem,transport,play_store
6722,عطلو حسابي والمبلغ الموجود بالمحفظة ما رجعوه .,1,2026-02-05,Careem,transport,play_store
6724,ممتاز,5,2026-02-05,Careem,transport,play_store
6725,نعم انه جيد انصح به شكرا,5,2026-02-05,Careem,transport,play_store
6726,كأدارة رائعين ويعطوك حقك إذا اخطاء عليك كابتن اما الكباتن بعضهم وجوده خطاء في اوبر يخرب سمعة الشركة علما ان اوبر تقدم خدمة جميلة بالذات للسائخ,5,2026-02-05,Careem,transport,play_store
6728,تأخير في إيجاد كابتن 👎👎👎👎,1,2026-02-04,Careem,transport,play_store
6730,التطبيق لا يعمل ما السبب,4,2026-02-04,Careem,transport,play_store
6731,سئ جدا التطبيق معلق,1,2026-02-04,Careem,transport,play_store
6732,لا باس,5,2026-02-04,Careem,transport,play_store
6733,تجربة جيده,5,2026-02-04,Careem,transport,play_store
6734,زفت بعد التحديث صار بطي بطي بطي,1,2026-02-03,Careem,transport,play_store
6735,شركة ما بتستاهل واحد يطلبها بترا رايد وجيني افضل وارخص منها بكثيير,1,2026-02-03,Careem,transport,play_store
6738,جيد,3,2026-02-03,Careem,transport,play_store
6739,شركة محترمة,5,2026-02-03,Careem,transport,play_store
6740,هل فعلا سوف يتم نقل كل الزبائن على تطبيق اوبر بدل من تطبيق كريم ؟,5,2026-02-03,Careem,transport,play_store
6741,في التحديث الاخير لم يحتفظ بالرحلات السابقة وكل يوم يجب علي ان اكتب الموقع من جديد,4,2026-02-03,Careem,transport,play_store
6743,سيئ,1,2026-02-02,Careem,transport,play_store
6744,ممتاز,5,2026-02-02,Careem,transport,play_store
6747,رائع ومميز,5,2026-02-02,Careem,transport,play_store
6748,ممتاز,5,2026-02-02,Careem,transport,play_store
6750,جيد,4,2026-02-01,Careem,transport,play_store
6753,راقي ومناسب وافضله على كل تطبيق يفاجئنا باسعاره وخدماته اعطيه 5نجوم,5,2026-02-01,Careem,transport,play_store
6756,جيد,5,2026-01-31,Careem,transport,play_store
6757,تجربتي مره حلوه عجبني بس خفف السعر علينا الله يسعدك شكرا شكرا,5,2026-01-31,Careem,transport,play_store
6758,يكتب لي انه لايوصل لهذه المنطقة رغم مناطق قريبة شو هل فشل,1,2026-01-31,Careem,transport,play_store
6759,للاسف اوسخ تجربة لن تتكرر تطبيق قذر ونصابين وبيعتمدو على شوية سائقين لصوص يفتح قبل ما يوصلك ومايوصلش اصلا تقريبا بيروح رحلة على تطبيق تاني انا ركبت رحلة في داخل مدينتي ٣ك متر دفعني ٢٥٢ وقالي التطبيق جايب حساب قديم عليك مش عارف ازاي احاول اتصل بخدمة مفيش عندهم خدمة عملاء نهائي غير رسايل وإن كان عجبك او اخبط دماغك في الحيط,1,2026-01-31,Careem,transport,play_store
6761,رائع,5,2026-01-31,Careem,transport,play_store
6763,محتاجه حد يرد عليا من سنه لا حول ولاقوة الا بالله,1,2026-01-30,Careem,transport,play_store
6765,تطبيق ممتاز جداً,5,2026-01-30,Careem,transport,play_store
6766,ممتاز,5,2026-01-30,Careem,transport,play_store
6767,رووعه,5,2026-01-29,Careem,transport,play_store
6768,ممتاز,5,2026-01-29,Careem,transport,play_store
6769,ليش التطببق مابيفتح وليعطيني في مشاكل,1,2026-01-29,Careem,transport,play_store
6770,ممتاز,5,2026-01-29,Careem,transport,play_store
6772,لقد كانت تجربه سيئه جدا لأن التطبيق يعطي الحق للسائق بأن يلغي الرحله ومع ذلك يستقطع المبلغ من الراكب في أي قانون تطبق العدالة فقط على الراكب اين وجه الحق بهذا الموضوع,1,2026-01-29,Careem,transport,play_store
6775,تطبيق فاشل,1,2026-01-29,Careem,transport,play_store
6776,أكثر من رائع,5,2026-01-28,Careem,transport,play_store
6778,ممتاز😃,5,2026-01-28,Careem,transport,play_store
6782,يعني شو تاخدو عموله عشان بدي ادفع كاش يعني مش فاهمه الفكره من عقلكم انتو شو هالنصب هذا,1,2026-01-28,Careem,transport,play_store
6784,لقد اشترك في خدمة مشاوير المدرسة، وقد تم خصم المبلغ مني، ولكن لم يتم جدولة الخدمة، ولا اذا بغيت اطلب الخدمة لازم ادفع مره اخرى، مع العلم اني دفعت مبلغ ٢٠ رحله، ما يقارب ١٥٠٠ درهم.,1,2026-01-28,Careem,transport,play_store
6785,"Bad app and late delivery; if I could give it less than one star, I would.",1,2026-01-28,Careem,transport,play_store
6786,جيد,5,2026-01-27,Careem,transport,play_store
6787,ممتاز جدا,5,2026-01-27,Careem,transport,play_store
6789,تطبيق فاشل وسائقي تاكسي ساقوم بالغائه والغاء حسابي فيه,1,2026-01-27,Careem,transport,play_store
6790,جيد جدا,5,2026-01-27,Careem,transport,play_store
6792,بقي زياده في الاسعار فوق الطبيعي,1,2026-01-27,Careem,transport,play_store
6793,"Very poor customer service, with no intention to help.",1,2026-01-27,Careem,transport,play_store
6795,تجربه مميزه,5,2026-01-26,Careem,transport,play_store
6796,جيد جدا,5,2026-01-26,Careem,transport,play_store
6798,يجب توفير خدمة الكاش اذا مافيه فلوس في البطاقة,1,2026-01-26,Careem,transport,play_store
6802,جميل,5,2026-01-25,Careem,transport,play_store
6804,ممتازه,5,2026-03-14,Uber,transport,play_store
6805,تطبيق سئ جدا,1,2026-03-14,Uber,transport,play_store
6806,تجربه ممتازه وسائق محترم,5,2026-03-14,Uber,transport,play_store
6807,جيد,5,2026-03-14,Uber,transport,play_store
6809,ممتاز,5,2026-03-14,Uber,transport,play_store
6810,جميل,5,2026-03-14,Uber,transport,play_store
6811,سياره نظيفه شخص محترم جدا,5,2026-03-13,Uber,transport,play_store
6813,جيدة جدا,5,2026-03-13,Uber,transport,play_store
6815,مريحه جدا,3,2026-03-13,Uber,transport,play_store
6816,ممتاز جدا,5,2026-03-13,Uber,transport,play_store
6818,ممتاز,5,2026-03-13,Uber,transport,play_store
6819,كانت تجربة جيدة شكرا أوبر كونوا متميزين دائما,5,2026-03-13,Uber,transport,play_store
6820,ممتاز جدا,5,2026-03-13,Uber,transport,play_store
6822,ممتاز,5,2026-03-13,Uber,transport,play_store
6823,ممتاز جدأ,5,2026-03-13,Uber,transport,play_store
6825,رساله التأكيد مش بتظر حا ولت عدة مرات ولم توصل,1,2026-03-13,Uber,transport,play_store
6826,شكرا,5,2026-03-13,Uber,transport,play_store
6827,كويسه,5,2026-03-13,Uber,transport,play_store
6828,رائعه,5,2026-03-13,Uber,transport,play_store
6829,جيد جدا,5,2026-03-13,Uber,transport,play_store
6830,جيدة جدا,5,2026-03-13,Uber,transport,play_store
6831,جميل,5,2026-03-13,Uber,transport,play_store
6832,محترم,5,2026-03-13,Uber,transport,play_store
6833,جميل جدا,5,2026-03-13,Uber,transport,play_store
6835,جيدة,5,2026-03-13,Uber,transport,play_store
6838,ممتازه ولله الحمد السائقين حسن التعامل وخلق,5,2026-03-13,Uber,transport,play_store
6840,شخص محترم جدا,5,2026-03-13,Uber,transport,play_store
6843,ممتازه,5,2026-03-13,Uber,transport,play_store
6844,حلو,5,2026-03-13,Uber,transport,play_store
6845,ممتاز جدا,5,2026-03-13,Uber,transport,play_store
6848,ما انصح فيو اسعار مبالغ فيها و المواقع غلط,1,2026-03-12,Uber,transport,play_store
6849,متتاز,5,2026-03-12,Uber,transport,play_store
6850,شكراً اوبر,5,2026-03-12,Uber,transport,play_store
6852,جميله,5,2026-03-12,Uber,transport,play_store
6853,شكراً جزيلاً,5,2026-03-12,Uber,transport,play_store
6854,ممتار,5,2026-03-12,Uber,transport,play_store
6855,ممتاز ورائع جدا وإيصال سريع جدا,5,2026-03-12,Uber,transport,play_store
6856,ممتاز,5,2026-03-12,Uber,transport,play_store
6859,حلو حلو حلو,5,2026-03-12,Uber,transport,play_store
6860,جيد جداً,5,2026-03-12,Uber,transport,play_store
6861,برنامج جيد جدا,5,2026-03-12,Uber,transport,play_store
6863,ممتازه,5,2026-03-12,Uber,transport,play_store
6864,احسن ناس والله العظيم,5,2026-03-12,Uber,transport,play_store
6865,ممتاز,5,2026-03-12,Uber,transport,play_store
6866,ممتازة,5,2026-03-12,Uber,transport,play_store
6867,تجربه رائعة,5,2026-03-12,Uber,transport,play_store
6868,ممتاز,5,2026-03-12,Uber,transport,play_store
6869,سريع في الاستجابه,5,2026-03-12,Uber,transport,play_store
6870,ممتاز جيد جداً وشكر جزيلا,5,2026-03-12,Uber,transport,play_store
6871,إنسان محترم,5,2026-03-12,Uber,transport,play_store
6872,جميل,5,2026-03-12,Uber,transport,play_store
6873,ممتازه,5,2026-03-12,Uber,transport,play_store
6874,تجربه مميزه,5,2026-03-12,Uber,transport,play_store
6877,ممتاز جدا,5,2026-03-12,Uber,transport,play_store
6878,جميل,5,2026-03-12,Uber,transport,play_store
6879,ممتاز جدا,5,2026-03-12,Uber,transport,play_store
6880,كابتن محترم وزوق جدآ,5,2026-03-12,Uber,transport,play_store
6881,حلو,5,2026-03-12,Uber,transport,play_store
6882,ممتازه جدا,5,2026-03-12,Uber,transport,play_store
6885,ممتازه,5,2026-03-12,Uber,transport,play_store
6886,سائق محترم,5,2026-03-11,Uber,transport,play_store
6887,رائع,5,2026-03-11,Uber,transport,play_store
6891,ممتازو,5,2026-03-11,Uber,transport,play_store
6892,افضل تجربة ممكنة ♥️♥️,5,2026-03-11,Uber,transport,play_store
6893,جيد جدا,5,2026-03-11,Uber,transport,play_store
6894,شخص محترم جدااا,5,2026-03-11,Uber,transport,play_store
6895,تطبيق ممتاز وسهل الاستخدام,5,2026-03-11,Uber,transport,play_store
6896,من اجمل الركوبات النهاردة,5,2026-03-11,Uber,transport,play_store
6897,جيد,5,2026-03-11,Uber,transport,play_store
6898,وااو,5,2026-03-11,Uber,transport,play_store
6899,رحلة ممتعة والكابتن راءع ومؤدب,5,2026-03-11,Uber,transport,play_store
6901,لاكنه غالي,5,2026-03-11,Uber,transport,play_store
6902,برنامج سئ جدا انا مسحتة لأن الكابتن عاوز ينزلني بمزاجة او الغي الرحلة وياخد 25 جنية غرامة شغل نصب,1,2026-03-11,Uber,transport,play_store
6904,ممتاز,5,2026-03-11,Uber,transport,play_store
6906,فخم التطبيق,5,2026-03-11,Uber,transport,play_store
6908,ممتاز,5,2026-03-11,Uber,transport,play_store
6909,مش كلو حلو شغال,3,2026-03-11,Uber,transport,play_store
6910,جيده,5,2026-03-11,Uber,transport,play_store
6911,حلو,5,2026-03-11,Uber,transport,play_store
6912,جميل جدا,5,2026-03-11,Uber,transport,play_store
6914,التعريفة لكل كيلو متر حاليا غير منصفة للكابتن يجب تعديلها دوريا حسب سعر لتر الوقود,1,2026-03-11,Uber,transport,play_store
6915,ممتاز,5,2026-03-11,Uber,transport,play_store
6916,الاسعار غير مناسبه,1,2026-03-11,Uber,transport,play_store
6917,ممتاز جدا جدا,5,2026-03-11,Uber,transport,play_store
6919,ممتازه,5,2026-03-11,Uber,transport,play_store
6920,اجمل شركه توصيل اتعاملت معاها في حياتي شكرا للسيده القائمين على شركه او,5,2026-03-11,Uber,transport,play_store
6921,ممتاز,5,2026-03-11,Uber,transport,play_store
6922,جميل وممتاز,5,2026-03-10,Uber,transport,play_store
6923,جميل جدا,5,2026-03-10,Uber,transport,play_store
6924,مريحه,5,2026-03-10,Uber,transport,play_store
6925,سائق محطرم ومهزب,5,2026-03-10,Uber,transport,play_store
6926,ممتاز وارشحه للأصدقاء,5,2026-03-10,Uber,transport,play_store
6927,جميله,5,2026-03-10,Uber,transport,play_store
6928,خدمه جيدا جدا,5,2026-03-10,Uber,transport,play_store
6929,تطبيق سئ يعرض سعر ثم تتفاجئ بسعر اخر,1,2026-03-10,Uber,transport,play_store
6930,شكرا ليكم ناس محترمة,5,2026-03-10,Uber,transport,play_store
6931,جيدة,1,2026-03-10,Uber,transport,play_store
6932,جيد,5,2026-03-10,Uber,transport,play_store
6933,ممتاذه,5,2026-03-10,Uber,transport,play_store
6934,احسن تطبيق بس الرجاء تحسين اسلوب السأقين,5,2026-03-10,Uber,transport,play_store
6935,بصراحه والله العظيم افضل تطبيق متوفرين سواقين محترمين,5,2026-03-10,Uber,transport,play_store
6936,ممتاز جداً,1,2026-03-10,Uber,transport,play_store
6937,ممتاز,5,2026-03-10,Uber,transport,play_store
6938,خدمه ممتازه,5,2026-03-10,Uber,transport,play_store
6941,ممتاز ه,5,2026-03-10,Uber,transport,play_store
6942,بياخدوا اكتر من اللي بيطلبوه,1,2026-03-10,Uber,transport,play_store
6944,ممتاز,5,2026-03-10,Uber,transport,play_store
6946,التطبيق غالي,4,2026-03-10,Uber,transport,play_store
6947,ممتاز,5,2026-03-10,Uber,transport,play_store
6948,جميله جدا,5,2026-03-10,Uber,transport,play_store
6949,جيد,5,2026-03-10,Uber,transport,play_store
6950,جيده,5,2026-03-10,Uber,transport,play_store
6953,جيد جدا,5,2026-03-10,Uber,transport,play_store
6954,ممتاز,5,2026-03-10,Uber,transport,play_store
6955,تطبيق ممتاز,5,2026-03-10,Uber,transport,play_store
6956,تمام سهل الاستخدام,5,2026-03-10,Uber,transport,play_store
6957,رائع,5,2026-03-10,Uber,transport,play_store
6960,ناس محترمه,5,2026-03-10,Uber,transport,play_store
6961,سرعه ممتازه,5,2026-03-10,Uber,transport,play_store
6962,ممتازه,5,2026-03-10,Uber,transport,play_store
6963,سيء للغاية,1,2026-03-10,Uber,transport,play_store
6964,ممتاز,5,2026-03-10,Uber,transport,play_store
6965,جميل جدا,4,2026-03-10,Uber,transport,play_store
6966,التجربه جميله وسهله,5,2026-03-10,Uber,transport,play_store
6967,ممتازه,1,2026-03-10,Uber,transport,play_store
6968,جيد جداً,5,2026-03-10,Uber,transport,play_store
6970,احسن تطبيق,5,2026-03-09,Uber,transport,play_store
6971,ممتازه,5,2026-03-09,Uber,transport,play_store
6972,خدمة مريحة وآمنة,5,2026-03-09,Uber,transport,play_store
6974,كانت تجربة مميزة,5,2026-03-09,Uber,transport,play_store
6975,جميل,5,2026-03-09,Uber,transport,play_store
6976,راجل محترم,5,2026-03-09,Uber,transport,play_store
6977,ممتاز,5,2026-03-09,Uber,transport,play_store
6978,جيد جدا,5,2026-03-09,Uber,transport,play_store
6979,كان سعر ولما وصلت سعر تاني,2,2026-03-09,Uber,transport,play_store
6981,ممتاز,5,2026-03-09,Uber,transport,play_store
6982,احسن طبييق اوبر,5,2026-03-09,Uber,transport,play_store
6984,افضل تطبيق,5,2026-03-09,Uber,transport,play_store
6987,حلوه جداً,5,2026-03-09,Uber,transport,play_store
6988,ممتازه,5,2026-03-09,Uber,transport,play_store
6989,ممتاز,5,2026-03-09,Uber,transport,play_store
6990,سائق ماهر وكتير مهذب,5,2026-03-09,Uber,transport,play_store
6991,ممتازة,5,2026-03-09,Uber,transport,play_store
6992,برنامج سيء,1,2026-03-09,Uber,transport,play_store
6993,زفت سرق بعض الموظفين سيئين جدا يحملك خرامة,1,2026-03-09,Uber,transport,play_store
6994,برنامج رائع,5,2026-03-09,Uber,transport,play_store
6995,ممتازه. الف شكر,5,2026-03-09,Uber,transport,play_store
6997,ممتازه,5,2026-03-09,Uber,transport,play_store
6998,لماذا لم يوجد موتسكل في مدينة الأقصر ارجو تفعيل خدمة المتوسكل,5,2026-03-09,Uber,transport,play_store
6999,ممتاز جدا عيوبة يتأخر السائق وغالي لكن عموما فكرته حلوه,4,2026-03-09,Uber,transport,play_store
7000,روعة,5,2026-03-09,Uber,transport,play_store
7001,تطبيق جشع وفاشل,1,2026-03-09,Uber,transport,play_store
7002,ممتاز وسريع جدا واسعار في متناول الجميع,5,2026-03-09,Uber,transport,play_store
7003,طريقه امنه وسريعه وموفره,3,2026-03-09,Uber,transport,play_store
7004,جميل ومميز,5,2026-03-09,Uber,transport,play_store
7005,اكثر من الرائع شكراً انصح الجميع بتحميل التطبيق سهل الاستخدام وسريع,5,2026-03-09,Uber,transport,play_store
7007,الحمد لله تمام,5,2026-03-09,Uber,transport,play_store
7008,ممتاز,5,2026-03-09,Uber,transport,play_store
7009,ممتاز,5,2026-03-09,Uber,transport,play_store
7010,ممتاز,5,2026-03-09,Uber,transport,play_store
7011,فيه مشكلة في تحديد المواقع بالضبط، فمثلاً نقوم بالبحث عن مكان معين ونكتب المكان، فيقوم البرنامج يضعك في مكان ليس له علاقة بالمكان المطلوب، ثم يكون الوضع محرج مع السائق، تخبره أنا لم أقصد هنا، حيث المكان المطلوب مكتوب في البحث لكن لما أقوم بالتأكيد يرميك في مكان آخر، ولكن ليس بشكل دائم.,4,2026-03-09,Uber,transport,play_store
7012,ممتازه,5,2026-03-09,Uber,transport,play_store
7015,رائع,5,2026-03-09,Uber,transport,play_store
7016,ممتازة,5,2026-03-09,Uber,transport,play_store
7017,ممتاز و شكراً لكم,5,2026-03-09,Uber,transport,play_store
7018,ممتاز وسريع,5,2026-03-09,Uber,transport,play_store
7020,رهيب جدا جدا,5,2026-03-09,Uber,transport,play_store
7021,رائع,5,2026-03-09,Uber,transport,play_store
7022,ممتاز,5,2026-03-09,Uber,transport,play_store
7023,رائع,5,2026-03-09,Uber,transport,play_store
7024,ليه الرحله جايه بخصم ودفعت من غير خصم,5,2026-03-09,Uber,transport,play_store
7026,عملي وسريع,5,2026-03-09,Uber,transport,play_store
7027,حلوه,5,2026-03-09,Uber,transport,play_store
7029,ممتاز جدا,5,2026-03-08,Uber,transport,play_store
7030,ممتاز,5,2026-03-08,Uber,transport,play_store
7031,جميل جداً جدا جدا جدا جدا جدا جدا,5,2026-03-08,Uber,transport,play_store
7032,ممتاز,5,2026-03-08,Uber,transport,play_store
7033,جيدا جدا,5,2026-03-08,Uber,transport,play_store
7034,ممتاز,5,2026-03-08,Uber,transport,play_store
7035,ممتز,5,2026-03-08,Uber,transport,play_store
7038,مندازه,5,2026-03-08,Uber,transport,play_store
7039,رائعة جدا,5,2026-03-08,Uber,transport,play_store
7040,ممتازه,5,2026-03-08,Uber,transport,play_store
7044,ممتاز جدا,5,2026-03-08,Uber,transport,play_store
7045,ممتاز,5,2026-03-08,Uber,transport,play_store
7046,جميل,5,2026-03-08,Uber,transport,play_store
7047,تطبيق رائع جداً,5,2026-03-08,Uber,transport,play_store
7048,تجربة رائعة,5,2026-03-08,Uber,transport,play_store
7049,محترم الكابتن وذوق,5,2026-03-08,Uber,transport,play_store
7050,ممتاز جدآ,5,2026-03-08,Uber,transport,play_store
7052,جيدة,5,2026-03-08,Uber,transport,play_store
7053,التجربه سيئه بسبب غلطه سائق مش عارفه اطلب اى رحله,1,2026-03-08,Uber,transport,play_store
7054,شكرا,5,2026-03-08,Uber,transport,play_store
7055,ممتاز,5,2026-03-08,Uber,transport,play_store
7056,تطبيق جميل وسريع,5,2026-03-08,Uber,transport,play_store
7057,جميل واسعار حلوه,5,2026-03-08,Uber,transport,play_store
7058,ممتازة,5,2026-03-08,Uber,transport,play_store
7059,ممتازة,5,2026-03-08,Uber,transport,play_store
7060,كابتن محترم,5,2026-03-08,Uber,transport,play_store
7061,يمكنني التنقل بسهولة,5,2026-03-08,Uber,transport,play_store
7063,كويس,5,2026-03-08,Uber,transport,play_store
7065,محترم وخدمة ممتازة,5,2026-03-08,Uber,transport,play_store
7066,بيتخر,1,2026-03-08,Uber,transport,play_store
7067,واقل من نجمه .. بكل مره اخلي الدفع بالبطاقه يحجزون مبالغ علي ولاهي اول مره . تطبيق فاشل ونصب واحتيال عيني عينك.. مشوار ب ١٩ تحجز علي مبلغ ٤٠ ريال وتسحبه من حسابي ليه ياحراميه؟,1,2026-03-08,Uber,transport,play_store
7069,شكرا علي حسن تعاونكم معنا,5,2026-03-08,Uber,transport,play_store
7070,جيده,5,2026-03-08,Uber,transport,play_store
7071,ممتاز,5,2026-03-08,Uber,transport,play_store
7073,تمام كابتن محترم جدا,5,2026-03-08,Uber,transport,play_store
7074,حلوه,5,2026-03-07,Uber,transport,play_store
7076,ممتازة,5,2026-03-07,Uber,transport,play_store
7077,روعه,5,2026-03-07,Uber,transport,play_store
7080,خدمه حلوه جدا,5,2026-03-07,Uber,transport,play_store
7081,ممتازة,5,2026-03-07,Uber,transport,play_store
7082,حرامي ياخذ اكبر نسبه ويعطي السايق اقل مبلغ,1,2026-03-07,Uber,transport,play_store
7083,ممتازة,5,2026-03-07,Uber,transport,play_store
7084,ممتازة,5,2026-03-07,Uber,transport,play_store
7085,كابتن محترم وممتاز,5,2026-03-07,Uber,transport,play_store
7086,جيد ومريح,5,2026-03-07,Uber,transport,play_store
7087,عروض جميله ❤️,5,2026-03-07,Uber,transport,play_store
7088,خدمه ممتاز جدا جدا جدا جدا,5,2026-03-07,Uber,transport,play_store
7089,راجل محترم وامين,5,2026-03-07,Uber,transport,play_store
7092,رائعه,5,2026-03-13,Noon,ecommerce,play_store
7093,جيد جدا,5,2026-03-13,Noon,ecommerce,play_store
7094,"اسوء منتجات واسوء خدمة عملاء ومش بتحل مشاكل ولا حد بيحل مشكله بيحاول يفرض المنتج عليك بالعافيه دا شغل نصب وسرقه اسوء ابلكيشن هو نون I had a very bad experience with the Noon application. The products quality is poor and the customer service is even worse. When problems happen, no one takes responsibility or tries to solve the issue properly. Instead of helping the customer, they try to force the product on you and close the complaint without a real solution. This kind of behavior feels very",1,2026-03-13,Noon,ecommerce,play_store
7096,جميل جدآ أعجبني وسريع التوصيل,5,2026-03-13,Noon,ecommerce,play_store
7097,ممتاز,5,2026-03-13,Noon,ecommerce,play_store
7098,جميل جدا ورائع,5,2026-03-13,Noon,ecommerce,play_store
7101,جميل,5,2026-03-13,Noon,ecommerce,play_store
7104,لماذا ليه لا يتم تثبيت شي ان في جوالي يقول قير متاح في هاتفك,1,2026-03-13,Noon,ecommerce,play_store
7105,ممتاز,5,2026-03-13,Noon,ecommerce,play_store
7109,تعامل سهل وجميل,5,2026-03-12,Noon,ecommerce,play_store
7110,برنامج كلمة تحفة بجد قليلة عليه,5,2026-03-12,Noon,ecommerce,play_store
7113,ممتاز,5,2026-03-12,Noon,ecommerce,play_store
7114,احب نون 🩷🩷🩷,5,2026-03-12,Noon,ecommerce,play_store
7117,ممتاز التعامل معاهم,5,2026-03-12,Noon,ecommerce,play_store
7118,تطبيق مستفز لا تقدر تستخدم الرصيد ولا تغير إلا يميل ولا تحذف الحساب والتواصل على مزاجهم جاري رفع شكوى للجهة المختصة,1,2026-03-12,Noon,ecommerce,play_store
7119,جميل,5,2026-03-12,Noon,ecommerce,play_store
7120,تطبيق حلو,4,2026-03-12,Noon,ecommerce,play_store
7121,تطبيق رائع,5,2026-03-12,Noon,ecommerce,play_store
7122,موفقين,5,2026-03-12,Noon,ecommerce,play_store
7123,ممتاز,4,2026-03-12,Noon,ecommerce,play_store
7124,جميل وسهل,5,2026-03-12,Noon,ecommerce,play_store
7126,تمام,5,2026-03-12,Noon,ecommerce,play_store
7128,متجر أكثر من رائع,5,2026-03-12,Noon,ecommerce,play_store
7129,😊 يجنن تطبيق,5,2026-03-12,Noon,ecommerce,play_store
7131,ممتاز,5,2026-03-12,Noon,ecommerce,play_store
7132,احلى تطبيق لل توصيل,5,2026-03-12,Noon,ecommerce,play_store
7133,اول مره اجرب اطلب من نون,5,2026-03-12,Noon,ecommerce,play_store
7134,انصحكم بالشراء من متجر نون منتجات اصلية,5,2026-03-12,Noon,ecommerce,play_store
7135,عايز اسال على الساعه,5,2026-03-12,Noon,ecommerce,play_store
7136,سهل ومباشر,5,2026-03-12,Noon,ecommerce,play_store
7137,جيد,5,2026-03-11,Noon,ecommerce,play_store
7138,الموقع تقيل جدا,5,2026-03-11,Noon,ecommerce,play_store
7139,زي الفل ماشاء الله تبارك الله,5,2026-03-11,Noon,ecommerce,play_store
7140,توصيلها سريع 🤩🤩🤩🤩🤩🤩,5,2026-03-11,Noon,ecommerce,play_store
7141,مم,2,2026-03-11,Noon,ecommerce,play_store
7143,تسوق سهل وسريع وجوده عاليه,5,2026-03-11,Noon,ecommerce,play_store
7144,شكرا لخدمتكم,5,2026-03-11,Noon,ecommerce,play_store
7145,تجربة التسوق كانت ممتازة سعر وسرعة توصيل ومتج أصلي,5,2026-03-11,Noon,ecommerce,play_store
7146,ممتاز جدا,5,2026-03-11,Noon,ecommerce,play_store
7147,افضل تطبيق,5,2026-03-11,Noon,ecommerce,play_store
7149,ياجمعه والله حلو عندهم طرق كثير لي دفع اذ تبين دفع كاش في وبطاقه او تماره وعندهم خصمت توصل الي 70في ميه او 50والله تطبيق يهبلل🌷🌷,5,2026-03-11,Noon,ecommerce,play_store
7150,الارجاع في نون حاجه مش كويسه وتعاملهم في الارجاع مش حلوووو الصراحه نجمه وحده كبيرة عليهم,1,2026-03-11,Noon,ecommerce,play_store
7151,خدمة سريعه,5,2026-03-11,Noon,ecommerce,play_store
7152,ممتاز,5,2026-03-11,Noon,ecommerce,play_store
7154,رائع,5,2026-03-11,Noon,ecommerce,play_store
7155,جامد,5,2026-03-11,Noon,ecommerce,play_store
7156,جيد جدا لكن الاسعار مرتفعه قليلا,5,2026-03-11,Noon,ecommerce,play_store
7157,جيد,5,2026-03-11,Noon,ecommerce,play_store
7158,اريد يصير تحديث في نون ثم مسبقة تحدي ربح رصيد نون,5,2026-03-11,Noon,ecommerce,play_store
7159,افضل تطبيق في العالم,5,2026-03-11,Noon,ecommerce,play_store
7160,ممتاز,5,2026-03-10,Noon,ecommerce,play_store
7161,ممتاز بارك الله فيكم,5,2026-03-10,Noon,ecommerce,play_store
7162,سيء جدا لماذا لا توجد الدفع في مركز استلام نون,1,2026-03-10,Noon,ecommerce,play_store
7164,منتجات ممتازة وتعامل ممتاز,5,2026-03-10,Noon,ecommerce,play_store
7165,افضل طبيق ..,5,2026-03-10,Noon,ecommerce,play_store
7166,سريع وسهل استخدامه,5,2026-03-10,Noon,ecommerce,play_store
7167,جيد جدا,5,2026-03-10,Noon,ecommerce,play_store
7168,رائع و بيجي بسرعه,5,2026-03-10,Noon,ecommerce,play_store
7171,ممتاز,5,2026-03-10,Noon,ecommerce,play_store
7172,ممتاز,5,2026-03-10,Noon,ecommerce,play_store
7175,جيد,5,2026-03-10,Noon,ecommerce,play_store
7176,ممتاز جدا,5,2026-03-10,Noon,ecommerce,play_store
7177,رائع,5,2026-03-10,Noon,ecommerce,play_store
7178,جيد,5,2026-03-10,Noon,ecommerce,play_store
7179,ممتاز,5,2026-03-10,Noon,ecommerce,play_store
7180,تجربه جميله جدا,5,2026-03-10,Noon,ecommerce,play_store
7182,شكرا نون,5,2026-03-10,Noon,ecommerce,play_store
7184,رايع,2,2026-03-10,Noon,ecommerce,play_store
7185,تطبيق فيه كل جديد واقل اسعار,5,2026-03-10,Noon,ecommerce,play_store
7187,ماشاءالله حاجتكم كله ممتازة,5,2026-03-10,Noon,ecommerce,play_store
7188,ممتاز,5,2026-03-10,Noon,ecommerce,play_store
7189,ممتاز,5,2026-03-09,Noon,ecommerce,play_store
7190,لم يعطيني الهدية الترحبية,1,2026-03-09,Noon,ecommerce,play_store
7192,موقع جميل مره,5,2026-03-09,Noon,ecommerce,play_store
7193,مختصر ومفيد,5,2026-03-09,Noon,ecommerce,play_store
7194,وصول سريع للطلبات,5,2026-03-09,Noon,ecommerce,play_store
7195,جود,5,2026-03-09,Noon,ecommerce,play_store
7197,تجربه سئى جدا جدا جدا شركه كدابه مفيش اى مصدقيه,1,2026-03-09,Noon,ecommerce,play_store
7198,ممتاز,5,2026-03-09,Noon,ecommerce,play_store
7200,تطبيق جميل جدا وعملى,5,2026-03-09,Noon,ecommerce,play_store
7201,شكرا جزيلا لحضرتك,5,2026-03-09,Noon,ecommerce,play_store
7202,شكرا,5,2026-03-09,Noon,ecommerce,play_store
7205,ممتاز,5,2026-03-09,Noon,ecommerce,play_store
7206,نون دوما الافضل,5,2026-03-09,Noon,ecommerce,play_store
7207,شكرا,5,2026-03-09,Noon,ecommerce,play_store
7208,انتبهو من المنتس وصلو لي اكل منتهي تاريخ الصلاحيه و كلمتهم و ما سوو اي اجراء نهائيا ولا حتى اعتذرو ومو اول مرة تصير بس وصلو لمرحله مايهتمون حتى لو قدمتو شكوى حمدلله في خيارات بديله,1,2026-03-09,Noon,ecommerce,play_store
7212,ممتاز,5,2026-03-09,Noon,ecommerce,play_store
7213,روعة قمة متعة التسوق بكل مصداقية وامانة وضمان وراحة بال,5,2026-03-09,Noon,ecommerce,play_store
7214,مايحتاج كلام,5,2026-03-09,Noon,ecommerce,play_store
7215,شکر الله,3,2026-03-09,Noon,ecommerce,play_store
7216,تحفه,5,2026-03-09,Noon,ecommerce,play_store
7218,جميل,5,2026-03-09,Noon,ecommerce,play_store
7220,ممتاز جدن,5,2026-03-09,Noon,ecommerce,play_store
7221,الخدمة زبالة طلبت منه لعب جت مكسوره ومش هيا الي كنت منقيها و في الاخر عايزيني ارجعها و اخد الفلوس بدل ما يبدلوهم ب ألي طلبتهم وحسبي الله ونعم الوكيل,1,2026-03-09,Noon,ecommerce,play_store
7222,ممتاز,5,2026-03-09,Noon,ecommerce,play_store
7224,ممتاز,5,2026-03-09,Noon,ecommerce,play_store
7225,ممتاز,5,2026-03-09,Noon,ecommerce,play_store
7226,ممتاز,5,2026-03-09,Noon,ecommerce,play_store
7227,ممتاز,5,2026-03-08,Noon,ecommerce,play_store
7228,التطبيق سئ جدا كان معايا قسيمة استخدمتها و ظهر عندي أنها شغالة راجعت الطلب لقيت القسيمة مش شغالة كلمت الدعم مردش غير لما الاوردر وصل و تعامل المندوب كان قمة في السوء و قلة الأدب انصحكم لا تشتروا من هذا التطبيق,1,2026-03-08,Noon,ecommerce,play_store
7230,شكرا,5,2026-03-08,Noon,ecommerce,play_store
7232,رائع,5,2026-03-08,Noon,ecommerce,play_store
7233,رائع جدا,5,2026-03-08,Noon,ecommerce,play_store
7234,كان جيلى قسيمة شراء 350 طلبت ازازة زيت المندوب سرق الشحنه وكلمتهم كذا مره ومحدش حل المشكله,1,2026-03-08,Noon,ecommerce,play_store
7235,جيد جدا,5,2026-03-08,Noon,ecommerce,play_store
7236,ممتاز,5,2026-03-08,Noon,ecommerce,play_store
7239,احسن احسن احسن برنامج مصداقيه تحفه,5,2026-03-08,Noon,ecommerce,play_store
7240,مميز و سهل جدا تطلب من عليه,5,2026-03-08,Noon,ecommerce,play_store
7241,ممتاز ورهيب جدآ جدآ,5,2026-03-08,Noon,ecommerce,play_store
7243,ممتاز,5,2026-03-08,Noon,ecommerce,play_store
7246,أحسن تطبيق في العالم,5,2026-03-08,Noon,ecommerce,play_store
7249,الموقع جيد لكن يزعجني أن أكون مجبر علي تلقي رسائل ترويجية علي الايميل,4,2026-03-08,Noon,ecommerce,play_store
7250,ممتاز,5,2026-03-08,Noon,ecommerce,play_store
7251,سهل جدا ممتاز,5,2026-03-08,Noon,ecommerce,play_store
7252,ممتاز,5,2026-03-08,Noon,ecommerce,play_store
7253,بننب,1,2026-03-08,Noon,ecommerce,play_store
7254,ممتاز جدا,5,2026-03-08,Noon,ecommerce,play_store
7256,مره حلو والله,5,2026-03-08,Noon,ecommerce,play_store
7257,اتمنى الاهتمام بي كيوتيوبر ومن اهم المتسوقين لديكم بشكل افضل,1,2026-03-08,Noon,ecommerce,play_store
7258,رائع جداً,4,2026-03-08,Noon,ecommerce,play_store
7260,الدفع من تابي افضل من تمارا,5,2026-03-07,Noon,ecommerce,play_store
7261,جيد,5,2026-03-07,Noon,ecommerce,play_store
7263,شكرا,5,2026-03-07,Noon,ecommerce,play_store
7264,تطبيق ممتاز وعندهم مصداقيه والتزام بالمواعيد انصح الكل بتحميله,5,2026-03-07,Noon,ecommerce,play_store
7267,جميل جدا,5,2026-03-07,Noon,ecommerce,play_store
7268,ممتاز جدا شكر نون,5,2026-03-07,Noon,ecommerce,play_store
7271,حلو,5,2026-03-07,Noon,ecommerce,play_store
7273,ممتاز,5,2026-03-07,Noon,ecommerce,play_store
7274,ممتاز,5,2026-03-07,Noon,ecommerce,play_store
7275,جيد,5,2026-03-07,Noon,ecommerce,play_store
7276,سهولة، تنوع منتجات، سرعة تأمين,5,2026-03-07,Noon,ecommerce,play_store
7277,منظم وأمان,5,2026-03-07,Noon,ecommerce,play_store
7278,ممتاز,5,2026-03-07,Noon,ecommerce,play_store
7281,منتاز,5,2026-03-07,Noon,ecommerce,play_store
7282,رائع,5,2026-03-07,Noon,ecommerce,play_store
7283,ممتاز,5,2026-03-07,Noon,ecommerce,play_store
7284,ممتاز,5,2026-03-07,Noon,ecommerce,play_store
7285,متجر نون فعلاً رائع بس ليش مايوصلون لليمن,5,2026-03-07,Noon,ecommerce,play_store
7286,افضل تطبيق شفته في حياتي ❤️❤️❤️❤️,5,2026-03-07,Noon,ecommerce,play_store
7287,جيد,5,2026-03-07,Noon,ecommerce,play_store
7288,جميل جدا وأمن,5,2026-03-07,Noon,ecommerce,play_store
7289,ممتاز جدا يستاهل دعم,5,2026-03-06,Noon,ecommerce,play_store
7290,ممتاز,5,2026-03-06,Noon,ecommerce,play_store
7291,رائع 🤩,5,2026-03-06,Noon,ecommerce,play_store
7293,عميل ننون من قديم,5,2026-03-06,Noon,ecommerce,play_store
7294,افضل متجر نون,4,2026-03-06,Noon,ecommerce,play_store
7295,جني منتج مش شغل,1,2026-03-06,Noon,ecommerce,play_store
7296,ممتاز,5,2026-03-06,Noon,ecommerce,play_store
7297,مفيش عندو دفع عند استلام,1,2026-03-06,Noon,ecommerce,play_store
7299,امان وثقه ماشاء الله,5,2026-03-06,Noon,ecommerce,play_store
7300,تسوقت اليوم جهاز شاحن جوال مع سلك و كذلك مهلبية والسعر مقبول.. يقولن التوصيل خلال ساعة بقيمة ١١ ريال بنتظر واشوف صح كلامهم او لا. نعم لقد وصل الطلب بنفس المده المذكوره. اشكركم شكرا جزيلا.,5,2026-03-06,Noon,ecommerce,play_store
7301,من أفضل برامج التسوق,5,2026-03-06,Noon,ecommerce,play_store
7302,ممتاز ولا احلى من نون,5,2026-03-06,Noon,ecommerce,play_store
7303,.كيف طريقة تكبير الخط. نرجو توفير امكانية تكبير الخط من اعدادات الحساب للعميل لأن الخط صغير جدا,4,2026-03-06,Noon,ecommerce,play_store
7305,جيد جدا,5,2026-03-06,Noon,ecommerce,play_store
7306,مره حلو,5,2026-03-06,Noon,ecommerce,play_store
7308,ممتاز,5,2026-03-06,Noon,ecommerce,play_store
7312,تطبيق حلو,5,2026-03-06,Noon,ecommerce,play_store
7313,سئ لأبعد الحدود,1,2026-03-06,Noon,ecommerce,play_store
7315,خير,5,2026-03-06,Noon,ecommerce,play_store
7316,جميل,2,2026-03-06,Noon,ecommerce,play_store
7317,تطبيق تحفه,5,2026-03-06,Noon,ecommerce,play_store
7318,يرجى التنبيه على المندوب بالإتصال قبل الحضور بساعة واحدة على الأقل للتنبيه والإستعداد لإستلام الشحنة,5,2026-03-06,Noon,ecommerce,play_store
7319,التقسيط عليه فوائد ولا بدون,5,2026-03-06,Noon,ecommerce,play_store
7321,ممتاز,5,2026-03-06,Noon,ecommerce,play_store
7322,جيد,5,2026-03-06,Noon,ecommerce,play_store
7323,برنامج ممتاز,5,2026-03-06,Noon,ecommerce,play_store
7325,عروضه حلوة,5,2026-03-06,Noon,ecommerce,play_store
7326,شكراً,4,2026-03-06,Noon,ecommerce,play_store
7327,ممتاز,5,2026-03-06,Noon,ecommerce,play_store
7330,اذا تبون تشترون جولات من نون ماانصحكم خصوصا أجهزة السامسونج لأنهم مايصلحوه حتى لو كان العطل فنى ويقولون منك اهم الشيى مايخسرون و جدا سيئين في المعاملة في موضوع ضمان الاجهزه الاكترونيه جبت جوال وكان خربان حسبي الله فيكم بس,1,2026-03-06,Noon,ecommerce,play_store
7331,جميله اوي في التعامل وسريعه اونلاين ايو عايز مقابل سريع,5,2026-03-06,Noon,ecommerce,play_store
7332,جيد,5,2026-03-06,Noon,ecommerce,play_store
7333,معامله ممتازه وتوصيل مريح جدا جدا جدا جدا,5,2026-03-05,Noon,ecommerce,play_store
7334,أفضل شركه توصل,5,2026-03-05,Noon,ecommerce,play_store
7335,تطبيق ممتاز,5,2026-03-05,Noon,ecommerce,play_store
7336,ممتاز وسهل,5,2026-03-05,Noon,ecommerce,play_store
7337,نون افضل تطبيق عروض,5,2026-03-05,Noon,ecommerce,play_store
7339,تمام,5,2026-03-05,Noon,ecommerce,play_store
7340,تطبيق سي جدا خصوص مندوب توصيل شركه امازون افضل من نون الف مره,1,2026-03-05,Noon,ecommerce,play_store
7341,ممتاز,4,2026-03-05,Noon,ecommerce,play_store
7342,ممتاز,5,2026-03-05,Noon,ecommerce,play_store
7343,شكرا نون,5,2026-03-05,Noon,ecommerce,play_store
7345,مجنون!,5,2026-03-05,Noon,ecommerce,play_store
7346,شركة محترمه جدا,5,2026-03-05,Noon,ecommerce,play_store
7347,شكرا لكم تجربه ممتازه,5,2026-03-05,Noon,ecommerce,play_store
7348,افضل ططبيق 👍,5,2026-03-05,Noon,ecommerce,play_store
7350,خدمة ن ممتازة,5,2026-03-05,Noon,ecommerce,play_store
7351,،،🥰,5,2026-03-05,Noon,ecommerce,play_store
7352,التطبيقات متحر,5,2026-03-05,Noon,ecommerce,play_store
7353,جميل وممتاز,5,2026-03-05,Noon,ecommerce,play_store
7355,الشركة دي محترمه,5,2026-03-05,Noon,ecommerce,play_store
7356,تجربتي كانت سيئة تم سحب المبلغ وإلغاء الطلب ولم يتم الرد علي حتى الآن أتمنى حل المشكلة وإرجاع المبلغ. سأرفع شكوى لوزارة التجارة إذا لم يتم التجاوب,1,2026-03-05,Noon,ecommerce,play_store
7357,شكرا نون,5,2026-03-05,Noon,ecommerce,play_store
7361,سهولة الوصول,5,2026-03-05,Noon,ecommerce,play_store
7363,تطبيق محترم جدا وسهل,5,2026-03-05,Noon,ecommerce,play_store
7364,جميل جدا,5,2026-03-05,Noon,ecommerce,play_store
7365,خديجةبدونموسيقى,4,2026-03-04,Noon,ecommerce,play_store
7366,ممتاز,5,2026-03-04,Noon,ecommerce,play_store
7367,احلي تطبيق,5,2026-03-04,Noon,ecommerce,play_store
7368,جيدون,5,2026-03-04,Noon,ecommerce,play_store
7369,تطبيق رائع,5,2026-03-04,Noon,ecommerce,play_store
7370,ممتاز,5,2026-03-04,Noon,ecommerce,play_store
7371,جزاكم الله خيرا,5,2026-03-04,Noon,ecommerce,play_store
7372,أرجو سرعة التوصيل,5,2026-03-04,Noon,ecommerce,play_store
7374,حبيبي و الله,5,2026-03-13,Jumia,ecommerce,play_store
7375,احببتهم و أحببت عروضهم و طريقتهم لكنني لن استطيع اعطائهم الخمس نجوم الا عند استلام المنتج و رؤية الجوده و التغليف و هل المنتج اصلي ام تقليد,3,2026-03-13,Jumia,ecommerce,play_store
7376,لازم زي ما بطلب بسهوله الغي بسهولة,1,2026-03-12,Jumia,ecommerce,play_store
7379,التطبيق والخطوات وخدمة العملاء جيد جدا,4,2026-03-11,Jumia,ecommerce,play_store
7380,ها رد بعد شهر رمضان عشان حرام,1,2026-03-11,Jumia,ecommerce,play_store
7381,جيد جدا,5,2026-03-11,Jumia,ecommerce,play_store
7383,اشتريت شنطه طلعت مقشرة ومطوصه اللون الذهبي رايح منها,1,2026-03-10,Jumia,ecommerce,play_store
7387,اسعار تحفه,5,2026-03-09,Jumia,ecommerce,play_store
7388,ممتاز,5,2026-03-09,Jumia,ecommerce,play_store
7389,جيد جدا,5,2026-03-09,Jumia,ecommerce,play_store
7390,ممتاز,5,2026-03-09,Jumia,ecommerce,play_store
7391,جيد جدا,5,2026-03-09,Jumia,ecommerce,play_store
7395,ممتاز لحين الانتهاء,5,2026-03-07,Jumia,ecommerce,play_store
7396,شركه فاشله,1,2026-03-07,Jumia,ecommerce,play_store
7398,أتمنه جد غاليه وتطبيق غير واضح تبقا 10 ساعات تدور وعندما تجد تجد سعر جد جد غالي,1,2026-03-06,Jumia,ecommerce,play_store
7399,ممتاز,5,2026-03-06,Jumia,ecommerce,play_store
7400,شركه ممتازه,5,2026-03-05,Jumia,ecommerce,play_store
7402,V V V NICE GOOD 👍 👌 👏 😎 ♥️ ✨️,5,2026-03-05,Jumia,ecommerce,play_store
7403,ممتاز,5,2026-03-05,Jumia,ecommerce,play_store
7405,حلوة أوي,5,2026-03-04,Jumia,ecommerce,play_store
7406,تطبيق سئ جداااااااا ومعندهمش نظام ولا فاهمين اي حاجه ف اي حاجه,1,2026-03-03,Jumia,ecommerce,play_store
7407,جيد,5,2026-03-03,Jumia,ecommerce,play_store
7408,ممتاز,5,2026-03-03,Jumia,ecommerce,play_store
7409,رائع,5,2026-03-03,Jumia,ecommerce,play_store
7410,",خدمة عملاء ممتازه",5,2026-03-02,Jumia,ecommerce,play_store
7411,تجربة حلوة حاجاتهم جميلة,5,2026-03-02,Jumia,ecommerce,play_store
7412,ان في أقل من نجمه كنت بعت,1,2026-03-02,Jumia,ecommerce,play_store
7413,جميل,4,2026-03-02,Jumia,ecommerce,play_store
7414,حرامية قسائم شراء,1,2026-03-01,Jumia,ecommerce,play_store
7415,ممتاز,5,2026-02-28,Jumia,ecommerce,play_store
7416,برنامج جميل جدا جدا وعندهم مصدقه,5,2026-02-28,Jumia,ecommerce,play_store
7417,انا عايز اشحن طلب لازم احط طلب كمان عشان يبق دفع عند الاستلام يعني لو اقل من ١٠٠ بتجبرني اني احط طلب كمان ودي حاجة مش حلوة وسياسة مش حلوة,2,2026-02-28,Jumia,ecommerce,play_store
7418,جميل ومريح,5,2026-02-27,Jumia,ecommerce,play_store
7419,ممتاز,5,2026-02-27,Jumia,ecommerce,play_store
7420,ممتاز,5,2026-02-27,Jumia,ecommerce,play_store
7421,تطبيق سيئ جدا لايوجد شيئ داخل التطييق كل المنتجات غبر متوفرة ماهذا الغباء يا جوميا لم اتوقعكم هكذا,1,2026-02-26,Jumia,ecommerce,play_store
7422,موقع ممتاز,5,2026-02-26,Jumia,ecommerce,play_store
7423,جيد جدا,5,2026-02-25,Jumia,ecommerce,play_store
7425,مميزين ومحترمين,5,2026-02-25,Jumia,ecommerce,play_store
7426,تطبيق رائع جدا أنصح الجميع به فيه كل المتطلبات والسلع الاستهلاكية,5,2026-02-25,Jumia,ecommerce,play_store
7429,جيد,4,2026-02-24,Jumia,ecommerce,play_store
7430,ممتاز,5,2026-02-23,Jumia,ecommerce,play_store
7431,ازاي يعني مفيش توصيل لمعظم المحافظات,1,2026-02-23,Jumia,ecommerce,play_store
7432,تحفههه,5,2026-02-23,Jumia,ecommerce,play_store
7433,سعر ممتاز 🤍,5,2026-02-23,Jumia,ecommerce,play_store
7434,موقع نصاب بيبعت قسايم هدايا وهميه وخدمة العملاء بتكذب,1,2026-02-23,Jumia,ecommerce,play_store
7435,شكرا,5,2026-02-22,Jumia,ecommerce,play_store
7437,بصراحه برنامج سئ جدا والله,1,2026-02-21,Jumia,ecommerce,play_store
7438,مندوب التوصيل اصبح سئ جدا والتواصل ضعيف جدا,1,2026-02-20,Jumia,ecommerce,play_store
7439,الدقة والسرعة فى التعامل,5,2026-02-20,Jumia,ecommerce,play_store
7440,تمام,1,2026-02-19,Jumia,ecommerce,play_store
7441,ابلكيشن حرفيا ملوش لازمه غير حرقه دم وتجار نصابين بيحطوا صور حاجه غير الحاجه واسترداد الفلوس بقولهم علي حساب البنك وفتحت الفيزه فين ز يقولك بريد قسما بالله اسوا شركه تتعاملو معاها رغم اني كنت بتعامل معاهم زمان بس حرفيا دلوقتي اهبط شركه واسوء شركه اول واخر مره ويعوض عليا في الفلوس,1,2026-02-19,Jumia,ecommerce,play_store
7442,ليس رائع,1,2026-02-19,Jumia,ecommerce,play_store
7443,ممتاز,5,2026-02-19,Jumia,ecommerce,play_store
7444,ممتاز,5,2026-02-18,Jumia,ecommerce,play_store
7445,تحفة,5,2026-02-18,Jumia,ecommerce,play_store
7446,جميل جداً,5,2026-02-17,Jumia,ecommerce,play_store
7449,"To be honest, your services are outstanding and excellent.",5,2026-02-17,Jumia,ecommerce,play_store
7451,تمام,5,2026-02-16,Jumia,ecommerce,play_store
7452,ممتاز جدا جدا جدا جدا,5,2026-02-16,Jumia,ecommerce,play_store
7453,تجربة سيئة ولن تكرر,1,2026-02-16,Jumia,ecommerce,play_store
7455,غير جيد و خدمه عملاء سيئه و عدم توصيل الي الساحل,1,2026-02-15,Jumia,ecommerce,play_store
7460,تطبيق ممتاز جدا,5,2026-02-14,Jumia,ecommerce,play_store
7461,احيانا المنتجات بتحضر كأنها مستعمله,4,2026-02-13,Jumia,ecommerce,play_store
7463,ممتاز,5,2026-02-13,Jumia,ecommerce,play_store
7464,تطبيق ممتاز وأسعار مناسبه لجميع الفئات 💫,5,2026-02-13,Jumia,ecommerce,play_store
7466,ممتاز,5,2026-02-13,Jumia,ecommerce,play_store
7467,غير متوفر فى الغردقة,5,2026-02-13,Jumia,ecommerce,play_store
7468,جيد جدا,5,2026-02-13,Jumia,ecommerce,play_store
7473,اقبح حاجة عندهم مافيش توصيل لل قُري . مافيش توصيل غير للمدن . اتقفلت منه و حذفته,1,2026-02-10,Jumia,ecommerce,play_store
7475,اسواء ابلكيشن واسواء خدمه عملاء لا انصح بالتعامل معاهم,1,2026-02-09,Jumia,ecommerce,play_store
7476,ممتاز,4,2026-02-09,Jumia,ecommerce,play_store
7477,جوميا احسن من امازون ف التعامل,5,2026-02-09,Jumia,ecommerce,play_store
7478,جميل,5,2026-02-08,Jumia,ecommerce,play_store
7479,خدمه ممتازه,5,2026-02-07,Jumia,ecommerce,play_store
7480,ممتاز,5,2026-02-06,Jumia,ecommerce,play_store
7481,excellent reviews and signs,5,2026-02-06,Jumia,ecommerce,play_store
7482,ثقة و مصداقية,5,2026-02-06,Jumia,ecommerce,play_store
7484,ممتاز,5,2026-02-06,Jumia,ecommerce,play_store
7486,خدمه ممتازه,5,2026-02-06,Jumia,ecommerce,play_store
7487,جميل,5,2026-02-06,Jumia,ecommerce,play_store
7488,جيد,5,2026-02-06,Jumia,ecommerce,play_store
7489,معقد جدا في تسجيل الدخول,3,2026-02-06,Jumia,ecommerce,play_store
7492,تطبيق خبيث حقير ، يعرض إشعارات ثابتة شريط الإشعارات ولا يمكن ازالتها.,1,2026-02-05,Jumia,ecommerce,play_store
7493,تطبيق أقل من اقول عليه متواضع أقل تطبيق علي الانترنت في مصر بعد ما عملت الطلب وكونفرم علي المبلغ واستني ميعاد الاستلام واخد اليوم اجازه يجي يقول اسف جدا يا افندم انت اصلا مطلبتش ادخل اعمل الاوردر تاني مع أن طالب اللودر من خدمه العملاء اجي بكل هدوء امسك نفسي ومتعصبش عليها واجي اعمل الاوردر يكون زياده ٣٠٠٠ جنيه شركه زباله ومفيش اي مصداقيه الافضل بعدو عنه في بدائل كتير في نون أو امازون و كنز وغيره من التطبيقات المحترمه وشكرا.,1,2026-02-05,Jumia,ecommerce,play_store
7495,ع فكره انا طالبه الاوردر مرتين وميوصلش حاجه مش كويسه,1,2026-02-04,Jumia,ecommerce,play_store
7496,برنامج سيء جدا من حيث المنتجات والأسعار مبالغ فيها عن الطبيعي والعروض كلها فيك,1,2026-02-04,Jumia,ecommerce,play_store
7497,ممتاز,5,2026-02-04,Jumia,ecommerce,play_store
7501,ممتاز,5,2026-02-03,Jumia,ecommerce,play_store
7502,تطبيق رائع,5,2026-02-02,Jumia,ecommerce,play_store
7503,اسوء موقع الكترونى ..ولايوجد مصدقية..لا انصح بتحميلة ولا الشراء منة لضياع حقوق المستهلك,1,2026-02-02,Jumia,ecommerce,play_store
7505,جيدآ,4,2026-02-01,Jumia,ecommerce,play_store
7506,ممتاز,5,2026-02-01,Jumia,ecommerce,play_store
7508,ممتاز,5,2026-01-31,Jumia,ecommerce,play_store
7509,كويس بس مش عارفه اشتري من عليه حاجه,5,2026-01-31,Jumia,ecommerce,play_store
7510,ممتااااااااز اسعار خياليه وخدمة رائعه,5,2026-01-30,Jumia,ecommerce,play_store
7511,حلوه جداً,5,2026-01-28,Jumia,ecommerce,play_store
7514,هو بصراحه تطبيق روعه وجميل جدا ومش مقاطعه بس بصراحه وتطبيق سريعه جميل احسن من امازون بكتير هو احسن واحد وروعه ويستاهل اكثر من ٥ نجوم وسريع التشغيل وبصراحه انا بنصح اي حد يحمله وما يحملش تطبيقات تانيه غيره عشان هو الوحيد اللي هو احسن واحد في الفئه كلها ويستاهل اكثر من كده بكثير هو اروع تطبيق,5,2026-01-27,Jumia,ecommerce,play_store
7515,أحلا جوميا,5,2026-01-26,Jumia,ecommerce,play_store
7516,ممتاز,5,2026-01-26,Jumia,ecommerce,play_store
7517,تطبيق ممتاز جدا,5,2026-01-26,Jumia,ecommerce,play_store
7518,يوجد دفع عند الاستلام و جيدا جدا❤,5,2026-01-26,Jumia,ecommerce,play_store
7519,جيدة,4,2026-01-25,Jumia,ecommerce,play_store
7520,ممتاز,5,2026-01-25,Jumia,ecommerce,play_store
7521,جيده,5,2026-01-25,Jumia,ecommerce,play_store
7522,اسوء متجر سلع غير اصليه وصعوبه التواصل مع خدمه العملاء وشروط استرجاع صعبه,1,2026-01-25,Jumia,ecommerce,play_store
7523,تطبيق جد رائع,5,2026-01-24,Jumia,ecommerce,play_store
7526,جيد و رأع جريبوه,5,2026-01-23,Jumia,ecommerce,play_store
7527,احلى موقع,5,2026-01-23,Jumia,ecommerce,play_store
7528,جااامد,5,2026-01-23,Jumia,ecommerce,play_store
7529,فاشل وبيهنج ده غير انهم حرامية ومنتجاتهم بايظة,1,2026-01-22,Jumia,ecommerce,play_store
7530,كان تسجيل الدخول صعب بس عندهم خدمة عمله حلو اوي,5,2026-01-22,Jumia,ecommerce,play_store
7531,مش بيرجعو منتجات خالص ولا بيدو ضمان صدد العيوب خالص ولا بيبدلهوا بيقو نصبين خالي بالكم من الموضوع ده امازون افضل منهم في المرتجعات والضمان,1,2026-01-22,Jumia,ecommerce,play_store
7532,Why is there no delivery to Sharm El Sheikh? What's the problem? Please reply,1,2026-01-21,Jumia,ecommerce,play_store
7534,جوميا عالم رائع في مجال التسوق,5,2026-01-21,Jumia,ecommerce,play_store
7536,تحت التجربة,2,2026-01-21,Jumia,ecommerce,play_store
7538,جيد,4,2026-01-20,Jumia,ecommerce,play_store
7541,تحت التجربه,1,2026-01-20,Jumia,ecommerce,play_store
7542,ممتاز,5,2026-01-20,Jumia,ecommerce,play_store
7543,رائع جدا أجمل متجر علي الأطلاق⭐⭐⭐⭐⭐⭐⭐,5,2026-01-20,Jumia,ecommerce,play_store
7544,ممتاز,5,2026-01-19,Jumia,ecommerce,play_store
7545,سيء,1,2026-01-19,Jumia,ecommerce,play_store
7546,ممتاز,5,2026-01-18,Jumia,ecommerce,play_store
7547,رائعه جدآ وملتزمين,5,2026-01-18,Jumia,ecommerce,play_store
7548,حلوه,5,2026-01-18,Jumia,ecommerce,play_store
7549,حلو,5,2026-01-17,Jumia,ecommerce,play_store
7550,رائعة,5,2026-01-17,Jumia,ecommerce,play_store
7551,احسن تطبيق مشتريات في مصر,5,2026-01-16,Jumia,ecommerce,play_store
7553,معامله سهله ومريحه,5,2026-01-15,Jumia,ecommerce,play_store
7558,ممتاز,5,2026-01-13,Jumia,ecommerce,play_store
7559,جميل جداً,5,2026-01-12,Jumia,ecommerce,play_store
7560,جميل جداً,5,2026-01-12,Jumia,ecommerce,play_store
7562,ممتاز جدا,5,2026-01-10,Jumia,ecommerce,play_store
7564,ابضن ماركت ممكن تشتري منه ف حياتك حرفيا الاوردر ممكن يفضل اسبوع عشان يجيلك بعكس امازون ونون الاوردر بيجي خلال يوم او يومين المفروض ان انا طالب اوردر من اسبوع كان هيوصل من يومين لحد دلواقتي موصلش اخر مرة تعامل ان شاء الله,1,2026-01-09,Jumia,ecommerce,play_store
7565,كويس 😀,5,2026-01-09,Jumia,ecommerce,play_store
7567,تجربه سيئه,1,2026-01-08,Jumia,ecommerce,play_store
7568,مع الاسف بقيتوا من سئ لاسوء الباكدجينج تبع المنتجات بقي سئ جدا جدا التوصيل بقي بيتأخر لخمس ايام واكتر مندوبين شحن سيئين لا اخلاق ولا احترام للعملاء إلا من رحم ربي طبعا ودول بقوا قليلين جدا لو في اقل من النجمه كنت اعطيتكم والله,1,2026-01-07,Jumia,ecommerce,play_store
7570,رائع 👍,5,2026-01-07,Jumia,ecommerce,play_store
7571,طلبت سماعة جاتلي وحشة جدا جدا العيب أن فيها خدوش و في فردة صوتها واطي كدا محدش يشتري من جوميا في امازون حلو ومضمون,1,2026-01-07,Jumia,ecommerce,play_store
7572,تطبيق ممتاز أنصح به كل الاصدقاء,5,2026-01-05,Jumia,ecommerce,play_store
7573,ممتاز,5,2026-01-04,Jumia,ecommerce,play_store
7574,تحت التجربه,5,2026-01-03,Jumia,ecommerce,play_store
7575,ممتاز,5,2026-01-03,Jumia,ecommerce,play_store
7576,جوميا أصبحت سيئة جدا ولديها سيستم غريب في توصيل الطلبات تجعل مندوب الشحن يتلاعب بالطلبات . في جوميا ممكن مندوب الشحن يلغي الاوردر من عندة ويذكر السبب انك طلبت إلغاء الاوردر من غير ما حتي حد يكلمك وبعد فترة تفاجئ ان الاودر ملغي ومضطر تنتظر ١٤ يوم عشان الفلوس ترجعلك تاني لو كنت دافعت فيزا .. وبكدا بتكون تحت رحمت مندوب الشحن ممكن يلغي الاوردر لو مكانك بعيد او يتعامل معاك بوقاحة ومضطر تستحمله عشان ميلغيش الاوردر,1,2026-01-02,Jumia,ecommerce,play_store
7577,تجربة رائعة,4,2026-01-02,Jumia,ecommerce,play_store
7579,تمام,5,2026-01-01,Jumia,ecommerce,play_store
7581,ممتاز,5,2025-12-31,Jumia,ecommerce,play_store
7584,المعامله سلسه وبلا تعقيد ولا اكاذيب,4,2025-12-29,Jumia,ecommerce,play_store
7585,سئ جدا,1,2025-12-28,Jumia,ecommerce,play_store
7591,حلو.....,3,2025-12-27,Jumia,ecommerce,play_store
7592,والله رغم انه لم يصل لكني متحمسة ثمنه مناسب ويعامل زباناء باحترام اقدر كل تعبهم احب هذا تطبيق جدا,5,2025-12-27,Jumia,ecommerce,play_store
7593,اسوء تطبيق واسوء تجربة,1,2025-12-27,Jumia,ecommerce,play_store
7594,تحت التجربه,5,2025-12-27,Jumia,ecommerce,play_store
7596,سيء,1,2025-12-25,Jumia,ecommerce,play_store
7597,ممتاز,5,2025-12-25,Jumia,ecommerce,play_store
7598,الا توجد اللغة العربية,5,2025-12-25,Jumia,ecommerce,play_store
7599,شركه نصابه,1,2025-12-24,Jumia,ecommerce,play_store
7601,شركة مضمونه ولكن لازم تركز مع مناديب التسليم لإنهم بيقبلوا لو في غلط في فلوس الدفع ده بالنسبه للمندوب عن تجربه أكثر من مره,5,2025-12-23,Jumia,ecommerce,play_store
7602,اسوء و ازبل تجربه و الحاجه جت بايظه و مش شغاله و مش راضين يرجعوها نصابين و حراميه,1,2025-12-23,Jumia,ecommerce,play_store
7603,اسؤ تجربه شراء في الحياه ونون وامازون برقبته,1,2025-12-23,Jumia,ecommerce,play_store
7604,جميل جدا,5,2025-12-22,Jumia,ecommerce,play_store
7610,مافي ضمان بعد البيع مثل امازن,4,2025-12-20,Jumia,ecommerce,play_store
7611,تمام,5,2025-12-20,Jumia,ecommerce,play_store
7613,لم يناسبني,5,2025-12-17,Jumia,ecommerce,play_store
7615,كان لغيت الطلب ويوم ثاني جاء,4,2025-12-16,Jumia,ecommerce,play_store
7618,برنامج روعه,5,2025-12-15,Jumia,ecommerce,play_store
7620,ممتاز,5,2025-12-14,Jumia,ecommerce,play_store
7621,رائع جدا وخصومات كبيرة,5,2025-12-14,Jumia,ecommerce,play_store
7622,ايش مشكله برنامج ادخل من الحساب مصر يرفض ولما ادخل دوله تانيه زى المغرب بيدخلنى على الحساب,1,2025-12-13,Jumia,ecommerce,play_store
7624,منتجاتهم بايظة ومش كويسة منصحش حد بالتعامل معاهم,1,2025-12-10,Jumia,ecommerce,play_store
7625,معفن وانصح الجميع انهم مينزلهوش دا برنامج سخيف 🤬,1,2025-12-10,Jumia,ecommerce,play_store
7626,سيء جدا,1,2025-12-10,Jumia,ecommerce,play_store
7628,ممتاز,5,2025-12-09,Jumia,ecommerce,play_store
7629,تمام,5,2025-12-08,Jumia,ecommerce,play_store
7630,ممثازة,5,2025-12-08,Jumia,ecommerce,play_store
7631,ممتاذ,5,2025-12-08,Jumia,ecommerce,play_store
7632,ممتاز,5,2025-12-08,Jumia,ecommerce,play_store
7636,نصابين و بينصبوا علي اليليجرام محدش يديهم بينات,1,2025-12-06,Jumia,ecommerce,play_store
7637,شركة نصابه و معندهمش مصداقيه,1,2025-12-06,Jumia,ecommerce,play_store
7638,شركة نصابه و مفيش مصداقيه ويتطلب بسعر و بتستلم بسعر مختلف و مفيش معاينه عند الاستلام,1,2025-12-06,Jumia,ecommerce,play_store
7639,ممتاز,5,2025-12-06,Jumia,ecommerce,play_store
7640,برنامج جميل,5,2025-12-05,Jumia,ecommerce,play_store
7641,اسواء برنامج,1,2025-12-05,Jumia,ecommerce,play_store
7642,برنامج جميل جدا,5,2025-12-05,Jumia,ecommerce,play_store
7643,ممتاز,5,2025-12-05,Jumia,ecommerce,play_store
7644,مندوب توصيل سئ عملت فيه اربع شكاوى ومصممين يبعتوه كل مرة بلطجة وقلة ذوق,1,2025-12-04,Jumia,ecommerce,play_store
7646,جميلة,5,2025-12-03,Jumia,ecommerce,play_store
7647,ممتاز,5,2025-12-02,Jumia,ecommerce,play_store
7648,جميل,5,2025-12-02,Jumia,ecommerce,play_store
7650,تطبيق باخص,1,2025-12-01,Jumia,ecommerce,play_store
7651,رائع جدا جدا جدا جدا ومفيد,4,2026-03-13,Amazon,ecommerce,play_store
7652,ممتازه,5,2026-03-13,Amazon,ecommerce,play_store
7654,ممتاز,5,2026-03-13,Amazon,ecommerce,play_store
7655,جيد جدا,5,2026-03-13,Amazon,ecommerce,play_store
7656,زباله,1,2026-03-13,Amazon,ecommerce,play_store
7657,اسعار ومش حلوه,1,2026-03-13,Amazon,ecommerce,play_store
7658,أنه رائع جدا و انا اعتمد عليه في أي تسوق و معاملتهم مؤدبه جداً و انا لا أرى اي عيوب في هذا التطبيق 💗,5,2026-03-13,Amazon,ecommerce,play_store
7659,تجربه اخيرة,5,2026-03-13,Amazon,ecommerce,play_store
7660,اسوأ خدمة عملاء بعد كيتا,1,2026-03-13,Amazon,ecommerce,play_store
7662,ممتازة,5,2026-03-13,Amazon,ecommerce,play_store
7663,I am trying to create a new account but I receive an “Unusual Activity” error. Please help me verify my account.,1,2026-03-13,Amazon,ecommerce,play_store
7664,من انضف الحاجه واحسن التعامل,5,2026-03-13,Amazon,ecommerce,play_store
7665,لا استطيع الدفع بأي وسيلة ؟!,2,2026-03-13,Amazon,ecommerce,play_store
7666,اسعره رخيصه,5,2026-03-13,Amazon,ecommerce,play_store
7667,اول و اخر تجربة لي في امازون ، احتجت ٧ ايام عشان اعرف ان شحنتي حاتوصل بعد شهر او شهر ونص مع اني اتصلت عليهم بعد يومين من الطلب وقالي بتوصلك بعد يومين، و بعد الغيت الطلبية لي ٧ ايام مارجعو الفلوس للحين,1,2026-03-13,Amazon,ecommerce,play_store
7668,جميل,5,2026-03-13,Amazon,ecommerce,play_store
7669,نايس,5,2026-03-13,Amazon,ecommerce,play_store
7670,ممتاز جدا رائع جداً انصح بتجربته,5,2026-03-13,Amazon,ecommerce,play_store
7672,مش حلو وكل الاوردرات جت فيها غلطات و فلوسي راحت عليا ومش عارفه اخدها مطلعين العيب في البنك,1,2026-03-12,Amazon,ecommerce,play_store
7674,خيالية,5,2026-03-12,Amazon,ecommerce,play_store
7675,جميل جدا,5,2026-03-12,Amazon,ecommerce,play_store
7676,التطبيق مش راضي ينزل علي الموبايل بيقولي لا يتوافق,1,2026-03-12,Amazon,ecommerce,play_store
7677,هذا التطبيق رائع جدا انصح الجميع استخدامه,5,2026-03-12,Amazon,ecommerce,play_store
7680,تمام 👌,4,2026-03-12,Amazon,ecommerce,play_store
7685,جيد,5,2026-03-11,Amazon,ecommerce,play_store
7687,تطبيق سئ جدا واسعاره مزيفه ولا يقبل الدفع الكاش,1,2026-03-11,Amazon,ecommerce,play_store
7689,الدفع عند الاستلام مغلق وحاولت بكل الطرق فتحه ولا نتيجة,1,2026-03-11,Amazon,ecommerce,play_store
7693,جميل وسلس,5,2026-03-11,Amazon,ecommerce,play_store
7696,جميلة,5,2026-03-11,Amazon,ecommerce,play_store
7699,ممتاز وخدمة سريعة 👍,5,2026-03-11,Amazon,ecommerce,play_store
7700,تطبيق سي جدآ لا انصح فيه خدمة العملاء سي جدا,1,2026-03-11,Amazon,ecommerce,play_store
7701,ممتاز,5,2026-03-11,Amazon,ecommerce,play_store
7703,مميز,5,2026-03-11,Amazon,ecommerce,play_store
7704,لماذا لا توجد الدفع في مركز استلام,1,2026-03-10,Amazon,ecommerce,play_store
7705,تحفي,5,2026-03-10,Amazon,ecommerce,play_store
7706,ممتاز,5,2026-03-10,Amazon,ecommerce,play_store
7708,لا يمكن الاستغناء عنه,5,2026-03-10,Amazon,ecommerce,play_store
7709,ممتاز جدا,5,2026-03-10,Amazon,ecommerce,play_store
7710,اكيد الاسعار ممتازه 💯💯💯💯💯💯💯,5,2026-03-10,Amazon,ecommerce,play_store
7712,ليس جيد بمصر خلي بالكم و كمان جمارك لو هاتشتري إبرة صغيرة بجنيه هتدفع ١٠٠ج دا للعلم من مصر أرخص و كمان هتشوف المنتج بعينك أو من أي مكان أو أي برنامج اخر متاح بمصر احسنلك,1,2026-03-10,Amazon,ecommerce,play_store
7713,سئ,1,2026-03-10,Amazon,ecommerce,play_store
7714,برنامج ممتاز اقسم بالله ❤️❤️,5,2026-03-10,Amazon,ecommerce,play_store
7715,برنامجك مفيد اطلب منه مل ما اريد,5,2026-03-10,Amazon,ecommerce,play_store
7716,اسوء خدمة عملاء علي الاطلاق,1,2026-03-10,Amazon,ecommerce,play_store
7717,اسوء شركة اونلاين في مصر .. الاوردات غالية الثمن مش بتوصل ويرسلوا مكانها طوبة أو اي شئ ليس له قيمة,1,2026-03-10,Amazon,ecommerce,play_store
7721,تحت التجربة بالنسبة لي,5,2026-03-10,Amazon,ecommerce,play_store
7722,ازبل منصه في الاونلاين خصوصا في السعوديه ومصر,1,2026-03-09,Amazon,ecommerce,play_store
7723,جيد جدا,5,2026-03-09,Amazon,ecommerce,play_store
7726,ممتاز جدا,5,2026-03-09,Amazon,ecommerce,play_store
7727,جيده,5,2026-03-09,Amazon,ecommerce,play_store
7728,جيد,3,2026-03-09,Amazon,ecommerce,play_store
7729,ممتاز جدا,5,2026-03-09,Amazon,ecommerce,play_store
7730,جميل,5,2026-03-09,Amazon,ecommerce,play_store
7732,تحت التجربه,1,2026-03-09,Amazon,ecommerce,play_store
7734,تطبيق رائع وتوصيل سريع وجوده حلوه وفيه كل شي تتمنيه🌹 شكرا امازون على التوصيل المدهش بسرعته!!,5,2026-03-09,Amazon,ecommerce,play_store
7735,من احسن التطبيقات الى تعاملت معها,5,2026-03-09,Amazon,ecommerce,play_store
7737,نعمل حاجه حلوه هذا المطلوب ااااااااااااا فضل شي في التلفون انا اشكارك,4,2026-03-08,Amazon,ecommerce,play_store
7738,التطبيقات 👍,5,2026-03-08,Amazon,ecommerce,play_store
7739,كويس,5,2026-03-08,Amazon,ecommerce,play_store
7740,٧هنت.؟,2,2026-03-08,Amazon,ecommerce,play_store
7742,حلوه,5,2026-03-08,Amazon,ecommerce,play_store
7743,ممتاز جدا,5,2026-03-08,Amazon,ecommerce,play_store
7744,ممتاز,5,2026-03-08,Amazon,ecommerce,play_store
7745,جيد,5,2026-03-08,Amazon,ecommerce,play_store
7746,نصابين,1,2026-03-08,Amazon,ecommerce,play_store
7747,وحش بمجرد ما رجعت منتج تالف منع الدفع عند الاستلام وبيجبرنى ادفع فيزا,2,2026-03-08,Amazon,ecommerce,play_store
7748,مقاطعه,1,2026-03-08,Amazon,ecommerce,play_store
7750,شركه رديئه جدا تحت كلمه شعبي سواقين الدليفري قلالات الادب مناديب بتشتم وبتبلش ومعايا الاسكرينات,1,2026-03-07,Amazon,ecommerce,play_store
7751,ممتاز جدا,5,2026-03-07,Amazon,ecommerce,play_store
7753,تمام قرر،,5,2026-03-07,Amazon,ecommerce,play_store
7754,افضل برنامج تسواق في العالم,5,2026-03-07,Amazon,ecommerce,play_store
7755,تطبيق جيد وخدمه عملاء ممتاز,5,2026-03-07,Amazon,ecommerce,play_store
7756,ممتاز,5,2026-03-07,Amazon,ecommerce,play_store
7760,ممتاز,3,2026-03-06,Amazon,ecommerce,play_store
7761,جميل جدااااااااا,5,2026-03-06,Amazon,ecommerce,play_store
7763,غاى لظ,5,2026-03-06,Amazon,ecommerce,play_store
7764,جدا جدا جميله تجربتي مع امازون,5,2026-03-06,Amazon,ecommerce,play_store
7765,جيد,5,2026-03-06,Amazon,ecommerce,play_store
7766,ممتاز,5,2026-03-06,Amazon,ecommerce,play_store
7767,جيد,5,2026-03-06,Amazon,ecommerce,play_store
7768,تجربة جيدة,5,2026-03-06,Amazon,ecommerce,play_store
7769,رئع جدا,5,2026-03-06,Amazon,ecommerce,play_store
7770,ممتاز ولكن قبل ما تطلب اي شيء تأكد من البائع,5,2026-03-06,Amazon,ecommerce,play_store
7772,"I want to file a complaint about a product I purchased. I bought a pair of football boots. The boots come as two separate pieces: one for the right foot and one for the left foot. They only sent me one piece, the right foot. Of course, I can't use the boots with just one piece.",1,2026-03-05,Amazon,ecommerce,play_store
7773,ممتاز,5,2026-03-05,Amazon,ecommerce,play_store
7775,تحربه سيئ جدا مفيش تواصل الاوردر قبل ميوصل بيتلغى ومتعرفش السبب ومش عارف تتواصل معاهم,1,2026-03-05,Amazon,ecommerce,play_store
7776,سيئ جدا ومعامله زباله,1,2026-03-05,Amazon,ecommerce,play_store
7777,سيئ و غير صادق و غشاش,1,2026-03-05,Amazon,ecommerce,play_store
7779,امازون من اسوء تطبيقات التسوق مقدم طلب استرجاع من يوم 11 فبراير وللأن ما وصلني منهم اي ايجابيه ودخلت فثاني شهر وتابي بتطالبني بدفع الدفعه الثانيه ومش دافع علي حاجه مش عايزها والجوال زي ما هوا في الكرتونه الخاصه بيه لا انصح علي الإطلاق التعامل مع امازون تجربه اسوء من السيئ وحسبي الله ونعم الوكيل,1,2026-03-05,Amazon,ecommerce,play_store
7780,جميل جدا,5,2026-03-05,Amazon,ecommerce,play_store
7782,ممتاز,5,2026-03-04,Amazon,ecommerce,play_store
7783,ممتاز,5,2026-03-04,Amazon,ecommerce,play_store
7785,لايوجد عروض,1,2026-03-04,Amazon,ecommerce,play_store
7787,من اسوء التطبيقات نون احسن منه ب كتير,1,2026-03-04,Amazon,ecommerce,play_store
7789,تجربه را٦,5,2026-03-04,Amazon,ecommerce,play_store
7791,اريد حذفه,1,2026-03-04,Amazon,ecommerce,play_store
7795,قفلوا الحساب بتاعي من غير اي سبب وتم رفض الشراء بالفيزا,1,2026-03-03,Amazon,ecommerce,play_store
7796,افضل برنامج للتسوق,5,2026-03-03,Amazon,ecommerce,play_store
7797,غير جيد,1,2026-03-03,Amazon,ecommerce,play_store
7798,اجمل التسوق معاكم,5,2026-03-03,Amazon,ecommerce,play_store
7799,حلو اوي,5,2026-03-03,Amazon,ecommerce,play_store
7800,جيد بصراحه.,3,2026-03-03,Amazon,ecommerce,play_store
7802,جيد للشراء خدمة متوسطة ،،,3,2026-03-03,Amazon,ecommerce,play_store
7803,جميل جدا,5,2026-03-03,Amazon,ecommerce,play_store
7804,ممتاز,5,2026-03-03,Amazon,ecommerce,play_store
7805,تطبيق سيئ جدا ... طلبت ناي و وصلني بدلا من الناي عصايا خشبية في كيس ... خدمة العملاء سيئة جدا وطريقتهم سيئة ودايما اذا طلبت منتج يوصل لك منتج اخر ... اسوأ تطبيق اجربه بحياتي,1,2026-03-03,Amazon,ecommerce,play_store
7807,تطبيق سئ جدا وتطبيق نون افضل منه,1,2026-03-03,Amazon,ecommerce,play_store
7808,مثالي,5,2026-03-03,Amazon,ecommerce,play_store
7809,ممتاز,5,2026-03-03,Amazon,ecommerce,play_store
7810,برنامج سيء جدا يلغى الطلبيات من نفسه,1,2026-03-03,Amazon,ecommerce,play_store
7811,ابلكيشن وحش بجد والحاجه مش بتوصل في معادها,2,2026-03-02,Amazon,ecommerce,play_store
7812,ونتل,5,2026-03-02,Amazon,ecommerce,play_store
7815,ممتاز,5,2026-03-02,Amazon,ecommerce,play_store
7816,المنتجات بتوصل مسروقة الموظف بياخد منها قبل ما يوصلها,1,2026-03-02,Amazon,ecommerce,play_store
7818,أسعار أغلى والجودة نفس الي في السوق إذا ما عندك برايم راح تتمرمط,1,2026-03-02,Amazon,ecommerce,play_store
7820,عن جد جميل جدا,5,2026-03-02,Amazon,ecommerce,play_store
7821,جيدة جدا جدا جدا,5,2026-03-01,Amazon,ecommerce,play_store
7822,ممتاز,5,2026-03-01,Amazon,ecommerce,play_store
7823,احسن برنامج امازون للتسوق العام الجديد 2026الجديدةالسعيدةالممتعةالمميزةالجيدة,5,2026-03-01,Amazon,ecommerce,play_store
7824,جميل,4,2026-03-01,Amazon,ecommerce,play_store
7825,خدمه عملاء سئ جدا جدا,1,2026-03-01,Amazon,ecommerce,play_store
7826,جيد,5,2026-03-01,Amazon,ecommerce,play_store
7827,اسوء تطبيق صادفته,1,2026-03-01,Amazon,ecommerce,play_store
7828,اخس تطبيق اشوفه من كثر ما شفت له اعلان,1,2026-03-01,Amazon,ecommerce,play_store
7830,ممتازه جدا,5,2026-03-01,Amazon,ecommerce,play_store
7832,ممتاز,5,2026-03-01,Amazon,ecommerce,play_store
7833,حلو,5,2026-03-01,Amazon,ecommerce,play_store
7835,جيد,5,2026-03-01,Amazon,ecommerce,play_store
7836,رائعه جدا,5,2026-03-01,Amazon,ecommerce,play_store
7837,جيد,5,2026-02-28,Amazon,ecommerce,play_store
7838,ممتاز,5,2026-02-28,Amazon,ecommerce,play_store
7839,امازون من احل المتاجر ومش مجمله خالص متصدقوش اي حد يقول مش حلو وانا عن تجربه بجد كل حاجه بتيجي سليمه وانا بطلب اي حاجه فيها زجاج مش بخاف لان الحاجه بتيجي سليَه,5,2026-02-28,Amazon,ecommerce,play_store
7842,ممتازه,5,2026-02-28,Amazon,ecommerce,play_store
7843,متتاز والله طلبت ساعه خلال يومين فقط شفتها عندي قدام البيت ويعجبني انهم عندما يتواصلون معك,5,2026-02-28,Amazon,ecommerce,play_store
7844,أفضل التطبيقات للتسوق علي الأطلاق وبلا منازع. سرعة في الأداء والإستجابة والتنفيذ. جودة وخدمة التغليف. وسرعة الشحن ممتازة. خدمة توصيل قمة الأدب والذوق. خدمة عملاء أكثر من رائعة قمة الإحترام. شكراً جزيلا أمازون الرائدة وخدمة العملاء وجميع العاملين. فلكم مني جميعاً شكري وتحياتي.,5,2026-02-28,Amazon,ecommerce,play_store
7845,افضل تطبيق في العالم حلو جيدا في مميزات كتير❤️,5,2026-02-28,Amazon,ecommerce,play_store
7846,زي الزفت بحاول بكارت الدفع أونلاين مش بيقبل معايا 😡😡😡,1,2026-02-28,Amazon,ecommerce,play_store
7848,رائع,5,2026-02-27,Amazon,ecommerce,play_store
7849,تجربه سيئه جدا المنتج ال بطلبوا مش ال بيجي وعمليه الارجاع مبتحصلش اساسا حتا بعد الشكاوي,1,2026-02-27,Amazon,ecommerce,play_store
7850,very nice 👍👍👍🙂 I love you 💗💗💗💗,5,2026-02-27,Amazon,ecommerce,play_store
7851,ممتاز,5,2026-02-27,Amazon,ecommerce,play_store
7852,تمتاز,5,2026-02-27,Amazon,ecommerce,play_store
7853,العراق ليس موجوده نحن نريد السعر العراقي نريد الدينار,1,2026-02-27,Amazon,ecommerce,play_store
7855,ممتاز,5,2026-02-26,Amazon,ecommerce,play_store
7857,الافضل,5,2026-02-26,Amazon,ecommerce,play_store
7858,السلام عليكم,2,2026-02-26,Amazon,ecommerce,play_store
7860,تطبيق سيء تم شرا منتج وطلع في خطه وقمت برجع ولم ترجع الموال شغل نصب والله العظيم,1,2026-02-26,Amazon,ecommerce,play_store
7861,ممتاز للغاية هائل ورائع,5,2026-02-26,Amazon,ecommerce,play_store
7862,جميل وسريع جدا في التوصيل,5,2026-02-26,Amazon,ecommerce,play_store
7864,مفيد جدا جدا,5,2026-02-25,Amazon,ecommerce,play_store
7868,إنه جيد واسعاره رخيصة ❤️❤️❤️,5,2026-02-25,Amazon,ecommerce,play_store
7869,جامد,5,2026-02-25,Amazon,ecommerce,play_store
7871,Good good good good👍👍👍,5,2026-02-25,Amazon,ecommerce,play_store
7873,الحساب لا نقدر اعمله انصحكم لا تنزلون,1,2026-02-24,Amazon,ecommerce,play_store
7874,الاسعار اغلى من السوق ولا يدعم اللغه العربيه في اسبانيا,1,2026-02-24,Amazon,ecommerce,play_store
7875,كانت تجربتي معهم مستقرة الى ان طلبت حامل معدني ثلاثي القوائم بطول 2.3 متر لافاجئ بانهم شحنوا المشبك وليس الحامل وكلمت خدمة العملاء ونصحوني باعادة الشراء لان الاستبدال سيتاخر حتى يصل المندوب لاستلامه وهذه عادتهم للاسف. ففعلت وطلبت منتج جديد فقامت الشركة بايقاف حسابي واتهموني بانني اتاجر في المنتج. وبعد ان استطعت اثبات براءتي لدى خدمة العملاء. ارسلوا الي حامل بخصم 150 لكنه وياللهراء وصل كسابقه. مشبك فقط. وهذه ثاني تجربة معهم حيث وصلني قبل ذلك مايك بلوتوث بدون المشبك. يبدو انها عادة وليست خطأ,1,2026-02-24,Amazon,ecommerce,play_store
7876,جيدة,5,2026-02-24,Amazon,ecommerce,play_store
7877,رائع,4,2026-02-24,Amazon,ecommerce,play_store
7878,ممتاز,5,2026-02-24,Amazon,ecommerce,play_store
7879,للاسف كلمت خدمة العملاء كتير والمشكلة مازلت,1,2026-02-24,Amazon,ecommerce,play_store
7885,يجنن خدمه فيه,5,2026-02-23,Amazon,ecommerce,play_store
7886,ممتاز,5,2026-02-23,Amazon,ecommerce,play_store
7890,ممتاز,5,2026-02-23,Amazon,ecommerce,play_store
7892,يصير اشتري منه واني بل عراق يعني اكو توصيل,2,2026-02-23,Amazon,ecommerce,play_store
7893,كان افضل تطبيق عندي بس الدفع عند الاستلام واقف,5,2026-02-23,Amazon,ecommerce,play_store
7895,مندوب التوصيل سئ جدااا,1,2026-02-22,Amazon,ecommerce,play_store
7896,تجربة سيئه لا يوجد مصداقيه,1,2026-02-22,Amazon,ecommerce,play_store
7898,كان جيد ويستهل ١٠نجوم لان سيء ويستهل صفرنطلب طلب وبعد يرفض اطلب بايم,1,2026-02-22,Amazon,ecommerce,play_store
7899,ممتاز,5,2026-02-22,Amazon,ecommerce,play_store
7900,ممتاز,5,2026-02-22,Amazon,ecommerce,play_store
7901,لا يستحق اي نجمة لانه لايدعن الغة العراقية,1,2026-02-22,Amazon,ecommerce,play_store
7902,تحفه وعروض مثيرة,5,2026-02-22,Amazon,ecommerce,play_store
7904,💕😍جميل,5,2026-02-21,Amazon,ecommerce,play_store
7906,امازون للتسوق,5,2026-02-21,Amazon,ecommerce,play_store
7907,تجربة شراء ممتازة,5,2026-02-21,Amazon,ecommerce,play_store
7909,يتم عمليات نصب كثيره من خلاله,1,2026-02-21,Amazon,ecommerce,play_store
7910,جيد,4,2026-02-20,Amazon,ecommerce,play_store
7911,تطبيق روعة التسويق سهل جدا,5,2026-02-20,Amazon,ecommerce,play_store
7912,شركة سيئة جدا لا تستحق حتى نجمة واحدة، وفي أول تجربة قررت حذف البرنامج,1,2026-02-20,Amazon,ecommerce,play_store
7913,تجربه سيئه الطلب يجني خطأ مرتين,1,2026-02-20,Amazon,ecommerce,play_store
7914,جميل جدا ومضمون,5,2026-02-20,Amazon,ecommerce,play_store
7916,احسن ناس,5,2026-02-20,Amazon,ecommerce,play_store
7917,جميله,5,2026-02-20,Amazon,ecommerce,play_store
7919,تحفه,5,2026-02-19,Amazon,ecommerce,play_store
7920,ممتاز جداً,5,2026-02-19,Amazon,ecommerce,play_store
7923,امازون مصر مش كويس وصل منتج تالف كلمت خدمه العملاء قفلت الحساب وجركن الزيت راح عليه ب ١٥٨٠ جنيه شكرا امازون مصر,1,2026-02-19,Amazon,ecommerce,play_store
7927,ممتاز,5,2026-02-19,Amazon,ecommerce,play_store
7932,جيد جدا,2,2026-02-18,Amazon,ecommerce,play_store
7933,بيبيع حاجات حلوه,5,2026-02-18,Amazon,ecommerce,play_store
7934,اسوا شركة وخدمة عملا تيموا وعلي بابا وغير افضل بكثير وارخص,1,2026-02-18,Amazon,ecommerce,play_store
7936,Gut 👍🏻,5,2026-03-10,Shop,ecommerce,play_store
7937,جيد جداااااااا,5,2026-02-27,Shop,ecommerce,play_store
7938,"Gute Erfahrung, ich empfehle es.",5,2026-02-15,Shop,ecommerce,play_store
7939,اسعار رائعة افضل من اسعار الأسواق الاخرى، وتوصيل اكيد.,5,2026-02-14,Shop,ecommerce,play_store
7940,فاشل طردي كان يصلني بحد اقصى 3 ايام صار يبرك شهر,1,2026-02-13,Shop,ecommerce,play_store
7941,"Il sito web mi sta truffando. Ho effettuato tre ordini, numerati 1317, 3986 e 9970, il 16 gennaio e il 22, e non li ho ancora ricevuti.",1,2026-02-10,Shop,ecommerce,play_store
7944,👍🏻good,5,2026-01-26,Shop,ecommerce,play_store
7945,جيد,1,2026-01-20,Shop,ecommerce,play_store
7946,ممتاز جدا,5,2026-01-09,Shop,ecommerce,play_store
7947,very good,5,2026-01-09,Shop,ecommerce,play_store
7948,دعمي الكامل للعلامات التجارية الكندية! 🇨🇦 💪,5,2026-01-08,Shop,ecommerce,play_store
7949,طلبي منذ 23 ديسمبر حتى اليوم لم استلمه. انا موقع نصب,1,2026-01-05,Shop,ecommerce,play_store
7950,"Ich habe vor drei Monaten Kleidung bestellt, sie ist noch nicht angekommen, und ich habe auch keine Rückerstattung erhalten.",1,2026-01-05,Shop,ecommerce,play_store
7952,Very good,5,2026-01-01,Shop,ecommerce,play_store
7953,تم الدفع لعده طلبات من موقع سيماك الصيني وتم الغاء الطلب من الموقع بدون اذني او ارسال ايميل لي ولم يتم استرداد فلوس طلباتي الي الان,1,2025-12-12,Shop,ecommerce,play_store
7954,احترام للمواعيد بسرعه التسليم,5,2025-12-06,Shop,ecommerce,play_store
7955,ماشاءالله,5,2025-12-05,Shop,ecommerce,play_store
7956,Perfekt und super,5,2025-12-05,Shop,ecommerce,play_store
7957,"my experience untel now is terriple, you are dealing with robots,",1,2025-11-22,Shop,ecommerce,play_store
7959,niceeeeee,5,2025-11-11,Shop,ecommerce,play_store
7961,تم التجربة,3,2025-10-28,Shop,ecommerce,play_store
7962,تطبيق نصب واحتيال رجاءا لا أحد يشتري منه ما يوصلون ليك الطلب,1,2025-10-01,Shop,ecommerce,play_store
7963,Det är fantastiskt,5,2025-09-30,Shop,ecommerce,play_store
7964,فخم,5,2025-09-17,Shop,ecommerce,play_store
7966,I will not back down from the evaluation because I was scammed and the site asked me to download the application to track my package. لن اتراجع عن التقييم لانه تم النصب علي وقدطلب مني الموقع انزال التطبيق لأتتبع طردي,1,2025-09-07,Shop,ecommerce,play_store
7967,I contacted them several times and filed a complaint about buying and I was defrauded at its price and they did not respond.,1,2025-08-26,Shop,ecommerce,play_store
7968,طلبت طلبيه ليها ٢٠ يوم للحين م وصلت م ادري عنها شي حتي الموقع اللي طلبت منه اختفي من عندكم علي التطبيق,1,2025-08-21,Shop,ecommerce,play_store
7969,مع التأخير، لكن جيدة الخدمة,5,2025-08-13,Shop,ecommerce,play_store
7970,تطبيق ممتاز,5,2025-08-07,Shop,ecommerce,play_store
7971,ممتاز,5,2025-08-05,Shop,ecommerce,play_store
7972,awesome service,5,2025-07-30,Shop,ecommerce,play_store
7973,تطبيق مره جيد جدا,5,2025-07-30,Shop,ecommerce,play_store
7975,جيدجدا برنامج جميل,4,2025-07-25,Shop,ecommerce,play_store
7976,Useful and wonderful,5,2025-07-22,Shop,ecommerce,play_store
7977,"The purchase was made from the application, they did not send me the shipment, they did not respond to the email of the website of Nasab, and so far there is no response. نصابين اشتريت منهم حول ٤٠٠ ريال ولا ارسلو لي شي",1,2025-07-22,Shop,ecommerce,play_store
7980,الغه العربيه ليست موجوده,4,2025-06-25,Shop,ecommerce,play_store
7981,حلو,5,2025-05-21,Shop,ecommerce,play_store
7983,A great program that tracks shipments from the moment they are shipped until they reach you. It deserves five stars.,5,2025-04-23,Shop,ecommerce,play_store
7984,جميلللل,5,2025-03-23,Shop,ecommerce,play_store
7985,ماشاءالله مايحتاج أقول👍👍👍♥️♥️♥️,5,2025-03-19,Shop,ecommerce,play_store
7986,It's very good app,5,2025-02-24,Shop,ecommerce,play_store
7987,"انتباه : برنامج نصب واحتيال انتبه لا أحد يشتري منه Attention: A scam program that pays attention no one buys from Achtung: Ein Betrugsprogramm, das aufpasst, dass niemand von ihm kauft",1,2025-02-03,Shop,ecommerce,play_store
7988,"Er staat verzending binnen 24 uur, maar de bestelling is niet binnen 5 dagen aangekomen en er is geen tracking van de bestelling Tot nu toe heeft er niets frauduleus plaatsgevonden",1,2025-01-14,Shop,ecommerce,play_store
7989,مستر بيست,5,2024-11-28,Shop,ecommerce,play_store
7990,suiiiiiiiiiiiiii,5,2024-11-28,Shop,ecommerce,play_store
7991,ارو تطبيق يا مستر بيست اريد منزل حديدا و سيارة شكرا على القراءة,5,2024-11-19,Shop,ecommerce,play_store
7992,"Be careful, this is a fraudulent and unreliable site. I ordered a product through this site and the full amount was deducted from my bank account. More than a month has passed since the purchase was completed and I have not received the shipment tracking number. I tried to contact support via email and did not receive any response. I am very frustrated. I do not know how these applications continue to defraud people. This is really bad.",1,2024-11-15,Shop,ecommerce,play_store
7993,Mr. Beast ❤️,5,2024-11-08,Shop,ecommerce,play_store
7995,نايسو,5,2024-10-11,Shop,ecommerce,play_store
7996,Very helpful,5,2024-10-08,Shop,ecommerce,play_store
7998,it's amazing,5,2024-08-31,Shop,ecommerce,play_store
7999,حملت هذه التطبيق عن طريق مستر بيست اريد سيارة تيسلا وتاب سامسونج,5,2024-08-31,Shop,ecommerce,play_store
8002,وانا اتمني ان احصل على ما تقدرو عليه,5,2024-08-18,Shop,ecommerce,play_store
8005,روعة بس عملة التطبيق شو بظبط,4,2024-08-08,Shop,ecommerce,play_store
8007,حملت تطبيق عن طريقة مستر بيست حلمي ايفون ❤️🔥,5,2024-07-03,Shop,ecommerce,play_store
8008,لقد حملت هذا التطبيق عن طريق مستر بيست واتمنا سيارة تيسلا,5,2024-06-19,Shop,ecommerce,play_store
8010,اشكر القايمين علي هذا البرنامج,5,2024-06-01,Shop,ecommerce,play_store
8011,Good👑,5,2024-05-25,Shop,ecommerce,play_store
8012,اريد تسلا,5,2024-05-19,Shop,ecommerce,play_store
8013,صرحا تطبيق اشي بجنن انا عرفت تطبيق عن طريقه مستر بيست شكرا مستر بيست,5,2024-05-03,Shop,ecommerce,play_store
8014,اريد ان احمل هذا التطبيق لاكن لا يعمل إطلاقاً يعني لايتحمل وأريد ان أحمله التطبيق حق مستر بيست عرفت تطبيق شوب من ذاك الفيديو وتمنااا جوال أيفون وارجو أن يتحقق احلامي ارجوا,5,2024-04-20,Shop,ecommerce,play_store
8015,الفضل لمستر بيست شكرا,5,2024-04-20,Shop,ecommerce,play_store
8017,I downloaded the program and am asking for help because I am in new debt. I am asking for help,5,2024-04-14,Shop,ecommerce,play_store
8018,Good 😊😊😊,5,2024-04-13,Shop,ecommerce,play_store
8020,إنا حملت تطبيق شوب واتمنا من مستر بيست 5 الف دولار كا هديه لعيالي لاشتري سياره,5,2024-04-10,Shop,ecommerce,play_store
8021,أتمني أن يمنحني مستر بيست ايفون,5,2024-04-01,Shop,ecommerce,play_store
8023,very nice,5,2024-03-25,Shop,ecommerce,play_store
8024,I modified the review and rating ..... The update appeared. After the last update. Worked efficiently with the Galaxy S22. thank you,5,2024-03-21,Shop,ecommerce,play_store
8026,انا عايز اخش دحدي 50 يوم.,5,2024-02-18,Shop,ecommerce,play_store
8029,"Sir, I am waiting for you to surprise me, thank you",5,2024-01-09,Shop,ecommerce,play_store
8030,انا نزلت التطبيق من مستر بيست واتمني الحصول على سياره تسلا,5,2024-01-09,Shop,ecommerce,play_store
8031,"It deserves more than five stars. Wow, very wonderful 🤩🇩🇿",5,2024-01-09,Shop,ecommerce,play_store
8032,احسنت ياصانع المجال ❤🫶 متسر بيست,5,2024-01-06,Shop,ecommerce,play_store
8033,متز,5,2023-12-29,Shop,ecommerce,play_store
8035,Amazing🍑,5,2023-12-28,Shop,ecommerce,play_store
8036,شكرا مستربيست لانكا اخبرتنا عن هذا الطبيق الرائع انا اشكرا,5,2023-12-26,Shop,ecommerce,play_store
8037,من مقاطع مستر بيست اتيت اريد سيارة تيسلا😂😂بمناسبة عيد الميلاد,5,2023-12-25,Shop,ecommerce,play_store
8038,Mr beast is bist 🌹🌹🌹🌹🌹🌹🌹,5,2023-12-24,Shop,ecommerce,play_store
8041,"Hello, I came from a YouTube video and I want to get some money because I want to have an operation on my eyes and I want a Tesla car. Will you do this for me?",5,2023-12-20,Shop,ecommerce,play_store
8042,"Thank you, Mr. Pace. I want a Tesla car.",5,2023-12-19,Shop,ecommerce,play_store
8043,Bad application needs permissions for everything,1,2023-12-18,Shop,ecommerce,play_store
8044,Thanks for the Shaw app,5,2023-12-17,Shop,ecommerce,play_store
8045,Very perfect,5,2023-12-06,Shop,ecommerce,play_store
8046,لماذا يكون له صلاحية الإطلاع على رسائل البريد!!!!!!!,1,2023-12-02,Shop,ecommerce,play_store
8048,من مقاطع مستر بيس أتيت😁,5,2023-11-20,Shop,ecommerce,play_store
8049,موقع نصب واحتيال Scams Scammer and bad service even they don't answer to the email,1,2023-11-01,Shop,ecommerce,play_store
8050,Best app ever,5,2023-09-26,Shop,ecommerce,play_store
8051,"د Please support the Arabic language, thank you",5,2023-09-17,Shop,ecommerce,play_store
8052,Scammers received nothing but a rope,1,2023-08-31,Shop,ecommerce,play_store
8053,Great 👍,5,2023-08-13,Shop,ecommerce,play_store
8054,Warning crooks and cheaters,1,2023-08-05,Shop,ecommerce,play_store
8055,Great app,5,2023-07-24,Shop,ecommerce,play_store
8056,Very good thanks,5,2023-07-03,Shop,ecommerce,play_store
8057,برنامج اسطوري,5,2023-06-23,Shop,ecommerce,play_store
8058,"It's very beautiful, but my only dream is that Mr. Beast invites me to play it",5,2023-05-30,Shop,ecommerce,play_store
8059,"A bad application, I can classify the application as a hack Because the app does not allow you to track the parcel Only after you give him sensitive permissions to the email",1,2023-05-16,Shop,ecommerce,play_store
8060,مايدعم اللغة العربية اذا حد يعرف يتفضل,1,2023-02-19,Shop,ecommerce,play_store
8061,Great,5,2023-02-07,Shop,ecommerce,play_store
8062,برنامج رائع,5,2023-02-06,Shop,ecommerce,play_store
8063,جميل جدآ,5,2023-02-04,Shop,ecommerce,play_store
8064,I returned an item and they didn't send me my refund,1,2023-02-01,Shop,ecommerce,play_store
8067,They do not deserve to evaluate the request. I did not receive it from the 16th of last month until now. It did not come,1,2022-12-05,Shop,ecommerce,play_store
8068,جيد جدا,5,2022-11-08,Shop,ecommerce,play_store
8069,رائع ومفصل انتضر الشحن,4,2022-09-03,Shop,ecommerce,play_store
8070,atlassian,5,2022-08-24,Shop,ecommerce,play_store
8073,berfct,5,2022-07-07,Shop,ecommerce,play_store
8074,Good job,5,2022-06-07,Shop,ecommerce,play_store
8076,Goof,5,2022-03-17,Shop,ecommerce,play_store
8077,It doesn't work on Android 12,1,2022-01-26,Shop,ecommerce,play_store
8078,ممتاز عشان تتبع طلبية شي إن,5,2022-01-17,Shop,ecommerce,play_store
8080,I can't access the app,1,2022-01-15,Shop,ecommerce,play_store
8081,لا يشتغل على اجهزة السامسونج,1,2022-01-08,Shop,ecommerce,play_store
8082,ممتاز ولا غلطه,5,2022-01-04,Shop,ecommerce,play_store
8084,تطبيق زى الزفت,1,2021-11-28,Shop,ecommerce,play_store
8086,"nice app , its linked to the tracking number of my shipment around the globe , sometime i should enter my tracking number, i am from Kuwait",5,2021-11-11,Shop,ecommerce,play_store
8088,Bad keeps kicking me out,1,2021-11-04,Shop,ecommerce,play_store
8089,Wonderful,5,2021-10-26,Shop,ecommerce,play_store
8090,Amazing,5,2021-10-19,Shop,ecommerce,play_store
8092,برنامج مفيد جدااا,5,2021-10-13,Shop,ecommerce,play_store
8093,Scams احتيال,1,2021-09-27,Shop,ecommerce,play_store
8094,good,5,2021-09-23,Shop,ecommerce,play_store
8095,برنامج ممتاز و سهل,5,2021-09-16,Shop,ecommerce,play_store
8096,مع الشعب..,5,2021-08-20,Shop,ecommerce,play_store
8098,Fantastic,5,2021-07-03,Shop,ecommerce,play_store
8099,Thief,1,2021-07-02,Shop,ecommerce,play_store
8101,İyi,5,2021-06-16,Shop,ecommerce,play_store
8102,"جميل جدا"" انصح به",5,2021-05-23,Shop,ecommerce,play_store
8103,Good 👍,5,2021-05-19,Shop,ecommerce,play_store
8105,تطبيق أكثر من رائع . أنصح به,5,2021-05-03,Shop,ecommerce,play_store
8106,Excellent,5,2021-04-23,Shop,ecommerce,play_store
8107,Good,3,2021-04-14,Shop,ecommerce,play_store
8110,تطبيق مذهل، أعجبني حقا,5,2021-01-19,Shop,ecommerce,play_store
8111,Excellant application,5,2020-12-12,Shop,ecommerce,play_store
8112,Awesome App for Tracking,4,2020-12-11,Shop,ecommerce,play_store
8113,فاااااااااااااشل جدا صار لي شهر ولا وصلني شي,1,2020-11-28,Shop,ecommerce,play_store
8114,ممتاززز 👍👌👌,5,2020-10-03,Shop,ecommerce,play_store
8116,V.good jop,5,2020-06-24,Shop,ecommerce,play_store
8118,اتطبيق ممتاز,5,2020-12-21,OLX,ecommerce,play_store
8119,Bien bien,4,2020-01-09,OLX,ecommerce,play_store
8122,very nice and i Like very much 😍😍,5,2018-09-26,OLX,ecommerce,play_store
8123,برنامج رائع جدا,5,2018-01-12,OLX,ecommerce,play_store
8124,Vip,5,2017-12-15,OLX,ecommerce,play_store
8125,Excelente,5,2017-04-28,OLX,ecommerce,play_store
8126,Not good,1,2017-01-24,OLX,ecommerce,play_store
8127,Nice app,5,2017-01-18,OLX,ecommerce,play_store
8128,Muy bueno,5,2017-01-11,OLX,ecommerce,play_store
8129,مافي غير ١٢دولة ولا وحدة عربية,1,2016-04-15,OLX,ecommerce,play_store
8130,Orsnifn,5,2016-04-07,OLX,ecommerce,play_store
8132,ميفيدك,1,2016-04-02,OLX,ecommerce,play_store
8133,حلو,5,2016-03-11,OLX,ecommerce,play_store
8134,وبعت قاط مال عرسي,5,2016-01-28,OLX,ecommerce,play_store
8135,لتينيوذهيلرهبرر خسخيتعظره بخوا هيهيتهسراجو,5,2015-11-27,OLX,ecommerce,play_store
8137,روعه يفيد العراقيين كولش,5,2015-11-01,OLX,ecommerce,play_store
8138,روووووعه,5,2015-10-27,OLX,ecommerce,play_store
8139,Good,5,2015-10-21,OLX,ecommerce,play_store
8140,زي السيارات المفتوحة البحث في العناوين الرئيسية قائمة المنتديات العامة آخر رد كتبه مشهور حسن البنا،,5,2015-10-20,OLX,ecommerce,play_store
8142,ممكن احد يعلمني كيف ابيع وكيف اشتري  ويعني اذا اشتريت يجي لمركز البريد,5,2015-10-17,OLX,ecommerce,play_store
8143,جيد وحلو,5,2015-10-16,OLX,ecommerce,play_store
8145,رؤعةة رؤعةة رؤعةة رؤعةة رؤعةة رؤعةة رؤعةة رؤعةة رؤعةة رؤعةة رؤعةة رؤعةة,5,2015-10-12,OLX,ecommerce,play_store
8146,احلا برنامج في كل الكرة الارضية,5,2015-09-20,OLX,ecommerce,play_store
8147,يلعب النفس هو هاذة سابينة بي,1,2015-09-09,OLX,ecommerce,play_store
8149,عبسان الكبيرة. حي أبو طعيمة,5,2015-09-02,OLX,ecommerce,play_store
8150,زبالة زباله زبالةزبالة,2,2015-07-08,OLX,ecommerce,play_store
8151,الشريفي,5,2015-06-30,OLX,ecommerce,play_store
8152,تحت ألاختبار,4,2015-06-14,OLX,ecommerce,play_store
8153,جاري التثبيت,5,2015-05-30,OLX,ecommerce,play_store
8154,لاجل النقاط ههههههه,3,2015-05-30,OLX,ecommerce,play_store
8155,تحت التنزيل,4,2015-05-22,OLX,ecommerce,play_store
8156,شكران عله هاذه لبرنامج لمنتاز,5,2015-05-21,OLX,ecommerce,play_store
8157,ممتتتاز,5,2015-05-19,OLX,ecommerce,play_store
8158,ايخبل بس بعدني ماشفته,5,2015-05-12,OLX,ecommerce,play_store
8159,الحال,5,2015-05-11,OLX,ecommerce,play_store
8160,برنامج جميل,5,2015-05-08,OLX,ecommerce,play_store
8161,ممتاز,5,2015-05-07,OLX,ecommerce,play_store
8162,شكرا على جهودكم,5,2015-05-06,OLX,ecommerce,play_store
8163,العاشق,5,2015-05-04,OLX,ecommerce,play_store
8164,funy,3,2015-05-04,OLX,ecommerce,play_store
8165,جيد,2,2015-05-03,OLX,ecommerce,play_store
8166,تقريبن,3,2015-05-02,OLX,ecommerce,play_store
8167,Please call us on mobile 77906051 Instagram account @ portacabin_Qatar  Doha - Qatar,5,2015-04-30,OLX,ecommerce,play_store
8168,لزيز,3,2015-04-25,OLX,ecommerce,play_store
8169,جميل,4,2015-04-25,OLX,ecommerce,play_store
8170,روعة,5,2015-04-24,OLX,ecommerce,play_store
8171,Thanks for,5,2015-04-20,OLX,ecommerce,play_store
8172,برنامج لا فهم تشغيله,3,2015-04-20,OLX,ecommerce,play_store
8174,انثى,5,2015-04-18,OLX,ecommerce,play_store
8175,لذيذ,4,2015-04-17,OLX,ecommerce,play_store
8176,لا. اقدر اوصف الشعور. الي في نفسي,5,2015-04-13,OLX,ecommerce,play_store
8177,Xnxx good,5,2015-04-10,OLX,ecommerce,play_store
8178,برنامج جميل ومفيد,5,2015-04-02,OLX,ecommerce,play_store
8179,برنامج جميل حقآ. .,5,2015-03-23,OLX,ecommerce,play_store
8180,Up,5,2015-03-19,OLX,ecommerce,play_store
8181,جممممميل,5,2015-03-17,OLX,ecommerce,play_store
8182,Nenoa,2,2015-03-16,OLX,ecommerce,play_store
8183,رؤؤؤؤؤعه,5,2015-02-22,OLX,ecommerce,play_store
8184,يالبى نقاطي 2288 اركد فديتك,5,2015-02-06,OLX,ecommerce,play_store
8185,احب هذة,5,2015-01-25,OLX,ecommerce,play_store
8187,نقاط فقط لاغير,3,2015-01-05,OLX,ecommerce,play_store
8188,Wooooooooooooo,5,2014-12-09,OLX,ecommerce,play_store
8190,اهلا,5,2014-11-21,OLX,ecommerce,play_store
8191,I liked,5,2014-11-20,OLX,ecommerce,play_store
8192,Very good,5,2014-10-31,OLX,ecommerce,play_store
8194,للنقاط فقط,5,2014-10-04,OLX,ecommerce,play_store
8195,ي لبى النقاط عندي 1000 :$,5,2014-10-04,OLX,ecommerce,play_store
8196,I can't found @Saudi Arabia canutry,3,2014-09-21,OLX,ecommerce,play_store
8197,نقااططط,3,2014-09-14,OLX,ecommerce,play_store
8198,اريد نقاط,5,2014-09-08,OLX,ecommerce,play_store
8200,ممناز,3,2014-07-10,OLX,ecommerce,play_store
8201,شكرشكرعلا,5,2014-06-26,OLX,ecommerce,play_store
8202,After the update it is not  working,1,2014-06-25,OLX,ecommerce,play_store
8204,الكندره,1,2014-06-18,OLX,ecommerce,play_store
8205,Awesome,5,2014-06-13,OLX,ecommerce,play_store
8206,مرحبا ص ص التسميات,3,2014-06-13,OLX,ecommerce,play_store
8207,طالب.جامعي,5,2014-06-06,OLX,ecommerce,play_store
8208,برنامج حلو,5,2014-05-31,OLX,ecommerce,play_store
8209,Excellent,5,2014-05-17,OLX,ecommerce,play_store
8210,قاااااط نقاطططط الهند هههههه,5,2014-04-29,OLX,ecommerce,play_store
8211,كيف النقاط معكم هههه,5,2014-04-22,OLX,ecommerce,play_store
8212,معفن السعوديه ومعضم الدول العربيه غير موجوده. .,5,2014-04-17,OLX,ecommerce,play_store
8215,علموود النقاط ههه,5,2014-03-31,OLX,ecommerce,play_store
8216,Ver Goog App for google,5,2014-03-12,OLX,ecommerce,play_store
8218,Saab,5,2014-02-02,OLX,ecommerce,play_store
8219,Nice,5,2014-01-20,OLX,ecommerce,play_store
8220,Hello,5,2013-12-21,OLX,ecommerce,play_store
8221,"I cannot open the app on galaxy tab 2 it's give me msg ""Network connection error"" while i've internet working normaly",5,2013-11-28,OLX,ecommerce,play_store
8222,روووعه,5,2013-11-24,OLX,ecommerce,play_store
8223,وش فايدته مافهمت كيف بعمل,5,2013-09-25,OLX,ecommerce,play_store
8224,Excellent.  Fantastic.,5,2013-09-14,OLX,ecommerce,play_store
8225,عمان,3,2013-04-29,OLX,ecommerce,play_store
8226,جمعه مباركه عليك يادكتور,5,2013-03-22,OLX,ecommerce,play_store
8229,برنامج ممتاز,5,2012-09-17,Dubizzle,ecommerce,play_store
8230,سئ جدا لا يحتوي في البحث علي اي مناطق,1,2026-03-09,Aqarmap,real_estate,play_store
8233,جيده جدا كان لدى مشكله في نشر الإعلان ثم بعد التواصل مع خدمة العملاء تم حل المشكله وتعويضى عن التأخيربتمييز اعلانى لمدة شهر,5,2026-01-26,Aqarmap,real_estate,play_store
8234,مو كل مناطق القاهرة موجوده في التطبيق,1,2026-01-21,Aqarmap,real_estate,play_store
8235,مش بيجيب الموقع كل ما أدخله يخرج لوحده وحش جدا محدش يستخدمه,1,2026-01-09,Aqarmap,real_estate,play_store
8237,جميل,5,2025-11-25,Aqarmap,real_estate,play_store
8238,جيد جدا,4,2025-11-24,Aqarmap,real_estate,play_store
8239,سئ جدا لا انصح بتحميله الموقع بيعلق كتير + مش بيظهر رقم المعلنين بعد اكتر من اعلان نجمه واحده كتيره عليه,1,2025-11-12,Aqarmap,real_estate,play_store
8243,التحديث الاخير زبالة يا جماعه بيعلق كتير جدا ومش باعرف اوصل للمالك ويقولى تم ارسال طلبك للمالك وهيكلمك ومحدش بيكلمنى وحاجه اخر زباله وعاملين اشتراك وفى الاخر ملوش اى ستين لازمه,1,2025-09-22,Aqarmap,real_estate,play_store
8246,كل ما حدد سعر الايجار الابلكيشن يهنج ويفصل لوحده لحد ما عملت الغاء تثبيت,2,2025-08-15,Aqarmap,real_estate,play_store
8247,معلش من الذكي اللي عمل اشتراك شهري للابلكيشن انا افهم اني كبايع تاخد مني فلوس للاعلان انما تاخد مني مشتري علشان اتفرج انا هامسحه من عندي,1,2025-08-08,Aqarmap,real_estate,play_store
8248,احيانا يتوقف عن العمل .,4,2025-08-04,Aqarmap,real_estate,play_store
8253,ممتاز,5,2025-07-17,Aqarmap,real_estate,play_store
8254,لا يعمل و مش بيفتح,1,2025-07-16,Aqarmap,real_estate,play_store
8260,اتمنى أن تكون جيدة,5,2025-06-30,Aqarmap,real_estate,play_store
8261,افشل تطبيق عقارات علي المتجر اكتب رقم موبايلي يديني غلط اختار لوكيشن يقولي حدث خطأ حاجه قمة الفشل,1,2025-06-29,Aqarmap,real_estate,play_store
8263,التطبيق فجاءه كل ما اشغلو يجبلي شاشه سوداء ومبيشتغلش والشاشة السوداء ثابته مسحت التطبيق ونزلتو اكتر من مره ولسه المشكله موجوده ارجو الرد وسرعه حل المشكلة من القائمين على التطبيق وشكرا جزيلا ،،,1,2025-06-12,Aqarmap,real_estate,play_store
8265,لا يعمل,1,2025-05-29,Aqarmap,real_estate,play_store
8266,ياريت يكون رقم خدمة العملاء موضح بالابلكيشن وده لضمان المصداقية ،بتمنالكم التوفيق,4,2025-05-28,Aqarmap,real_estate,play_store
8267,لقد قمت باضافة اعلان في منطقة من المناطق المدفوعة تحتاح لدفع 10.0 نقطة لنشر اعلانك. هذا ما وصلت إليه عن طريق الموقع,1,2025-05-19,Aqarmap,real_estate,play_store
8268,اسرع وصول لعرض إعلاناتك العقارية في مصر,5,2025-05-12,Aqarmap,real_estate,play_store
8270,بصراحة افضل تطبيق عقارات في ٢٠٢٥ ♥️,5,2025-03-10,Aqarmap,real_estate,play_store
8273,التطبيق مش عايز يشتغل معايا اعمل ايه ومسحته ونزلته تاني ونفس الحكايه,2,2025-01-21,Aqarmap,real_estate,play_store
8275,تطبيق متميز,5,2025-01-09,Aqarmap,real_estate,play_store
8276,موقع محترم,5,2025-01-02,Aqarmap,real_estate,play_store
8277,جيد جدا و خدمة عملاء ممتازه,5,2024-12-26,Aqarmap,real_estate,play_store
8278,ابليكسشن مريح فى التعامل بيه وسهل الاستخدام,5,2024-12-22,Aqarmap,real_estate,play_store
8280,تطبيق ممتاز,5,2024-12-20,Aqarmap,real_estate,play_store
8281,ابلكيشن حلو جدا و سهل التعامل معاه و بيسهل علينا جدا نوصل للكل اللي محتاجينه,5,2024-12-19,Aqarmap,real_estate,play_store
8282,خدمه ممتازه جداا,5,2024-12-19,Aqarmap,real_estate,play_store
8284,great alp,5,2024-12-19,Aqarmap,real_estate,play_store
8285,سهل الاستخدام😍,5,2024-12-19,Aqarmap,real_estate,play_store
8286,تطبيق رائع و مفيد، ساعدنى كثيرا. شكرا لكم,5,2024-12-19,Aqarmap,real_estate,play_store
8288,ممتاز جدا ❤️,5,2024-12-19,Aqarmap,real_estate,play_store
8289,Perfect and useful application that is easy to use♥️♥️,5,2024-12-19,Aqarmap,real_estate,play_store
8290,الابليكشين حلو جدا,5,2024-12-19,Aqarmap,real_estate,play_store
8291,ابليكشن جميل في كل حاجة للعقارات والشقق,5,2024-12-19,Aqarmap,real_estate,play_store
8293,ابلكشن ممتاز وسهل جدا,5,2024-12-19,Aqarmap,real_estate,play_store
8294,البحث على الوحدات سهل ومرن,5,2024-12-19,Aqarmap,real_estate,play_store
8296,سهل فالاستخدام مش معقد ومش محتاج قدرات خاصه لاستخدام,5,2024-12-18,Aqarmap,real_estate,play_store
8297,تطبيق سهل الاستخدام ومريح,5,2024-12-18,Aqarmap,real_estate,play_store
8299,موقع متنوع العقارات,5,2024-12-18,Aqarmap,real_estate,play_store
8300,سهل في الاستخدام ومش معقد ومريح في التعامل,5,2024-12-17,Aqarmap,real_estate,play_store
8301,يا لها من تجربة رائعة,5,2024-12-17,Aqarmap,real_estate,play_store
8303,ممتاز جدا,5,2024-12-17,Aqarmap,real_estate,play_store
8304,Grat app useful,5,2024-12-17,Aqarmap,real_estate,play_store
8308,"Excellent app for anyone looking to buy, sell, or rent properties. The interface is user-friendly, and the search filters are very detailed, making it easy to find exactly what you're looking for. Highly recommended for anyone in the real estate market .",5,2024-12-17,Aqarmap,real_estate,play_store
8312,"wonderful, useful application that is easy to use♥️♥️♥️",5,2024-12-17,Aqarmap,real_estate,play_store
8316,تجربة مفيدة و جيد في استخدام البحث,5,2024-12-16,Aqarmap,real_estate,play_store
8317,جيد,4,2024-12-16,Aqarmap,real_estate,play_store
8318,متوسط,3,2024-12-16,Aqarmap,real_estate,play_store
8319,مميز,5,2024-12-08,Aqarmap,real_estate,play_store
8323,حلوه جدا وفي كل الأسعار المناسبة بتوفيق,5,2024-10-24,Aqarmap,real_estate,play_store
8324,سيئ,1,2024-10-16,Aqarmap,real_estate,play_store
8325,الموقع مش بيظبط,5,2024-10-04,Aqarmap,real_estate,play_store
8326,شكرا جزيلا,5,2024-09-27,Aqarmap,real_estate,play_store
8328,من احسن البرامج العقارية شكرا للقائمين عليه,5,2024-09-18,Aqarmap,real_estate,play_store
8329,🌏✨,5,2024-08-29,Aqarmap,real_estate,play_store
8331,ممتازة,3,2024-08-05,Aqarmap,real_estate,play_store
8333,اسوا خدمة عملاء لا يوجد حلول للمشكلات,1,2024-07-30,Aqarmap,real_estate,play_store
8338,رائع,4,2024-06-12,Aqarmap,real_estate,play_store
8342,الطبيق سيئ جدا,1,2024-04-27,Aqarmap,real_estate,play_store
8343,Doesn't work,1,2024-04-26,Aqarmap,real_estate,play_store
8344,التطبيق لا يعمل,1,2024-04-25,Aqarmap,real_estate,play_store
8346,التطبيق مش بيفتح وبيهنج بطيئ جدا في البحث وإضافة الاعلانات .زي الزفت,1,2024-04-23,Aqarmap,real_estate,play_store
8349,لا يعمل نهائيا,1,2024-04-18,Aqarmap,real_estate,play_store
8350,سيء جدا,1,2024-04-18,Aqarmap,real_estate,play_store
8351,سي جدا ولا يعمل,1,2024-04-17,Aqarmap,real_estate,play_store
8352,انا مسحت التطبيق نهائي بيعطل اكتر مابيشتغل حتي بعد التحديث دا غير الاسعار الوهمية ع كتير من العقارات لو كنتوا استمريتوا اعتقد كنتوا هتبقي من افضل برامج العقارات,1,2024-04-16,Aqarmap,real_estate,play_store
8355,برنامج لا يعمل انشا حساب اي السبب,1,2024-04-14,Aqarmap,real_estate,play_store
8360,البرنامج لا يعمل محرك الباحث واقف وتسجيل الدخول متعطل وكمان انشاء حساب برضو واقف,5,2024-04-02,Aqarmap,real_estate,play_store
8361,أحاول الدخول للموقع دون فائدة,5,2024-04-02,Aqarmap,real_estate,play_store
8363,ممتاذ,3,2024-03-31,Aqarmap,real_estate,play_store
8368,التطبيق لا يعمل ولايمكن البحث فيه بعد التحديث الاخير,1,2024-03-30,Aqarmap,real_estate,play_store
8369,التطبيق لايعمل,1,2024-03-30,Aqarmap,real_estate,play_store
8370,التطبيق اصبح سئ جدا ولا يفتح و ولايعرض بعد التحديثات..وتمت تجربته اكثر من مره والحال كما هو...,1,2024-03-29,Aqarmap,real_estate,play_store
8376,التحديث الجديد زفت,1,2024-03-26,Aqarmap,real_estate,play_store
8383,هل التطبيق صادق لو عايزة شقة؟,3,2024-02-17,Aqarmap,real_estate,play_store
8384,التطبيق سىء جدا لا يعمل,1,2024-01-28,Aqarmap,real_estate,play_store
8385,البرنامج أصبح سئ جدا كل مدوس اتصال علي صاحب المنشأة يقلي خطاء غير معروف ياريت تحلو المشكله في اسرع وقت,1,2024-01-24,Aqarmap,real_estate,play_store
8386,سيء جدا مش بيجمع وكله بقي انجليزي,1,2024-01-13,Aqarmap,real_estate,play_store
8387,البرنامج كان فى الماضي ممتاز الان فاشل جدا لايعمل ويتم الموافقه على الاعلان متأخرة جدا بعد مايتم البيع لا يستحق الان ولا نجمة,1,2023-12-28,Aqarmap,real_estate,play_store
8388,التطبيق للاسف لا يقوم بتحميل الصور,1,2023-12-22,Aqarmap,real_estate,play_store
8389,تمام,5,2023-12-16,Aqarmap,real_estate,play_store
8390,البرنامج لا يعمل لا يسجل دخول لا يبحث عطل في قاعدة البيانات,1,2023-12-07,Aqarmap,real_estate,play_store
8393,جيد جدان لاكن لا يظهر نسبت المشهدات,5,2023-12-05,Aqarmap,real_estate,play_store
8394,جيده,4,2023-11-25,Aqarmap,real_estate,play_store
8396,تطبيق زباله كل شويه لازم تمسحه وتنزله,1,2023-11-07,Aqarmap,real_estate,play_store
8397,تطبيق فاشل بكل المعايير,1,2023-10-31,Aqarmap,real_estate,play_store
8399,البرنامج تم تحميله وعمل منشور ولكن يصعب عليا تحميل الصور حاولت كتير يقولي فعل اذن الصور ولكن في الضبط لا يوجد اذن للصور يوجد فقط الهاتف والاشعارات والموقع الجغرافي,5,2023-10-18,Aqarmap,real_estate,play_store
8400,٢٣٣ ٣,4,2023-10-13,Aqarmap,real_estate,play_store
8402,مميز ومشهور ومتداول,5,2023-09-19,Aqarmap,real_estate,play_store
8403,مش عارفة انشئ حساب,1,2023-09-10,Aqarmap,real_estate,play_store
8404,دفعت ثمن اعلان 114 ولم يتم العرض اعلان وتم حذف الحساب من برنامج . حسبي الله ونعم الوكيل,1,2023-09-08,Aqarmap,real_estate,play_store
8405,يوجد مشكله في عرض العقارات الخاصه بنا يرجي حل المشكله,1,2023-09-05,Aqarmap,real_estate,play_store
8406,برنامج ممتاز لاغنى عنه لمعرفة اسعار العقار او الشراء عن طريقه .. مميز ونشيط ولديه معارض عقارية سنويه يشرف عليها ارجوا من الدعم يفتحون لنا دعم الروابط الخارجيه للبرنامج .. مثلا لو فتحت رابط لعقار ماب على الواتساب مباشرة يرسلني لفتح البرنامج,4,2023-09-01,Aqarmap,real_estate,play_store
8409,التطبيق يتوقف يوميا و لازم كل يوم أعيد أن تنزيله حتى يعمل,1,2023-08-13,Aqarmap,real_estate,play_store
8410,تجربة جيدة,5,2023-08-07,Aqarmap,real_estate,play_store
8411,مش شغال بعد التحديث وكل شويه انزله من جديد,5,2023-07-18,Aqarmap,real_estate,play_store
8412,ممتازة و يستحق 5ستار,5,2023-07-13,Aqarmap,real_estate,play_store
8413,ممتاز و فريق عمل رائع,5,2023-07-11,Aqarmap,real_estate,play_store
8414,Good,5,2023-07-06,Aqarmap,real_estate,play_store
8415,تجربة سيئة,1,2023-07-01,Aqarmap,real_estate,play_store
8417,أفضل من اوليكس نوعاً ما,3,2023-06-13,Aqarmap,real_estate,play_store
8419,البرنامج مش شغال علفون فاعلان جديد,1,2023-06-05,Aqarmap,real_estate,play_store
8422,التطبيق كويس جدا بس المشكله انه مره وحده مش بيشتغل ولازم كل فتره والتانيه تمسحه وتحمله تاني اعتقد ده ممكن يسبب عزوف الناس عن التطبيق والبحث عن تطبيقات تانيه,3,2023-05-25,Aqarmap,real_estate,play_store
8426,انتوا ازاي تاخدوا صور لشقه انا عارضاها على الفيس و تحطوها على الابليكشن بتعكم,1,2023-05-02,Aqarmap,real_estate,play_store
8427,التطبيق جيد و لكن يحتاج الى ضبط اداة التقييم العقارى حيث كلما اردت معرفة سعر العقار تظهر رسالة حدث خطأ رجاء المحاولة لاحقا,4,2023-04-25,Aqarmap,real_estate,play_store
8428,تطبيق فوق الممتاز وفريق عمل رائع,5,2023-04-12,Aqarmap,real_estate,play_store
8430,مقبول,5,2023-04-10,Aqarmap,real_estate,play_store
8431,Good frind,5,2023-04-06,Aqarmap,real_estate,play_store
8432,فيه مشكله في البرنامج بعد التحديث,5,2023-04-01,Aqarmap,real_estate,play_store
8438,ممتاز جداً ويستاهل الأعلان,5,2023-02-24,Aqarmap,real_estate,play_store
8439,فيه مشكلة في تحميل الموقع ياريت يتم إصلاحها وشكرا لمجهودكم,4,2023-02-17,Aqarmap,real_estate,play_store
8445,مايعمل,1,2022-12-04,Aqarmap,real_estate,play_store
8446,كل ماتتمناه من بيع وشراء والاجمل انه مجااااانى الله يباركلكم,5,2022-12-02,Aqarmap,real_estate,play_store
8448,ممتاز جدا جدا جدا,4,2022-11-07,Aqarmap,real_estate,play_store
8454,كويس,5,2022-10-21,Aqarmap,real_estate,play_store
8455,دايما مش بيفتح وتقيل جدا جدا لو فتح اكيد في حاجه غلط,1,2022-10-09,Aqarmap,real_estate,play_store
8457,تطبيق فاشل فاشل كلمة فاشل قليلة عليكم عملت اعلان ممول سرقتوني فيه نزل يومين واتمسح يا ولاد الوسخه، احب اقولكم غوروا في ستين داهيه النجمة دي علشان بس اقدر اكتب ال في قلبي يا لصوص تم الغاء التثبيت,1,2022-10-04,Aqarmap,real_estate,play_store
8458,التطبيق القديم اسهل,4,2022-09-13,Aqarmap,real_estate,play_store
8459,"يتواجد الكثير ممن يطلبون الرقم السري واسم المستخدم على حسابك الشخصي في البنوك السعودية لأجل حجز عربون، يسهل لهم هذا التطبيق عملهم للنصب والاحتيال على الناس تم إبلاغ الجهات المختصة عن تطبيق عقار ماب. ""يرجى مراجعة قسم العقار في مدينة جدة حي النسيم اعلانات وهمية """,1,2022-09-09,Aqarmap,real_estate,play_store
8460,s broker مابردش بسرعة,1,2022-09-01,Aqarmap,real_estate,play_store
8461,جميل جدان راع راع راع راع راع,5,2022-09-01,Aqarmap,real_estate,play_store
8462,ممتاز 👍👍,5,2022-08-31,Aqarmap,real_estate,play_store
8464,جيدة,4,2022-08-25,Aqarmap,real_estate,play_store
8466,موقع ممتاز,5,2022-08-23,Aqarmap,real_estate,play_store
8467,التطبيق كان ممتازوبعداستخدامى اسبوعين أصبح حاليازفت الزفت,1,2022-08-12,Aqarmap,real_estate,play_store
8468,سئ جدا ولا يمكنك اضافه اي اعلان,1,2022-08-10,Aqarmap,real_estate,play_store
8469,Keep going,5,2022-08-09,Aqarmap,real_estate,play_store
8471,اتمنى التقدم والازدهار لبلدى مصر,5,2022-07-28,Aqarmap,real_estate,play_store
8472,تجربه فريده ورائعه,5,2022-07-20,Aqarmap,real_estate,play_store
8473,البرنامج بطي جدا اصلا غير أن مفيش طريقه لاستعادة كلمه المرور اصلا ولما بطلب اعاده تعيين مفيش رساله بتجيلي علي الايميل عشان اعمل باسورد جديد,2,2022-07-15,Aqarmap,real_estate,play_store
8474,يحتاج إلى تعديل,1,2022-07-08,Aqarmap,real_estate,play_store
8475,ضعيف,1,2022-07-04,Aqarmap,real_estate,play_store
8476,شغال,5,2022-06-29,Aqarmap,real_estate,play_store
8479,💯💯💯,5,2022-06-28,Aqarmap,real_estate,play_store
8482,تم الغاء التثبيت,1,2022-06-20,Aqarmap,real_estate,play_store
8483,تطبيق غير راضى عنه نهائيا أكثر من شهر فشل الأتصال و تعطيل و نسبة قليلة الا بينزل شغل عقارات عليه حاولو تطورو شوية المفروض يكون فيه مميزات و شد الانتباه أوليكس كان الاول الأفضل حاليا يعتبر زيكم بالظبط و خطوات النشر و دخول الاعلان و الاستعلام عن طري الموبيل سهلو الموضوع فيه ناس مش بتعرف تستخدمه,1,2022-06-19,Aqarmap,real_estate,play_store
8485,تجربة جميلة وتعامل أجمل من كل فريق العمل ومتابعة رائعة أشكركم,5,2022-06-09,Aqarmap,real_estate,play_store
8486,"Good app and customer service , and very modern aswell I liked it alot",5,2022-06-08,Aqarmap,real_estate,play_store
8487,برنامج رائع وموقع الكتروني ممتاز شكرا بجد على المجهود الطيب,5,2022-06-08,Aqarmap,real_estate,play_store
8488,Very good,4,2022-06-07,Aqarmap,real_estate,play_store
8489,تطبيق بطيئ علي ما يحمل تحس انك شغال علي ويندوز ٩٨,1,2022-06-06,Aqarmap,real_estate,play_store
8490,معقول,5,2022-06-05,Aqarmap,real_estate,play_store
8491,مفيد,5,2022-06-03,Aqarmap,real_estate,play_store
8492,ممتاز يستحق ٥ نجوم,5,2022-05-31,Aqarmap,real_estate,play_store
8493,برنامج ممتاز وسهل جزاكم الله كل الخير وشكرا لكم,5,2022-05-27,Aqarmap,real_estate,play_store
8494,تطبيق فاشل,1,2022-05-21,Aqarmap,real_estate,play_store
8496,تطبيق اكبر من فاشل يطلع لواحد الضغط,1,2022-05-14,Aqarmap,real_estate,play_store
8497,سيء جدا جدا جدا جدا,1,2022-05-07,Aqarmap,real_estate,play_store
8499,حضرتك قولت افضل باقات للمسوق واحنا لسة بنقول ياهادى فى الشغل لسة فى البداية ليش ماتخلوا تجربة مجانى يعنى ولا انتم عاملين البرنامج لناس معينة عموما الف شكرا ليكم,1,2022-04-28,Aqarmap,real_estate,play_store
8503,شكرا عقار ماب,5,2022-04-15,Aqarmap,real_estate,play_store
8506,تطبيق رائع,4,2022-04-14,Aqarmap,real_estate,play_store
8509,جميله,5,2022-03-31,Aqarmap,real_estate,play_store
8510,سيئ جدا,1,2022-03-29,Aqarmap,real_estate,play_store
8511,رائع جدا جدا,5,2022-03-29,Aqarmap,real_estate,play_store
8512,برنامج قيم,5,2022-03-28,Aqarmap,real_estate,play_store
8513,سئ جدا,1,2022-03-22,Aqarmap,real_estate,play_store
8514,م يشتغل تعبني ونا احاول ف 😭,1,2022-03-19,Aqarmap,real_estate,play_store
8516,عالمي,5,2022-02-27,Aqarmap,real_estate,play_store
8518,عقار ماب ممتاز جدا جدا جدا واشكر خدمه العملاء أنهم ساعدوني في حل مشكله كلمه المرور فعلا يستحق مليون نجمه,5,2022-02-20,Aqarmap,real_estate,play_store
8520,تطبيق ممتاز ورائع,5,2022-02-01,Aqarmap,real_estate,play_store
8521,أول ماالشقة تتباع وعد حملة اعلانية على كل مواقع التواصل 👌🏻وعد,1,2022-01-30,Aqarmap,real_estate,play_store
8522,تحت التجربه,5,2022-01-19,Aqarmap,real_estate,play_store
8525,تطبيق جميل جدا,4,2022-01-03,Aqarmap,real_estate,play_store
8526,❤❤❤,5,2021-12-31,Aqarmap,real_estate,play_store
8527,موقع مميز جداً,5,2021-12-28,Aqarmap,real_estate,play_store
8528,صعب التعامل مع الوقع,3,2021-12-19,Aqarmap,real_estate,play_store
8530,برنامج مميز,5,2021-12-10,Aqarmap,real_estate,play_store
8531,للأسف التطبيق لايعمل,5,2021-12-06,Aqarmap,real_estate,play_store
8532,ممتاز اتمنى ان يسبق olx,5,2021-12-04,Aqarmap,real_estate,play_store
8533,الى الأفضل ونجاح مستمر,4,2021-12-03,Aqarmap,real_estate,play_store
8534,ممتاز *****,5,2021-12-03,Aqarmap,real_estate,play_store
8536,Fine,5,2021-11-20,Aqarmap,real_estate,play_store
8538,برنامج رائع,4,2021-11-12,Aqarmap,real_estate,play_store
8540,تطبيق ممتاز شكرا على المجهود الرائع,5,2021-11-03,Aqarmap,real_estate,play_store
8542,التطبيق سئ مش مجانى لازم بالفلوس لا يستاهل ولا نجمة للاسف وضعت نجمة لإتاحة النشر,1,2021-10-12,Aqarmap,real_estate,play_store
8543,لحدا ما,1,2021-10-10,Aqarmap,real_estate,play_store
8544,مفيد جدا,5,2021-10-05,Aqarmap,real_estate,play_store
8546,تطبيق مميز,5,2021-09-27,Aqarmap,real_estate,play_store
8547,تطبيق جميل ويقرب المسافات في البيع والشراء,5,2021-09-25,Aqarmap,real_estate,play_store
8548,ما هو التطبيق،الذى يمنع الدخول على جوجل,5,2021-09-20,Aqarmap,real_estate,play_store
8549,برنامج سئ جدا حتى بعد مانزلت التحديث مبيطلعش نتاىج البحث 😲,1,2021-09-17,Aqarmap,real_estate,play_store
8550,تطبيق سيئ جدا,1,2021-09-14,Aqarmap,real_estate,play_store
8551,افضل تطبيق يستحق مليار نجمة للتسويق العقاري,5,2021-09-11,Aqarmap,real_estate,play_store
8552,البرنامج جميل جدا,5,2021-09-06,Aqarmap,real_estate,play_store
8554,برنامج سئ,1,2021-08-30,Aqarmap,real_estate,play_store
8555,موقع مميز شكرا لكم,5,2021-08-29,Aqarmap,real_estate,play_store
8556,اسعاره مبلغ فيها,2,2021-08-25,Aqarmap,real_estate,play_store
8557,يعنى,1,2021-08-17,Aqarmap,real_estate,play_store
8558,تطبيق فى قمة السؤء,1,2021-07-30,Aqarmap,real_estate,play_store
8560,تطبيق سيئ,1,2021-07-14,Aqarmap,real_estate,play_store
8561,االتطبيق جميل ومفيد ولكني تواجهني بعض المشاكل التطبيق حاليأ لا يفتح أكثر من ثلاث اعلانات بعد التحديث ارجووووو العمل علي اصلاح المشكلة,1,2021-06-29,Aqarmap,real_estate,play_store
8563,good,3,2021-06-17,Aqarmap,real_estate,play_store
8564,ممتاز بالتوفيق,5,2021-06-10,Aqarmap,real_estate,play_store
8565,برنامج سئ جدا جدا,1,2021-06-08,Aqarmap,real_estate,play_store
8566,موقع غير تفاعلي.,3,2021-06-06,Aqarmap,real_estate,play_store
8567,جيد ولكن الاعلانات قليله,3,2021-06-05,Aqarmap,real_estate,play_store
8568,برنامج تحميل وتحديث بجد زي الزفت,1,2021-06-04,Aqarmap,real_estate,play_store
8569,اقسم بالله اسوء تطبيق شوفته في حياتي ، ولا يوجد اي مصداقيه,1,2021-06-04,Aqarmap,real_estate,play_store
8570,غير عملى,1,2021-05-31,Aqarmap,real_estate,play_store
8571,اين نمره شادي محمد المعلن عن شاليه في سيدي كرير مائه متر بالساحل الشمالي,5,2021-05-31,Aqarmap,real_estate,play_store
8572,ممتاز جدا ومفيد,5,2021-05-26,Aqarmap,real_estate,play_store
8576,يستحق التعامل من خلاله,5,2021-04-22,Aqarmap,real_estate,play_store
8577,سئ جدااااااا,1,2021-04-18,Aqarmap,real_estate,play_store
8578,عملت إعلان مفيش ولا إتصال نسبه مشاهده ضعيفه جدا,1,2021-04-15,Aqarmap,real_estate,play_store
8579,البرنامج محتاج تحديث يواكب متطلبات لاكن استمراره بهذا الشكل غيرمفيذ!!؟؟,1,2021-04-14,Aqarmap,real_estate,play_store
8580,مرضى,3,2021-04-06,Aqarmap,real_estate,play_store
8581,ابحث عن شقة للبيع شارع مكرم عبيد القاهرة,4,2021-04-05,Aqarmap,real_estate,play_store
8582,لسه ما جربتش,5,2021-03-29,Aqarmap,real_estate,play_store
8584,فاشل لا يعمل في مدينتي,1,2021-03-21,Aqarmap,real_estate,play_store
8586,هو ليه الاعلان بفلوس بس !!!!!,1,2021-03-13,Aqarmap,real_estate,play_store
8587,جيد جداً لو تم تحديث الاعلانات عن الشقق باستمرار,4,2021-02-16,Aqarmap,real_estate,play_store
8589,جميل جدا وممتاز ربنا يبارك فيكم,5,2021-01-27,Aqarmap,real_estate,play_store
8592,برنامج ممتاز,5,2021-01-19,Aqarmap,real_estate,play_store
8594,تطبيق كويس جداً و وفر علينا وقت كبير,5,2021-01-18,Aqarmap,real_estate,play_store
8595,رائع بجد,5,2021-01-18,Aqarmap,real_estate,play_store
8597,خدمه جيده لاكن مطلوب الأفضل,5,2021-01-18,Aqarmap,real_estate,play_store
8599,خدمه ممتازه,5,2021-01-18,Aqarmap,real_estate,play_store
8600,ساعدني في البحث عن شقه,4,2021-01-17,Aqarmap,real_estate,play_store
8601,اذا اخترت المكان السعودية يفترض تكون الاسعار بالريال السعودي مو الجنيه المصري ، نرجو التعديل.,2,2021-01-15,Aqarmap,real_estate,play_store
8602,ممتازه,5,2021-01-08,Aqarmap,real_estate,play_store
8603,ممتاز ⭐⭐⭐⭐,5,2021-01-07,Aqarmap,real_estate,play_store
8604,اسوء تجربة في تطبيقات العقار,1,2021-01-01,Aqarmap,real_estate,play_store
8605,غير مرن في طريقة العرض,2,2020-12-28,Aqarmap,real_estate,play_store
8606,جدي جدي,4,2020-12-08,Aqarmap,real_estate,play_store
8608,مقبول ولكن غالي,2,2020-11-27,Aqarmap,real_estate,play_store
8610,ازاي انزل اعلان مجاني,1,2020-11-27,Aqarmap,real_estate,play_store
8611,جده,5,2020-11-11,Aqarmap,real_estate,play_store
8613,جيد جدااااا,5,2020-10-12,Aqarmap,real_estate,play_store
8614,تطبيق ممتاز جدا,5,2020-09-30,Aqarmap,real_estate,play_store
8615,احبه,5,2020-09-30,Aqarmap,real_estate,play_store
8616,ممتاز جداً,5,2020-09-20,Aqarmap,real_estate,play_store
8617,تطبيق استغلال انصح بعدم التعامل معاه,1,2020-09-18,Aqarmap,real_estate,play_store
8618,هوه ده اجمل تحديث,5,2026-03-14,Anghami,entertainment,play_store
8619,اعلانات كتير جدآ,3,2026-03-13,Anghami,entertainment,play_store
8620,مووت,5,2026-03-13,Anghami,entertainment,play_store
8621,جامد,5,2026-03-13,Anghami,entertainment,play_store
8622,رايق,5,2026-03-13,Anghami,entertainment,play_store
8625,good 👍,5,2026-03-13,Anghami,entertainment,play_store
8626,wow,5,2026-03-12,Anghami,entertainment,play_store
8627,مش مجاني,1,2026-03-12,Anghami,entertainment,play_store
8628,راىعا,5,2026-03-12,Anghami,entertainment,play_store
8629,ممتاز,5,2026-03-12,Anghami,entertainment,play_store
8630,برنامج جميل,5,2026-03-12,Anghami,entertainment,play_store
8631,تمام,5,2026-03-12,Anghami,entertainment,play_store
8634,انصحكم فييه,5,2026-03-11,Anghami,entertainment,play_store
8635,انا من غيرك بتوه توهان,5,2026-03-10,Anghami,entertainment,play_store
8636,Best music app,5,2026-03-10,Anghami,entertainment,play_store
8637,تحفه 🍂,5,2026-03-10,Anghami,entertainment,play_store
8639,شكراً لكل من ساهم في البرنامج الجميل ده بسم الله ماشاء الله تبارك الرحمن,5,2026-03-09,Anghami,entertainment,play_store
8640,It is very good my family know it and my friends so bye,5,2026-03-09,Anghami,entertainment,play_store
8641,تطبيق رائع رائع رائع يستاهل اكتر من خمس نجوم ⭐⭐⭐⭐⭐⭐⭐⭐,5,2026-03-09,Anghami,entertainment,play_store
8643,يجنننن,5,2026-03-09,Anghami,entertainment,play_store
8644,السلام عليكم ورحمه الله وبركاته,5,2026-03-08,Anghami,entertainment,play_store
8645,اجميل,5,2026-03-08,Anghami,entertainment,play_store
8646,❤️❤️❤️❤️❤️❤️❤️❤️❤️❤️❤️❤️❤️❤️❤️❤️❤️❤️❤️❤️❤️❤️❤️❤️❤️❤️❤️❤️❤️❤️,5,2026-03-08,Anghami,entertainment,play_store
8647,جميل 🌹,5,2026-03-08,Anghami,entertainment,play_store
8648,تطبيق رائع جداً,5,2026-03-08,Anghami,entertainment,play_store
8649,افضل برنامج لتشغيل الاغانى👍,4,2026-03-08,Anghami,entertainment,play_store
8650,جيد جدا,5,2026-03-08,Anghami,entertainment,play_store
8651,رائع جدآ🫵,5,2026-03-08,Anghami,entertainment,play_store
8652,ممتازة,5,2026-03-08,Anghami,entertainment,play_store
8653,tmam,4,2026-03-08,Anghami,entertainment,play_store
8654,جامد جدا جدا,5,2026-03-08,Anghami,entertainment,play_store
8656,جميل جدا,5,2026-03-07,Anghami,entertainment,play_store
8657,حبيت حبيت حبيتتتتت,5,2026-03-07,Anghami,entertainment,play_store
8660,excellent,5,2026-03-07,Anghami,entertainment,play_store
8661,روعه وكل سنه وانتم طيبين وبخير مجهود فوق الممتاز,5,2026-03-06,Anghami,entertainment,play_store
8662,موب زين,1,2026-03-06,Anghami,entertainment,play_store
8663,هايل,5,2026-03-06,Anghami,entertainment,play_store
8664,♥️,5,2026-03-06,Anghami,entertainment,play_store
8667,قلبي أنا,5,2026-03-05,Anghami,entertainment,play_store
8669,nice 🙂,5,2026-03-05,Anghami,entertainment,play_store
8671,بس مشان bts,5,2026-03-04,Anghami,entertainment,play_store
8672,حلو اوى,5,2026-03-04,Anghami,entertainment,play_store
8673,جميل و لكن به اعطال,4,2026-03-04,Anghami,entertainment,play_store
8675,جميل ✓,5,2026-03-04,Anghami,entertainment,play_store
8676,رائعه,1,2026-03-03,Anghami,entertainment,play_store
8677,good,5,2026-03-03,Anghami,entertainment,play_store
8678,ممتاز 👍,5,2026-03-03,Anghami,entertainment,play_store
8679,موجود فيه محاضرات دينيه جميلة جدآ انصح به,5,2026-03-03,Anghami,entertainment,play_store
8681,التطبيق جميل بس عند استراد على الاعلان قبل الاغنيه 🥰😋,5,2026-03-03,Anghami,entertainment,play_store
8682,روعه,5,2026-03-03,Anghami,entertainment,play_store
8683,تحفه,5,2026-03-02,Anghami,entertainment,play_store
8684,لان كل شوي يطلع لي اعلانات 😊😊😊,4,2026-03-02,Anghami,entertainment,play_store
8685,التطبيق جيد جداً,5,2026-03-02,Anghami,entertainment,play_store
8686,yú,5,2026-03-02,Anghami,entertainment,play_store
8687,جميل جدااااااااااا 🩵🩵🩵🩵🩵🩵🩵🩵,5,2026-03-02,Anghami,entertainment,play_store
8688,حماده,5,2026-03-01,Anghami,entertainment,play_store
8689,تحفهه جدا بس المشكله انو ب انترنت,5,2026-03-01,Anghami,entertainment,play_store
8690,جىد,4,2026-03-01,Anghami,entertainment,play_store
8691,اغاني جميله,5,2026-02-28,Anghami,entertainment,play_store
8692,استمتع في الموسيقى 💓,5,2026-02-28,Anghami,entertainment,play_store
8695,برنامج كويس جدا,5,2026-02-27,Anghami,entertainment,play_store
8696,كتير حلوين,5,2026-02-27,Anghami,entertainment,play_store
8697,رائع,5,2026-02-27,Anghami,entertainment,play_store
8698,simple and very nice,5,2026-02-27,Anghami,entertainment,play_store
8699,ممتاز اووي,5,2026-02-27,Anghami,entertainment,play_store
8700,جميلل جداا ولاكن الاعلانات مزعجه,5,2026-02-26,Anghami,entertainment,play_store
8701,حلوو بس المشكله في الاعلانات,5,2026-02-26,Anghami,entertainment,play_store
8702,👍👍,5,2026-02-26,Anghami,entertainment,play_store
8703,سيئ جدا,1,2026-02-25,Anghami,entertainment,play_store
8704,♥️♥️,1,2026-02-25,Anghami,entertainment,play_store
8705,جمييييييييل جدا ❤️❤️❤️,5,2026-02-25,Anghami,entertainment,play_store
8706,Very very excellent,5,2026-02-25,Anghami,entertainment,play_store
8707,I ♥️ loved I appreciate you doing guys 💯👍🙏😍,5,2026-02-25,Anghami,entertainment,play_store
8708,تطبیق رائع جدا و ینزل اجد الالغانی,5,2026-02-25,Anghami,entertainment,play_store
8712,تحفهه ❤️,5,2026-02-24,Anghami,entertainment,play_store
8713,برنامج جميل جدا جدا,5,2026-02-24,Anghami,entertainment,play_store
8714,فاشل 👎,1,2026-02-24,Anghami,entertainment,play_store
8715,very good,5,2026-02-23,Anghami,entertainment,play_store
8716,لماذا التطبيق لا يفتح عندى ؟ فجأه لقيته معلق اليوم ولم اتمكن من فتحه ابدا اليوم فما المشكله؟,5,2026-02-23,Anghami,entertainment,play_store
8717,خسارة فيه النجمة مبيشغلش قرآن متعمد و بيشغل اغاني عادي من قايمة المفضلات,1,2026-02-23,Anghami,entertainment,play_store
8718,احلة حاجة اصوات مشايخ القران,5,2026-02-22,Anghami,entertainment,play_store
8719,ممتار جدا جدا جدا,5,2026-02-22,Anghami,entertainment,play_store
8721,اسطوووووووووري,5,2026-02-21,Anghami,entertainment,play_store
8722,حلوه,5,2026-02-21,Anghami,entertainment,play_store
8724,جميل جدا في قمة الروعة ❤️ 👍,5,2026-02-21,Anghami,entertainment,play_store
8725,تطبيق تحفه,3,2026-02-21,Anghami,entertainment,play_store
8726,جميل جداً,5,2026-02-21,Anghami,entertainment,play_store
8727,وحش جدا لازم يختار اغنيه عشوائيه ع مزاجو وبيقول قواعد,1,2026-02-21,Anghami,entertainment,play_store
8728,شكرا,5,2026-02-21,Anghami,entertainment,play_store
8730,حلو بس ساعات بيقف لوحده,4,2026-02-20,Anghami,entertainment,play_store
8731,جدا رائعة اغاني من مختلف البلدن ✅,5,2026-02-20,Anghami,entertainment,play_store
8734,رووووووعة,5,2026-02-19,Anghami,entertainment,play_store
8735,حب,5,2026-02-19,Anghami,entertainment,play_store
8736,افضل تطبيق استخدمته,5,2026-02-19,Anghami,entertainment,play_store
8737,التطبيق مرة جميل ويعطيك شهر اشتراك مجاني حملو ما بتندمو . في الشهر والصوت اسطوري,5,2026-02-18,Anghami,entertainment,play_store
8738,بحب هذا التطبيق ولكن لدي مشكله الان لم يفتح هذا التبيق الان,5,2026-02-18,Anghami,entertainment,play_store
8739,رائع تطبيق ولا اجمل,4,2026-02-18,Anghami,entertainment,play_store
8740,✨ ✨ ✨,5,2026-02-18,Anghami,entertainment,play_store
8741,بيعلق كتير,1,2026-02-17,Anghami,entertainment,play_store
8742,هاذا التطبيق مذهل,5,2026-02-17,Anghami,entertainment,play_store
8743,يجنن,5,2026-02-17,Anghami,entertainment,play_store
8744,❤️,5,2026-02-16,Anghami,entertainment,play_store
8747,ببلاش مرحبا,5,2026-02-15,Anghami,entertainment,play_store
8748,"I loved this app, it's beautiful, but if it were without a subscription, it would cost five.",4,2026-02-14,Anghami,entertainment,play_store
8749,تمام 👌,5,2026-02-14,Anghami,entertainment,play_store
8750,انا اشتراكي في أنغامي بلس عن طريق اتصالات ايميرلد كل شويه تلغوا الاشتراك حاجه زفت وحتي مافيش للدعم الفني رقم ارجو التواصل,1,2026-02-14,Anghami,entertainment,play_store
8751,افضل,5,2026-02-14,Anghami,entertainment,play_store
8753,يجنننن❤️بذات الشامي وبيسان 👌🤍,5,2026-02-13,Anghami,entertainment,play_store
8754,جيدا,5,2026-02-13,Anghami,entertainment,play_store
8755,وحش جدا لازم تدفع فلوس,1,2026-02-12,Anghami,entertainment,play_store
8756,افضل برنامج للموسيقى,5,2026-02-12,Anghami,entertainment,play_store
8757,جميل جدا ورائع جداً,5,2026-02-11,Anghami,entertainment,play_store
8758,جميله,5,2026-02-11,Anghami,entertainment,play_store
8759,روووووووعه,4,2026-02-11,Anghami,entertainment,play_store
8761,حلوه بس لو يشيلون الاعلانات اووففف,5,2026-02-10,Anghami,entertainment,play_store
8762,تطبيق رائع على اسمه تطبيق انغامي وانا احب النغمة والموسيقى,5,2026-02-10,Anghami,entertainment,play_store
8763,احلي 🥰برنامج,5,2026-02-10,Anghami,entertainment,play_store
8764,جميل للغاية♥️✨,5,2026-02-10,Anghami,entertainment,play_store
8765,the best music experinece i have is on anghami,5,2026-02-10,Anghami,entertainment,play_store
8766,اعلانات كتير خالص,5,2026-02-10,Anghami,entertainment,play_store
8767,مميزات البرنامج كتيره جدا,5,2026-02-10,Anghami,entertainment,play_store
8770,حلوه اوي بجد,5,2026-02-09,Anghami,entertainment,play_store
8771,هيله,5,2026-02-09,Anghami,entertainment,play_store
8772,ممتاز جدا,5,2026-02-09,Anghami,entertainment,play_store
8775,جيد,5,2026-02-08,Anghami,entertainment,play_store
8776,البرنامج جامد,5,2026-02-08,Anghami,entertainment,play_store
8777,افضل ابلكيشن,5,2026-02-08,Anghami,entertainment,play_store
8778,وحش وحش وحش لانه مش مجاني كل ب الفلوس,1,2026-02-08,Anghami,entertainment,play_store
8779,من اجمل البرامج,5,2026-02-08,Anghami,entertainment,play_store
8782,👍👍👍,5,2026-02-08,Anghami,entertainment,play_store
8783,جميل 🙂,4,2026-02-07,Anghami,entertainment,play_store
8785,كتير اعلانات,5,2026-02-07,Anghami,entertainment,play_store
8787,جميل ولكن عاوزين اغاني اكتر,5,2026-02-07,Anghami,entertainment,play_store
8788,ليه دايما فيه مشكله فى الاستراك,5,2026-02-07,Anghami,entertainment,play_store
8789,حلو اوي جميل بس الكلمات مش تزهر كلها بس بس حلو اوي بجد تحفه,4,2026-02-07,Anghami,entertainment,play_store
8790,حلو,5,2026-02-06,Anghami,entertainment,play_store
8791,لانه بنت وليت بدون نت,3,2026-02-06,Anghami,entertainment,play_store
8792,good 👍😊,5,2026-02-06,Anghami,entertainment,play_store
8794,تطبيق ممتاز، يفوز بافضل تطبيق اغاني حملته انصح فيه,5,2026-02-06,Anghami,entertainment,play_store
8795,برنامج جميل جدا حتي بدون نت يمكنك سماع لاغاني عندما تحفطهم في قائمه لاعجبات🥰🥰🥰,5,2026-02-05,Anghami,entertainment,play_store
8796,بجننن بتمنه تخففوا الدعيات ياريت وباسرع وقت,5,2026-02-05,Anghami,entertainment,play_store
8797,برنامج رائع جدا,5,2026-02-05,Anghami,entertainment,play_store
8801,سيء جدا ولا انصح احد بتجربته وبفلوس,1,2026-02-04,Anghami,entertainment,play_store
8802,جيد جداً,5,2026-02-04,Anghami,entertainment,play_store
8803,تمام بس المشكله في التنزيل,5,2026-02-04,Anghami,entertainment,play_store
8805,جامد مشا الله,5,2026-02-04,Anghami,entertainment,play_store
8807,اصلي يا اسطى,4,2026-02-04,Anghami,entertainment,play_store
8808,حلو اوي,5,2026-02-04,Anghami,entertainment,play_store
8810,يطربني هذا البرنامج,5,2026-02-03,Anghami,entertainment,play_store
8811,🥰🥰,5,2026-02-03,Anghami,entertainment,play_store
8812,برنامج جميل وكل حاجه بس مشكلته في الاعلانات كثيره قوي يعني كل اغنيه لازما يجيب لي عليها اعلان اعلانات كثيره قوي ياريت الشركه تهتم بموضوع الاعلانات ده اني مش حاجه لطيفه,1,2026-02-03,Anghami,entertainment,play_store
8813,جامد اوى,5,2026-02-03,Anghami,entertainment,play_store
8814,اليوم ٢ فبراير ٢٠٢٦ مش عارف الغي الاشتراك وحاولت اكتر من مره,5,2026-02-02,Anghami,entertainment,play_store
8815,ممتاز المشكلة الوحيدة هي أنه يتطلب اشتراك وغير هاذا ممتاز جداً جداً جداً,4,2026-02-02,Anghami,entertainment,play_store
8816,تطبيق رائع,5,2026-02-02,Anghami,entertainment,play_store
8817,كتير كتير كتير حلو والله 👍👍👍💖💖💖,5,2026-02-02,Anghami,entertainment,play_store
8818,the best,5,2026-02-01,Anghami,entertainment,play_store
8819,جميلا جدا ، وشكرا لانغامي على هذا التطبيق المبهر والرائعه جدا❤️,5,2026-02-01,Anghami,entertainment,play_store
8820,هو بيعلق شويه بس جميل,5,2026-02-01,Anghami,entertainment,play_store
8821,التطبيق روعه ارجو منكم التحميل,5,2026-02-01,Anghami,entertainment,play_store
8822,ok,4,2026-02-01,Anghami,entertainment,play_store
8824,نعم,5,2026-01-31,Anghami,entertainment,play_store
8825,جميل جدا يستحق الخمس نجوم,5,2026-01-31,Anghami,entertainment,play_store
8826,حلو وكل حاجه بس المشكله في الاعلانات حاولو تخفو الاعلانات,5,2026-01-31,Anghami,entertainment,play_store
8828,احلى حاجه,5,2026-01-31,Anghami,entertainment,play_store
8831,برنامج رائع ومميز جدا وسهل الاستخدام جدا جدا جدا ♥️♥️,5,2026-01-30,Anghami,entertainment,play_store
8832,Good,5,2026-01-30,Anghami,entertainment,play_store
8833,❤️❤️,5,2026-01-30,Anghami,entertainment,play_store
8834,من افضل برامج الموسيقى شكرا لفريق انغامى ♥♥♥🌹🌹🌹,5,2026-01-30,Anghami,entertainment,play_store
8835,حلوه اوي,5,2026-01-30,Anghami,entertainment,play_store
8836,كتيررر حلو بس في ميزات بس للبلسسس يقهر,5,2026-01-30,Anghami,entertainment,play_store
8837,وحش اوي,1,2026-01-30,Anghami,entertainment,play_store
8838,جدا ممتاز وقاتل للوقت,5,2026-01-30,Anghami,entertainment,play_store
8839,شكرا 👌✌️🤍🙂,5,2026-01-30,Anghami,entertainment,play_store
8840,البرنامج وحش جدا👎👎👎👎👎,1,2026-01-30,Anghami,entertainment,play_store
8842,اعلانات كثيررررررر,4,2026-01-29,Anghami,entertainment,play_store
8843,جميل اووي,4,2026-01-29,Anghami,entertainment,play_store
8844,اصلي,5,2026-01-29,Anghami,entertainment,play_store
8845,حلومره😍🥰,5,2026-01-29,Anghami,entertainment,play_store
8846,يتوقف أحياناً بدون سبب,3,2026-01-28,Anghami,entertainment,play_store
8848,افخم برنامج على الشرق الأوسط,5,2026-01-28,Anghami,entertainment,play_store
8849,رائع جداً,5,2026-01-28,Anghami,entertainment,play_store
8850,اغاني جميلة جدا,5,2026-01-28,Anghami,entertainment,play_store
8852,يسمعك علي مزاجه سبوت افضل منه,1,2026-01-28,Anghami,entertainment,play_store
8853,ليس جميل,5,2026-01-28,Anghami,entertainment,play_store
8856,اجمل برنامج,5,2026-01-26,Anghami,entertainment,play_store
8858,سيءءءء جدا..ما حد ينزله برنامج سيء ومتحكم وإعلانات بشعع,1,2026-01-25,Anghami,entertainment,play_store
8859,جميل قوي,5,2026-01-25,Anghami,entertainment,play_store
8861,جميل جدا ورائع جداً جداً جداً,5,2026-01-25,Anghami,entertainment,play_store
8863,حلو جدا جدا جدا,5,2026-01-24,Anghami,entertainment,play_store
8864,هو ليس مجاني,1,2026-01-23,Anghami,entertainment,play_store
8865,جد واو واو واو,5,2026-01-23,Anghami,entertainment,play_store
8867,جامد جدآ,5,2026-01-23,Anghami,entertainment,play_store
8868,مره كان جميل واصح بتجربته,5,2026-01-23,Anghami,entertainment,play_store
8869,برنامج جميل جدا ♥♥🌹,5,2026-01-22,Anghami,entertainment,play_store
8870,انغامي فاشل فاشل فاشل انا بدي احط علي اغنيه معينه موجوده عندي لا هو بحط اغاني على كيفو,1,2026-01-22,Anghami,entertainment,play_store
8871,نايس,5,2026-01-22,Anghami,entertainment,play_store
8872,مرررره ممتعه,5,2026-01-22,Anghami,entertainment,play_store
8875,شكرا انغامي,5,2026-01-21,Anghami,entertainment,play_store
8876,فاشل,1,2026-01-21,Anghami,entertainment,play_store
8877,احسن من اسبوت فااى دخول اخر الاغنيه فى اللبعديها شكرا جدا,5,2026-01-21,Anghami,entertainment,play_store
8880,ىائع موجود الفونك فيه,5,2026-01-20,Anghami,entertainment,play_store
8881,جوده عاليه تمام,5,2026-01-20,Anghami,entertainment,play_store
8882,👍👍😍👍👍,5,2026-01-20,Anghami,entertainment,play_store
8883,أجمل تطبيق 🌕🌕🌕🌕,5,2026-01-20,Anghami,entertainment,play_store
8884,perfect,5,2026-01-20,Anghami,entertainment,play_store
8885,التطبيق يعتمد عالاعلانات وهذا ليس جيد ويقيد السماع اتمني حل هذه المشكله وسهوله استخدام التطبيق للمستخدم العادي,3,2026-01-20,Anghami,entertainment,play_store
8887,ممتاز ورائع,5,2026-01-20,Anghami,entertainment,play_store
8889,جميل جداً جداً جداً,5,2026-01-19,Anghami,entertainment,play_store
8891,ممتاز شكرا,5,2026-01-19,Anghami,entertainment,play_store
8892,أنهوا تطبيق رائع جدا,5,2026-01-19,Anghami,entertainment,play_store
8893,جيد جدآ ....,5,2026-01-19,Anghami,entertainment,play_store
8894,برنامج ناجح وممتاز وانصح بتنزيله لما وجدته من فائده بستحق اكثر من مليون نجمه,5,2026-01-19,Anghami,entertainment,play_store
8895,ممتازه,5,2026-01-19,Anghami,entertainment,play_store
8896,❤️❤️❤️❤️❤️,5,2026-01-18,Anghami,entertainment,play_store
8898,وااااااااااو خيال😘😘😘😘,5,2026-01-18,Anghami,entertainment,play_store
8899,شكران,5,2026-01-18,Anghami,entertainment,play_store
8900,الو,5,2026-01-18,Anghami,entertainment,play_store
8902,من افضل برامج الي,5,2026-01-17,Anghami,entertainment,play_store
8904,تطبيق حلو بس به اعلانات كثيره يتم تشغيل اعلان مدته 10ثواني او اكثر تقريبا بعد الستماع إلى كل اغنية,4,2026-01-17,Anghami,entertainment,play_store
8905,حلووو بس الاعلانات تغثي,4,2026-01-17,Anghami,entertainment,play_store
8906,Gooooood 💖💖💖💖💖💖,5,2026-01-17,Anghami,entertainment,play_store
8907,لسه هجربه وهقول😂♥️🙂,5,2026-01-16,Anghami,entertainment,play_store
8909,اسطوره,5,2026-01-16,Anghami,entertainment,play_store
8910,يجي بلادب,5,2026-01-16,Anghami,entertainment,play_store
8912,🍃🌼ڪــل الورد ﻟ؏ﻴوﻧــــــــك🌼🍃,5,2026-01-16,Anghami,entertainment,play_store
8915,Awesome,5,2026-01-15,Anghami,entertainment,play_store
8916,لا تنزله عشان تحمل اغنيه لازم تدفع و مو كل اغاني موجوده,1,2026-01-15,Anghami,entertainment,play_store
8917,جيد جدا، يحتاج ميزة فصل الفنان من الموسيقي او العكس لكن التطبيق والفريق الفني متميزون شكرا لكم 🥰🥰,4,2026-01-15,Anghami,entertainment,play_store
8918,مز وحلو,5,2026-01-15,Anghami,entertainment,play_store
8920,يهبل,5,2026-01-14,Anghami,entertainment,play_store
8921,روعه لانه مجاني لو بفلوس بردضو روعه,5,2026-01-14,Anghami,entertainment,play_store
8922,تجنن بس ياليت يلغون ميزت الشتراك🥺🥺,5,2026-01-14,Anghami,entertainment,play_store
8923,تطبيق رائع و مسلي لسماع الموسيقا اتمنى له الترقي و التفوق,5,2026-01-14,Anghami,entertainment,play_store
8924,ماشاء الله ططبيق يستحق اكثر من خمس نجوم ما شاءلله واو واو ♥♥♥🥺♥♥,5,2026-01-14,Anghami,entertainment,play_store
8926,امراتا ياتيني اعلانات طويله فأطر اني اخرج منه ثم ارجع و عندما افتح الكلمات علي الدفع مع ذلك عليها ان تكون مجانيه؟؟,3,2026-01-13,Anghami,entertainment,play_store
8927,Goog,5,2026-01-13,Anghami,entertainment,play_store
8928,تجربه ممتعه,5,2026-01-13,Anghami,entertainment,play_store
8930,تم الاشتراك في انغامي بلس وكل دقيقة يعمل ايقاف للمقطع,1,2026-01-13,Anghami,entertainment,play_store
8931,تأكيد للتقييم السابق انغانمي رائع والمكان المناسب لعشاق الموسيقى العربيه والشرقيه وخصوصا نجوم منتصف القرن الماضي لقيت اعمال واصدارت في انغامي ما لقيتها بأي تطبيق اخر ولعشاق البودكاست انغامي هو المكان المناسب وعن تجربة قرابة خمس سنوات انصحكم به,5,2026-01-12,Anghami,entertainment,play_store
8932,ممتاز جداا,5,2026-01-12,Anghami,entertainment,play_store
8933,ur songs so butiful,1,2026-01-12,Anghami,entertainment,play_store
8934,اجمل ما في الكون في الاغاني,5,2026-01-12,Anghami,entertainment,play_store
8935,جميله جدا,5,2026-01-12,Anghami,entertainment,play_store
8937,برنامج جميل جدا,5,2026-01-12,Anghami,entertainment,play_store
8938,التطبيق جميل جداً جداً ❤️❤️,5,2026-01-12,Anghami,entertainment,play_store
8939,لاش في لايف🤔🤔🤔🤔🤔🤔🤔🤔🤔🤔🤔🤔🤔🤔🤔🤔🤔🤔,1,2026-01-11,Anghami,entertainment,play_store
8940,برنامج جمل انصحكم بي,5,2026-01-11,Anghami,entertainment,play_store
8943,كتيرررر. حلو كتير جد جد ولله حلو وكمان مساحته قليله كتيررر,5,2026-01-10,Anghami,entertainment,play_store
8945,خرررراااااا,1,2026-01-10,Anghami,entertainment,play_store
8946,المهرجانات روعه ولاكن بنت,5,2026-01-10,Anghami,entertainment,play_store
8947,جميله وحلوه,5,2026-01-10,Anghami,entertainment,play_store
8948,فعلا طبيق ممتاز,5,2026-01-09,Anghami,entertainment,play_store
8949,برنمج حلو جدا ومفيش إعلانات ودي حجه جميلا,5,2026-01-09,Anghami,entertainment,play_store
8950,اريد إلغاء تفعيل الاشتراك,1,2026-01-09,Anghami,entertainment,play_store
8951,تطبيق رهيب 😍👌,5,2026-01-09,Anghami,entertainment,play_store
8952,تطبيق مره حلو 😭,5,2026-01-09,Anghami,entertainment,play_store
8953,ممتااز,5,2026-01-09,Anghami,entertainment,play_store
8954,رائع جدا انا مستمع,5,2026-01-09,Anghami,entertainment,play_store
8955,ممتاز والله العظيم,5,2026-01-09,Anghami,entertainment,play_store
8956,لم يعمل,2,2026-01-09,Anghami,entertainment,play_store
8958,تطبيق سيء كلو بدو مشترى,1,2026-01-09,Anghami,entertainment,play_store
8960,nice,5,2026-01-08,Anghami,entertainment,play_store
8961,بجننننننن,5,2026-01-08,Anghami,entertainment,play_store
8962,اكثر من رائع,5,2026-01-08,Anghami,entertainment,play_store
8964,ممتع,5,2026-01-08,Anghami,entertainment,play_store
8966,absolutly great this is better than spotify too,5,2026-01-08,Anghami,entertainment,play_store
8967,Perfect,5,2026-01-07,Anghami,entertainment,play_store
8968,مررره حلو,4,2026-01-07,Anghami,entertainment,play_store
8969,لابس هناك اغاني حديثه,1,2026-01-07,Anghami,entertainment,play_store
8970,ممتاز جدا وبدون اعلانات بنصح الكل ينزله,5,2026-01-07,Anghami,entertainment,play_store
8973,يعمل بدون نت,1,2026-01-07,Anghami,entertainment,play_store
8974,perfect app,5,2026-01-07,Anghami,entertainment,play_store
8975,وو اوووو,5,2026-01-06,Anghami,entertainment,play_store
8979,ياريت يتم إضافة اغنيه المغنيه المصرين الجديد اول ما تنزل لان في اغنيه لي مغنين المهرجانات مش موجود,5,2026-01-06,Anghami,entertainment,play_store
8980,جيد 👍 شكراا لكم,5,2026-01-05,Anghami,entertainment,play_store
8981,⁦❤️⁩⁦❤️⁩⁦☺️⁩😁,5,2026-01-05,Anghami,entertainment,play_store
8982,رائع فقط رائع,5,2026-01-05,Anghami,entertainment,play_store
8983,انا عاوز اشتراك ببلاش,5,2026-01-04,Anghami,entertainment,play_store
8984,very good ❤️,5,2026-01-04,Anghami,entertainment,play_store
8985,احب انغامي,5,2026-01-03,Anghami,entertainment,play_store
8986,ممتــــــــــــاز 👍🌟,5,2026-01-03,Anghami,entertainment,play_store
8987,IT IS VERY GOOD APP,5,2026-03-14,Spotify,entertainment,play_store
8988,ممتاز جدا,5,2026-03-14,Spotify,entertainment,play_store
8989,جدا ممتاز,5,2026-03-13,Spotify,entertainment,play_store
8990,هو حلو بس لو كان بدون اشتراكات ها يصير احلا بس بصراحه عجبني التطبيق كنت منزلتو عشان اغنيتي المفضله وبس شكرا على التطبيق🌹,5,2026-03-13,Spotify,entertainment,play_store
8992,good,4,2026-03-13,Spotify,entertainment,play_store
8993,جميل جداً,5,2026-03-13,Spotify,entertainment,play_store
8994,البرنامج حلو مررررررررره,5,2026-03-13,Spotify,entertainment,play_store
8995,حلو,5,2026-03-13,Spotify,entertainment,play_store
8996,احسن تجربة,5,2026-03-13,Spotify,entertainment,play_store
8997,تجربة ممتعة ..,5,2026-03-13,Spotify,entertainment,play_store
8998,حلو قوي بس لو ما فيش اعلانات هيكون احلي,5,2026-03-13,Spotify,entertainment,play_store
8999,تطبيق مميز وساهل,5,2026-03-13,Spotify,entertainment,play_store
9000,جميل التطبيق ✨🤍,3,2026-03-13,Spotify,entertainment,play_store
9001,fantastic,5,2026-03-13,Spotify,entertainment,play_store
9004,راءع جداا أحببته تتوفر فيه كل الاغاني و حتى السور القرآنية 🥰🤍,4,2026-03-13,Spotify,entertainment,play_store
9006,برنامج جميل ورائع،😍♥♥♥,5,2026-03-13,Spotify,entertainment,play_store
9007,It's very good and enjoyable to listen to all the songs. 💖,5,2026-03-13,Spotify,entertainment,play_store
9008,it's so nice program 😊 but I wish all the music is free,4,2026-03-13,Spotify,entertainment,play_store
9009,الهف زر,5,2026-03-13,Spotify,entertainment,play_store
9011,جميل جدآ,5,2026-03-13,Spotify,entertainment,play_store
9013,تحفه,5,2026-03-13,Spotify,entertainment,play_store
9014,افضل تطبيق موسيقي انا جربته و بيوفر اغاني عربيه و انجليزيه و كل المعنيين,5,2026-03-13,Spotify,entertainment,play_store
9015,تجربته ممتازه معاده الاعلانات,5,2026-03-13,Spotify,entertainment,play_store
9017,جيدا,5,2026-03-13,Spotify,entertainment,play_store
9018,ماشاء الله استحق الدعم,5,2026-03-13,Spotify,entertainment,play_store
9019,تحفههه,5,2026-03-13,Spotify,entertainment,play_store
9020,nice,5,2026-03-13,Spotify,entertainment,play_store
9021,اجمل تطبيق اغاني,5,2026-03-13,Spotify,entertainment,play_store
9022,عدم تورفر امكانيه الدفع بشكل مناسب,2,2026-03-13,Spotify,entertainment,play_store
9025,ممتاز,5,2026-03-13,Spotify,entertainment,play_store
9026,جميل معاصر الوقت 🥰😘😘,5,2026-03-12,Spotify,entertainment,play_store
9027,بدون نت أفضل,5,2026-03-12,Spotify,entertainment,play_store
9028,افضل تطبيق,5,2026-03-12,Spotify,entertainment,play_store
9029,نضي,5,2026-03-12,Spotify,entertainment,play_store
9030,و اخيرا بقدر أسمع البوم الجديد ل فرقة بتس لانو التطبيق عملو تعاون معهم 💃🏻💃🏻😀,5,2026-03-12,Spotify,entertainment,play_store
9031,جميل,5,2026-03-12,Spotify,entertainment,play_store
9032,رائعه جداً,5,2026-03-12,Spotify,entertainment,play_store
9034,سئ جداً بيختره الحاجه على مزجهم,1,2026-03-12,Spotify,entertainment,play_store
9035,جيد,5,2026-03-12,Spotify,entertainment,play_store
9037,فيله كل الاغاني الي كنت ابغاها,5,2026-03-12,Spotify,entertainment,play_store
9038,كيوتتتتتت اوييييي🌸🌸,5,2026-03-12,Spotify,entertainment,play_store
9039,تحفة,5,2026-03-12,Spotify,entertainment,play_store
9040,حلو جدا انا بصراحه بسمع كل الاغني من عليه,5,2026-03-12,Spotify,entertainment,play_store
9041,تطبيق جميل وسلس,5,2026-03-12,Spotify,entertainment,play_store
9042,إنه تطبيق راءع لكنه عندما التوجد أنترنيت لايستجيب لطلباتك,2,2026-03-12,Spotify,entertainment,play_store
9044,التطبيق حلو في كل حاجة ممكن تسمعها بس لو البرنامج يقلل الإعلانات شوية,4,2026-03-12,Spotify,entertainment,play_store
9045,جميل جدا,5,2026-03-12,Spotify,entertainment,play_store
9046,برنامج جميل جدا وفي كل الاغاني واطلب انا يغيرو اشكال فيه ليكون ممتع وجميل ويسحق اربع نجوم,5,2026-03-12,Spotify,entertainment,play_store
9047,جميل جدا جدا جدا,5,2026-03-12,Spotify,entertainment,play_store
9049,الصراحه التطبيق جميل جدا لكن لمن اسمع اغنيه وحده بس واجي اغيرها يحط لي اغنيه ثانيه غير الي انا اخترتها ما ادري المشكله من التطبيق او من ايبادي نفسه,4,2026-03-12,Spotify,entertainment,play_store
9050,تطبيق اسطوري 🌹,5,2026-03-12,Spotify,entertainment,play_store
9051,❤️❤️❤️رائع,5,2026-03-12,Spotify,entertainment,play_store
9052,تطبيق رائع جداً 🥰❤️,5,2026-03-11,Spotify,entertainment,play_store
9053,جميل بجد,5,2026-03-11,Spotify,entertainment,play_store
9054,بس,5,2026-03-11,Spotify,entertainment,play_store
9055,رائع انا احبه ولكن هو ليس بالمجان,4,2026-03-11,Spotify,entertainment,play_store
9057,والله من اجمل التطبيقات,5,2026-03-11,Spotify,entertainment,play_store
9058,كان التطبيق اسطوريا,5,2026-03-11,Spotify,entertainment,play_store
9060,تطبيقات ممصاري لاكن يمكن السماء الغني بدون مصاريف,5,2026-03-11,Spotify,entertainment,play_store
9061,تطبيق جميل جدا,5,2026-03-11,Spotify,entertainment,play_store
9062,طبيق جدا راقي,5,2026-03-11,Spotify,entertainment,play_store
9063,عاش بجد,5,2026-03-11,Spotify,entertainment,play_store
9065,روعة ❤,5,2026-03-11,Spotify,entertainment,play_store
9067,💯💯💯,5,2026-03-11,Spotify,entertainment,play_store
9069,حلو اوي اوي,5,2026-03-11,Spotify,entertainment,play_store
9070,ممتازه,5,2026-03-11,Spotify,entertainment,play_store
9071,توحفه✋🏿,5,2026-03-11,Spotify,entertainment,play_store
9072,جميل اوي,5,2026-03-11,Spotify,entertainment,play_store
9073,"This wonderful app is not available in my country, Sudan. Please look into this matter.",2,2026-03-11,Spotify,entertainment,play_store
9075,جمييييل اوووي ❤️,5,2026-03-10,Spotify,entertainment,play_store
9076,يذلك حتى تشترك بريميم,4,2026-03-10,Spotify,entertainment,play_store
9077,هذا تطبيق جيد جدا وانا اقيمه ١٠/١٠,5,2026-03-10,Spotify,entertainment,play_store
9078,اغاني يلي فيه مرة رائعة حلوة و انصحكم فيه 🌹🥰🎀♥,5,2026-03-10,Spotify,entertainment,play_store
9080,احلا برنامج شوفتو,5,2026-03-10,Spotify,entertainment,play_store
9081,حلو بس ياريت تشيلوا الاشترااااااالاااااااااااك,5,2026-03-10,Spotify,entertainment,play_store
9082,افضل تطبيق اغاني في العالم,5,2026-03-10,Spotify,entertainment,play_store
9083,تحفه ههههه لازم يكون عند كلو ❤️‍🔥,5,2026-03-10,Spotify,entertainment,play_store
9086,تطبيق رائع,5,2026-03-10,Spotify,entertainment,play_store
9087,برنامج جميل بس مشكلتها ال بس مشكله اللي هو مشكله اللي هو مش بيشتغل غير المواهب في نت,5,2026-03-10,Spotify,entertainment,play_store
9088,ممتاز جدا جدا,5,2026-03-10,Spotify,entertainment,play_store
9089,جيد جداً,5,2026-03-10,Spotify,entertainment,play_store
9091,المشكله ان التطبيق عاوز فلوس عشان تنزل الاغاني,5,2026-03-10,Spotify,entertainment,play_store
9092,More than one shepherd,5,2026-03-10,Spotify,entertainment,play_store
9093,awesome,5,2026-03-10,Spotify,entertainment,play_store
9095,رااائع,5,2026-03-10,Spotify,entertainment,play_store
9099,كل شيء تمام,5,2026-03-09,Spotify,entertainment,play_store
9100,the pest app,5,2026-03-09,Spotify,entertainment,play_store
9101,من أجمل الأغاني,5,2026-03-09,Spotify,entertainment,play_store
9103,مرة حلو,5,2026-03-09,Spotify,entertainment,play_store
9104,احسن تطبيق بنصحكو تنزلووووو,5,2026-03-09,Spotify,entertainment,play_store
9106,I love it.,5,2026-03-09,Spotify,entertainment,play_store
9107,sooooo coolll,5,2026-03-09,Spotify,entertainment,play_store
9108,جيد جدا افضل الموسيقى,5,2026-03-09,Spotify,entertainment,play_store
9109,تحفه بس قللو الإعلانات,3,2026-03-09,Spotify,entertainment,play_store
9110,ممتع جدا,5,2026-03-09,Spotify,entertainment,play_store
9111,انه افضل تطبيق اغنية,5,2026-03-09,Spotify,entertainment,play_store
9113,جميل جدا و ستمتاع جيد,5,2026-03-09,Spotify,entertainment,play_store
9115,الصوت الأصلي,5,2026-03-09,Spotify,entertainment,play_store
9117,التطبيق به جميع الأغاني وهو مجاني,5,2026-03-09,Spotify,entertainment,play_store
9118,التطبيق حلو بالنسبة للبودكاست ياريت لو تضيفوا 20 دقيقةلل timer,2,2026-03-09,Spotify,entertainment,play_store
9120,مميز وجميل,5,2026-03-09,Spotify,entertainment,play_store
9121,جامد وانا مبسمعش غير منه,5,2026-03-09,Spotify,entertainment,play_store
9122,احسن حاجه بتغير مودي,5,2026-03-09,Spotify,entertainment,play_store
9123,أفضل تطبيق,5,2026-03-09,Spotify,entertainment,play_store
9124,يخبل ويفيد للدراسه,5,2026-03-08,Spotify,entertainment,play_store
9125,في مجال اتزوج تطبيقكم؟,5,2026-03-08,Spotify,entertainment,play_store
9126,أفضل تطبيق على الإطلاق 😍🗣,5,2026-03-08,Spotify,entertainment,play_store
9128,ممتاز سماع القران والبوداكاست,5,2026-03-08,Spotify,entertainment,play_store
9129,جيد جداأ,5,2026-03-08,Spotify,entertainment,play_store
9130,جميله جداً,5,2026-03-08,Spotify,entertainment,play_store
9131,كانت حلوة وبيجيب اغاني حتى لو المغني ده مش عندي,5,2026-03-08,Spotify,entertainment,play_store
9132,روعه,5,2026-03-08,Spotify,entertainment,play_store
9133,لأن الاغاني مش بتشتغل لازم اشتراك أو تشتغل اغني انا مش عايزاها طيب انا عايزه اسمع الاغاني من غير اشتراك و انا بسمع كمان ب انترنت ف اعمل ايه تاني بس من غير المشكله دي البرنامج خمس نجوم ارجو أصبحوا المشكله,1,2026-03-08,Spotify,entertainment,play_store
9134,البرنامج الجميل ولكن لانه لا يشتغل خارج المنزل بسبب الانترنت شاليهات السبب وضعت اربع نجوم,4,2026-03-08,Spotify,entertainment,play_store
9135,الحقيقة تطبيق ممتاز ولطيف وفيه اغاني كتير متوعه,5,2026-03-08,Spotify,entertainment,play_store
9136,تطبيق في كل الاغاني الي مش بلقيها شكرا للصناعة بصراحة,5,2026-03-08,Spotify,entertainment,play_store
9137,احسن تطبيق,5,2026-03-08,Spotify,entertainment,play_store
9138,تطبيق جميل,5,2026-03-08,Spotify,entertainment,play_store
9139,🪃👍👍,5,2026-03-08,Spotify,entertainment,play_store
9141,تطبيق جامد,5,2026-03-08,Spotify,entertainment,play_store
9142,اعلان كتير جدا و حاجه رخمه,4,2026-03-08,Spotify,entertainment,play_store
9143,ممتازة,5,2026-03-08,Spotify,entertainment,play_store
9144,تطبيق رائع بصراحة 👌 خدام مزيان وسريع شكراً للمطورين,5,2026-03-08,Spotify,entertainment,play_store
9145,الطيبيق ممتاز جدا وفيه سرعه في تنفيذ عملية البحث واحضر المحتوى المطلوب على جميع الساحه الغنائية,5,2026-03-08,Spotify,entertainment,play_store
9146,exquisite,5,2026-03-08,Spotify,entertainment,play_store
9147,رائع,5,2026-03-08,Spotify,entertainment,play_store
9150,تطبيق جدا ممتازة,5,2026-03-07,Spotify,entertainment,play_store
9151,هو هو Spotify ياعم,5,2026-03-07,Spotify,entertainment,play_store
9152,حلو اوي,5,2026-03-07,Spotify,entertainment,play_store
9153,تجنن مره في اغاني تجنن😭💗.,5,2026-03-07,Spotify,entertainment,play_store
9154,احسن تطبيق اجربه اقدر احط قران وانتم بعد,5,2026-03-07,Spotify,entertainment,play_store
9155,Excellent,5,2026-03-07,Spotify,entertainment,play_store
9156,خايسه,1,2026-03-07,Spotify,entertainment,play_store
9157,احسن تطبيق للغني,5,2026-03-07,Spotify,entertainment,play_store
9159,برنامج ممتاز,5,2026-03-07,Spotify,entertainment,play_store
9160,إنه تطبيق رائع جدا أنصح الكل بتبيته 💋,5,2026-03-07,Spotify,entertainment,play_store
9162,بالتوفيق,1,2026-03-07,Spotify,entertainment,play_store
9163,تحفه بس لما احمل الاغنيه مش بتشتغل من غير نت أريد رقم الدعم لاتصل بكم,4,2026-03-07,Spotify,entertainment,play_store
9164,الله يعطيك العافيه,5,2026-03-07,Spotify,entertainment,play_store
9165,احسن برنامج في العالم,5,2026-03-07,Spotify,entertainment,play_store
9166,bad,1,2026-03-06,Spotify,entertainment,play_store
9167,👍👍,5,2026-03-06,Spotify,entertainment,play_store
9169,يخبلللللل التطبيقققق,5,2026-03-06,Spotify,entertainment,play_store
9170,تطبيق ابن متناk إعلان كتير,1,2026-03-06,Spotify,entertainment,play_store
9171,جميل💕😍,5,2026-03-06,Spotify,entertainment,play_store
9172,تطبيق يجنن,5,2026-03-06,Spotify,entertainment,play_store
9173,♥️,5,2026-03-06,Spotify,entertainment,play_store
9175,مره حلو يجنن ياليت مافي اشتراك وبس,5,2026-03-06,Spotify,entertainment,play_store
9176,ممتاز بارك الله,5,2026-03-06,Spotify,entertainment,play_store
9177,احل شي تكرد شغل اغاني او القرآن,5,2026-03-06,Spotify,entertainment,play_store
9179,تحربه اصطوريه 😆 شكرا 🥰,5,2026-03-06,Spotify,entertainment,play_store
9180,سيء جدا جدا,1,2026-03-06,Spotify,entertainment,play_store
9183,كي لخرااا,1,2026-03-06,Spotify,entertainment,play_store
9184,والله تحفه,5,2026-03-06,Spotify,entertainment,play_store
9185,تطبق موسيقاجميل,5,2026-03-06,Spotify,entertainment,play_store
9186,جميل ولكن تنقصه بعض الاشياء,3,2026-03-06,Spotify,entertainment,play_store
9188,جامد,5,2026-03-06,Spotify,entertainment,play_store
9190,bad app every song you need to spin mony,1,2026-03-06,Spotify,entertainment,play_store
9191,Good,5,2026-03-06,Spotify,entertainment,play_store
9192,فوضاااا,5,2026-03-06,Spotify,entertainment,play_store
9193,تطبيق جيد جدا لاكن لاعلانات مزعجة,4,2026-03-06,Spotify,entertainment,play_store
9194,جيد جدا لكن اتمنى لو كان مجانيا,4,2026-03-06,Spotify,entertainment,play_store
9195,تحفه بجد يلا نزلو وخلاص كده كده انتو مش هيهمكو رأيي نزلوا وخلاص اي هري بقى,4,2026-03-06,Spotify,entertainment,play_store
9196,كلش كلش حلووو خاصة جودة الاغاني والصوتتت❣️❣️❣️,5,2026-03-06,Spotify,entertainment,play_store
9198,ممتعة,5,2026-03-06,Spotify,entertainment,play_store
9199,ممتازين,5,2026-03-05,Spotify,entertainment,play_store
9200,الكثير من إعلانات,1,2026-03-05,Spotify,entertainment,play_store
9201,ماخران مبقاش تطبق هوا هديك نتمنوأ يحالوا المشكيال,1,2026-03-05,Spotify,entertainment,play_store
9202,رائع جداا,5,2026-03-05,Spotify,entertainment,play_store
9203,روعة,5,2026-03-05,Spotify,entertainment,play_store
9205,is amazing 👏 🙌 😍 ❤️ ♥️ 💖,5,2026-03-05,Spotify,entertainment,play_store
9206,كل الاغاني,5,2026-03-05,Spotify,entertainment,play_store
9207,احلا ططبيك😘,5,2026-03-05,Spotify,entertainment,play_store
9208,wow 😍😍😍,5,2026-03-05,Spotify,entertainment,play_store
9209,تطبيق حلو ولكن لايمكنني تثبيته,5,2026-03-05,Spotify,entertainment,play_store
9212,هذا تطبيق رائع جدا,5,2026-03-05,Spotify,entertainment,play_store
9213,جميل رائع جدا,5,2026-03-05,Spotify,entertainment,play_store
9214,جميللللل,5,2026-03-05,Spotify,entertainment,play_store
9215,روعهههههههه احبكمممممم,5,2026-03-05,Spotify,entertainment,play_store
9216,Perfect,5,2026-03-05,Spotify,entertainment,play_store
9217,لاعيد التقييم لاحقا,1,2026-03-05,Spotify,entertainment,play_store
9218,ممتاز جداً,5,2026-03-05,Spotify,entertainment,play_store
9219,فنتاستاك,5,2026-03-05,Spotify,entertainment,play_store
9220,جويييي افضل تطبيق,5,2026-03-05,Spotify,entertainment,play_store
9221,حرفيااا هذا احسن واحلا تطبيق للاغاني وفية كل الاغاني آسيوية واحنبية وعربية حرفياا تطبيقي المفضلل💋💋😭,5,2026-03-04,Spotify,entertainment,play_store
9223,اوووووووووووف اشو ظريف,5,2026-03-04,Spotify,entertainment,play_store
9224,يعني ايه يعني ميخلنيش اختار الاغاني اللي انا عوزاها لازم ادفع اشتراك شهري عشان اسمع اللي انا عوزاه بجد التطبيق بقى وحش جدا !!!!! ارجوا حل المشكلة دي بأسرع وقت,1,2026-03-04,Spotify,entertainment,play_store
9225,وحش لانه قفل عندى و مش راضى يفتح حدثته و برضه على حاله,1,2026-03-04,Spotify,entertainment,play_store
9226,كتيرر يجنن,5,2026-03-04,Spotify,entertainment,play_store
9228,❤️❤️❤️❤️❤️❤️❤️❤️❤️❤️❤️❤️❤️❤️❤️❤️❤️❤️❤️❤️❤️❤️❤️❤️❤️❤️❤️❤️❤️❤️❤️❤️❤️❤️❤️❤️❤️❤️❤️❤️❤️❤️❤️❤️❤️❤️❤️❤️❤️❤️❤️❤️❤️❤️❤️❤️❤️❤️❤️❤️❤️❤️❤️❤️❤️❤️❤️❤️❤️❤️❤️❤️❤️❤️❤️❤️❤️❤️❤️❤️❤️❤️❤️❤️❤️❤️❤️❤️❤️❤️❤️❤️,5,2026-03-04,Spotify,entertainment,play_store
9229,عادل,5,2026-03-04,Spotify,entertainment,play_store
9230,انه جيد جدن,5,2026-03-04,Spotify,entertainment,play_store
9232,Beautiful app,5,2026-03-04,Spotify,entertainment,play_store
9233,اجمل طتبيق لسماع الموسيقى,5,2026-03-04,Spotify,entertainment,play_store
9235,جيد جدا,5,2026-03-04,Spotify,entertainment,play_store
9237,الإعلانات دى ايه لازمتها ان مش بحب الاعلانات اللى بتظهر لاكن من غير الإعلانات ياخد ٥ نجوم,4,2026-03-04,Spotify,entertainment,play_store
9238,مزهل,5,2026-03-04,Spotify,entertainment,play_store
9239,ممتع جدآ و في كل الاغاني,5,2026-03-04,Spotify,entertainment,play_store
9240,والله فخم,5,2026-03-04,Spotify,entertainment,play_store
9241,اسطوري 🔥🔥,5,2026-03-04,Spotify,entertainment,play_store
9243,رائعه,5,2026-03-04,Spotify,entertainment,play_store
9245,تطبيق ممتاز جداً استماع اغاني او قراءن كريم جيد جداً,5,2026-03-04,Spotify,entertainment,play_store
9246,كلش حلو واسمع الغاني وانا العب,5,2026-03-03,Spotify,entertainment,play_store
9247,تحفه جداً جداً,5,2026-03-03,Spotify,entertainment,play_store
9248,برنامج جديد لو ما رحتش افرمت لك وش امك في الجنه يا رب نكون قد وفقنا الله,5,2026-03-03,Spotify,entertainment,play_store
9249,انها تجربه جميله وأغاني راقيه وجوده عاليه,5,2026-03-03,Spotify,entertainment,play_store
9250,tearda,5,2026-03-03,Spotify,entertainment,play_store
9252,الأغاني حلوههههههههههههههع وفي اغني اكتشفتها وحلوه حملو سبوتيفاي,5,2026-03-03,Spotify,entertainment,play_store
9253,جميله جدا جدا,5,2026-03-03,Spotify,entertainment,play_store
9254,kana fi awali mara momtaz walakina al ana lam ya3od hada tatbi9 ya3mal bi cjakel jayid,1,2026-03-03,Spotify,entertainment,play_store
9256,واو بنثح تجربو,5,2026-03-03,Spotify,entertainment,play_store
9257,حلو التطبيق بس يا ريت يقللو الاعلانات,5,2026-03-03,Spotify,entertainment,play_store
9259,اسطوري,5,2026-03-03,Spotify,entertainment,play_store
9260,المفروض ياخد 10 نجوم مش خمسة بس,5,2026-03-03,Spotify,entertainment,play_store
9263,good mood 🌜💞,5,2026-03-03,Spotify,entertainment,play_store
9264,والله احسن برنامج بس لو مش بانت كان جامد جدا,5,2026-03-03,Spotify,entertainment,play_store
9265,صعب بالنسبه لي,5,2026-03-03,Spotify,entertainment,play_store
9266,رائع 🤩,5,2026-03-03,Spotify,entertainment,play_store
9268,جميله جدا,5,2026-03-03,Spotify,entertainment,play_store
9271,برنامج رائع جدا,5,2026-03-03,Spotify,entertainment,play_store
9272,ليس لديه أي شيء اقوله معاده مثل هذا التطبيق مافي 🎶😎,5,2026-03-03,Spotify,entertainment,play_store
9274,جيد لاكن العلنات مزعجة وسيكون أفضل لو كان الإشتراك مجاني مدى الحياة يكفي أن التطبيق يعمل بالإنترنت حرام أتفع إشتراك شهري للأغاني وأنا مش لاقي أكل,4,2026-03-02,Spotify,entertainment,play_store
9275,برنامج جميل جداً ومفيد جدا ❤,5,2026-03-02,Spotify,entertainment,play_store
9276,اروع تطبيق أغاني,5,2026-03-02,Spotify,entertainment,play_store
9277,واعرة بزاف😍🥰,5,2026-03-02,Spotify,entertainment,play_store
9279,GOOD,5,2026-03-02,Spotify,entertainment,play_store
9280,سيء جدا واستغلالي,1,2026-03-02,Spotify,entertainment,play_store
9281,تحفه بصراحه تحفه,5,2026-03-02,Spotify,entertainment,play_store
9282,Best app for ever💚🖤,5,2026-03-02,Spotify,entertainment,play_store
9284,حلوخلظ,5,2026-03-02,Spotify,entertainment,play_store
9285,راءع,5,2026-03-02,Spotify,entertainment,play_store
9286,حلوو,5,2026-03-02,Spotify,entertainment,play_store
9287,صوت جودة عالية وسهولة الاستخدام جميل ولا يوجد بديل,5,2026-03-02,Spotify,entertainment,play_store
9288,v.Good,5,2026-03-02,Spotify,entertainment,play_store
9289,the best,5,2026-03-02,Spotify,entertainment,play_store
9291,تحفهه اوي,5,2026-03-02,Spotify,entertainment,play_store
9293,❤️‍🔥❤️‍🔥❤️‍🔥🫡🫡,5,2026-03-02,Spotify,entertainment,play_store
9294,الاغاني في تحفه,5,2026-03-02,Spotify,entertainment,play_store
9296,تحت التجربة,5,2026-03-02,Spotify,entertainment,play_store
9298,جميل جدن,5,2026-03-01,Spotify,entertainment,play_store
9299,جہيہد 𝑔𝑜𝑜𝑑,4,2026-03-01,Spotify,entertainment,play_store
9302,سئ جدا,1,2026-03-01,Spotify,entertainment,play_store
9303,راجع,5,2026-03-01,Spotify,entertainment,play_store
9304,تمام,5,2026-03-01,Spotify,entertainment,play_store
9305,حلو جدآ,5,2026-03-01,Spotify,entertainment,play_store
9306,بيبييييييييييي🎀😞,5,2026-03-01,Spotify,entertainment,play_store
9307,واو,5,2026-03-01,Spotify,entertainment,play_store
9308,هو برنامج ممتاز جدا جدا جدا لو عاوز تسمع موسيقى حلوه انصحك برنامج ده,5,2026-03-01,Spotify,entertainment,play_store
9309,التطبيق ما اخذ نجمة الا لانه استغلالي بحت مثال على استقلاليته -نظام التشغيل العشوائي- هذا دليل قاطع على انه يريد يجبر المستخدم انه يدفع عشان يدخل في البريميم،بالكاد حتى تقدر تسمع اغنية مرتين...في الاخير الاغنية الي انا اريد اسمعها اختيار شخصي مني مو منكم. -نظام الحفظ- لما تحفظ اغنية في قائمة معينة ما راح تسمعها كلها لا،راح تسمع جزء صغير منها ولازم تشترك عشان تسمعها كلها،وذا برضه واضح انه إجبار مستخدم -نظام الاستماع- لما تدخل عند صفحة مغني معين او البوم راح تشوف اسماء الاغاني مب اغاني,1,2026-03-01,Spotify,entertainment,play_store
9310,كويس اوي,5,2026-03-01,Spotify,entertainment,play_store
9311,زباله معفن,1,2026-03-01,Spotify,entertainment,play_store
9312,ZWINABZAF,5,2026-03-01,Spotify,entertainment,play_store
9313,جميل و رائع جدآ(اخوكم من العراق),5,2026-03-01,Spotify,entertainment,play_store
9315,اقول ريقي على هذا الطبق جامد جدا 🥵,5,2026-03-01,Spotify,entertainment,play_store
9316,هااايل,5,2026-03-01,Spotify,entertainment,play_store
9317,تطبيق مدي جدا,1,2026-03-01,Spotify,entertainment,play_store
9318,رائعة جدا,5,2026-03-01,Spotify,entertainment,play_store
9319,التطبيق عشان تختار اغنيه عايز تسمعها لازم تدفع فلوس تجربه وحشه لو ينفع القيمه نص نجمه كنت عملت,1,2026-03-01,Spotify,entertainment,play_store
9320,تطبيق لا يريد الدخول من رقم الهاتف,1,2026-03-01,Spotify,entertainment,play_store
9321,احسن تطبيق اغاني في العالم,5,2026-03-01,Spotify,entertainment,play_store
9322,تطبيق اسطوري👑💚✊✨,5,2026-03-01,Spotify,entertainment,play_store
9323,Good music,5,2026-03-01,Spotify,entertainment,play_store
9324,الطرب اذا كان تطبيق,5,2026-02-28,Spotify,entertainment,play_store
9328,روعة والله غير جربوه ❤💕🔥,5,2026-02-28,Spotify,entertainment,play_store
9329,كلش حلو,5,2026-02-28,Spotify,entertainment,play_store
9330,كان هذا ممتعاً,5,2026-02-28,Spotify,entertainment,play_store
9333,انه تطبيق جميل,5,2026-02-28,Spotify,entertainment,play_store
9335,واو شي رهيييييييييييب والله استمرو,5,2026-02-28,Spotify,entertainment,play_store
9337,حلوقوي,5,2026-02-28,Spotify,entertainment,play_store
9338,التطبيق حلو جدا يستاهل اكتر من خمس نجوم و عليه كل الاغاني القديمه و الجديده ومجاني وعليه اغاني و أناشيد وقران باحلى صوت,5,2026-02-28,Spotify,entertainment,play_store
9341,البرنامج جميل جدا جدا اي اغنية تريد يمكنك أن تجدها في هذا البرنامج انصح به بشدة ⭐,5,2026-02-28,Spotify,entertainment,play_store
9342,العلم,1,2026-02-28,Spotify,entertainment,play_store
9343,love killing children,1,2026-02-28,Spotify,entertainment,play_store
9344,schön,5,2026-02-28,Spotify,entertainment,play_store
9345,it's so amazingly,5,2026-02-28,Spotify,entertainment,play_store
9346,تطبيق رائع جدا🥰,5,2026-02-28,Spotify,entertainment,play_store
9347,التطبيق جيد لكن اريد ان تعود ميزة تكرار الأغنية سيكون أفضل,4,2026-02-28,Spotify,entertainment,play_store
9348,تحفه بجد,5,2026-02-27,Spotify,entertainment,play_store
9349,كل حاجه في حلاوه مميزه 😌,5,2026-02-27,Spotify,entertainment,play_store
9350,ممتاز والله,5,2026-02-27,Spotify,entertainment,play_store
9351,جميل جداً في سؤال هل يمكنني أستعمال هذه الموسيقى كنغمة رنين,5,2026-02-27,Spotify,entertainment,play_store
9352,🫦Spotify LVOE👄BTS💋,5,2026-02-27,Spotify,entertainment,play_store
9353,بحبه,5,2026-02-27,Spotify,entertainment,play_store
9354,كويس,5,2026-02-27,Spotify,entertainment,play_store
9355,يجنن,5,2026-02-27,Spotify,entertainment,play_store
9356,جامد اوي اوي اوي,5,2026-02-27,Spotify,entertainment,play_store
9357,تجربتي كانت رائعة جدا جدا و شكرا,5,2026-02-27,Spotify,entertainment,play_store
9358,سماع القرآن والبوداكست علي هذا البرنامج فوق الخيال,5,2026-02-27,Spotify,entertainment,play_store
9359,دائما استخدمه,5,2026-02-27,Spotify,entertainment,play_store
9360,السلام عليكم ورحمة الله وبركاتة التجربة كانت جيد جداً,5,2026-02-27,Spotify,entertainment,play_store
9361,단연 최고의 앱입니다.,5,2026-02-27,Spotify,entertainment,play_store
9362,واو حتى القرآن فيه 🥰🥰🫶🫶❤️❤️😊,5,2026-02-27,Spotify,entertainment,play_store
9364,رائعه جدا جدا بسب BTS ❤️‍🩹,5,2026-02-27,Spotify,entertainment,play_store
9366,تطبيق ممتاز جدا وممكن نشغل عليه أي حاجه من غير اعلانات وممكن تفتح قواءم التشغيل بدون نت,5,2026-02-27,Spotify,entertainment,play_store
9368,بجنن 💗💗💗💗💗💗💗💗💗💗💗💗💗💗🌛🌛💗💗💗💗💗💗💗💗💗💗💗💗,5,2026-02-27,Spotify,entertainment,play_store
9369,سيء جدا وفيه إعلانات وغير مجاني وما تقدر تسمع الاغنيه اكتر من مره وما تقدر تتخطى الاغنيه اذا ما اعجبتك ويشغل لحاله,1,2026-02-27,Spotify,entertainment,play_store
9371,تطبيق جيد جدا,5,2026-02-27,Spotify,entertainment,play_store
9372,افضل تطبيق😍❤️‍🔥❤️‍🔥❤️‍🔥.,5,2026-02-27,Spotify,entertainment,play_store
9373,تطبيق رائع 🤩,5,2026-02-27,Spotify,entertainment,play_store
9374,يعني 3 نجوم حلوين عليه,3,2026-02-27,Spotify,entertainment,play_store
9375,ahsan tatbi9 dyal lmoi9a,5,2026-02-27,Spotify,entertainment,play_store
9377,تطبيق رائع لاكن مشكلته الاعلانات كتير,5,2026-02-27,Spotify,entertainment,play_store
9378,ttbi9 zwin bzaf😍😍,5,2026-02-27,Spotify,entertainment,play_store
9380,الأغاني حلوه مووووووووت,5,2026-02-27,Spotify,entertainment,play_store
9382,جامد اوي,5,2026-02-26,Spotify,entertainment,play_store
9383,تطبيق يجنن بس مشكلته الاعلانات👍🏻🇨🇳🇰🇷💗,4,2026-02-26,Spotify,entertainment,play_store
9386,التطبيق يجنننننن افضل تطبيق اغاني الى الان بالنسبه لي 🌷,5,2026-02-26,Spotify,entertainment,play_store
9387,إسلام عليكم البرنامج جميل جداً جداً جداً ولاكن في عيب الإعلانات كتيره لو شلتو الإعلانات هيبقى جامد,4,2026-02-26,Spotify,entertainment,play_store
9388,افضل تطبيق في الكوووووووون,5,2026-02-26,Spotify,entertainment,play_store
9389,رائع جدا,5,2026-02-26,Spotify,entertainment,play_store
9391,تحفه مبيستهلكش نت كتير في اي حاجه تتسمع قصه وحجات كتير مش اغاني بس,5,2026-02-26,Spotify,entertainment,play_store
9392,ممتاز,5,2026-03-13,Wego,travel,play_store
9393,افضل تطبيق,5,2026-03-13,Wego,travel,play_store
9394,رائع جدا,5,2026-03-13,Wego,travel,play_store
9395,تحت التجربه,4,2026-03-12,Wego,travel,play_store
9396,ممتاز . تحياتي لكم,5,2026-03-12,Wego,travel,play_store
9398,شكرا,5,2026-03-12,Wego,travel,play_store
9399,good 👍 like,5,2026-03-12,Wego,travel,play_store
9401,very good 💯💯,5,2026-03-12,Wego,travel,play_store
9402,رائع جدا جدآ,5,2026-03-12,Wego,travel,play_store
9403,ممتاز واسعار منافسه,5,2026-03-11,Wego,travel,play_store
9404,ممتاز ومفيد,5,2026-03-11,Wego,travel,play_store
9406,جميل ومريح,5,2026-03-11,Wego,travel,play_store
9407,جيدة جدا يساعد في اختيار الرحلة المناسبة بالسعر الارخص,4,2026-03-10,Wego,travel,play_store
9408,أفضل برنامج,5,2026-03-10,Wego,travel,play_store
9409,تمام,5,2026-03-10,Wego,travel,play_store
9410,سئ جدا وغير مسؤل عن الحجوزات فى حاله الالغاء او التغير,1,2026-03-10,Wego,travel,play_store
9411,أسعار إيجابية جدا,5,2026-03-10,Wego,travel,play_store
9413,جيد,5,2026-03-09,Wego,travel,play_store
9415,جيده,4,2026-03-09,Wego,travel,play_store
9416,خدمه ممتازه,5,2026-03-09,Wego,travel,play_store
9418,رائع,5,2026-03-08,Wego,travel,play_store
9419,تطبيق جميل جدا,5,2026-03-08,Wego,travel,play_store
9420,ممتازة,5,2026-03-08,Wego,travel,play_store
9421,ممتاز جدا,5,2026-03-08,Wego,travel,play_store
9423,ممتازه جدا,5,2026-03-07,Wego,travel,play_store
9424,خدمة العملاء لا ترد بسرعه بحجة الأوضاع الحاليه هي خدمة العملاء مالها ومال الأوضاع الحاليه ولا يستاهل اي نجمه,1,2026-03-07,Wego,travel,play_store
9427,تطبيق ممتاز,5,2026-03-06,Wego,travel,play_store
9428,جيد جدا,4,2026-03-06,Wego,travel,play_store
9429,بدون كلام,5,2026-03-06,Wego,travel,play_store
9430,تطبيق رائع جدا,5,2026-03-06,Wego,travel,play_store
9432,ممتاز جدا بس ليه بيتغير السعر عند الدفع بيكون غير سعر البحث,5,2026-03-05,Wego,travel,play_store
9434,لا انصح اى شخص بالتعامل معاهم تطبيق سئ جدا حجزت مواعيد طيران ولكن شركات الطيران لغت الحجز نظرا لإغلاق المجال الجوى اكثر من ٤ ايام احاول اتواصل معاهم علشان استكمل عمليه استرجاع المبلغ أو حل لتغير المواعيد مثل ما قالت لى شركات الطيران مفيش حد يتواصل ولا حد بيرد وابعت ايميلات قمه الإهمال اكثر من ٤ او ٥ ايام مفيش رد ولا اهتمام حتى لو فى ضغط مش معقوله عدم الرد لاكتر من ٤ ايام نرن على ارقامهم نفس الشئ حاجه مش طبيعيه بجد وسئ جدا التعامل بالشكل دا,1,2026-03-05,Wego,travel,play_store
9435,رائع وعازينه يكون دقيق بالاسعار,4,2026-03-05,Wego,travel,play_store
9439,متفاءل,5,2026-03-02,Wego,travel,play_store
9440,تطبيق جميل ومريح جدآ 🌹,5,2026-03-02,Wego,travel,play_store
9441,ممتاز يجمع لك عدة خطوط في مكان واحد وسهل وسريع واسعاره افضل,4,2026-03-01,Wego,travel,play_store
9443,ممتازه,5,2026-03-01,Wego,travel,play_store
9444,تطبيق رائع,5,2026-03-01,Wego,travel,play_store
9446,لم استخدمه حتي الان,3,2026-02-28,Wego,travel,play_store
9449,ممتاز ممتاز ممتاز,5,2026-02-27,Wego,travel,play_store
9450,افضل تطبيق استخدمه منذ اكثر من 11سنة,5,2026-02-27,Wego,travel,play_store
9451,ممتاز جدا جدا,5,2026-02-26,Wego,travel,play_store
9452,الأسعار تختلف عند الحج. تطبيق زبالة,1,2026-02-26,Wego,travel,play_store
9454,برنامج غير موثوق فيه والوكلاء اللي فيه غير موثوق فيه,1,2026-02-26,Wego,travel,play_store
9455,رائعه,5,2026-02-26,Wego,travel,play_store
9456,روعه ماشاء الله,5,2026-02-25,Wego,travel,play_store
9457,برنامج اي كلام,1,2026-02-25,Wego,travel,play_store
9458,شكراً,5,2026-02-25,Wego,travel,play_store
9459,مقبول الي حد ما,4,2026-02-25,Wego,travel,play_store
9460,غير راضي,1,2026-02-25,Wego,travel,play_store
9461,ممتاز ومفيد جدا,5,2026-02-24,Wego,travel,play_store
9462,ممتاز وجميل خدمه ومصداقية,5,2026-02-24,Wego,travel,play_store
9463,يجب تقديم معلومات عن موصفات الحجز مثل المسافة بين المقاعد وهل يوجد وجبات مجانية,5,2026-02-24,Wego,travel,play_store
9464,ممتتاز,5,2026-02-24,Wego,travel,play_store
9465,very good,5,2026-02-23,Wego,travel,play_store
9466,Very good and excellent,5,2026-02-23,Wego,travel,play_store
9467,تجربة ممتازة وجزا الله خيرا كل من قائم بهذا التطبيق,5,2026-02-23,Wego,travel,play_store
9468,ممتاز جداً جداً,5,2026-02-23,Wego,travel,play_store
9470,جميل جميل جميل جميل,5,2026-02-22,Wego,travel,play_store
9471,ok,5,2026-02-22,Wego,travel,play_store
9472,رائع جداً واستقبال ممتاز جدا,5,2026-02-22,Wego,travel,play_store
9473,ما في مصداقيه في أغلب التذاكر,1,2026-02-21,Wego,travel,play_store
9474,جميل,5,2026-02-20,Wego,travel,play_store
9475,برنامج راءع,5,2026-02-20,Wego,travel,play_store
9478,تطبيق حالك حلوة جميلة جداً,3,2026-02-19,Wego,travel,play_store
9479,مفيد جدا,5,2026-02-18,Wego,travel,play_store
9480,تجربة ممتازة,5,2026-02-18,Wego,travel,play_store
9481,برنامج رائع وأخلاق الموظف الأستاذ (جاسر) عالية جدا وكان تعامله راقيا جدا,5,2026-02-17,Wego,travel,play_store
9482,نصابين والله انصح ما حد يحجز من عليه,1,2026-02-17,Wego,travel,play_store
9483,جيده جدا,5,2026-02-17,Wego,travel,play_store
9486,تجربة مثاليه,5,2026-02-15,Wego,travel,play_store
9487,ممتاز وسهل لكن بدأ يرفع في الأسعار وتاني شيء بدأ يجيب مواقع أخرى غير موثوقة,5,2026-02-15,Wego,travel,play_store
9488,تطبيق رائع وتعامل الاستاذ هشام امام فوق الوصف وممتاز جدا,5,2026-02-14,Wego,travel,play_store
9490,ممتار,5,2026-02-14,Wego,travel,play_store
9492,ممتازة رحله طائره سعودى,5,2026-02-14,Wego,travel,play_store
9493,ممتاذ 👍,5,2026-02-13,Wego,travel,play_store
9494,ممتاز جداً,5,2026-02-13,Wego,travel,play_store
9495,جميل ورائع,5,2026-02-13,Wego,travel,play_store
9497,🤩🤩🤩🤩🤩🤩🤩🤩,5,2026-02-12,Wego,travel,play_store
9498,رائع وانصح به,3,2026-02-12,Wego,travel,play_store
9499,تطبيق رائع للاندرويد و ممتاز جدا,5,2026-02-12,Wego,travel,play_store
9500,very nice 👌,5,2026-02-11,Wego,travel,play_store
9501,من خلال التصفح والبحث يبدوا أنه تطبيق رائع جداً,4,2026-02-11,Wego,travel,play_store
9503,very good application,5,2026-02-11,Wego,travel,play_store
9504,اوك,5,2026-02-10,Wego,travel,play_store
9506,ممتاز جدا بارك الله فيكم,5,2026-02-10,Wego,travel,play_store
9509,حلو,5,2026-02-10,Wego,travel,play_store
9510,معا الأسف حجزت فندق في مكه وتم خصم المبلغ اروح الفندق مافي حجز تعامل الموظف سياء وخدمه سيئة حسبي الله ونعم الوكيل,1,2026-02-10,Wego,travel,play_store
9512,ممتاذ,5,2026-02-09,Wego,travel,play_store
9514,روعة,5,2026-02-09,Wego,travel,play_store
9517,روعه ماشاءالله,5,2026-02-08,Wego,travel,play_store
9519,تطبيق يحقق الغايات,5,2026-02-08,Wego,travel,play_store
9520,👍 nice,5,2026-02-07,Wego,travel,play_store
9521,تطبيق رائع واحترافية عالية جدا شكرا جزيلا,5,2026-02-06,Wego,travel,play_store
9524,مفيد,5,2026-02-06,Wego,travel,play_store
9525,تبقون الأفظل,5,2026-02-06,Wego,travel,play_store
9526,لم أتعرف عليه بعد,3,2026-02-05,Wego,travel,play_store
9527,رائعة جدا,5,2026-02-05,Wego,travel,play_store
9529,جمييييييييبيببببييل,5,2026-02-04,Wego,travel,play_store
9531,دائما استخدم هذا الموقع للحجز,5,2026-02-04,Wego,travel,play_store
9536,جيد جدآ,5,2026-02-03,Wego,travel,play_store
9538,ممتاز وسهل وآمن جدآ جدآ جدآ,5,2026-02-03,Wego,travel,play_store
9539,ليس مفيد تعطي سعر وعند الدفع تزايد فوق ١٠٠ درهم,1,2026-02-03,Wego,travel,play_store
9540,يتم زيادة اسعار التذاكر كلما زاد بحثك,1,2026-02-03,Wego,travel,play_store
9542,مميز جدا,5,2026-02-01,Wego,travel,play_store
9543,كويس,5,2026-02-01,Wego,travel,play_store
9545,روووووووعة,5,2026-01-31,Wego,travel,play_store
9547,برنامج جيد جدا ومفيد,5,2026-01-30,Wego,travel,play_store
9548,التعامل معهم آمن,5,2026-01-30,Wego,travel,play_store
9549,جيد انصح به,5,2026-01-29,Wego,travel,play_store
9550,تطبيق ممتاز وسهل وواضح,5,2026-01-29,Wego,travel,play_store
9552,برنامج رائع وممتاز وجميل,5,2026-01-28,Wego,travel,play_store
9554,ممتاز جدا للغاية 👍,5,2026-01-28,Wego,travel,play_store
9555,منيح,5,2026-01-28,Wego,travel,play_store
9556,تجربه مميزه جدا سرعه في الرد والاستفسار وفي كافة أمورهم مميزين,5,2026-01-27,Wego,travel,play_store
9558,جميل البرنامج وممتاز خدمه العملاء خاصه الموظف مصطفى ماهر الله يعطيه العافيه.,5,2026-01-26,Wego,travel,play_store
9560,شكرا لخدمه عملاء ويجو مستر هشام امام ذوق جدا والله ما قصر أبدا,5,2026-01-26,Wego,travel,play_store
9562,طيب مافي ل صنعاء ولا لسى مافتحوه تعبنا والله نقل بري,5,2026-01-25,Wego,travel,play_store
9565,verg nice,5,2026-01-25,Wego,travel,play_store
9566,برنامج جيد,5,2026-01-25,Wego,travel,play_store
9568,رائع 😎,4,2026-01-23,Wego,travel,play_store
9569,طببيق ممتاز,5,2026-01-22,Wego,travel,play_store
9570,مفيدجدا,5,2026-01-22,Wego,travel,play_store
9571,رائع جدا...الأفضل بلا منازع,5,2026-01-22,Wego,travel,play_store
9572,"Extremely Poor Experience with Wego Hotel Booking,I booked Khalidiya Hotel in Dubai for three nights through the Wego application. The full amount was charged, and a booking confirmation was issued. Upon arrival, the hotel informed me that no reservation existed under my name and that no rooms were available.Despite providing the official booking reference, the issue was not resolved. I waited at the hotel for over three hours and was forced to arrange alternative accommodation at my own expens",1,2026-01-21,Wego,travel,play_store
9574,تعامل محترم وجاد جدا.. وناس ذوق ... وخدمة عملاء ممتازة. فعلا ساعدونا كتير...,5,2026-01-20,Wego,travel,play_store
9575,تطبيق جيد جداً,5,2026-01-20,Wego,travel,play_store
9576,برنامج محترم,5,2026-01-20,Wego,travel,play_store
9577,ممتازة الخدمة,5,2026-01-19,Wego,travel,play_store
9579,جيدة,4,2026-01-18,Wego,travel,play_store
9581,ممتاز ودقيق,5,2026-01-18,Wego,travel,play_store
9584,مفيدة,5,2026-01-17,Wego,travel,play_store
9585,جيد جدا برنامج سهل الاستخدام وسريع جدا شكرا على المقيمين على البرنامج اتمنى للجميع تنزيل البرنامج الرائع,5,2026-01-17,Wego,travel,play_store
9586,حاجه محترمه وأن شاء الله يكون عند حسن ظني فيه وحسن ظنكم في هذا التطبيق🤍,5,2026-01-17,Wego,travel,play_store
9587,تطبيق ممتاز وامن,5,2026-01-17,Wego,travel,play_store
9589,عظيمة للغايه ولكن ارجو إتمام الاسترداد فى وقت اقل,5,2026-01-16,Wego,travel,play_store
9590,يساعدني كثير,5,2026-01-16,Wego,travel,play_store
9591,ماشاء الله تبارك الله,5,2026-01-16,Wego,travel,play_store
9592,Ten out of ten,5,2026-01-16,Wego,travel,play_store
9594,الى الان جيد,3,2026-01-15,Wego,travel,play_store
9595,جميلة,5,2026-01-15,Wego,travel,play_store
9597,أكثر من رائع,5,2026-01-15,Wego,travel,play_store
9599,شيق,5,2026-01-15,Wego,travel,play_store
9600,ممتاز بارك الله فيكم,5,2026-01-15,Wego,travel,play_store
9602,تطبيق جميل جدا وأسعار خيال,5,2026-01-14,Wego,travel,play_store
9603,جامد,5,2026-01-14,Wego,travel,play_store
9606,جيد جدا ورائع,5,2026-01-13,Wego,travel,play_store
9609,اصبح اسواء البرامج من خلال توجيهك للسداد من خلال المسافر يرفع السعر كتير جدا,1,2026-01-13,Wego,travel,play_store
9611,معظم التذاكر السعر مختلف للاسف,5,2026-01-12,Wego,travel,play_store
9612,ممتاز جداجدا,5,2026-01-12,Wego,travel,play_store
9613,فكل رحلة اسافرها لازم ابحث في ويقو 👍,5,2026-01-12,Wego,travel,play_store
9614,اسوأ برنامج استخدمتو . تجربة سيئه جدا للدعم الفني الرقم المصري ( طيور الهدى) اكثر من نص ساعة على الانتظار وماحدا رد مع العلم كاتبين خدمة 24/24 باختصار بعد إلغاء الرحلة لأسباب جوية لم استطع الحصول على دعم فني من البرنامج لا انصح به,1,2026-01-11,Wego,travel,play_store
9615,برنامج فوق الممتاز سهوله في التصفح والاستخدام,5,2026-01-10,Wego,travel,play_store
9617,منتاز,4,2026-01-10,Wego,travel,play_store
9619,شكرا ويكو,5,2026-01-09,Wego,travel,play_store
9621,ممتاز بارك الله ف القائمين على العمل فيه,5,2026-01-08,Wego,travel,play_store
9625,برنامج رائع جدا,5,2026-01-07,Wego,travel,play_store
9626,تطبيق عظيم,5,2026-01-07,Wego,travel,play_store
9628,للأسف خدمة عملاء سيئة جدا وغير متعاونين ولا انصح بالتعامل معهم,1,2026-01-06,Wego,travel,play_store
9633,تطبيق Wego ممتاز من حيث المصداقيه والاسعار والمواعيد,5,2026-01-04,Wego,travel,play_store
9634,مفيد ومتنوع,5,2026-01-04,Wego,travel,play_store
9636,حلو لسا مستعمله,4,2026-01-04,Wego,travel,play_store
9637,خدمة ممتازة ...نسأل ألله تعالي أن يوفقكم ويجزيكم عنا كل خير..,5,2026-01-04,Wego,travel,play_store
9638,لم اجد اي تفاصيل عن الحقائب او تعديلها حتي لو كانت موجوده فانا عميل لست غبي ولم اعثر عليها بسهوله مما يعطي انطباع غير جيد وفورا خرجت وحجزت مت موقع اخر البيانات واضحة فيه بدون الغاز,1,2026-01-03,Wego,travel,play_store
9639,جداااا خطيييييييير,5,2026-01-01,Wego,travel,play_store
9640,تطبيق ممتاز شكرا لكم,5,2025-12-31,Wego,travel,play_store
9641,الأسعار عالية,1,2025-12-31,Wego,travel,play_store
9642,برنامج ويجوه جميل جدا وسهل الاستخدام موظفة / رحمه رضا لطيفة جدا وحبوبة في تعامل مع العملاء .. شكرا جزيلا ... لكم,5,2025-12-31,Wego,travel,play_store
9646,جيد جدا في التعامل,5,2025-12-30,Wego,travel,play_store
9647,افضل تطبيق تعاملت معه,5,2025-12-30,Wego,travel,play_store
9648,تطبيق جميل جداً جداً,5,2025-12-29,Wego,travel,play_store
9650,مشاء الله ممتاز,5,2025-12-29,Wego,travel,play_store
9653,جيد محتواه مفيد,4,2025-12-28,Wego,travel,play_store
9654,رائع مع كوبونات الخصم,5,2025-12-28,Wego,travel,play_store
9655,عند تحميل التطبيق تحصل سعر طيب وبعدها ترفع الأسعار,1,2025-12-28,Wego,travel,play_store
9656,برنامج رائع,5,2025-12-27,Wego,travel,play_store
9657,شكرا لجهودكم,5,2025-12-27,Wego,travel,play_store
9658,اكثر من ممتاز,5,2025-12-27,Wego,travel,play_store
9659,ممتازة جدا,5,2025-12-27,Wego,travel,play_store
9660,معيي يشتغل ، مايطلع لي مواقع الي انا ابيه وا حتى فندق مايطلع لي شي,1,2025-12-27,Wego,travel,play_store
9661,موقع محترم خدمة محترمة شكرا استاذ مصطفى ابراهيم,5,2025-12-27,Wego,travel,play_store
9662,ماشاء الله,5,2025-12-27,Wego,travel,play_store
9663,افضل برنامج,5,2025-12-26,Wego,travel,play_store
9664,حلو سهل,5,2025-12-26,Wego,travel,play_store
9665,طول عمري أتعامل مع ويجو ولكن للأسف أخر تجربه لي كانت تجربه سيئه تم خصم المبلغ ولم يتم حجز التذكره ولم يتم إسترداد المبلغ إلي الآن من تاريخ 16 /12/2025 وتواصلت معهم بكل الطرق دون جدوي,1,2025-12-25,Wego,travel,play_store
9667,يعرض اسعار فقط لا يتمم المعاملة نهائيا الى الاخر لحجز التيكت و دفع المبلغ المعروض,2,2025-12-25,Wego,travel,play_store
9668,ممتاز وأكثر من رائع,5,2025-12-25,Wego,travel,play_store
9669,amazing,5,2025-12-25,Wego,travel,play_store
9670,اذا واجهتك مشكلة لايوجد من تتكلم معه او يتنازل احد ويرد تجربة سيئة جدا جدا,1,2026-03-14,Booking,travel,play_store
9671,ممتاز جدا,5,2026-03-13,Booking,travel,play_store
9672,٧ سيخ تعالي عمي يعني قميص ما قصف ٧ خلق ثق هعملك بلوك من كل شي تمام الحمدلله وانتي كيفك وكيف البنات والعيال عاملين ايه في موضوع مهم جدا جدا جدا جدا والله انا ما اعرف والله بس انا والله اني احبك في الله يا غالي ربنا يبارك في ايامك والله ما ٤خفققعهغثققق3 والله اني احبك في الله يا غالي ربنا يبارك في ايامك يا عسل والله عسل والله بحبك بحبك بحبك بحبك بحبك بحبك بحبك والله العظيم اني ما اقدر والله ما ادري وش اقول لك شي من البقاله الي في القروب الثاني من وين منe اليمن خل من بقه يصرخ ثثغعفبيصهفقخبغدذَنط h,5,2026-03-13,Booking,travel,play_store
9673,رائع,5,2026-03-13,Booking,travel,play_store
9674,ممتاز,5,2026-03-13,Booking,travel,play_store
9675,موقع ممتاز يسهل الحجز,5,2026-03-13,Booking,travel,play_store
9676,جميل وسهل,5,2026-03-13,Booking,travel,play_store
9677,جيد جدا ومفيد,5,2026-03-13,Booking,travel,play_store
9678,"Ich werde die App löschen und mir eine andere suchen. Buchen ist zwar einfach, aber wenn man die Reise ändern, stornieren oder anpassen muss, ist es ein Schock, dass man keinen Mitarbeiter erreichen kann, so wie es mir passiert ist. Ich habe es fünf Tage lang versucht, und als ich endlich mein Problem schildern konnte, sagte sie nur „fünf Minuten“ und beendete das Gespräch ohne Lösung.Früher war es gut, aber mittlerweile ist es meiner Meinung nach einfacher, den Mars zu erreichen, als Booking",1,2026-03-13,Booking,travel,play_store
9679,Great,5,2026-03-12,Booking,travel,play_store
9680,رائعه,5,2026-03-12,Booking,travel,play_store
9682,تعمل,5,2026-03-12,Booking,travel,play_store
9683,لماذا التحديث الجديد لايوجد لغة عربية؟,5,2026-03-11,Booking,travel,play_store
9684,جيد جدا,5,2026-03-11,Booking,travel,play_store
9686,لماذا تعطل عندي,5,2026-03-10,Booking,travel,play_store
9689,good😘😘😘👍,5,2026-03-09,Booking,travel,play_store
9690,"Es wird Ihnen schwerfallen, mit ihnen zu kommunizieren und etwaige Probleme zu lösen, einschließlich der Rückerstattung nach einer Stornierung der Reise. Ich kann sie absolut nicht empfehlen.",1,2026-03-09,Booking,travel,play_store
9691,very good 👍,5,2026-03-09,Booking,travel,play_store
9692,يرفض تسجيل دخول التطبيق,1,2026-03-09,Booking,travel,play_store
9693,برنامج يسهل عليك ويعطيك خصومات,5,2026-03-08,Booking,travel,play_store
9694,تحت تجربه,4,2026-03-07,Booking,travel,play_store
9696,م لله كم تكلمنا,5,2026-03-07,Booking,travel,play_store
9698,good 👍,5,2026-03-06,Booking,travel,play_store
9699,شركة غير محترمة ما ردو وكمان اخذولي فلوسي,1,2026-03-06,Booking,travel,play_store
9701,من ١٥ سنة و أنا معهم و مرتاحة و لله الحمد و أى مشكلة يتم حلها شكرا بوكينج,5,2026-03-05,Booking,travel,play_store
9702,Very good,5,2026-03-05,Booking,travel,play_store
9703,good,5,2026-03-05,Booking,travel,play_store
9706,الحجز مريح جدا عن طريق الموقع,5,2026-03-04,Booking,travel,play_store
9707,سهله الإستخدام,5,2026-03-04,Booking,travel,play_store
9708,ASISMHAMAD,5,2026-03-04,Booking,travel,play_store
9709,مميز واستخدمه منذ أكثر من ١٥ عام,5,2026-03-04,Booking,travel,play_store
9710,تطبيق رايع وخدوم ويساعد في تخفيض نصف الأسعار ومعتمد في جميع الفنادق,5,2026-03-03,Booking,travel,play_store
9711,💕تطبيق ولا أروع💕,5,2026-03-03,Booking,travel,play_store
9714,🌹🌹🌹,5,2026-03-02,Booking,travel,play_store
9715,دجال عمر ودالناقي mkmk0909 mkmk0909 mkmk0909 mkmk0909 mkmk0909 mkmk0909 mkmk0909,5,2026-03-02,Booking,travel,play_store
9716,صمم هذه الفتاة يحصن هذه الشخص ويسيل قبله من قشمو دون تغيير ملامح الوجوح,5,2026-03-02,Booking,travel,play_store
9717,جميل جدا وسهل للاستخدام,5,2026-03-01,Booking,travel,play_store
9719,ادم غلي 2026,5,2026-03-01,Booking,travel,play_store
9720,👏👌,5,2026-03-01,Booking,travel,play_store
9721,سكسي سكسي,5,2026-02-28,Booking,travel,play_store
9722,Top 👍,5,2026-02-28,Booking,travel,play_store
9723,ممتاز جداً,5,2026-02-28,Booking,travel,play_store
9724,شكراً أنتم الأفضل,5,2026-02-27,Booking,travel,play_store
9726,َممتاز,4,2026-02-27,Booking,travel,play_store
9728,تطبيق ممتاز,4,2026-02-26,Booking,travel,play_store
9729,جميل جدا,5,2026-02-26,Booking,travel,play_store
9730,والله برزقه وباكد اسوء تطبيق تحجز عليه نفس التطبيق ما بلتزم بالشروط اللي هو حاطها والله ما بنصح حدا يجرب يروح عليه,1,2026-02-26,Booking,travel,play_store
9731,perfect,5,2026-02-25,Booking,travel,play_store
9733,كويس,2,2026-02-24,Booking,travel,play_store
9734,طبيق جميل وريدتطويره,5,2026-02-24,Booking,travel,play_store
9736,أما أقطع تذكرة أوكيه، واستنى الدفع أكلم العميل يقول لي استنى من 24 ساعة 48 ساعة والحجز بتاعك هيتكمل. وبعد ما استنى اجي، أكلم العميل يقول لي بعتذر الحجز. بتاعك لم يتم دا إسم تهريب لما تبقى شركة عالمية وتتحقو علينا بالنسبة ليا، إن مقاليش تفسير. عن اللي، حصل أول وآخر مرة ها تعامل مع الشركة,3,2026-02-24,Booking,travel,play_store
9737,ok,5,2026-02-24,Booking,travel,play_store
9738,رااايع,5,2026-02-24,Booking,travel,play_store
9739,جيد جداً,5,2026-02-23,Booking,travel,play_store
9740,رائع متوفر فيه جميع الخيارات,1,2026-02-23,Booking,travel,play_store
9741,ممتازة,5,2026-02-23,Booking,travel,play_store
9742,برنامج مفيد وقيّم.,5,2026-02-22,Booking,travel,play_store
9743,جميل جدا جدا,5,2026-02-22,Booking,travel,play_store
9746,للأسف عندى تجارب كثيرة معهم لكن آخر تجربتين كانوا سيئين جدا واحدة كانت من شهرين تقريبا حجزنا فندق وعندما وصلنا للفندق تفاجأنا بأن الفندق يخبرنا بأنه لا يوجد أماكن فاضية واضطررت لالغاء رحلتى والعودة إلى الرياض المرة الثانية كانت اليوم حجزنا فندق بحى اجياد وقام الفندق بارسال الموقع لنا وعندما وصلنا من الرياض أخبرنا ممثل الفندق بأننا يجب علينا الذهاب إلى العزيزية ولا يوجد أماكن فاضية هنا ومثل المرة الأولى عملت عمرتى ورجعت للرياض,1,2026-02-20,Booking,travel,play_store
9747,سرعة الإنجاز وسهولة الخدمة,5,2026-02-20,Booking,travel,play_store
9748,thank you 😊,5,2026-02-19,Booking,travel,play_store
9751,تذكره ملغيه ليه 3شهور مفيش استرداد مع العلم الوقت القانوني 14 يوم عمل,1,2026-02-18,Booking,travel,play_store
9753,حجز فندقي,5,2026-02-16,Booking,travel,play_store
9754,جيد 👍,4,2026-02-14,Booking,travel,play_store
9755,جميل,5,2026-02-14,Booking,travel,play_store
9756,جدا سهل الحجز فيه,5,2026-02-14,Booking,travel,play_store
9757,أسوأ تجربة ولن تتكرر بإذن الله,1,2026-02-13,Booking,travel,play_store
9758,خدمة ممتازة,4,2026-02-13,Booking,travel,play_store
9760,لا يقبل تسجيل الدخول على الإيميل الخاص بي,1,2026-02-12,Booking,travel,play_store
9761,إبداع في الخدمات,5,2026-02-12,Booking,travel,play_store
9762,تطبيق ممتااز جدا,5,2026-02-12,Booking,travel,play_store
9764,أروع موقع لحجز الفنادق,5,2026-02-11,Booking,travel,play_store
9765,افضل,5,2026-02-11,Booking,travel,play_store
9766,مقبول.,5,2026-02-11,Booking,travel,play_store
9767,رائع وممتاز جدا,1,2026-02-10,Booking,travel,play_store
9768,مبدعين,5,2026-02-10,Booking,travel,play_store
9769,يؤمن سهولة الحجز,5,2026-02-10,Booking,travel,play_store
9770,An excellent application☺️,5,2026-02-10,Booking,travel,play_store
9771,شكرا بوكنج على الخدمه الممتازه,5,2026-02-09,Booking,travel,play_store
9774,حتي لم أعرف جد,1,2026-02-08,Booking,travel,play_store
9775,تعجبني عروضهم ولكن بعض الاحيان تطلع لك رسوم اضافيه وتخرب عليك الحسابات ويزيد المبلغ.. نتمنى الوضوح والشفافيه ف الاسعار,5,2026-02-07,Booking,travel,play_store
9777,سهولة البحث والخيارات,5,2026-02-06,Booking,travel,play_store
9778,خدمه ممتازه واسعار ارخص,5,2026-02-06,Booking,travel,play_store
9779,لا أريد هذه التطبيق,1,2026-02-06,Booking,travel,play_store
9780,لايوجد حللول لمشاكل العملاء..وعدم رد المبالغ فقط المماطلة. ولا انصح بالتعامل .اهم شيء يحصل على المبلغ وبعد ذالك لايتجاوب. وكذالك اي فندق يطلب الدفع مقدما عن طريق بوكنج لاتدفعون بالبطاقة ..,1,2026-02-05,Booking,travel,play_store
9782,انه جيد جدا,5,2026-02-05,Booking,travel,play_store
9784,اكثر من رائع,5,2026-02-04,Booking,travel,play_store
9785,excellent,5,2026-02-04,Booking,travel,play_store
9786,رااااااائع جدا,5,2026-02-03,Booking,travel,play_store
9787,غير مضمون,1,2026-02-02,Booking,travel,play_store
9788,ممتااز,5,2026-02-02,Booking,travel,play_store
9789,حجوزات موثوقه سهل التعامل والغاء الحجز متاح بالتوفيق,5,2026-02-01,Booking,travel,play_store
9791,راااائع,5,2026-01-30,Booking,travel,play_store
9793,جيد سريع .,4,2026-01-29,Booking,travel,play_store
9795,يوجد مشكله احيانا تظهر خانة حجز الطيران واحيانا تختفي لا وجود لها صار لها يومين,1,2026-01-29,Booking,travel,play_store
9796,افضل برنامج حجز,5,2026-01-28,Booking,travel,play_store
9797,ممتاز بارك الله فيكم,5,2026-01-28,Booking,travel,play_store
9798,فوق جميل,5,2026-01-28,Booking,travel,play_store
9799,الرجاء تحديد شقق اكثر,5,2026-01-27,Booking,travel,play_store
9800,السرعه وسهولة الحجز,5,2026-01-27,Booking,travel,play_store
9801,goog,5,2026-01-27,Booking,travel,play_store
9803,Sehr schön,5,2026-01-26,Booking,travel,play_store
9804,اسعاره دائما اغلى من الفنادق و كأنك عم تحط سمسار معك the price always higher than hotels because the app want money for it,1,2026-01-26,Booking,travel,play_store
9806,شكرا لك,5,2026-01-25,Booking,travel,play_store
9807,ضخم,5,2026-01-25,Booking,travel,play_store
9808,افضل تطبيق لحجز فنادق و موثوق,5,2026-01-25,Booking,travel,play_store
9811,شكرا لكم,5,2026-01-24,Booking,travel,play_store
9812,افضل واسرع واروع الشي,5,2026-01-24,Booking,travel,play_store
9813,لاغنى عنكم رائعييين,5,2026-01-24,Booking,travel,play_store
9814,Fremragende,5,2026-01-24,Booking,travel,play_store
9815,ما شاء الله,5,2026-01-23,Booking,travel,play_store
9818,امتياز,5,2026-01-21,Booking,travel,play_store
9820,ممتاز جدا للحجوزات و لا غلطه,5,2026-01-21,Booking,travel,play_store
9821,مزعج,1,2026-01-21,Booking,travel,play_store
9822,ماشاءالله,5,2026-01-20,Booking,travel,play_store
9823,موتور ممتاز,5,2026-01-19,Booking,travel,play_store
9824,موقعي المفضل لحجز الفنادق,5,2026-01-19,Booking,travel,play_store
9825,خمس 🌟 🌃,5,2026-01-19,Booking,travel,play_store
9826,ممتاز👍,5,2026-01-17,Booking,travel,play_store
9827,تطبيق احتيالي,1,2026-01-17,Booking,travel,play_store
9829,جيدا جدا,5,2026-01-17,Booking,travel,play_store
9831,من افضل المواقع للفنادق واوثقها,5,2026-01-16,Booking,travel,play_store
9832,غالي,3,2026-01-16,Booking,travel,play_store
9833,رؤؤعة,5,2026-01-16,Booking,travel,play_store
9834,مفيد للغاية,5,2026-01-16,Booking,travel,play_store
9835,موقع موثوق,5,2026-01-15,Booking,travel,play_store
9836,بطل,5,2026-01-15,Booking,travel,play_store
9838,ريح راسك واحجز بدري,5,2026-01-15,Booking,travel,play_store
9839,Sehr Good,5,2026-01-15,Booking,travel,play_store
9840,مصداقية وتنافسية,5,2026-01-14,Booking,travel,play_store
9841,تمام,4,2026-01-14,Booking,travel,play_store
9842,من اجمل التطبيقات وتحجز فيه وانت مرتاح واسعار مره حلوه,5,2026-01-14,Booking,travel,play_store
9844,سريع وجيد,5,2026-01-13,Booking,travel,play_store
9845,أحلي حجز,5,2026-01-12,Booking,travel,play_store
9846,اتمنى زيادة عدد الفنادق ؟,5,2026-01-12,Booking,travel,play_store
9847,سهل,5,2026-01-12,Booking,travel,play_store
9848,سهل ويعطي خيارات متعددة للسكن,5,2026-01-11,Booking,travel,play_store
9849,تطبيق ممتاز ورائع ، فادني كثير في حجوزاتي ، شكرا لكم,5,2026-01-11,Booking,travel,play_store
9852,so good,5,2026-01-10,Booking,travel,play_store
9853,حسن جيدا مرحبا,5,2026-01-10,Booking,travel,play_store
9854,موقع جدآ مريح,5,2026-01-10,Booking,travel,play_store
9855,تطبيق جميل جداً و مفيد و رائع أتمنى لگم التقدم دائمآ,5,2026-01-09,Booking,travel,play_store
9856,برنامج رائع,5,2026-01-09,Booking,travel,play_store
9857,شكرا جزيلا,5,2026-01-09,Booking,travel,play_store
9858,بوكينج لم يعد مثل سابقا تم الحجز عن طريقه في الكويت وحسم المبلغ ونمنا بعدها في الشارع والى اليوم الموضوع رغم تقدمي بشكواء,1,2026-01-09,Booking,travel,play_store
9859,تقدر تلقى فيه الفندق اللي تبغاه,5,2026-01-09,Booking,travel,play_store
9860,اختياري في جميع رحلاتي,5,2026-01-08,Booking,travel,play_store
9861,ممتاز جدا جدا الجسر الموثوق و المضمون ووو للحجوزات,5,2026-01-07,Booking,travel,play_store
9862,روووووعه,5,2026-01-07,Booking,travel,play_store
9863,برنامج ممتاز,5,2026-01-07,Booking,travel,play_store
9865,حسب تجربتي لا تحجز من عندهم طيران لانك بتتعب اذا بتعدل لان خدمة عملاء اسواء خدمة ممكن تمر عليك,2,2026-01-07,Booking,travel,play_store
9866,أن شاء الله تعجبنا,5,2026-01-07,Booking,travel,play_store
9867,جميل جدا ورائع,5,2026-01-06,Booking,travel,play_store
9868,ريع,4,2026-01-06,Booking,travel,play_store
9869,اللهم تجاوز عنهم وبارك لهم وبارك فيهم,5,2026-01-06,Booking,travel,play_store
9870,جيدة جدا,5,2026-01-06,Booking,travel,play_store
9873,شكرا لك على التواصل الاجتماعي المطور,5,2026-01-04,Booking,travel,play_store
9875,افضل اسعار وافضل موقع حجوزات حول العالم,5,2026-01-04,Booking,travel,play_store
9877,ممتازين جدا,5,2026-01-02,Booking,travel,play_store
9879,تطبيق ممتاز وسهل,1,2026-01-01,Booking,travel,play_store
9882,زفت اسعاره غاليه على قل سنع,1,2026-01-01,Booking,travel,play_store
9885,حجزت في فالنسيا كان أفضل,4,2025-12-30,Booking,travel,play_store
9886,لم اجربه فيه انتقادات,1,2025-12-29,Booking,travel,play_store
9888,تطبيق تحويل حالك حلوة,3,2025-12-29,Booking,travel,play_store
9889,بطي جدا مايشتغل,1,2025-12-29,Booking,travel,play_store
9890,البرنامج لايعمل,1,2025-12-28,Booking,travel,play_store
9892,bien,5,2025-12-28,Booking,travel,play_store
9893,راقي,4,2025-12-27,Booking,travel,play_store
9894,رهيب,5,2025-12-27,Booking,travel,play_store
9895,تغير العمل غير طبيعي,1,2025-12-26,Booking,travel,play_store
9896,"​I booked a flexible flight for €186, which supposedly allowed one free change up to 24 hours before departure. For the last ten days, I have been in constant contact with customer service. I even paid an additional €45 for the price difference, yet my flight remains unchanged. Every agent tells me to ""wait a few hours"" and that they will resolve it, but nothing happens. Their customer support is useless and lacks the authority to actually fix issues. I am still waiting for a result while my fli",1,2025-12-26,Booking,travel,play_store
9897,شكرن,5,2025-12-26,Booking,travel,play_store
9898,قوة,5,2025-12-25,Booking,travel,play_store
9901,حلو مشاء الله متفاعلين 👌👌👌😊,5,2025-12-25,Booking,travel,play_store
9903,ممتاز جدا تعامل راقي نظافة خدمة موظفين يستحق 5 نجمة,5,2025-12-24,Booking,travel,play_store
9906,مميز,5,2025-12-23,Booking,travel,play_store
9907,في تزوير,2,2025-12-23,Booking,travel,play_store
9910,🫰🫰🫰🫰🫰🫰🫰🫰🫰🫰🫰🫰,5,2025-12-22,Booking,travel,play_store
9911,",🥰🥰🇲🇦🇲🇦🇲🇦",5,2025-12-21,Booking,travel,play_store
9912,ماااشاااء الله تبارك الله ماايسيتااااهل ولا نجمه نجمه اااالتعلقتة علشان اااالتعلقتة وجاااري اااالحذف,1,2025-12-21,Booking,travel,play_store
9913,أفضل تطبيق,5,2025-12-21,Booking,travel,play_store
9914,ممناز جدا جدا,5,2025-12-20,Booking,travel,play_store
9915,شكرا على جهودكم والتوافق بين الزبون والمستثمر,5,2025-12-20,Booking,travel,play_store
9916,أفضضضضضل تطبيق ويفرق سعر أول ما تشتري من التطبيق و في الحقيقه,5,2025-12-20,Booking,travel,play_store
9917,جيده,5,2025-12-20,Booking,travel,play_store
9918,جميييييل,5,2025-12-19,Booking,travel,play_store
9919,سيء,1,2025-12-19,Booking,travel,play_store
9920,good Job 💪,5,2025-12-19,Booking,travel,play_store
9921,البرنامج حدثته وصار يعلق حيل,5,2025-12-19,Booking,travel,play_store
9922,"The application has become extremely bad and does not care about customers. It contains false information, unreal locations and directions, and unrealistic photos of some hotels, without making any effort to verify them. Despite this, it does not refund booking fees even after multiple complaints. Some hotels reduce their prices after the booking is made. I informed them about this, and the Booking app staff asked me to provide an invoice from the hotel. They verified themselves that the price",1,2025-12-19,Booking,travel,play_store
9923,رائع 🤩جداً,5,2025-12-18,Booking,travel,play_store
9924,ممتازه انصح به,5,2025-12-18,Booking,travel,play_store
9926,البرنامج كويس بس لي بينزل السعر بالجنيه وانا اصلا ف السعوديه حاولت كذا مره اغيره ل ريال معرفتش,1,2025-12-17,Booking,travel,play_store
9927,"One of the best programs for bookings, thank you.",5,2025-12-17,Booking,travel,play_store
9928,تطبيق ممتاز وسهل جدا,5,2025-12-17,Booking,travel,play_store
9929,أفضل تطبيقات حجوزات الشقق والفنادق والمنتجعات,5,2025-12-17,Booking,travel,play_store
9930,you the best experience on your trip,5,2025-12-17,Booking,travel,play_store
9931,تعامل سي,1,2025-12-17,Booking,travel,play_store
9934,رووووعه,5,2025-12-16,Booking,travel,play_store
9935,جدا رائع.,5,2025-12-15,Booking,travel,play_store
9936,تطبيق فاشل وسي وغيرممتاز,3,2025-12-15,Booking,travel,play_store
9937,برنامج كويس جداد,5,2025-12-15,Booking,travel,play_store
9938,Es ist schön,5,2025-12-15,Booking,travel,play_store
9942,رهيب هو,5,2025-12-12,Booking,travel,play_store
9943,heart,5,2025-12-11,Booking,travel,play_store
9945,تجربة سيئة جداً,1,2025-12-11,Booking,travel,play_store
9946,ممتاز جدآ,5,2025-12-10,Booking,travel,play_store
9949,great,5,2025-12-09,Booking,travel,play_store
9950,قوه,5,2025-12-09,Booking,travel,play_store
9953,تجربه جيده,5,2025-12-09,Booking,travel,play_store
9954,تطبيق جيد,5,2025-12-09,Booking,travel,play_store
9956,مكافأتكم لنا قليله,5,2025-12-08,Booking,travel,play_store
9957,شكرآ لخدمتكم,4,2025-12-08,Booking,travel,play_store
9958,سيء مافي فايده من جينوس,1,2025-12-07,Booking,travel,play_store
9959,سيء جدا,1,2025-12-07,Booking,travel,play_store
9960,fantastic,5,2025-12-07,Booking,travel,play_store
9961,أفضل موقع على الإطلاق,5,2025-12-06,Booking,travel,play_store
9963,خدمات ممتازه ومعامله سهله,5,2025-12-06,Booking,travel,play_store
9964,تطبيق ممتاز يقدم الكثير من المساعدة.,5,2025-12-06,Booking,travel,play_store
9966,تجاري,5,2025-12-06,Booking,travel,play_store
9967,"The option or icon for booking flight tickets is not available in the application. I contacted your team via live chat and explained to them the problem of not showing the flight booking option. They responded to my complaint by saying that they are not responsible for this problem and told me that they can only help me with quarantine issues, errors, etc. It is happen again same problem. why? So bad app. even is not save app sometimes because in October I booked in hotel & they was scam",1,2025-12-05,Booking,travel,play_store
9968,تمام 👌,5,2025-12-04,Booking,travel,play_store
9969,تجربتي جيدة جدا,5,2025-12-04,Booking,travel,play_store
9970,very very nice,5,2025-12-04,Booking,travel,play_store
9971,Coooooool,5,2025-12-03,Booking,travel,play_store
9972,تطبيق رائع وممتاز,5,2025-12-02,Booking,travel,play_store
9974,فاشل سندباد افضل,1,2025-12-02,Booking,travel,play_store
9975,معقول,5,2025-12-02,Booking,travel,play_store
9976,ممتاز وسهل,5,2025-12-02,Booking,travel,play_store
9978,موقع موثوق للحجز عبر الانترنت,5,2025-11-30,Booking,travel,play_store
9980,شكراً,5,2025-11-30,Booking,travel,play_store
9982,خدمة عملاء غير مرضية أبدا 👎👎👎👎,1,2025-11-30,Booking,travel,play_store
9983,سهل وبسيط,5,2025-11-29,Booking,travel,play_store
9985,برنامج جيد اريد فقط إضافة صورتي,5,2025-11-29,Booking,travel,play_store
9987,"A link to update the app appears, but when I click on it and select the store, the update doesn't happen!!!",3,2025-11-28,Booking,travel,play_store
9988,فنان,5,2025-11-28,Booking,travel,play_store
9989,مممتاز,5,2025-11-28,Booking,travel,play_store
9990,جيدا جدا ، استخدمته اثناء السفر وكان مفيدا,5,2025-11-28,Booking,travel,play_store
9991,يوفر الوقت والجهد,5,2025-11-27,Booking,travel,play_store
9994,اخر مره الحجوزات كلها كذه ويتم الغاء الحجوزات من قبل مسؤال الحجز بكيف حجزت مره ثانيه جابو الموقع ورقم الا يجيب وغير مستخدم هاذه يثبت انه في نصب,1,2025-11-26,Booking,travel,play_store
9996,شكرااا,4,2025-11-25,Booking,travel,play_store
9997,جميل جدا ❤️,5,2025-11-25,Booking,travel,play_store
9999,النوقع ممتاز ان حجزتومعاهم كم مره واصبحت جست 3 في بنفت كويسه,4,2025-11-24,Booking,travel,play_store
10000,ماااشاااء الله تبارك تبارك تبارك تبارك نجمه نجمه نجمه علشان اااالتعلقتة وجاااري اااالحذف,1,2025-11-24,Booking,travel,play_store
10001,تميز جدا,5,2025-11-24,Booking,travel,play_store
10002,سهولة الاستخدام وممتاز جدا,5,2025-11-24,Booking,travel,play_store
10003,احب هذا التطبيق منذ زمن,5,2025-11-24,Booking,travel,play_store
10004,مفيدة ومريح للحجوزات,5,2025-11-23,Booking,travel,play_store
10005,عب صح ولا,5,2025-11-23,Booking,travel,play_store
10007,التطبيق جيد لا شك في ذلك ولكن استرجاع المبلغ غيرجيد,5,2025-11-22,Booking,travel,play_store
10008,خيبه,1,2025-11-22,Booking,travel,play_store
10009,تطبيق ممتاز وسهل ويوفر حجوزات للفنادق والطيران لجميع دول العالم ... انصح بأستخدامه....,5,2025-11-22,Booking,travel,play_store
10011,غرف المستقبل غير نضاميه,1,2025-11-21,Booking,travel,play_store
10012,جدا رائع,5,2025-11-21,Booking,travel,play_store
10014,شكرا 🌹🌹🌹🌹,5,2025-11-20,Booking,travel,play_store
10018,"my review after dealing with booking is zero. 1. alot of apps gives less price. 2. Confirmed bookings 100%. 3. free customer service calls. 4. Strong and competitive offers compared to other programs, and discounted prices for members.",1,2025-11-19,Booking,travel,play_store
